"seed","selection","truth","direct","raw_label","index_projection","sudo","scaled","orthogonal","targeted_projection","targeted_sudo","pit_intercept_tilt","pit_affine_tilt","correction","kappa","clipping_rate","max_inverse_information","direct_contrast_spread","target_failure","index_rmse","index_correlation","pit_intercept_tilt_theta","pit_intercept_tilt_intercept","pit_intercept_tilt_slope","pit_intercept_tilt_tilt","pit_intercept_tilt_score_error","pit_intercept_tilt_converged","pit_affine_tilt_theta","pit_affine_tilt_intercept","pit_affine_tilt_slope","pit_affine_tilt_tilt","pit_affine_tilt_score_error","pit_affine_tilt_converged","oracle_sudo","oracle_orthogonal","sample_signature","fold_signature","cell","clip","cell_n","cell_p","outer_folds","inner_folds","replication"
1616001,"min",0.75,0.711895646686286,0.139216580663561,0.709581304884746,0.729429016996708,0.749329681664443,0.751690271119141,0.779102319274549,0.768973061573976,0.779063933189635,0.782434556325039,0.0198477121119625,0.500666097084491,0.000333333333333326,1001.001001001,8.88178419700125e-15,0,0.313147720517011,0.980519320952265,0.779063933189635,-0.0027293051729101,1,0.0671682865033489,1.9345772391451e-12,1,0.782434556325039,0.000737083381734626,1.10394663006064,-0.00346024378912316,1.02584607475364e-16,1,0.767692951642443,0.78541098291891,2198257,13533212,"randomized",0.001,3000,80,5,5,1
1616002,"min",0.75,0.721388391550025,0.146121304406449,0.719177589541832,0.743895330479466,0.768044373554138,0.798120756867805,0.792291024178649,0.783139174225448,0.792336343889901,0.796601884364713,0.0247177409376343,0.494181140886834,0,599.51914173839,7.105427357601e-15,0,0.316234277109741,0.982991616682947,0.792336343889901,0.00337287167203975,1,0.0709479523398762,4.28448387879143e-13,1,0.796601884364713,0.00738971479195469,1.15048267079218,-0.0333429590242348,9.473903143468e-17,1,0.77496246320767,0.81202234052568,2251241,13440745,"randomized",0.001,3000,80,5,5,2
1616003,"min",0.75,0.653918015629671,0.132088316438756,0.652826448114741,0.675385925092394,0.696833454236796,0.706553462584176,0.715178287494137,0.709359755625636,0.715177281403562,0.717327052847641,0.0225594769776529,0.487366240841668,0.000333333333333346,1001.001001001,7.54951656745106e-15,0,0.353549935967706,0.98148165991326,0.715177281403562,0.000401378173822509,1,0.0612592657738908,1.55173059586862e-13,1,0.717327052847641,0.00428464563762957,1.08550508549603,0.00749572138415934,4.17443857259059e-17,1,0.740884563879392,0.721922676958551,2204602,13524739,"randomized",0.001,3000,80,5,5,3
1616004,"min",0.75,0.641643442129012,0.133870811750492,0.647689484492443,0.669820185412929,0.69041185130782,0.707535745240064,0.703335581517267,0.69584284322215,0.703342483425207,0.703118970579589,0.0221307009204863,0.481987947528207,0,200.141528750813,6.66133814775094e-15,0,0.395124497833061,0.980950724838132,0.703342483425207,-0.00136036184248608,1,0.0616990412961947,1.23452359446219e-14,1,0.703118970579589,0.00355936270701344,1.13606658905217,-0.0258307061076104,1.28045722173435e-16,1,0.73781470761405,0.701825060343689,2235982,13483097,"randomized",0.001,3000,80,5,5,4
1616005,"min",0.75,0.684793833280013,0.137531638207872,0.681282178918416,0.703738804433517,0.725566377584097,0.732261684730631,0.750988169985986,0.741059225402999,0.75096650234437,0.754204284158334,0.0224566255151017,0.492897552812564,0,233.501336308325,8.88178419700125e-15,0,0.35694233152994,0.975428853218465,0.75096650234437,-0.00253117956440077,1,0.0661726690643571,2.60776659525656e-13,1,0.754204284158334,0.00226471820558175,1.13733499132022,-0.0246357042713297,3.70074341541719e-17,1,0.756200945166666,0.751133486511987,2257189,13488515,"randomized",0.001,3000,80,5,5,5
1616006,"min",0.75,0.6025293247605,0.125336902775521,0.602651352555326,0.632040331230712,0.658523513672372,0.704130419959547,0.67489882080204,0.668950561640724,0.674900060161546,0.68150954360928,0.029388978675386,0.473996027935639,0.000333333333333345,1001.001001001,4.44089209850063e-15,0,0.356781130269245,0.984539482953997,0.674900060161546,0.0013614403514269,1,0.0723707354010468,1.46448779029621e-14,1,0.68150954360928,0.00218797206755167,1.17227322537488,-0.0248194513106597,1.93474865758011e-16,1,0.722142476180503,0.732328000235916,2278934,13534626,"randomized",0.001,3000,80,5,5,6
1616007,"min",0.75,0.696232928174967,0.139764113954637,0.697800451417583,0.722822423032762,0.746971999721411,0.77881442641822,0.761902845894065,0.754999776931614,0.761897702048937,0.767308791401948,0.0250219716151793,0.49112906796081,0.000666666666666665,1001.001001001,7.105427357601e-15,0,0.358764726089865,0.97721685031219,0.761897702048937,-0.00169851341681183,1,0.0656647738739695,7.01694702343048e-13,1,0.767308791401948,-0.0067400194930209,1.1336305306957,-0.0219621124528639,2.00173211339916e-16,1,0.768074424948574,0.815909357340854,2323764,13315384,"randomized",0.001,3000,80,5,5,7
1616008,"min",0.75,0.671074626310783,0.134047784900274,0.673043504977788,0.697676202146204,0.721386149558082,0.784690588544099,0.731073406187075,0.728760997953548,0.731076269548128,0.733918049123294,0.0246326971684168,0.490456151452299,0.000666666666666658,1001.001001001,8.88178419700125e-15,0,0.28468077171933,0.985571447609069,0.731076269548128,0.00274000496277869,1,0.060001643237345,1.24064610436866e-12,1,0.733918049123294,0.00348774026503476,1.10584408696384,-0.00818585829395094,3.46093524209815e-16,1,0.752800439047322,0.825350093116192,2275119,13520214,"randomized",0.001,3000,80,5,5,8
1616009,"min",0.75,0.686987773657986,0.139922428219988,0.685867918128226,0.713073515542632,0.739239681020846,0.768745965772823,0.752299316449185,0.747556163013957,0.752300423980224,0.754951183432392,0.0272055974144059,0.490262342108851,0,833.515776120856,9.10382880192628e-15,0,0.382675159477723,0.978094730560561,0.752300423980224,-0.000656076195405412,1,0.0653126503222378,9.33611706462519e-14,1,0.754951183432392,-0.00300498548679133,1.0983698967983,0.000384493377973919,1.22568621918617e-16,1,0.766309894731049,0.816709445380872,2328651,13595384,"randomized",0.001,3000,80,5,5,9
1616010,"min",0.75,0.632115072904806,0.130869741166146,0.634566186034155,0.656152705254455,0.67586100388746,0.681695342382749,0.687921718545145,0.682506275704077,0.687880956632137,0.689526741785243,0.0215865192202995,0.477258398451265,0,210.587744186414,7.7715611723761e-15,0,0.419477841779941,0.973216125071571,0.687880956632137,-0.00519517711736737,1,0.0557658837273313,9.35192664049585e-15,1,0.689526741785243,-0.00174629395091154,1.08114703179719,0.00611740695994586,3.36978636106267e-11,1,0.72632052921461,0.698066023393495,2193924,13477524,"randomized",0.001,3000,80,5,5,10
1616011,"min",0.75,0.676262280090253,0.134136802359989,0.674650899557411,0.697995879768235,0.720530102864376,0.762446468760728,0.738718904999587,0.732706937584089,0.738662900596674,0.741683116401497,0.0233449802108234,0.491164219774503,0.000666666666666669,1001.001001001,1.26565424807268e-14,0,0.336450516867348,0.981489271480623,0.738662900596674,-0.00789292907408237,1,0.0624006205064208,5.23076397011361e-13,1,0.741683116401497,-0.00284017487105501,1.11970362834912,-0.0155302123312101,6.06921920128419e-18,1,0.75160393633073,0.797892244811885,2187875,13457151,"randomized",0.001,3000,80,5,5,11
1616012,"min",0.75,0.680708607394722,0.134075729371677,0.683079178418817,0.700735872798137,0.718677561536288,0.655699674256384,0.748680069985189,0.734639642858501,0.748626195132451,0.752166462703519,0.0176566943793195,0.5040029115633,0,414.234483699741,8.43769498715119e-15,0,0.310707060767721,0.98268682038455,0.748626195132451,0.0036152669047416,1,0.0679175877377286,1.45731190078398e-12,1,0.752166462703519,0.00886038956586583,1.13495746838959,-0.0204088550561983,2.01320441798695e-17,1,0.742975100866142,0.631817348626949,2213052,13537888,"randomized",0.001,3000,80,5,5,12
1616013,"min",0.75,0.573263896739243,0.117747012835892,0.576027794824158,0.594088172641258,0.610446320970478,0.606203317550468,0.62455080984992,0.619123560736918,0.624563801430935,0.625414947147018,0.0180603778171003,0.475271609820779,0,293.322759802455,6.43929354282591e-15,0,0.456231619485856,0.959884797438523,0.624563801430935,0.00380666335808131,1,0.0512999046916914,1.40130869870821e-14,1,0.625414947147018,0.0065906857574169,1.05135835186871,0.0227091614854144,4.99429522922886e-11,1,0.701253116019935,0.623166224537676,2190427,13673382,"randomized",0.001,3000,80,5,5,13
1616014,"min",0.75,0.759384133990316,0.153266790377641,0.762999362019158,0.785895739104828,0.809339029184256,0.790372652994828,0.838266300211062,0.824053309252891,0.838245867128923,0.841893198942901,0.0228963770856705,0.505901132088507,0,375.325170729198,6.43929354282591e-15,0,0.354921232140903,0.97575822047148,0.838245867128923,0.00732853192392316,1,0.0788617331386076,1.59160965888342e-12,1,0.841893198942901,0.00479313373338696,1.15273753349919,-0.0334773946515136,6.57252030578093e-17,1,0.796808814373169,0.77656041503389,2271471,13504356,"randomized",0.001,3000,80,5,5,14
1616015,"min",0.75,0.686794622173301,0.139918653084096,0.685683253306049,0.71061610715495,0.735078251392722,0.76395814118422,0.756958710824167,0.749769877765566,0.756982917917457,0.757457088386408,0.0249328538489006,0.495235250234213,0,221.291517654858,7.54951656745106e-15,0,0.378216339094973,0.981623063561025,0.756982917917457,-0.00218259949282847,1,0.0701882957441559,1.9738729169679e-13,1,0.757457088386408,0.00741901533618819,1.13371242068613,-0.0211705052319008,9.473903143468e-18,1,0.761626605869286,0.798772791041713,2216939,13547173,"randomized",0.001,3000,80,5,5,15
1616016,"min",0.75,0.641297241531991,0.129978303871883,0.641166069725822,0.658339558457437,0.674483317173582,0.700087907129437,0.697385234964153,0.6904882048379,0.697380907438986,0.698746549239405,0.0171734887316148,0.484546592315516,0,183.258106589793,7.54951656745106e-15,0,0.403338562348838,0.976070454669343,0.697380907438986,-0.000434828643681188,1,0.0560836659069954,4.85919452823206e-14,1,0.698746549239405,0.00193076004615693,1.10543318149178,-0.010164700749207,4.44089209850063e-17,1,0.737237174065917,0.722086807939916,2221247,13457831,"randomized",0.001,3000,80,5,5,16
1616017,"min",0.75,0.688605830046214,0.138293342337355,0.687453704164244,0.710095369019874,0.731688530041473,0.74283149819628,0.754405232659476,0.743641194043954,0.754432720536784,0.758478627102994,0.0226416648556301,0.488148434935165,0.000666666666666658,1001.001001001,1.02140518265514e-14,0,0.299982870539933,0.985252206841918,0.754432720536784,-0.00305851409618052,1,0.0658268904905691,1.38142830508059e-13,1,0.758478627102994,0.000410265137043607,1.14931673860521,-0.0329475796702548,1.27897692436818e-16,1,0.755893467243144,0.766911756509201,2264130,13497554,"randomized",0.001,3000,80,5,5,17
1616018,"min",0.75,0.70464774324026,0.145352016635055,0.703981829064657,0.729403156643885,0.753671094407753,0.779663423094979,0.774036942682775,0.766432421273506,0.774070049954873,0.778151289237804,0.0254213275792277,0.488393973955987,0,79.7258047725143,5.55111512312578e-15,0,0.376631223740971,0.980115804174178,0.774070049954873,-0.00351200358612846,1,0.0694223067146127,2.82095828178323e-14,1,0.778151289237804,0.002831825868547,1.14760222190608,-0.0305040265658203,6.83157234486013e-17,1,0.77305412204153,0.810681949731717,2195264,13515463,"randomized",0.001,3000,80,5,5,18
1616019,"min",0.75,0.646823325976897,0.13278815909253,0.648608688583634,0.671903429078022,0.694122478155681,0.682455545907823,0.710903975936446,0.701486355318019,0.710902854299012,0.711564093846824,0.0232947404943876,0.488182796611282,0.000333333333333345,1001.001001001,7.7715611723761e-15,0,0.360799587497354,0.982425060500386,0.710902854299012,0.000572086052260986,1,0.064079528322115,9.35026870744574e-14,1,0.711564093846824,0.000170750612190477,1.11138971916796,-0.00730870076192785,3.52310773147716e-17,1,0.734392070621491,0.664060927938295,2268304,13613780,"randomized",0.001,3000,80,5,5,19
1616020,"min",0.75,0.646253387341642,0.13536256885316,0.646240307256611,0.667754933471217,0.686860270898761,0.678791689502716,0.70559143646047,0.697519948729573,0.705580936533587,0.710171105404014,0.0215146262146062,0.470343538361,0,223.214532020957,6.88338275267597e-15,0,0.396715461591982,0.979000728317728,0.705580936533587,-0.00386313937623251,1,0.0593275491919457,4.78846592007661e-15,1,0.710171105404014,0.00131202625727264,1.10914856622405,-0.00661991258340375,2.26485497023532e-17,1,0.742849994816994,0.695466953550907,2192303,13484990,"randomized",0.001,3000,80,5,5,20
1616021,"min",0.75,0.65553634406262,0.133295784224079,0.657178844243451,0.679099833462788,0.700563540974564,0.704513834494152,0.721497468410137,0.713036919224829,0.721537362755072,0.7208484177413,0.0219209892193376,0.494729919280109,0.00033333333333333,1001.001001001,9.76996261670138e-15,0,0.349554424327296,0.979364444056339,0.721537362755072,-0.00483768766884168,1,0.0660010186924517,1.22144812782684e-13,1,0.7208484177413,-0.00521346547809403,1.09832125171839,0.00085891978354399,3.19744231092045e-17,1,0.741354089398788,0.714922795729744,2264723,13648846,"randomized",0.001,3000,80,5,5,21
1616022,"min",0.75,0.688786604118792,0.138292236525376,0.690458877123002,0.708577136905079,0.72609114139816,0.734355961790978,0.750664596768328,0.74113829325653,0.750720703986375,0.753115501482794,0.018118259782077,0.491520952972144,0,439.60498337434,7.32747196252603e-15,0,0.349084617199416,0.978405316062187,0.750720703986375,0.00454181843754839,1,0.0619340998675824,2.75067672343236e-13,1,0.753115501482794,0.00967280106963532,1.1128846984031,-0.0134245707060412,1.11910480882216e-16,1,0.757992905679878,0.767201579600823,2195009,13367851,"randomized",0.001,3000,80,5,5,22
1616023,"min",0.75,0.649550172212532,0.128472131165592,0.648362789430903,0.672764131516632,0.69684142941309,0.73847507367728,0.71001267971462,0.705397367729574,0.710000390527756,0.711346092264198,0.0244013420857291,0.496657866336694,0.000333333333333329,1001.001001001,8.88178419700125e-15,0,0.334234469390835,0.978377578475504,0.710000390527756,0.00229398406675609,1,0.0604502183152245,1.65303400597357e-12,1,0.711346092264198,0.00712130360935982,1.11518174902349,-0.0130204048622847,1.00867462530611e-15,1,0.729220502978285,0.759339742877031,2222840,13448851,"randomized",0.001,3000,80,5,5,23
1616024,"min",0.75,0.659548362537358,0.137145971681201,0.660790965751867,0.681181989604458,0.699797969540238,0.710891569847258,0.714564751513595,0.707683503502713,0.714564723523324,0.716583839749811,0.0203910238525907,0.47724711276928,0,143.882484268552,6.88338275267597e-15,0,0.390850913414715,0.976605813161434,0.714564723523324,-1.45143875225169e-05,1,0.0550163609859662,1.82209802801481e-15,1,0.716583839749811,0.00511553112512636,1.09021378278972,-0.00246487550480976,3.76207542155764e-11,1,0.746698202670379,0.712044578715313,2174148,13390103,"randomized",0.001,3000,80,5,5,24
1616025,"min",0.75,0.706695317515412,0.146999293385085,0.704581742489737,0.729833495600923,0.753689862595945,0.777514626143188,0.771849060281746,0.763596232724945,0.77183073988927,0.775016363433962,0.0252517531111867,0.485792715001646,0,253.315635274904,6.88338275267597e-15,0,0.429703111545001,0.966058425123831,0.77183073988927,-0.00404660108979493,1,0.0651354223738583,2.27644569861241e-14,1,0.775016363433962,0.00190684123964973,1.15475665958897,-0.0410447607672986,7.69754630406775e-18,1,0.783941942365319,0.818253614892836,2160642,13534883,"randomized",0.001,3000,80,5,5,25
1616026,"min",0.75,0.690243221042708,0.141079457217866,0.694074664190536,0.716716929048104,0.738590965740736,0.773587456676447,0.753132092524196,0.746389152328873,0.753138675165354,0.755896956779016,0.0226422648575678,0.491371383760739,0,502.020676233657,7.54951656745106e-15,0,0.4230680157963,0.972201715309049,0.753138675165354,-0.00406964089963187,1,0.0628954541226463,4.12618087845355e-14,1,0.755896956779016,-0.00257181702511714,1.10961935020013,-0.0100102776344409,5.66794954674303e-11,1,0.776127098914868,0.835269208101188,2209251,13561701,"randomized",0.001,3000,80,5,5,26
1616027,"min",0.75,0.733661127617761,0.149077960019269,0.737481668832546,0.764838292849393,0.791612081598391,0.831286400991711,0.807978877197415,0.799877238216554,0.807961824248206,0.813138731117343,0.0273566240168475,0.494616378870311,0,172.778351652729,1.02140518265514e-14,0,0.371908709953342,0.975333383394307,0.807961824248206,0.00292489133439089,1,0.0743006966304444,1.44482352008405e-13,1,0.813138731117343,0.00932707681229672,1.1556385766317,-0.034708370132854,6.3948846218409e-17,1,0.791684680072036,0.855942200501063,2177164,13521482,"randomized",0.001,3000,80,5,5,27
1616028,"min",0.75,0.64507879109664,0.133707583288672,0.641269028987325,0.663922751243693,0.684440257423886,0.674012745626417,0.706854581171097,0.696110755891735,0.706912355607221,0.709697082041115,0.0226537222563676,0.475258799048148,0,310.171408480703,6.66133814775094e-15,0,0.395198587601264,0.975236238958133,0.706912355607221,-0.00790520411774698,1,0.0618335645105812,1.12798659301916e-14,1,0.709697082041115,-0.00272153818967753,1.10701034143887,-0.00441181074574945,1.03324756158448e-16,1,0.732554222717146,0.661903336836513,2211469,13487574,"randomized",0.001,3000,80,5,5,28
1616029,"min",0.75,0.646244381478258,0.130191211993326,0.645480840903109,0.668829813103396,0.690828675544018,0.703499517348846,0.706121845981308,0.69999757991119,0.706194669454563,0.708898742035667,0.0233489722002866,0.485113845342836,0.000333333333333342,1001.001001001,7.7715611723761e-15,0,0.377613354336054,0.973300769868114,0.706194669454563,-0.00406880436301651,1,0.0599502879763048,4.45293283727703e-13,1,0.708898742035667,0.000564549041590255,1.10013957969369,-0.00206028018323257,1.80596278672359e-17,1,0.727510779942569,0.721962215685659,2196883,13510767,"randomized",0.001,3000,80,5,5,29
1616030,"min",0.75,0.668415729974547,0.131993393944755,0.666291370998434,0.689824904579153,0.712609576095833,0.757093029171321,0.724210191386119,0.719753484480621,0.724214673277091,0.728407657628688,0.0235335335807187,0.491916115246003,0.00100000000000002,1001.001001001,9.10382880192628e-15,0,0.331292794509856,0.977371255052207,0.724214673277091,-0.00130668063972908,1,0.0557989433025434,4.94487636023185e-13,1,0.728407657628688,0.00297798006587555,1.11672997037165,-0.0180322207017304,8.58572472376788e-17,1,0.743692535051344,0.779274058096917,2242097,13491372,"randomized",0.001,3000,80,5,5,30
1616031,"min",0.75,0.715589358298548,0.142996197176642,0.71994126703063,0.737216535544748,0.753983468056258,0.764903135428879,0.781328533765686,0.771918241829648,0.781372389820345,0.785230264132598,0.0172752685141178,0.49253373772417,0,456.440075845569,6.66133814775094e-15,0,0.341749361278407,0.977555803318873,0.781372389820345,-0.00359850286571324,1,0.0657830315217973,3.02466940382828e-13,1,0.785230264132598,0.00290062944432908,1.12049194969382,-0.0165818511274938,1.80596278672359e-17,1,0.773959126184925,0.804931369871153,2244574,13553720,"randomized",0.001,3000,80,5,5,31
1616032,"min",0.75,0.680999151667829,0.142102643452929,0.678203764057907,0.707640490170185,0.735260224764989,0.786583899213246,0.75546570882526,0.75182384373596,0.755465574053459,0.756169407122493,0.0294367261122783,0.484077250017284,0,556.13028275837,6.88338275267597e-15,0,0.350397518560567,0.984660083083549,0.755465574053459,-0.00101044105378178,1,0.07446642238563,2.5261570613111e-14,1,0.756169407122493,-0.0010670513710438,1.13266909742277,-0.0151772873427778,1.68753899743024e-17,1,0.765644073257182,0.84256022930611,2284840,13503763,"randomized",0.001,3000,80,5,5,32
1616033,"min",0.75,0.600953208598812,0.12475624200845,0.600114329913909,0.621074967578621,0.640113476084765,0.640832401292396,0.660142643294596,0.652065055081052,0.660161907198614,0.66177295875714,0.0209606376647122,0.475972872641365,0,299.347447254272,5.21804821573824e-15,0,0.391721366423653,0.980681532976354,0.660161907198614,-0.00295110670206653,1,0.059208698599802,6.6849488907413e-15,1,0.66177295875714,0.00281397566124614,1.10063207707789,0.000344580550405814,7.40148683083438e-18,1,0.719011329025268,0.665895205066746,2175513,13412337,"randomized",0.001,3000,80,5,5,33
1616034,"min",0.75,0.657144836370443,0.13613455306664,0.660923535334179,0.678646638426669,0.694725611667307,0.695067875693544,0.718598934142656,0.707792810318926,0.718607895785413,0.723043298335544,0.0177231030924899,0.475680046461521,0,301.917103679097,6.66133814775094e-15,0,0.376835006118592,0.97922150314225,0.718607895785413,-0.00240696190760075,1,0.06146305941497,1.02398830155911e-14,1,0.723043298335544,0.00644523711045672,1.13707866558236,-0.0241820752988955,6.59472476627343e-17,1,0.743840004033129,0.710082195842599,2175922,13520057,"randomized",0.001,3000,80,5,5,34
1616035,"min",0.75,0.694140264748105,0.140128673001203,0.694549841570666,0.722276417561066,0.749488795202334,0.777570745849886,0.768551895710579,0.761300449326132,0.768557465398012,0.771755233800463,0.0277265759903997,0.495320275368012,0,421.159360250981,8.65973959207622e-15,0,0.335914458900234,0.976413809564465,0.768557465398012,-0.00327185245421664,1,0.0744172006499063,8.82222295217616e-13,1,0.771755233800463,0.00440769013197538,1.1235939524768,-0.00817656984114977,5.07741996595238e-17,1,0.757328386077274,0.780375985718629,2225499,13560564,"randomized",0.001,3000,80,5,5,35
1616036,"min",0.75,0.730511751523165,0.146733858640646,0.732483994030194,0.755783347992869,0.779113834594914,0.790455003241677,0.810538708679126,0.799844949100741,0.810536101692544,0.813788641742276,0.023299353962675,0.500333827426736,0,237.505101632858,1.04360964314765e-14,0,0.411594043014765,0.966467525043104,0.810536101692544,0.000975518699352789,1,0.0800243501693792,9.24651762564584e-13,1,0.813788641742276,0.00310732301981528,1.169849386077,-0.0408000822991297,7.105427357601e-18,1,0.780782399098435,0.694835611053924,2265057,13485393,"randomized",0.001,3000,80,5,5,36
1616037,"min",0.75,0.628623783482525,0.125715660495137,0.628560154787804,0.649224927987709,0.669179831958204,0.687437790228768,0.682747728041775,0.677433366820026,0.682749211495932,0.683531765221726,0.0206647731999045,0.491262003062817,0.000333333333333328,1001.001001001,7.7715611723761e-15,0,0.393582462891839,0.975936809814456,0.682749211495932,-0.0017623124293831,1,0.0541254280134076,1.74246691149923e-13,1,0.683531765221726,0.000985827629640821,1.08207115625815,0.00331610097741554,4.14483262526725e-17,1,0.725078352465231,0.716034527050348,2194164,13550545,"randomized",0.001,3000,80,5,5,37
1616038,"min",0.75,0.598465551365491,0.124595601196237,0.60044046922582,0.618004100532557,0.633450385586892,0.643766086975029,0.651767421471098,0.646186895393884,0.651781142944822,0.652610347869252,0.0175636313067367,0.467928633486356,0.000333333333333335,1001.001001001,8.43769498715119e-15,0,0.445832828158009,0.967794944598172,0.651781142944822,-0.000754128883962419,1,0.053315591579331,3.3087606728562e-15,1,0.652610347869252,-0.000304516545053662,1.07407273968945,0.00981481350436249,5.56591809678745e-17,1,0.717786181492983,0.583875769881501,2273270,13596853,"randomized",0.001,3000,80,5,5,38
1616039,"min",0.75,0.572689482794352,0.115347620138518,0.573164915595078,0.590045548956248,0.605362138674725,0.62285928462731,0.620407170725119,0.615217839989635,0.62040214265496,0.622342798465632,0.0168806333611701,0.475711513399386,0.000333333333333342,1001.001001001,7.99360577730113e-15,0,0.330135658354783,0.979843053411182,0.62040214265496,0.000564545730638631,1,0.0477126598606081,1.97529215206771e-14,1,0.622342798465632,0.00527005327639665,1.07580013696498,0.00624337443706756,8.33407417151951e-17,1,0.693044411861059,0.654088713397943,2207573,13493213,"randomized",0.001,3000,80,5,5,39
1616040,"min",0.75,0.630608931449635,0.130509532952634,0.634007090090562,0.660520040882122,0.685128188117558,0.708886559974687,0.68893872255383,0.684826378160456,0.688926395069591,0.690391985948343,0.0265129507915597,0.481369692459291,0.000333333333333335,1001.001001001,1.06581410364015e-14,0,0.390751595365341,0.975446533410769,0.688926395069591,0.00297906944530033,1,0.0583174636199554,3.50034075798552e-14,1,0.690391985948343,0.00715384005577578,1.08756995289102,0.00456066007900736,5.56591809678745e-17,1,0.728554789382404,0.733681672427216,2247526,13524054,"randomized",0.001,3000,80,5,5,40
1616041,"min",0.75,0.68839196799841,0.140756890907093,0.695955030931576,0.71214082442458,0.727585554511652,0.7033367029862,0.74975640958164,0.737906165495023,0.749765349567508,0.752304667003801,0.0161857934930038,0.488285628531323,0,750.218049624231,7.7715611723761e-15,0,0.347560530481771,0.977407294166637,0.749765349567508,-0.00323837147231948,1,0.0613733815690981,1.00913573793567e-13,1,0.752304667003801,0.000550393697354707,1.10788819331997,-0.0103566667179339,2.10202225995696e-17,1,0.756649877586308,0.748670789377008,2206155,13583822,"randomized",0.001,3000,80,5,5,41
1616042,"min",0.75,0.63622989233046,0.12713236754583,0.629707569285875,0.647911574669715,0.664695060011251,0.670339557790499,0.688986021097677,0.682590334135885,0.688980539535064,0.691585924563653,0.0182040053838394,0.479699601016642,0,230.028141671347,7.105427357601e-15,0,0.356272336510736,0.977263152286185,0.688980539535064,-0.00319014579448007,1,0.0527506472046041,2.38215373353038e-14,1,0.691585924563653,-0.00354902663123053,1.10029816238245,-0.00845665682033599,3.40468394218381e-17,1,0.730520336920268,0.684192565279139,2231414,13504283,"randomized",0.001,3000,80,5,5,42
1616043,"min",0.75,0.610022973453704,0.12924112680673,0.609539655842651,0.637679839671955,0.661500800656276,0.682852338538617,0.679757241669548,0.669211055965843,0.679734689010674,0.688372484959025,0.0281401838293043,0.45843795531761,0,265.361255734147,8.43769498715119e-15,0,0.335905963755866,0.987881637025434,0.679734689010674,0.00344450795646766,1,0.0697117155569699,3.66151553521377e-16,1,0.688372484959025,0.0126146836822731,1.1507975897957,-0.0136404826115059,2.99020067965709e-17,1,0.72658373216828,0.712090656562319,2210935,13577779,"randomized",0.001,3000,80,5,5,43
1616044,"min",0.75,0.714239990452848,0.145741836592158,0.716150934591938,0.736936098331482,0.75737372032774,0.760667244800036,0.782648025265633,0.771170281865433,0.782648115291019,0.785332768472729,0.0207851637395445,0.4957845917363,0.000333333333333341,1001.001001001,9.54791801177635e-15,0,0.365545702945718,0.98365991968345,0.782648115291019,-9.71156601881714e-05,1,0.0684081248381703,1.60749339765213e-13,1,0.785332768472729,0.00517562999167501,1.15303820874147,-0.0382132307305456,1.95399252334028e-17,1,0.77728959176462,0.789084438367309,2247934,13495126,"randomized",0.001,3000,80,5,5,44
1616045,"min",0.75,0.682593463308782,0.139312290519441,0.684662721259043,0.70934458211946,0.733174747743853,0.755622879239825,0.751100737443525,0.742698505532101,0.751121702509916,0.751199138787441,0.024681860860417,0.491221813458046,0.000333333333333348,1001.001001001,9.10382880192628e-15,0,0.37565397583181,0.978450363203466,0.751121702509916,-0.00174515561482819,1,0.0685282392011341,5.8540727820855e-14,1,0.751199138787441,0.00591917867553248,1.12356019086787,-0.0157357031329321,1.49510033982854e-17,1,0.756232050608556,0.774837322222819,2218481,13404520,"randomized",0.001,3000,80,5,5,45
1616046,"min",0.75,0.735893867838936,0.146397819672401,0.737707650956244,0.765027070868303,0.792394598198942,0.831691719540433,0.81225558081911,0.802815500529295,0.812241318084416,0.818018901748223,0.0273194199120593,0.500439843701325,0,528.860440181331,7.99360577730113e-15,0,0.276999822534069,0.985990410445774,0.812241318084416,0.00362369147513621,1,0.0763474502454798,1.32446838681706e-12,1,0.818018901748223,0.00743550391123208,1.15783411738082,-0.0340241252070323,5.12552963035281e-17,1,0.783929540962985,0.85222740819047,2210930,13520367,"randomized",0.001,3000,80,5,5,46
1616047,"min",0.75,0.683249746199266,0.136617513235329,0.683137804816449,0.709381081741588,0.735111719454273,0.753646876395728,0.748738584550838,0.743344015642083,0.748681790521292,0.751681669311248,0.0262432769251395,0.495068302858973,0.000333333333333347,1001.001001001,7.105427357601e-15,0,0.321566224511289,0.981304639667503,0.748681790521292,-0.00400613525085733,1,0.0654320443220266,7.94724582438751e-13,1,0.751681669311248,-0.000307739441239017,1.10421484380233,-0.00277284246615834,9.82917451134805e-17,1,0.753503067167586,0.765482592560563,2215304,13590169,"randomized",0.001,3000,80,5,5,47
1616048,"min",0.75,0.604600381549306,0.123824212331518,0.60621578977139,0.628144508043316,0.648538552766431,0.656850721696536,0.667861951198177,0.659914978121138,0.667902431964534,0.66985980287228,0.0219287182719262,0.481869407380242,0,373.91737630422,9.32587340685131e-15,0,0.377637280510742,0.978827964792835,0.667902431964534,0.0053781218303068,1,0.0633020504152282,4.00698733452979e-14,1,0.66985980287228,0.0106225659546709,1.11796704345058,-0.00606349815749142,1.35891298214119e-16,1,0.715817375479038,0.653053691591241,2212295,13616851,"randomized",0.001,3000,80,5,5,48
1616049,"min",0.75,0.592149709480904,0.123866986953445,0.594223157368147,0.615790084478712,0.634976161196354,0.644477930412903,0.64538360177421,0.641134035175194,0.645406561806258,0.646504806277446,0.0215669271105647,0.470789264971015,0,249.05404830069,6.43929354282591e-15,0,0.439379873761254,0.975491814274127,0.645406561806258,-0.00279902591124282,1,0.0532568523253535,1.08594614782002e-15,1,0.646504806277446,-0.000381950036805116,1.09318401091685,-0.000823788196139192,2.27999583657379e-11,1,0.712880683762773,0.658648836950874,2224120,13562832,"randomized",0.001,3000,80,5,5,49
1616050,"min",0.75,0.63029566763612,0.125849490459809,0.629932372037354,0.647086948081943,0.663892179719116,0.650661524428228,0.692165613155935,0.68036958834157,0.692196275009216,0.69140169525586,0.0171545760445888,0.494856501975957,0,438.455875062655,7.99360577730113e-15,0,0.350487567452275,0.980843206396978,0.692196275009216,0.00737986152587619,1,0.0619006073730959,1.99636751574417e-13,1,0.69140169525586,0.00663207830954957,1.12386838238394,-0.016967677153953,7.5791225147744e-17,1,0.724028023823768,0.61261310537518,2284991,13403308,"randomized",0.001,3000,80,5,5,50
1616051,"min",0.75,0.651738436024837,0.131863441421181,0.651956191158304,0.671571813825194,0.690227024285899,0.699157820079166,0.713183627266169,0.704032981175327,0.713183090639703,0.714516806466651,0.0196156226668909,0.48745242619903,0,612.192129374358,6.66133814775094e-15,0,0.349693000955945,0.976176958144035,0.713183090639703,-0.00329103936628755,1,0.0614446546148662,2.31435019297048e-13,1,0.714516806466651,0.0004858189576886,1.11001218536411,-0.00892079919106236,6.83897383169096e-17,1,0.730285730555964,0.699661270996538,2248892,13580199,"randomized",0.001,3000,80,5,5,51
1616052,"min",0.75,0.648134584673149,0.131969855997039,0.644532123215912,0.671668975973873,0.696621785199797,0.72627553423423,0.708336365433662,0.703147994529673,0.70832563532137,0.713017767635038,0.0271368527579606,0.479035729462861,0,804.806528783018,8.43769498715119e-15,0,0.348631423600653,0.978595635235216,0.70832563532137,-0.00212933049375403,1,0.0601910506482207,2.79400206674533e-14,1,0.713017767635038,0.00430260440589701,1.11618264076733,-0.0104188046580763,6.94259464732265e-17,1,0.744333544928836,0.756108145811524,2203534,13506624,"randomized",0.001,3000,80,5,5,52
1616053,"min",0.75,0.650533372633658,0.131658684148871,0.655149991231441,0.678469262272326,0.700186808078095,0.729695023266658,0.709022628585274,0.704725226473202,0.709022348749907,0.712718137282654,0.0233192710408848,0.482217601650567,0.000333333333333329,1001.001001001,1.06581410364015e-14,0,0.303961761129776,0.97991944692441,0.709022348749907,-0.00102943304274831,1,0.05848897611625,1.22206837242326e-13,1,0.712718137282654,0.00285884307742217,1.08913341124593,0.00420050601683701,8.7633604077079e-17,1,0.735756718151749,0.75728985643469,2213380,13632832,"randomized",0.001,3000,80,5,5,53
1616054,"min",0.75,0.594228343034598,0.12408926451229,0.59184422629314,0.618188119215806,0.641623411925974,0.659134359243738,0.659033871980853,0.652747646677572,0.659069043417109,0.662150461711149,0.0263438929226664,0.470784975933996,0,145.269451739211,9.32587340685131e-15,0,0.392574385151126,0.982012578371664,0.659069043417109,-0.00358906116031964,1,0.0648407003825102,7.94031507211912e-16,1,0.662150461711149,0.0028536909958778,1.11357614037152,0.000431956975316084,2.18923208450406e-11,1,0.711111900766766,0.686925143790956,2194004,13514569,"randomized",0.001,3000,80,5,5,54
1616055,"min",0.75,0.715519783569443,0.141420710530505,0.715585081297358,0.738429653839755,0.7616863064735,0.805150226909134,0.782661654823512,0.774659478752215,0.782712778541219,0.785467468528706,0.0228445725423965,0.504469296529263,0.000333333333333336,1001.001001001,6.43929354282591e-15,0,0.352335819428858,0.978300087709652,0.782712778541219,0.00505591799273114,1,0.0671929949717764,1.40305367324345e-12,1,0.785467468528706,0.0108291119565694,1.14817873645033,-0.0360771324752716,6.21724893790088e-17,1,0.773117067883394,0.841906405994844,2262224,13498752,"randomized",0.001,3000,80,5,5,55
1616056,"min",0.75,0.635708159841371,0.131403162520218,0.635158243148504,0.655185235249761,0.673708235911467,0.677016698366582,0.69626785267244,0.688490942081225,0.696254713672476,0.697321423288937,0.020026992101257,0.480492973775648,0,277.300106167812,7.105427357601e-15,0,0.357650889406789,0.983505244321982,0.696254713672476,-0.00440793909274353,1,0.0605465538311043,3.59410279315853e-14,1,0.697321423288937,0.0013709291332998,1.10775249689877,-0.00688587807426451,5.29946457087741e-17,1,0.732458328595823,0.702413813678076,2169682,13440267,"randomized",0.001,3000,80,5,5,56
1616057,"min",0.75,0.724854261104106,0.150249946686483,0.723847026310299,0.747128379610371,0.769303574275829,0.764665675382022,0.793164480600861,0.783109790907059,0.793125074023464,0.796459558105034,0.0232813533000725,0.487832791048569,0.000333333333333336,1001.001001001,7.99360577730113e-15,0,0.387007631056826,0.976304144957283,0.793125074023464,-0.00155853654788046,1,0.068270812919358,1.04852423040332e-13,1,0.796459558105034,0.00366449317545149,1.13433269874857,-0.025766332092584,9.17784367023463e-18,1,0.788291314463039,0.785799897188607,2205016,13574808,"randomized",0.001,3000,80,5,5,57
1616058,"min",0.75,0.702140745120623,0.141322249898258,0.701996629592119,0.72814708018341,0.754470783456549,0.770490501548313,0.777184261210125,0.768121297383643,0.777182350362974,0.78027206184582,0.026150450591291,0.50165083826121,0,204.512009592326,8.65973959207622e-15,0,0.358311243151359,0.978193223292662,0.777182350362974,-0.00018097842291246,1,0.0750416052423512,7.7604826268877e-13,1,0.78027206184582,-0.00122546457022919,1.11285033637339,-0.00110550254312642,3.09382149528877e-17,1,0.767438621726638,0.78197053221802,2283799,13513306,"randomized",0.001,3000,80,5,5,58
1616059,"min",0.75,0.588925577808299,0.121315733635596,0.587142550544778,0.608085108010525,0.626581582183452,0.640926453959796,0.645716161281191,0.637918335005029,0.645721024266699,0.648460142301268,0.0209425574657469,0.468989054862826,0.000333333333333328,1001.001001001,7.105427357601e-15,0,0.410987029793491,0.974503569545942,0.645721024266699,0.00198024229256874,1,0.0567954464583997,6.06300195234629e-15,1,0.648460142301268,0.00907136271106526,1.09698738626104,0.0024162119990713,4.67403893367191e-17,1,0.708250308562147,0.67039170268915,2154973,13532722,"randomized",0.001,3000,80,5,5,59
1616060,"min",0.75,0.71115249527662,0.143141141951891,0.706541329785591,0.733991181863307,0.761310916669032,0.801130231089212,0.781275896671977,0.775893953503878,0.781282118825341,0.782541139491405,0.0274498520777157,0.498812139369722,0.000333333333333334,1001.001001001,7.32747196252603e-15,0,0.393455355975178,0.976332180227697,0.781282118825341,-0.000787619813719899,1,0.0701296235487202,7.33719159503228e-13,1,0.782541139491405,0.000167752449113942,1.13310452007167,-0.0232689673667793,1.03620815631681e-16,1,0.775379772937899,0.826074151425123,2208189,13544984,"randomized",0.001,3000,80,5,5,60
1616061,"min",0.75,0.655807022528158,0.133966935384566,0.6590865903287,0.675042096656898,0.689979971286289,0.653980462474359,0.716922547094493,0.702818422564137,0.716916816036778,0.719268348166537,0.0159555063281979,0.483529939630042,0.000333333333333338,1001.001001001,8.43769498715119e-15,0,0.332534547972412,0.982814534193763,0.716916816036778,0.00287556793387625,1,0.0611097935086201,1.11379942306182e-13,1,0.719268348166537,0.00737608085613282,1.12949071994613,-0.0214595978545205,1.12502599828683e-17,1,0.7357153667848,0.648687274713674,2247895,13429101,"randomized",0.001,3000,80,5,5,61
1616062,"min",0.75,0.653908379713906,0.137395287397421,0.656863179115913,0.681779106803293,0.704151124164652,0.737446355025373,0.718661766225644,0.713619982159082,0.718656555691982,0.721293281083588,0.0249159276873794,0.473101915050466,0,305.067622262848,7.54951656745106e-15,0,0.404605072098526,0.979192670426601,0.718656555691982,-0.00151790113947308,1,0.064748175978076,8.2861125368557e-15,1,0.721293281083588,0.00259477643231665,1.13458882822127,-0.0206238612200822,2.93098878501041e-17,1,0.752134354034158,0.776370342781851,2202971,13497440,"randomized",0.001,3000,80,5,5,62
1616063,"min",0.75,0.634916877303033,0.132701428636376,0.632369134779326,0.657516636503956,0.679676143514566,0.662185447643948,0.705290581425177,0.693529493102941,0.705287120550698,0.711067713053703,0.0251475017246299,0.468419111735194,0.000333333333333346,1001.001001001,5.99520433297585e-15,0,0.3931654113827,0.981212708621547,0.705287120550698,0.000547509751045848,1,0.0703702432476658,3.55745063037224e-15,1,0.711067713053703,0.00248218019124539,1.12867482964177,-0.0055469852729851,3.58231962612384e-17,1,0.732669706825498,0.65958680413412,2255591,13562861,"randomized",0.001,3000,80,5,5,63
1616064,"min",0.75,0.611398353447093,0.121934917825764,0.614220881319178,0.631822839934072,0.648692445465241,0.660702708726747,0.669213269625955,0.660411138364495,0.669230995480851,0.669841543824502,0.0176019586148938,0.489377431777942,0,506.128831620641,7.99360577730113e-15,0,0.414067440269827,0.972623964501751,0.669230995480851,0.00477238978489859,1,0.0578326420337575,1.80673846254346e-13,1,0.669841543824502,0.00572861249590638,1.10139098117128,-0.00354708856509719,1.93178806284777e-17,1,0.714888846328987,0.664592872065631,2280087,13451256,"randomized",0.001,3000,80,5,5,64
1616065,"min",0.75,0.704199963273584,0.14312793596619,0.702325923671485,0.731267921886027,0.759287646325766,0.789090434790249,0.777636073362589,0.771324096326229,0.777664383600769,0.782761118471277,0.0289419982145419,0.491904442739556,0,261.741725168524,1.11022302462516e-14,0,0.373375566535963,0.976447415714586,0.777664383600769,-0.00218200686701694,1,0.0734644203271845,1.96440937590599e-13,1,0.782761118471277,-0.00414938880422714,1.11329462890205,-0.00122091831422761,2.27965794389699e-17,1,0.776815684385868,0.762561293415681,2291541,13481338,"randomized",0.001,3000,80,5,5,65
1616066,"min",0.75,0.609384915762183,0.126627551212422,0.611037283240848,0.632649469703146,0.651995242850769,0.66087438331512,0.667417037571651,0.660201365930943,0.667388851494696,0.669349202986155,0.0216121864622973,0.472332443604868,0,446.381709509782,7.54951656745106e-15,0,0.379583869012814,0.981500504975251,0.667388851494696,-0.00281868160733898,1,0.0580039357325123,7.55484563796927e-15,1,0.669349202986155,0.00192714912311786,1.09526051934969,0.0019139636645968,9.17784367023463e-18,1,0.716283817913452,0.66921514814656,2191001,13519818,"randomized",0.001,3000,80,5,5,66
1616067,"min",0.75,0.679367978824001,0.14115735447987,0.680521836722006,0.707921116081768,0.733445201693591,0.764722077985308,0.746870625976788,0.740223650792491,0.746871276428811,0.749847721053139,0.0273992793597626,0.482283876422573,0,158.29170611763,5.10702591327572e-15,0,0.424809272526902,0.97054737980428,0.746871276428811,-0.000641984309790317,1,0.0675032976048105,2.37694308680148e-14,1,0.749847721053139,0.0072532869722661,1.1298640258808,-0.0177457185554517,4.21863443437568e-11,1,0.762264359669314,0.804034678545497,2180127,13557716,"randomized",0.001,3000,80,5,5,67
1616068,"min",0.75,0.626581152565594,0.126754410899046,0.626637400053046,0.648149397478694,0.668592619232552,0.655902505106883,0.693206282176744,0.681723999044703,0.693287225810231,0.695423796630056,0.021511997425648,0.487262899673849,0.00033333333333333,1001.001001001,7.7715611723761e-15,0,0.313510851956941,0.982630710915579,0.693287225810231,-0.00428611195267137,1,0.0667060732446368,2.05501985798643e-13,1,0.695423796630056,-0.00636721649885452,1.11822161807507,-0.0052327936471834,3.3158661002138e-17,1,0.721777147419968,0.644350525189142,2351409,13452177,"randomized",0.001,3000,80,5,5,68
1616069,"min",0.75,0.626586886173861,0.130381575623972,0.625763726298693,0.651296887829808,0.674470211439404,0.706853017530109,0.691746297793676,0.685618083323782,0.691742960856228,0.693640027041332,0.0255331615311154,0.475774910520619,0.000666666666666669,1001.001001001,8.43769498715119e-15,0,0.419229920486002,0.978860462319769,0.691742960856228,-0.00058359939335441,1,0.0651560746823675,1.54802837215584e-14,1,0.693640027041332,-0.00102674017265466,1.13737637017772,-0.0190250911560526,3.71554638907886e-17,1,0.730178589410505,0.74806527582593,2249612,13386051,"randomized",0.001,3000,80,5,5,69
1616070,"min",0.75,0.643276434333832,0.13360917486924,0.64492765296297,0.663585050076516,0.680890381062068,0.674534709635904,0.705786419423809,0.69475542167118,0.705787988442026,0.707001154230539,0.0186573971135462,0.481201841469459,0,283.032669685468,8.43769498715119e-15,0,0.404649782031712,0.976122135040915,0.705787988442026,0.000922646400651216,1,0.0625115541081934,1.48365764118807e-14,1,0.707001154230539,0.00317628439425044,1.12327799043786,-0.0155771062240036,1.43588844518187e-17,1,0.734444098656857,0.663648766118004,2268955,13606457,"randomized",0.001,3000,80,5,5,70
1616071,"min",0.75,0.667957605651044,0.138324277718517,0.668795597575648,0.690031812774731,0.709574110872199,0.704530872498307,0.731448896698404,0.722841087226992,0.73145666394885,0.734674821223192,0.0212362151990836,0.479230273927629,0,267.843503054746,7.105427357601e-15,0,0.413810241520172,0.971744085653461,0.73145666394885,0.00124064026805535,1,0.0634990582978058,3.04372823241768e-14,1,0.734674821223192,0.00329510635690509,1.10816667292737,-0.00553353628765999,4.692542650749e-17,1,0.754651749475294,0.712257715822642,2214429,13533749,"randomized",0.001,3000,80,5,5,71
1616072,"min",0.75,0.669497651489326,0.134528099651751,0.671880256537302,0.694609110393038,0.716474210093247,0.74108059794276,0.727925706607054,0.722819509137417,0.727941522796317,0.730772029258662,0.0227288538557359,0.490315344495711,0.000333333333333336,1001.001001001,5.77315972805081e-15,0,0.306538129679287,0.983373146884412,0.727941522796317,0.00182389412098609,1,0.0584438713069903,2.59776792669678e-13,1,0.730772029258662,0.00158302443218384,1.09356338916226,-0.0013660915401777,1.1842378929335e-17,1,0.747249738819046,0.769458217992309,2297006,13419776,"randomized",0.001,3000,80,5,5,72
1616073,"min",0.75,0.608293634070867,0.126962229189863,0.605825520065153,0.632538534549356,0.656601754301404,0.669736433527271,0.666066279142818,0.662563536772702,0.666051671731056,0.666162930712064,0.0267130144842025,0.473907136163095,0,223.243543543747,5.99520433297585e-15,0,0.388711168909975,0.982784696022921,0.666051671731056,0.0011256592326445,1,0.0577580376601884,5.0828970662072e-15,1,0.666162930712064,0.00280838936613951,1.07409343082162,0.0127987343459373,5.03301104496738e-18,1,0.714722232575722,0.636194988869648,2256329,13440765,"randomized",0.001,3000,80,5,5,73
1616074,"min",0.75,0.684514536086572,0.137225205423522,0.684833737282697,0.709445982738953,0.732988601612959,0.751901244480964,0.752486442309791,0.744205429775465,0.752492194210059,0.756923128359935,0.024612245456256,0.488893888528961,0,759.589674973298,9.32587340685131e-15,0,0.353927735848663,0.974563359360358,0.752492194210059,-0.00197472528194697,1,0.0679776581234867,6.99016548348178e-13,1,0.756923128359935,0.00293265879337903,1.11163069526664,-0.00400424131010055,8.55611877644454e-17,1,0.753971334947555,0.777018821424612,2211375,13400683,"randomized",0.001,3000,80,5,5,74
1616075,"min",0.75,0.713019175329476,0.14146535372285,0.710377550386603,0.736339857945827,0.761841657875164,0.784448529163887,0.779017884188861,0.771314912406668,0.779060424078163,0.785415285851567,0.0259623075592236,0.495525933972639,0,496.713816199811,8.43769498715119e-15,0,0.293190360072483,0.981468638267005,0.779060424078163,0.00308505694715261,1,0.0660412487486877,8.28537534876735e-13,1,0.785415285851567,0.00828583489963396,1.10568323600078,-0.00295806325733751,9.44429719614467e-17,1,0.765424830361675,0.809859274205194,2189055,13563773,"randomized",0.001,3000,80,5,5,75
1616076,"min",0.75,0.589345327965798,0.123810743048409,0.587219898319229,0.609105911049865,0.62807126163615,0.629649761301138,0.644022236561934,0.637792472901341,0.644040048682751,0.644825968661606,0.0218860127306356,0.464252574367073,0,319.217363540103,7.7715611723761e-15,0,0.390376308716285,0.984718243012685,0.644040048682751,-0.00343479681502534,1,0.0546947207169538,2.14643118094197e-16,1,0.644825968661606,-0.00098566764897969,1.10056279732737,-0.00378557407624912,1.787751043499e-11,1,0.710473297715195,0.644781034465804,2232040,13429677,"randomized",0.001,3000,80,5,5,76
1616077,"min",0.75,0.704040609257202,0.139824120579151,0.698609281815488,0.7220024659813,0.744725765058578,0.744810827877366,0.768494799699282,0.758480550262719,0.768482179466645,0.773926329562243,0.0233931841658117,0.492737031952306,0.000666666666666672,1001.001001001,9.54791801177635e-15,0,0.332955138892833,0.976045985225734,0.768482179466645,-0.00100550515438388,1,0.0644415702094426,1.01660013740457e-12,1,0.773926329562243,0.000316806288972349,1.10106715433522,-0.0012696606090229,1.78375832623108e-16,1,0.75652328607818,0.748760745976333,2223387,13452464,"randomized",0.001,3000,80,5,5,77
1616078,"min",0.75,0.677063878515823,0.137942737864184,0.679367526016624,0.703037604600214,0.725860402769373,0.738847108431468,0.745916076580046,0.737036137058137,0.745919153754527,0.749045331330979,0.0236700785835905,0.49088806206876,0.000333333333333334,1001.001001001,8.88178419700125e-15,0,0.375688785845338,0.976876651524976,0.745919153754527,0.00309277174809685,1,0.0688552752387043,2.47715329730151e-13,1,0.749045331330979,0.00210342666517922,1.13007322871461,-0.0160864319094321,1.02140518265514e-17,1,0.754647009609374,0.762683932795012,2296524,13510145,"randomized",0.001,3000,80,5,5,78
1616079,"min",0.75,0.714273832044153,0.144474293784049,0.714755587705914,0.739476419966739,0.763883902084784,0.762120280321611,0.788771123767249,0.77930936279244,0.788768279033048,0.793184717627786,0.0247208322608254,0.496810900732679,0,129.078261237575,1.02140518265514e-14,0,0.375462296447377,0.974163319099803,0.788768279033048,0.00382526273393501,1,0.0744944469888945,3.54086833927643e-13,1,0.793184717627786,0.00822895106796745,1.13241648835834,-0.0156707469819095,9.37028232783632e-17,1,0.774493683199232,0.772937919610513,2222900,13507277,"randomized",0.001,3000,80,5,5,79
1616080,"min",0.75,0.618017964864968,0.126823433652316,0.615792842597006,0.64315058074494,0.668481800625344,0.689563831273501,0.684454058203982,0.677968805137978,0.684453941386702,0.687096216983297,0.0273577381479342,0.480769042097592,0,873.784256469346,6.21724893790088e-15,0,0.379897618488301,0.972173094756916,0.684453941386702,-0.00013538593014738,1,0.0664359765217336,3.60783995271656e-14,1,0.687096216983297,0.000557292663212607,1.08282746890216,0.017889388352498,5.64363370851121e-17,1,0.718568016643951,0.710489778277277,2233672,13449509,"randomized",0.001,3000,80,5,5,80
1616081,"min",0.75,0.70275975333372,0.139326641347179,0.701448171861736,0.727211031637966,0.753471806362668,0.755787304983071,0.779248552115713,0.767518575480519,0.779247881446663,0.782643322503243,0.0257628597762296,0.504785468693696,0.00033333333333334,1001.001001001,9.99200722162641e-15,0,0.30994913224493,0.980770575704149,0.779247881446663,8.16160362343646e-05,1,0.0764881281129435,1.98657742108329e-12,1,0.782643322503243,0.0114885349701885,1.14750981067227,-0.0237803889928247,4.58892183511731e-16,1,0.754715436946796,0.764628434605538,2215939,13480014,"randomized",0.001,3000,80,5,5,81
1616082,"min",0.75,0.754555556646244,0.15120718921273,0.758456879619972,0.7786426401794,0.799572858571698,0.801869249143875,0.829582627790453,0.817048446674865,0.829572304145278,0.830524792884375,0.0201857605594279,0.509053144931119,0,191.637679520246,7.99360577730113e-15,0,0.330438338930002,0.980252065515597,0.829572304145278,0.00108752193659158,1,0.0750167474990337,1.4349987864648e-12,1,0.830524792884375,0.0047240448632881,1.15749846507175,-0.0428721057450102,3.27145717922879e-17,1,0.794166017833452,0.844376444388937,2213851,13584502,"randomized",0.001,3000,80,5,5,82
1616083,"min",0.75,0.574228782396179,0.120666302875965,0.574261599306741,0.600031528716743,0.621926494069302,0.633263058769078,0.630074171518846,0.626454465988146,0.630099862572698,0.632733098417664,0.0257699294100023,0.459352012872929,0,124.388902098199,6.66133814775094e-15,0,0.377126631880031,0.977853510849839,0.630099862572698,-0.00454412463098846,1,0.0558710801765188,1.06966287679218e-15,1,0.632733098417664,-0.00195344479382197,1.05960568473822,0.0242770162503668,2.56344794280494e-11,1,0.699314195855444,0.642006201837093,2214294,13424189,"randomized",0.001,3000,80,5,5,83
1616084,"min",0.75,0.655072316438426,0.132616674890343,0.655740432644963,0.681838031050127,0.706638953137131,0.73810182356259,0.723078611376322,0.715863950346704,0.723076143019332,0.726421677143612,0.0260975984051638,0.48726214135872,0.000333333333333348,1001.001001001,7.99360577730113e-15,0,0.267881515714622,0.989325819606836,0.723076143019332,0.000957189409088796,1,0.0680038265809059,4.62117751472609e-13,1,0.726421677143612,0.0055464930911152,1.11842427547748,-0.00622710375439174,4.94419320299736e-17,1,0.74050728660526,0.762751823886134,2163556,13507266,"randomized",0.001,3000,80,5,5,84
1616085,"min",0.75,0.722870655961602,0.145793271963572,0.725845609675317,0.749247381934569,0.772687232136814,0.830544971783646,0.789807499614559,0.7841238499693,0.789820752596551,0.791313559888087,0.0234017722592513,0.500406454142632,0,354.082539894864,7.99360577730113e-15,0,0.377458251218729,0.974605746177345,0.789820752596551,0.00150229808595018,1,0.0669500966349491,3.23331287669741e-13,1,0.791313559888087,0.000623371511869646,1.14386334504845,-0.0355516866775204,2.368475785867e-17,1,0.785885557001557,0.872169977510037,2271870,13498944,"randomized",0.001,3000,80,5,5,85
1616086,"min",0.75,0.603906934316581,0.124795660398829,0.601625708492586,0.626028500392979,0.647930016686185,0.683667156642452,0.6643941239446,0.658388855143838,0.664384700897597,0.665744082800958,0.0244027919003931,0.472990897556126,0,481.804834172576,6.21724893790088e-15,0,0.37176750781103,0.981740997709815,0.664384700897597,0.00343882692966807,1,0.0604777665810162,2.24108139453468e-14,1,0.665744082800958,0.00705892714155355,1.11869713435644,-0.00984487403698249,4.37427871702312e-17,1,0.715281189361403,0.71711976825036,2225459,13514146,"randomized",0.001,3000,80,5,5,86
1616087,"min",0.75,0.68486468920684,0.139528546020107,0.682318498415077,0.707353855160566,0.730998528647856,0.725114649354673,0.749813407171281,0.743551204832502,0.749854785279792,0.752936213732256,0.0250353567454884,0.485716080582248,0,642.927243532766,7.99360577730113e-15,0,0.360887220143101,0.973416893552408,0.749854785279792,0.00302962381167342,1,0.0649900960729511,9.74843909299731e-14,1,0.752936213732256,0.00474335526993285,1.07891028546962,0.0140286563920378,6.33567272719423e-17,1,0.759516992434899,0.759004630295501,2234487,13518556,"randomized",0.001,3000,80,5,5,87
1616088,"min",0.75,0.603382814473042,0.124511005673831,0.607471929616448,0.626223606387653,0.643072390465399,0.653554980847212,0.664730169910174,0.655485692639035,0.664751159252292,0.667896427014702,0.0187516767712046,0.473274324993549,0,689.625346372744,6.66133814775094e-15,0,0.366003151038527,0.985384547935961,0.664751159252292,-0.00176889099972457,1,0.0613683447792496,2.71967633599009e-14,1,0.667896427014702,0.00512416141194905,1.14243923879118,-0.021431776251562,3.75995531006386e-17,1,0.711567132975925,0.688123134757205,2260249,13533320,"randomized",0.001,3000,80,5,5,88
1616089,"min",0.75,0.66284541995683,0.133702940258224,0.656565206355496,0.681216928581295,0.704555598437045,0.690216855254056,0.725738108215113,0.715771575384635,0.725748301916145,0.728106512244805,0.0246517222257987,0.486319632815072,0,201.210607594197,1.15463194561016e-14,0,0.324856519344204,0.985824575837268,0.725748301916145,0.00257631288324824,1,0.0629028819593142,1.14524389971393e-13,1,0.728106512244805,0.00875506534845727,1.13156849384973,-0.02194848127094,3.25665420556713e-17,1,0.743381731110226,0.705504094112913,2201785,13388094,"randomized",0.001,3000,80,5,5,89
1616090,"min",0.75,0.740344707053807,0.146331300767198,0.74354491637998,0.77178506370618,0.800977307272846,0.836806047329041,0.822259553821922,0.813280929518154,0.822267300831248,0.827432755697064,0.0282401473262,0.508288843853303,0.000666666666666654,1001.001001001,7.32747196252603e-15,0,0.319656830475824,0.979323344279969,0.822267300831248,0.00378867452122212,1,0.0819225937774406,9.39028440190744e-12,1,0.827432755697064,0.00481313247427764,1.13976845731205,-0.0163887889407954,6.76051807128412e-15,1,0.781913694376256,0.81991766714659,2314650,13581223,"randomized",0.001,3000,80,5,5,90
1616091,"min",0.75,0.689073051908559,0.139396256348666,0.686000386650016,0.715581864709824,0.743380663659445,0.788296743618648,0.760153330304109,0.754208302938186,0.760147048040539,0.76567966318118,0.0295814780598083,0.484466098779076,0,376.17960287372,6.88338275267597e-15,0,0.32710581385219,0.979856079010206,0.760147048040539,0.000975987333475992,1,0.07107399613198,2.0902775806538e-13,1,0.76567966318118,0.00707869800236804,1.12414794228431,-0.00894039020539235,8.14163551391781e-17,1,0.754037671711855,0.810400033864794,2205793,13488462,"randomized",0.001,3000,80,5,5,91
1616092,"min",0.75,0.648073078783115,0.133883692762516,0.645512678943776,0.674229639112104,0.701600725046522,0.676542747609681,0.720476032491553,0.711494766169053,0.720527020999864,0.720756404546442,0.0287169601683279,0.488002129442657,0,318.322374391871,7.105427357601e-15,0,0.380482639544624,0.975880476866322,0.720527020999864,0.0041707153587639,1,0.0724539422167485,7.95457033575531e-14,1,0.720756404546442,0.00754585064748794,1.08651905372714,0.016612656240975,9.11863177558795e-17,1,0.741783981690808,0.664066195996623,2169432,13574709,"randomized",0.001,3000,80,5,5,92
1616093,"min",0.75,0.705098904781451,0.139074693118091,0.707628543181091,0.726234954822356,0.744591447505332,0.764348817855431,0.776058316842609,0.763990094524912,0.776112649132883,0.783610726028294,0.0186064116412651,0.496619327365391,0,815.526561805005,6.43929354282591e-15,0,0.351431469710064,0.971672468534917,0.776112649132883,0.00300656235672467,1,0.0710137443514319,1.16660577494561e-12,1,0.783610726028294,0.00524238620363683,1.15540152901709,-0.031061626664473,7.71234927772942e-17,1,0.76889546391107,0.780965795887024,2266491,13448133,"randomized",0.001,3000,80,5,5,93
1616094,"min",0.75,0.65232228895393,0.132689503200828,0.655466006660867,0.678273651000483,0.699709527837532,0.724803570038889,0.718230422128114,0.710152716035287,0.718218948651394,0.721421403576236,0.0228076443396158,0.484497532451258,0,384.860672089632,7.105427357601e-15,0,0.35356154075625,0.978897148760158,0.718218948651394,0.00392122518003115,1,0.0658966596974633,1.89155950162482e-13,1,0.721421403576236,0.0029118595509591,1.11364403699513,-0.00503342371632082,4.58892183511731e-17,1,0.73950814490222,0.758707908430711,2251734,13533324,"randomized",0.001,3000,80,5,5,94
1616095,"min",0.75,0.620015280351372,0.124687135529489,0.621378900426273,0.644175673092877,0.665773705523746,0.695856370000482,0.674352268651671,0.671450221069574,0.674340598139207,0.675057836528692,0.0227967726666042,0.486499093383748,0.000333333333333331,1001.001001001,8.21565038222616e-15,0,0.334495084074758,0.979628653466033,0.674340598139207,0.0016859238677535,1,0.054325317787835,8.81540766310233e-14,1,0.675057836528692,0.00510940222331849,1.0714706790105,0.0107296430937193,5.09222293961405e-17,1,0.720493221048821,0.73339138759355,2220827,13473338,"randomized",0.001,3000,80,5,5,95
1616096,"min",0.75,0.597537952907392,0.121828421703739,0.595939134318906,0.617124583036242,0.636329543081255,0.647095758054762,0.656128366154931,0.645950980536467,0.656172474004336,0.659398188193462,0.0211854487173361,0.475483181118863,0,116.274259938192,7.99360577730113e-15,0,0.334538130365782,0.977469590963225,0.656172474004336,-0.00324904741582261,1,0.058634521096944,1.26145020355276e-14,1,0.659398188193462,0.00128447194369601,1.1343564925108,-0.0184228682086525,9.0002079862946e-17,1,0.705520770390571,0.680109365680321,2226409,13435469,"randomized",0.001,3000,80,5,5,96
1616097,"min",0.75,0.633080632433741,0.127717262824755,0.634724399971023,0.64780976101402,0.66009391945264,0.655933542192824,0.685481917364969,0.679832038692759,0.685504009163294,0.685898166561918,0.0130853610429967,0.48420934608246,0,385.323768717523,1.33226762955019e-14,0,0.390429608078089,0.977630910770572,0.685504009163294,-0.0021850222309556,1,0.052423376729553,2.11421991025418e-14,1,0.685898166561918,-0.00698199150144036,1.105842012507,-0.0141889940878127,7.81967083677652e-17,1,0.728686735139304,0.566693185849955,2307761,13470017,"randomized",0.001,3000,80,5,5,97
1616098,"min",0.75,0.708176987328281,0.141011593546666,0.712794206269815,0.736430527090462,0.76024081901082,0.787623673042343,0.779960509280792,0.771842231590069,0.779985578449008,0.783764211322632,0.0236363208206468,0.501833335296882,0.00066666666666667,1001.001001001,1.11022302462516e-14,0,0.321876784843257,0.979594226341927,0.779985578449008,0.0017095967343742,1,0.0718085911207271,2.50685724031049e-12,1,0.783764211322632,0.00951241655558236,1.12697834876455,-0.0143359204896506,1.47289587933604e-16,1,0.7690219902719,0.82199200530397,2202262,13526216,"randomized",0.001,3000,80,5,5,98
1616099,"min",0.75,0.69304880298059,0.140847581531585,0.695633644024927,0.718129157286326,0.739824136248945,0.778198633392321,0.762216871344858,0.754671246371658,0.762205596965538,0.765345564830051,0.0224955132613991,0.490942233742023,0.000333333333333327,1001.001001001,5.55111512312578e-15,0,0.35022903340991,0.984447967470211,0.762205596965538,0.00202824280484931,1,0.0691567939849479,1.25896478427497e-13,1,0.765345564830051,0.00648136480662043,1.13637240500066,-0.0222159701958283,1.00216131689497e-16,1,0.770024094719809,0.818638157265696,2222017,13537009,"randomized",0.001,3000,80,5,5,99
1616100,"min",0.75,0.694511884015058,0.138352427282455,0.693749373191674,0.721998417229783,0.750372932474533,0.788262911191021,0.768757102042677,0.761936010743722,0.768753013702495,0.772881475763285,0.0282490440381096,0.501107941713922,0.000666666666666663,1001.001001001,8.88178419700125e-15,0,0.282861339712641,0.98846634145119,0.768753013702495,0.00295394402915562,1,0.0742411296874363,2.43045480038025e-12,1,0.772881475763285,0.000412211851678509,1.12970718986215,-0.0117135930532354,3.77475828372553e-17,1,0.760966497138774,0.823268265132051,2343169,13530118,"randomized",0.001,3000,80,5,5,100
1626001,"min",0.75,0.696194610835947,0.130025748876492,0.693120827611263,0.706443673072668,0.720695500453566,0.775098845913884,0.768599241982838,0.75264661840138,0.768595299065551,0.775553786394253,0.0133228454614042,0.516844840278012,0.000333333333333336,1001.001001001,6.21724893790088e-15,0,0.468473000228126,0.984381755568818,0.768595299065551,-0.000520507538364315,1,0.0724006882296033,1.34738845266232e-11,1,0.775553786394253,0.023020567681731,1.27406945874932,-0.111446504617693,3.03330693895987e-14,1,0.768187464830146,0.816892350259644,2201181,13423676,"confounded",0.001,3000,80,5,5,1
1626002,"min",0.75,0.704990223308918,0.132571229556722,0.705939438823949,0.721474371713107,0.738308098001363,0.78382244583008,0.787808877800394,0.770298040798299,0.787809842116134,0.790159426825663,0.0155349328891585,0.520062514668555,0.000333333333333342,1001.001001001,6.21724893790088e-15,0,0.507842749230873,0.979457285644474,0.787809842116134,0.000299645239468441,1,0.0828196188072167,3.84877315203388e-18,1,0.790159426825663,0.00944980635084205,1.25288312772166,-0.0931109291668069,1.17164944413162e-13,1,0.768644250378795,0.798283654856367,2227131,13442011,"confounded",0.001,3000,80,5,5,2
1626003,"min",0.75,0.718822888070218,0.133910776086509,0.718816265965147,0.728365857475974,0.738860995604538,0.78207121466069,0.793330864442321,0.77479742805516,0.793333421186404,0.796660449386503,0.0095495915108269,0.523585915967632,0,772.261380240301,4.44089209850063e-15,0,0.507627930719848,0.978448485070594,0.793333421186404,0.00174881645742988,1,0.0745105331161864,2.44214583370687e-11,1,0.796660449386503,0.00235572995475601,1.28032806488729,-0.123668667893133,1.31653206854783e-14,1,0.776484997314048,0.802437569274618,2278538,13449059,"confounded",0.001,3000,80,5,5,3
1626004,"min",0.75,0.689013760379328,0.129177494272884,0.688737053787791,0.70169932736348,0.715502339468248,0.755590541264273,0.760262238438588,0.743533107259088,0.760269097846151,0.76304355758156,0.0129622735756887,0.51570576415878,0.000666666666666656,1001.001001001,7.32747196252603e-15,0,0.496940442109569,0.977655337310043,0.760269097846151,-0.00102260932242392,1,0.0712553374668236,1.77660499645071e-11,1,0.76304355758156,0.0179041338754741,1.23851947163887,-0.0903134008753562,2.64983590625434e-14,1,0.758065177014536,0.803498870236952,2188544,13554824,"confounded",0.001,3000,80,5,5,4
1626005,"min",0.75,0.686041690745292,0.129920854181203,0.686061465317294,0.696075899981355,0.706453779441491,0.738092088231511,0.760677849781994,0.743248485221252,0.760679847139455,0.763588651978024,0.0100144346640612,0.508911318103982,0.000333333333333341,1001.001001001,5.99520433297585e-15,0,0.453177885014405,0.987718572511666,0.760679847139455,0.000860930049529951,1,0.074638156394163,1.26795113667792e-11,1,0.763588651978024,0.01292651455448,1.28350268661439,-0.116947701223036,1.13751970805727e-13,1,0.756890658727015,0.727249735087945,2200399,13408560,"confounded",0.001,3000,80,5,5,5
1626006,"min",0.75,0.654243196745995,0.122733650627804,0.654469201048967,0.665301050562815,0.676443213284813,0.724290458427776,0.722685202987988,0.705952502640202,0.722671199844203,0.725329430316211,0.0108318495138487,0.50706091370156,0.000666666666666676,1001.001001001,5.77315972805081e-15,0,0.47758045034173,0.984937879384918,0.722671199844203,-0.00264915748579719,1,0.0684280030982082,1.00296698353948e-11,1,0.725329430316211,0.00941205758918002,1.24710547738404,-0.0905808438869624,6.89635015760359e-14,1,0.744457204010263,0.766103751860314,2232886,13600841,"confounded",0.001,3000,80,5,5,6
1626007,"min",0.75,0.683179433704954,0.132392919665933,0.68093705316871,0.696632570430907,0.712748515220016,0.742824465042244,0.753762078105965,0.737973601788038,0.753765094972747,0.756022511645298,0.015695517262197,0.506608113865282,0,208.667389351019,5.99520433297585e-15,0,0.550450860493305,0.981002607698094,0.753765094972747,-0.000434422759823768,1,0.0705856612677926,1.60419899586373e-12,1,0.756022511645298,0.0074936658015299,1.24548854346766,-0.0948696461669453,5.33499170766542e-16,1,0.764893266679523,0.756319679958106,2173729,13484306,"confounded",0.001,3000,80,5,5,7
1626008,"min",0.75,0.639748196686098,0.118857017059647,0.640006961859421,0.64629703152726,0.652679124647282,0.697372784931553,0.701333078932729,0.684405012687849,0.701320934935296,0.703901496223305,0.00629006966783818,0.503630929215652,0.000333333333333342,1001.001001001,5.77315972805081e-15,0,0.467303032667244,0.987459586820162,0.701320934935296,-0.00171301211951974,1,0.0615727382491979,5.55460448007731e-12,1,0.703901496223305,0.00418509190882695,1.26769865265872,-0.107106430756506,1.67174422453324e-13,1,0.735848104483242,0.748366863218942,2261933,13399852,"confounded",0.001,3000,80,5,5,8
1626009,"min",0.75,0.641541652019252,0.122353387086813,0.640057418056792,0.658652976409652,0.677544682567691,0.686972338960948,0.727548045570513,0.707830292186179,0.727550193562345,0.731984648249369,0.0185955583528604,0.50394997886672,0,592.405439271666,9.76996261670138e-15,0,0.371348449024614,0.987959711207054,0.727550193562345,-0.000208113759398572,1,0.0860085415430931,9.42028862323715e-12,1,0.731984648249369,0.0187884035813586,1.25369543558901,-0.0723131926273988,1.21859559480223e-13,1,0.730493768439831,0.690099325977758,2207872,13515797,"confounded",0.001,3000,80,5,5,9
1626010,"min",0.75,0.641274160751338,0.119123032522068,0.641861388329989,0.648570918245904,0.655451442980721,0.690029847737174,0.704154044517581,0.686882257270593,0.704171200923788,0.705450724601653,0.00670952991591434,0.506291174807521,0.000666666666666658,1001.001001001,4.88498130835069e-15,0,0.509192304526346,0.989043051159011,0.704171200923788,-0.00187225446268464,1,0.0628970401724501,2.35703856432679e-12,1,0.705450724601653,0.036295585841451,1.26837018299537,-0.107922300020726,2.33931392775351e-14,1,0.734464067899649,0.714180744761101,2084944,13538978,"confounded",0.001,3000,80,5,5,10
1626011,"min",0.75,0.725659258025777,0.131940508011279,0.724043726527615,0.732452730767257,0.741680431335846,0.826734169507739,0.800771256624005,0.784083611001336,0.800782248525954,0.802636279057114,0.00840900423964175,0.52321001394108,0.000333333333333338,1001.001001001,5.77315972805081e-15,0,0.431478928992241,0.98742513793488,0.800782248525954,-0.00270499385253502,1,0.075122990500177,2.21700628226055e-11,1,0.802636279057114,0.0115350031019015,1.29998759855664,-0.140711757154211,7.29398763610334e-14,1,0.787577564660714,0.916910430410864,2234095,13409747,"confounded",0.001,3000,80,5,5,11
1626012,"min",0.75,0.645245175855379,0.12451287642316,0.646159460047419,0.657507374931201,0.669002130283731,0.714420608114692,0.715979434756182,0.701300058050229,0.715913164401064,0.716928241868388,0.0113479148837813,0.503214170393176,0.000333333333333327,1001.001001001,9.76996261670138e-15,0,0.490748021517516,0.984600651825566,0.715913164401064,-0.00462777055985469,1,0.0706679885456849,2.7013795644848e-12,1,0.716928241868388,0.00729110127084846,1.24242851318175,-0.0847427626073073,2.74535949529309e-15,1,0.747041879649283,0.750854105796816,2146647,13627951,"confounded",0.001,3000,80,5,5,12
1626013,"min",0.75,0.604782220901327,0.116835443102947,0.602310334857231,0.613347028282855,0.623993935694967,0.627664692797925,0.663251739832928,0.647207730215775,0.663267376948638,0.667359549109113,0.0110366934256235,0.49101196299386,0.000333333333333345,1001.001001001,3.77475828372553e-15,0,0.528379873603885,0.983781046860493,0.663267376948638,0.00229538959259812,1,0.0584851560473101,8.96049012766298e-13,1,0.667359549109113,0.0101954353746262,1.22680433038339,-0.0745898984315197,3.65011724549428e-15,1,0.715665225519605,0.552661991275775,2243251,13493196,"confounded",0.001,3000,80,5,5,13
1626014,"min",0.75,0.677155696093232,0.129371273820038,0.676185078465147,0.688831138125788,0.701826427187824,0.725396227108363,0.751558768387572,0.731835261231698,0.751553905587752,0.757620371898397,0.0126460596606413,0.506809887521366,0.000666666666666659,1001.001001001,5.77315972805081e-15,0,0.490280109884595,0.984548736196734,0.751553905587752,-0.000454108276391904,1,0.07439820949452,5.95145888127036e-12,1,0.757620371898397,0.00721555359834054,1.26811649694121,-0.101091937315137,1.96038740796212e-14,1,0.751222588270518,0.731388943412523,2216839,13412342,"confounded",0.001,3000,80,5,5,14
1626015,"min",0.75,0.690818302846473,0.130866019952834,0.691694286990923,0.700341045345262,0.709121057586638,0.76442439284369,0.760426453585834,0.74359527411766,0.760422673668671,0.765324566782395,0.00864675835433948,0.503823252458171,0.000666666666666652,1001.001001001,5.77315972805081e-15,0,0.486439135788621,0.985434689258999,0.760422673668671,0.000524182316490529,1,0.0696043708221983,3.99186876146966e-12,1,0.765324566782395,0.0206683410069687,1.27919112271634,-0.11836407362878,2.67981932940605e-14,1,0.764561225182061,0.802761479901598,2180268,13594496,"confounded",0.001,3000,80,5,5,15
1626016,"min",0.75,0.664021260726626,0.124542204485694,0.66152456803097,0.678040808123047,0.695383420140682,0.74430165824529,0.739363085942047,0.724420606372609,0.7393595117216,0.744142817857291,0.0165162400920776,0.512203188738942,0.000333333333333341,1001.001001001,4.88498130835069e-15,0,0.428382063519168,0.987627863312572,0.7393595117216,-0.00147381201581113,1,0.0753382509949739,1.70067392761079e-11,1,0.744142817857291,0.018995463048066,1.25933861066538,-0.0920847940784549,5.73002386280071e-14,1,0.752651258091436,0.761232152378511,2137661,13459704,"confounded",0.001,3000,80,5,5,16
1626017,"min",0.75,0.723052112379022,0.133908063109428,0.72300898312597,0.732610654971541,0.743020315727638,0.792264410820698,0.80481580649693,0.784754484753986,0.804810615345857,0.811852920009073,0.00960167184557148,0.520188283474383,0.000666666666666664,1001.001001001,7.99360577730113e-15,0,0.36052325983522,0.990831397597626,0.804810615345857,-0.00269219707872495,1,0.0817585029668353,5.9211894646675e-18,1,0.811852920009073,0.00209929717963542,1.30946061979295,-0.134955347209365,2.88616538076288e-13,1,0.781653920679387,0.828212842670843,2241130,13469855,"confounded",0.001,3000,80,5,5,17
1626018,"min",0.75,0.672235366597455,0.126308846162104,0.671451413062186,0.683377622466688,0.695422991211312,0.751717173535873,0.744696520905957,0.726470695346262,0.744695299337375,0.755317225436842,0.0119262094045021,0.502485429607103,0.000666666666666656,1001.001001001,4.88498130835069e-15,0,0.399998900958327,0.986336387086501,0.744695299337375,0.000342227401661899,1,0.0724599327399208,1.75373475001332e-11,1,0.755317225436842,0.0195996109493986,1.28768133868395,-0.110307711334063,6.47597679185689e-13,1,0.751877340555622,0.809442323918267,2183338,13558900,"confounded",0.001,3000,80,5,5,18
1626019,"min",0.75,0.619305836908033,0.118788292061468,0.614618193406097,0.62965140783691,0.644224287703881,0.655231305208052,0.682430249187095,0.666085060000271,0.682413099916489,0.689837778538419,0.0150332144308134,0.492225678956287,0.00100000000000006,1001.001001001,8.43769498715119e-15,0,0.457908242126186,0.991910668313596,0.682413099916489,-0.00105552146945592,1,0.063107263008456,2.75387993890301e-12,1,0.689837778538419,0.0212658096077215,1.23693250968269,-0.07620174456937,5.14014016535687e-14,1,0.727759483608132,0.633240854505047,2162839,13621922,"confounded",0.001,3000,80,5,5,19
1626020,"min",0.75,0.624661994507342,0.117835409089336,0.625613407356821,0.636142360487186,0.646798129941089,0.676027506784268,0.691800210703025,0.674112008798031,0.691818233889766,0.695075449919479,0.0105289531303649,0.502993107958674,0,587.407492215823,4.44089209850063e-15,0,0.455372996155547,0.981144850703089,0.691818233889766,0.00462318973205357,1,0.0671562393824242,4.08018981564358e-12,1,0.695075449919479,0.0276550878980128,1.25542152935522,-0.0891386665550078,2.81401568713591e-14,1,0.723126546823344,0.714593680302028,2231958,13537122,"confounded",0.001,3000,80,5,5,20
1626021,"min",0.75,0.666693216536705,0.127735950879745,0.666225874033258,0.674738447444374,0.683345422320064,0.716396132197295,0.738656789112733,0.7201448347681,0.738653173124744,0.741251751155219,0.00851257341111578,0.502757124866642,0.000666666666666672,1001.001001001,4.66293670342566e-15,0,0.461324198291237,0.9880295497981,0.738653173124744,0.00122379255494057,1,0.0719599565880391,2.4060735626108e-12,1,0.741251751155219,0.0218477561848344,1.2639158691748,-0.101392385096714,2.93720603394831e-15,1,0.752407053465059,0.757569927579589,2171697,13465819,"confounded",0.001,3000,80,5,5,21
1626022,"min",0.75,0.641773456206229,0.121529161319708,0.639696161674906,0.650497525131814,0.661443460110553,0.684925023923284,0.704563501714208,0.687380152608713,0.704565631800701,0.7090707773709,0.0108013634569087,0.503323896121107,0,302.115033100946,6.21724893790088e-15,0,0.467574905892519,0.989728950457793,0.704565631800701,-0.00172354473859153,1,0.0627921755944719,2.09141474509048e-12,1,0.7090707773709,0.020817033196848,1.2470097619693,-0.091226987491047,3.14178312995258e-15,1,0.738753967403379,0.689242432544585,2146772,13560763,"confounded",0.001,3000,80,5,5,22
1626023,"min",0.75,0.696687518501586,0.130295737362879,0.694489885038526,0.7076476335483,0.721687250371683,0.732872575063665,0.769001524723775,0.750716885007811,0.76901787189019,0.773949917102625,0.0131577485097739,0.516212384964623,0.00100000000000005,1001.001001001,6.21724893790088e-15,0,0.439711082275626,0.986179858510298,0.76901787189019,-0.0019118657534335,1,0.0723303533886041,2.97740145131324e-11,1,0.773949917102625,0.0139950018849682,1.27516252947635,-0.114439901244458,3.49867986434068e-13,1,0.769169268381745,0.749843637981345,2220203,13404114,"confounded",0.001,3000,80,5,5,23
1626024,"min",0.75,0.690126125319819,0.131160041375034,0.689814860357838,0.700994298232861,0.71267810505601,0.742610450273055,0.762392679561402,0.74428737368584,0.762401428126741,0.761611869056507,0.0111794378750227,0.511030126186916,0.000333333333333342,1001.001001001,4.2188474935756e-15,0,0.501457462605216,0.983980995929366,0.762401428126741,-0.00137179685760702,1,0.0722753028069216,6.99324450200341e-12,1,0.761611869056507,0.0113779561325858,1.26030165389439,-0.108155228079787,8.78186412478499e-15,1,0.760298356428929,0.765680529874438,2233013,13465559,"confounded",0.001,3000,80,5,5,24
1626025,"min",0.75,0.756307681743144,0.139540929371281,0.756686794515878,0.769816141534119,0.784605688766484,0.861031098350016,0.844998037410407,0.826504490374152,0.845020171062068,0.848450609407581,0.0131293470182402,0.529732556727046,0.000666666666666667,1001.001001001,6.43929354282591e-15,0,0.526560189862874,0.974349767005553,0.845020171062068,-0.00414820591754835,1,0.0887124893189246,2.368475785867e-18,1,0.848450609407581,0.00490366323992867,1.31985119120188,-0.149762985256242,1.08586621176225e-13,1,0.798723924545563,0.93835886168328,2264687,13392434,"confounded",0.001,3000,80,5,5,25
1626026,"min",0.75,0.618803917594849,0.119330002168143,0.615100177413582,0.628638247530802,0.64181651849789,0.667217150338386,0.684048367604195,0.668182469278577,0.684101086453339,0.687773193227706,0.0135380701172203,0.493266309391008,0,382.329323543325,4.88498130835069e-15,0,0.51704593323645,0.984248006495883,0.684101086453339,-0.00349905404977654,1,0.0652971688584899,8.18195511342878e-13,1,0.687773193227706,0.00531619476637431,1.21782018877149,-0.0658187105101927,7.98176339837179e-16,1,0.727132122806798,0.718453371280678,2186789,13509283,"confounded",0.001,3000,80,5,5,26
1626027,"min",0.75,0.731831361435072,0.135441420980264,0.731440202513469,0.739462344670838,0.748160328221743,0.780093519221344,0.804905816515279,0.783859626590937,0.804904611328359,0.807797554951942,0.0080221421573683,0.52021041603779,0.000333333333333343,1001.001001001,5.32907051820075e-15,0,0.412098549425653,0.987107565207173,0.804904611328359,0.00130477445886701,1,0.0730732498932871,2.41443528873712e-11,1,0.807797554951942,0.0058963042812228,1.31175006720732,-0.152182282594935,2.16931657822291e-13,1,0.783420182786304,0.833788443398195,2284766,13512853,"confounded",0.001,3000,80,5,5,27
1626028,"min",0.75,0.646887842032618,0.119811950342031,0.64978878920305,0.649112649929707,0.64842255801639,0.692245773018112,0.705359149965229,0.686770401550989,0.705341557366389,0.711641642142023,-0.000676139273342868,0.50510625145696,0.000333333333333341,1001.001001001,6.21724893790088e-15,0,0.464900092848935,0.982953774521695,0.705341557366389,-0.00162319691673491,1,0.0584537153337711,7.41756700506357e-12,1,0.711641642142023,0.00336816864212755,1.27689814690946,-0.114368244607687,1.86510214679932e-13,1,0.738904001076957,0.761365995370702,2313101,13581145,"confounded",0.001,3000,80,5,5,28
1626029,"min",0.75,0.598150885883968,0.114267194605565,0.596079790680589,0.610363353801241,0.624375083435618,0.671155539441566,0.658537893633231,0.644889331977527,0.658523222513833,0.66135310533388,0.0142835631206518,0.495196489242425,0.000666666666666662,1001.001001001,7.32747196252603e-15,0,0.484352896395319,0.989396709859665,0.658523222513833,-0.00212790219268507,1,0.0603723366298648,9.28578695417552e-13,1,0.66135310533388,0.0216784950354188,1.23743384366462,-0.0788190444769183,5.51410768897161e-15,1,0.723535716770887,0.728824208122896,2149535,13492681,"confounded",0.001,3000,80,5,5,29
1626030,"min",0.75,0.618648600398111,0.117702608907219,0.617562139382366,0.63096060348524,0.644491380759479,0.689474002950978,0.680602817610215,0.666658916035351,0.680605719718815,0.680645043837177,0.0133984641028739,0.502456682115775,0.000333333333333342,1001.001001001,4.66293670342566e-15,0,0.483585034042124,0.99046341444385,0.680605719718815,0.0013185353165504,1,0.061957119320704,4.04464876406034e-12,1,0.680645043837177,0.0162746070406058,1.23322733460085,-0.0822893206863295,2.33613128841625e-14,1,0.727787432251211,0.73398194910377,2201753,13606380,"confounded",0.001,3000,80,5,5,30
1626031,"min",0.75,0.703831213687864,0.133017118624905,0.703529157905169,0.721637332527243,0.741022806074811,0.77535229798242,0.785441795890673,0.767382531967514,0.785441111568565,0.792400103548264,0.0181081746220737,0.517033537517014,0.00100000000000002,1001.001001001,5.32907051820075e-15,0,0.45591063959049,0.982350793624281,0.785441111568565,-0.000144449618968926,1,0.0816098978807007,2.82267018647531e-11,1,0.792400103548264,0.0132421322916305,1.25633347747318,-0.0918466126983808,8.86946812291474e-14,1,0.766794487031952,0.801912027150735,2176411,13526777,"confounded",0.001,3000,80,5,5,31
1626032,"min",0.75,0.652421738161233,0.125863015845081,0.652723396894154,0.667557650145034,0.682499697753444,0.734265848977911,0.725093448146116,0.711092423194884,0.72509267398665,0.724962421037909,0.0148342532508801,0.501810069659745,0.00033333333333333,1001.001001001,7.54951656745106e-15,0,0.421226848342138,0.988029128324703,0.72509267398665,0.0010744868683642,1,0.0726709358254172,3.28510152414196e-12,1,0.724962421037909,0.013985882931458,1.24494357368531,-0.0872658292185201,1.19855236846433e-14,1,0.739109863649614,0.766784473373269,2231757,13333051,"confounded",0.001,3000,80,5,5,32
1626033,"min",0.75,0.684512982377714,0.131589233256972,0.684638611359747,0.704125247546923,0.724639806211399,0.735460641066372,0.772379631738435,0.751732599024288,0.772450729453059,0.778833828996303,0.0194866361871756,0.512848647160571,0,960.008925499817,4.66293670342566e-15,0,0.437232098439903,0.988751364828047,0.772450729453059,0.00619405812491617,1,0.0879377470753448,1.59699959922932e-11,1,0.778833828996303,0.043301665866547,1.29228834085522,-0.105754317294452,7.96660515334224e-14,1,0.76143847610518,0.685232408964152,2159354,13524052,"confounded",0.001,3000,80,5,5,33
1626034,"min",0.75,0.68515513686165,0.132509505825442,0.68399029764002,0.697507562276724,0.711052532998548,0.757341262510642,0.751344696304807,0.7356920153453,0.751398958716863,0.755785963433513,0.0135172646367039,0.50051189572393,0.000333333333333343,1001.001001001,7.99360577730113e-15,0,0.56658013830371,0.981296350863081,0.751398958716863,0.00304355057603043,1,0.0662438218552126,1.6048335993446e-12,1,0.755785963433513,0.0182455379592545,1.27583501084906,-0.11835894803766,1.76125780626535e-15,1,0.769446771337302,0.815428482728558,2207099,13646775,"confounded",0.001,3000,80,5,5,34
1626035,"min",0.75,0.636331969224147,0.121307031224629,0.637440268461269,0.650515107565166,0.663850378317466,0.696678119441795,0.70468291854507,0.688257098371952,0.704718786519169,0.70757445534849,0.013074839103897,0.504930529441594,0,858.395081961136,7.105427357601e-15,0,0.502011146023504,0.983512592848657,0.704718786519169,0.00267821865434765,1,0.0683868172950222,2.79469277349638e-12,1,0.70757445534849,0.00708007440300247,1.23713381473451,-0.0796533411753028,4.42614463599019e-15,1,0.737061984020376,0.697263282155214,2262168,13603013,"confounded",0.001,3000,80,5,5,35
1626036,"min",0.75,0.636794301215251,0.125698776796335,0.637670286113527,0.655258064876757,0.67211862848768,0.736704821063078,0.699090288857789,0.689708519547385,0.69912520882875,0.699998159074183,0.0175877787632301,0.489444845496364,0.000333333333333347,1001.001001001,5.99520433297585e-15,0,0.518700327153594,0.98941386136475,0.69912520882875,0.00214124410005216,1,0.0623309076134993,3.45292387275246e-13,1,0.699998159074183,0.00755327381197847,1.21621541847288,-0.0744808884594671,2.53426909087769e-16,1,0.751373441331478,0.836620283792666,2199947,13446518,"confounded",0.001,3000,80,5,5,36
1626037,"min",0.75,0.665762832833903,0.126852564807152,0.666477601737855,0.675563499252276,0.684825409391872,0.705962562527297,0.737063144149458,0.718856646550593,0.737062802611153,0.738786141997436,0.00908589751442079,0.504796557400619,0.000333333333333343,1001.001001001,6.21724893790088e-15,0,0.483508515719969,0.986279270805856,0.737062802611153,0.00203262561398196,1,0.0712999697772504,2.25386435441048e-12,1,0.738786141997436,0.0243553958736626,1.27567978692395,-0.110514046734002,1.14835548477762e-14,1,0.75197123187569,0.732967295010602,2223726,13463035,"confounded",0.001,3000,80,5,5,37
1626038,"min",0.75,0.680521016969278,0.130920451902035,0.679437447271374,0.692971345836864,0.706847376203752,0.725439559049808,0.759097534983836,0.738973232110716,0.759101781261968,0.760113316057124,0.0135338985654899,0.506241019490466,0.000666666666666663,1001.001001001,1.15463194561016e-14,0,0.443490629060961,0.988075747966645,0.759101781261968,-0.00123917824754177,1,0.0785807642926902,5.53811737210215e-12,1,0.760113316057124,0.017292039674152,1.26445818316676,-0.100377052666648,1.20549496311166e-14,1,0.760427462239373,0.751279926719859,2186370,13554670,"confounded",0.001,3000,80,5,5,38
1626039,"min",0.75,0.637399116099053,0.121313916234316,0.638126848735026,0.647444113571814,0.656767679669172,0.696038370608484,0.69830660248366,0.682601667719052,0.698283617178403,0.70106509800762,0.00931726483678796,0.500169017695406,0.000666666666666662,1001.001001001,6.21724893790088e-15,0,0.458249325912505,0.987557378000873,0.698283617178403,-0.00226521239873421,1,0.0608845010793503,5.07873743060827e-12,1,0.70106509800762,0.00848328017147634,1.24649916249397,-0.0934523663842471,4.35429470257986e-14,1,0.737834557884441,0.756391848899452,2210696,13469874,"confounded",0.001,3000,80,5,5,39
1626040,"min",0.75,0.629804160574575,0.119040127241917,0.63011960180963,0.640002635717728,0.650000865674916,0.679473301370677,0.689672311925716,0.674719490742796,0.689672540420558,0.691876502293352,0.00988303390809775,0.50289710075454,0.000333333333333337,1001.001001001,5.32907051820075e-15,0,0.546288496007102,0.974583891181338,0.689672540420558,-0.000283871925629152,1,0.0598683798459827,3.25639041657647e-12,1,0.691876502293352,0.013616048410892,1.22942000287918,-0.0824173306135599,7.88939284272298e-15,1,0.72942717616197,0.692108077377001,2173240,13414915,"confounded",0.001,3000,80,5,5,40
1626041,"min",0.75,0.69062526404197,0.128899366313546,0.690119713681687,0.700247071646964,0.710983238491287,0.755028553060321,0.75967865886943,0.742803665356728,0.759689427374724,0.766125871347708,0.0101273579652774,0.514590269012575,0.000333333333333337,1001.001001001,6.21724893790088e-15,0,0.479506921454887,0.985138148891085,0.759689427374724,0.000865371818698119,1,0.0690641633327544,1.50997303549616e-11,1,0.766125871347708,0.0113910655477436,1.26534162078111,-0.107751019607541,6.74340583373123e-14,1,0.764213349059486,0.795881053209561,2206696,13540509,"confounded",0.001,3000,80,5,5,41
1626042,"min",0.75,0.609917144291848,0.118426605594149,0.610685394062157,0.620418517771496,0.629866216216233,0.653236301166943,0.669034007614409,0.653426133943417,0.66902666446136,0.667213819986207,0.0097331237093391,0.492559618604745,0.000333333333333336,1001.001001001,5.32907051820075e-15,0,0.522107927529314,0.988112571676274,0.66902666446136,-0.00120470208952628,1,0.0591095201695124,4.87575609516474e-13,1,0.667213819986207,0.00330936689766059,1.25756092075465,-0.0997941455734961,1.98507876802978e-15,1,0.728221940419812,0.658440255913039,2261608,13442381,"confounded",0.001,3000,80,5,5,42
1626043,"min",0.75,0.719078467739071,0.133173576613116,0.720639391314557,0.724878383650596,0.729463537557415,0.777303562585377,0.79420594807973,0.774879632250257,0.794201989277461,0.795847741825511,0.00423899233603842,0.51961445114654,0,769.97089811333,5.32907051820075e-15,0,0.451668917101702,0.983909540898905,0.794201989277461,-0.000720346910368785,1,0.0751235215383901,2.89997090045328e-11,1,0.795847741825511,0.0150729727893179,1.28937560584829,-0.131314493168013,8.6489334213032e-14,1,0.776743854696371,0.81301353809291,2191891,13445887,"confounded",0.001,3000,80,5,5,43
1626044,"min",0.75,0.650591940089876,0.119957893652465,0.650856450053172,0.658348796629758,0.666135033517228,0.719462104044087,0.717638147189541,0.69874671089392,0.717638020161549,0.720976442593155,0.00749234657658626,0.509617721157688,0.000333333333333347,1001.001001001,6.21724893790088e-15,0,0.45468875532472,0.988832650919233,0.717638020161549,0.000184143095147348,1,0.0670460800716724,1.22269110391926e-11,1,0.720976442593155,0.0241536763800481,1.30092650518482,-0.125395856329381,6.94928559141772e-13,1,0.738984082815496,0.764368379926153,2144326,13485645,"confounded",0.001,3000,80,5,5,44
1626045,"min",0.75,0.683824721653249,0.130041258219147,0.685269114482143,0.696691033167456,0.708702948453207,0.75031516306425,0.759980858497415,0.743789058935067,0.759980641202666,0.760483567200801,0.0114219186853131,0.512588563210911,0,488.395095276491,5.32907051820075e-15,0,0.448150888139052,0.983180684438073,0.759980641202666,-1.48629942478871e-05,1,0.0761559195494176,2.20624369144199e-11,1,0.760483567200801,0.00880742246652376,1.2460602492108,-0.0916032358789554,4.84788505635455e-14,1,0.754040648803618,0.762937910657697,2238066,13378291,"confounded",0.001,3000,80,5,5,45
1626046,"min",0.75,0.713543833693919,0.133669441233181,0.711522963843379,0.729171638337291,0.748058500044722,0.786968413908023,0.800756378744929,0.782359569897964,0.800772440978055,0.811153208585433,0.0176486744939125,0.516944971146647,0.000666666666666662,1001.001001001,7.105427357601e-15,0,0.430166700811997,0.984333089406188,0.800772440978055,0.000844774345451578,1,0.0872286072841354,4.736951571734e-18,1,0.811153208585433,0.0117087706652773,1.26406314400685,-0.0908112532204057,1.38831760902273e-13,1,0.773496356292899,0.814493824563011,2199068,13605232,"confounded",0.001,3000,80,5,5,46
1626047,"min",0.75,0.705461679688213,0.132351394368679,0.704702823377457,0.723564037001699,0.743830977787981,0.785164573267123,0.794737442293404,0.775195675757922,0.794751109692819,0.799546496195795,0.0188612136242419,0.517963116114439,0.000666666666666656,1001.001001001,7.54951656745106e-15,0,0.502740868747659,0.978378878280492,0.794751109692819,0.00105419445774613,1,0.0892894300046062,3.27897743031732e-11,1,0.799546496195795,0.0236352259048186,1.27787038649404,-0.101942093084118,1.13839012290858e-13,1,0.765923127930501,0.818395645911034,2128608,13456415,"confounded",0.001,3000,80,5,5,47
1626048,"min",0.75,0.688694803494434,0.130165409621867,0.688000365010846,0.701102346711378,0.715072489284964,0.759668074264096,0.766508821041185,0.74766736162791,0.766507379461551,0.775452720855275,0.013101981700532,0.516034221479324,0.000333333333333345,1001.001001001,6.66133814775094e-15,0,0.345080404513209,0.992483496501639,0.766507379461551,0.000502138387227745,1,0.0778125759671169,2.15599730661135e-11,1,0.775452720855275,0.0180324641908145,1.27372056701571,-0.10175201475243,4.89636849583993e-14,1,0.757273198265088,0.789994100414527,2205602,13585995,"confounded",0.001,3000,80,5,5,48
1626049,"min",0.75,0.595986535012227,0.110218953980747,0.596746360850931,0.601320956257471,0.606047797218538,0.646920169707267,0.657098203205289,0.640221572039511,0.657102815786897,0.657464834970346,0.00457459540654015,0.508183980866503,0.000666666666666658,1001.001001001,6.21724893790088e-15,0,0.488102054020937,0.986094330000488,0.657102815786897,0.00273303714404917,1,0.0611162807746702,4.73977775546549e-12,1,0.657464834970346,0.0260418095473117,1.24577228071713,-0.0849986700285322,4.86455320469759e-14,1,0.713122724064201,0.691568181266227,2160315,13502106,"confounded",0.001,3000,80,5,5,49
1626050,"min",0.75,0.635042675304868,0.120455389067026,0.633840723438739,0.650866835112661,0.66871003277817,0.695132037068116,0.716300486702476,0.6974912970787,0.716307387090277,0.717777843843845,0.0170261116739219,0.511716406304934,0.000333333333333343,1001.001001001,6.21724893790088e-15,0,0.430411372641919,0.990812065055393,0.716307387090277,-0.00220890207331636,1,0.0812647117854094,1.5745625248087e-11,1,0.717777843843845,0.0177715313287043,1.26389508565812,-0.0848494726571632,1.65359873941876e-13,1,0.731920619627244,0.715109877015595,2253975,13498184,"confounded",0.001,3000,80,5,5,50
1626051,"min",0.75,0.625709939115505,0.119899972302537,0.625516617344132,0.635661825176113,0.645799985170036,0.678575727688102,0.676890209885,0.662043743837842,0.676882198466876,0.674113737396477,0.0101452078319807,0.499826265585715,0,987.569602175774,5.77315972805081e-15,0,0.668158531925424,0.977556424152374,0.676882198466876,0.00474359095631153,1,0.0511722593513708,5.5792911031934e-13,1,0.674113737396477,0.0280000935235735,1.24755190930895,-0.106491891820657,1.00364161426114e-15,1,0.73210967946056,0.732511584093415,2139353,13590420,"confounded",0.001,3000,80,5,5,51
1626052,"min",0.75,0.662505503157032,0.125034579961406,0.661408729396892,0.672512319695756,0.68407690434672,0.705714335278325,0.732333982513428,0.71405674502356,0.732333260162206,0.733791734555021,0.0111035902988642,0.510168316441872,0.000666666666666668,1001.001001001,6.88338275267597e-15,0,0.48810692843237,0.984361128618391,0.732333260162206,0.00142457673215917,1,0.0698277570051739,3.99599138963443e-12,1,0.733791734555021,0.018487120068151,1.26655614773913,-0.105308683379525,2.68342385349267e-14,1,0.749006360981653,0.716189858858675,2209076,13470974,"confounded",0.001,3000,80,5,5,52
1626053,"min",0.75,0.700645500460148,0.130084033514157,0.700755662456622,0.710397663849251,0.720609659865466,0.775824368384423,0.7726475548005,0.754821683990277,0.772679675199961,0.775215236672894,0.00964200139262927,0.514354656441417,0.000666666666666669,1001.001001001,8.43769498715119e-15,0,0.456454322984926,0.983237621482367,0.772679675199961,0.0015738477187262,1,0.0720341747398137,2.72362754571986e-11,1,0.775215236672894,0.0250217793070932,1.3079054029376,-0.141162798922852,5.37415445478473e-13,1,0.764149260003545,0.826783809073332,2197106,13578969,"confounded",0.001,3000,80,5,5,53
1626054,"min",0.75,0.634753958441873,0.120417725196032,0.635053557206056,0.646265810074113,0.657464931087791,0.706801184346669,0.705528882317671,0.689976276274608,0.705529892734249,0.710790668120377,0.0112122528680577,0.49970702701117,0.000666666666666655,1001.001001001,4.88498130835069e-15,0,0.439986860213958,0.989075656703903,0.705529892734249,-0.000460693208417242,1,0.0707759342923764,6.68669475345496e-12,1,0.710790668120377,0.0181484879537489,1.26981677012753,-0.0952305532139481,1.62725980838256e-13,1,0.738419127999253,0.736232225258457,2220330,13570031,"confounded",0.001,3000,80,5,5,54
1626055,"min",0.75,0.629467413417243,0.118902132047303,0.631105206992838,0.635879824062391,0.640636786845514,0.658941566168879,0.685646818040182,0.668611009130104,0.685637727007051,0.690674323266204,0.00477461706955262,0.499073905548586,0.000666666666666667,1001.001001001,7.54951656745106e-15,0,0.5225569761257,0.986837599706526,0.685637727007051,-0.000908075953582508,1,0.0561703135898079,2.72712637657454e-12,1,0.690674323266204,0.0161644038254909,1.24259220615696,-0.0914969786758427,1.07025499573865e-14,1,0.732474463721245,0.654985763898059,2159440,13563811,"confounded",0.001,3000,80,5,5,55
1626056,"min",0.75,0.60058561048228,0.116002676583456,0.601547623626271,0.609366118077376,0.617081400265751,0.605598770232207,0.665523524262639,0.645858478462489,0.665531310550112,0.665885949083604,0.00781849445110461,0.496677811676947,0.00033333333333334,1001.001001001,5.32907051820075e-15,0,0.512806083649099,0.989712047748286,0.665531310550112,-0.000711451841409718,1,0.0649457000678318,1.37739597505515e-12,1,0.665885949083604,0.0256390257213054,1.2507056533184,-0.0852698692482658,1.06966287679218e-14,1,0.710861684379158,0.570000773233061,2171786,13563028,"confounded",0.001,3000,80,5,5,56
1626057,"min",0.75,0.644871435553821,0.12222313258132,0.642933858944213,0.653239381032778,0.663582136309611,0.68421787455313,0.71618528546611,0.695272959927699,0.716242850397567,0.722885404667088,0.0103055220885648,0.500901605194697,0.000666666666666668,1001.001001001,4.88498130835069e-15,0,0.430909121493139,0.989071096954128,0.716242850397567,0.00462605461898473,1,0.0713714148437454,7.35593482422322e-12,1,0.722885404667088,0.0331811392846129,1.28520837832315,-0.105908767247961,1.75048716262912e-13,1,0.731316449089228,0.657830751112708,2185855,13437391,"confounded",0.001,3000,80,5,5,57
1626058,"min",0.75,0.723230925773426,0.133952069633704,0.720342989273299,0.727235129092967,0.734568601188459,0.756382834169733,0.794651993165991,0.775845705850303,0.794668974173576,0.803833565860142,0.00689213981966774,0.515511890752284,0.000666666666666661,1001.001001001,6.21724893790088e-15,0,0.400207735749326,0.990165931762899,0.794668974173576,0.00299761643140758,1,0.0714380484001502,1.95466480038912e-11,1,0.803833565860142,0.0130140306185166,1.27804247034706,-0.120486273146719,8.70793807431861e-14,1,0.7819205346953,0.737035385733711,2242896,13442065,"confounded",0.001,3000,80,5,5,58
1626059,"min",0.75,0.691636418774747,0.128302728776057,0.692636370109521,0.700698138384733,0.709595923303488,0.758375626017694,0.766755298443102,0.749824835644671,0.766755189980121,0.763677135149166,0.00806176827521188,0.524647366412953,0.00033333333333334,1001.001001001,6.21724893790088e-15,0,0.427152656833394,0.98736108954722,0.766755189980121,0.000294644122936209,1,0.0751187712053743,9.27184521752148e-12,1,0.763677135149166,0.00977253738307418,1.27751626023673,-0.119899636007471,7.87666228537394e-15,1,0.761799349855124,0.793134545656635,2232199,13432675,"confounded",0.001,3000,80,5,5,59
1626060,"min",0.75,0.640947665032316,0.120731064613634,0.641183837883379,0.654996769625855,0.669284854805953,0.708562395465317,0.714715487853493,0.697188785906347,0.714736822359062,0.720681031348244,0.0138129317424766,0.508454381543034,0.001,1001.001001001,5.77315972805081e-15,0,0.400289147263947,0.986222273460956,0.714736822359062,0.00237316394081489,1,0.0737891573267457,8.54180074820003e-12,1,0.720681031348244,0.0300356943291545,1.26914299552766,-0.0927732082273264,6.38061455523105e-14,1,0.729845396896389,0.742795405820786,2093499,13426065,"confounded",0.001,3000,80,5,5,60
1626061,"min",0.75,0.630550516194228,0.123163105641514,0.630598161223851,0.641883219855702,0.652982371064576,0.704269923071265,0.691985491883577,0.679360531500593,0.692008942172833,0.689548643708827,0.0112850586318514,0.495847353462554,0.000666666666666659,1001.001001001,7.105427357601e-15,0,0.531725181027815,0.985164023758419,0.692008942172833,-0.00382103526879728,1,0.0614584259786049,5.43146379724154e-13,1,0.689548643708827,0.00820283831835111,1.25374419078133,-0.101000402963857,1.18364577398703e-15,1,0.739035201821311,0.755070130464546,2192513,13569085,"confounded",0.001,3000,80,5,5,61
1626062,"min",0.75,0.731533304513047,0.132916076660424,0.730430367653507,0.736683023215189,0.743817760735929,0.810814428257163,0.803833740101465,0.786659659730595,0.803874920120821,0.804051445464351,0.00625265556168253,0.532944500606902,0,368.934156319018,4.44089209850063e-15,0,0.537579002765545,0.979941204524814,0.803874920120821,0.00367544107885309,1,0.0723416156077737,2.5146928539499e-11,1,0.804051445464351,0.0184750325185943,1.2941939194616,-0.142694509120083,2.18340900914882e-14,1,0.791474380870465,0.897106773239109,2217850,13549681,"confounded",0.001,3000,80,5,5,62
1626063,"min",0.75,0.684524550085464,0.130300200640385,0.68462549060157,0.700027367599186,0.715960622894478,0.786906409279642,0.758006378968966,0.744422258954228,0.758015759985116,0.759063219109226,0.0154018769976161,0.508478954113039,0.000666666666666658,1001.001001001,5.10702591327572e-15,0,0.508321119094186,0.979496182976869,0.758015759985116,-0.000677656479875733,1,0.0734912098996519,5.27902640120222e-12,1,0.759063219109226,0.0224730626915131,1.26270771912093,-0.105291214211473,3.41445390480051e-15,1,0.763363393041537,0.83924752480996,2173935,13605026,"confounded",0.001,3000,80,5,5,63
1626064,"min",0.75,0.693174606602076,0.129549717129158,0.69561083955855,0.713761070381123,0.733270176504845,0.80853941030815,0.775792116464413,0.76191969003643,0.775763497028491,0.784341110085697,0.0181502308225734,0.518041678522992,0.00133333333333331,1001.001001001,5.32907051820075e-15,0,0.43330547580173,0.980978119165432,0.775763497028491,0.00359474078635147,1,0.0825888904264148,2.96198479077248e-11,1,0.784341110085697,0.019465376137558,1.24241589872119,-0.076870041746528,5.22782187909835e-14,1,0.763337562346867,0.832428557668921,2207184,13523070,"confounded",0.001,3000,80,5,5,64
1626065,"min",0.75,0.690939366700624,0.129638853050484,0.693971342550148,0.703794974088886,0.714313689831935,0.777315744359692,0.756057149226732,0.741119932375902,0.756059006235955,0.7611045649544,0.00982363153873755,0.517084660749402,0.00100000000000001,1001.001001001,7.99360577730113e-15,0,0.493578148399409,0.984480800778694,0.756059006235955,0.000252785562919547,1,0.0651196395353306,1.67241644237019e-11,1,0.7611045649544,0.0142478942137419,1.27621210475752,-0.120680618482431,2.87082950004939e-14,1,0.771252412504259,0.828905683865079,2211190,13463375,"confounded",0.001,3000,80,5,5,65
1626066,"min",0.75,0.640502120270878,0.121248232455389,0.641008920740676,0.653780973324205,0.666616645939741,0.711651429275805,0.713181665554687,0.695090015746358,0.713215357731695,0.715477419039335,0.0127720525835295,0.501242203895732,0.00133333333333334,1001.001001001,5.32907051820075e-15,0,0.399959575825938,0.991631269765432,0.713215357731695,0.00567990941879967,1,0.0727132374608177,1.07619596197613e-11,1,0.715477419039335,0.024520108649705,1.27617750646327,-0.101916979692391,6.05710518778816e-13,1,0.734183256209528,0.742441029354944,2220237,13527404,"confounded",0.001,3000,80,5,5,66
1626067,"min",0.75,0.628845208682593,0.121979380037255,0.629193169874578,0.646191758197216,0.662804951056708,0.70519269941749,0.70173805858527,0.68599877119832,0.701731282495239,0.709305386287589,0.0169985883226378,0.4942669586438,0.000666666666666669,1001.001001001,5.55111512312578e-15,0,0.474121863750872,0.988020735959659,0.701731282495239,-0.00239827040617223,1,0.0728860738126464,3.49597713740953e-12,1,0.709305386287589,0.0129083991317406,1.25658827225149,-0.0808941280044957,5.5106733990821e-14,1,0.735451044445986,0.73257043137628,2212312,13452740,"confounded",0.001,3000,80,5,5,67
1626068,"min",0.75,0.696296518542081,0.131586697662278,0.693218116533413,0.709826793976713,0.727270130317466,0.753314008642069,0.782739334058576,0.764458152492472,0.782718981155961,0.788466551026711,0.0166086774433001,0.512255646652007,0,969.738749066851,7.105427357601e-15,0,0.417419933183692,0.989465720863546,0.782718981155961,-0.00243147330185121,1,0.0864224626138807,1.57835191953263e-11,1,0.788466551026711,-0.00325834807584542,1.28427900749417,-0.10577245072816,7.78070941009901e-14,1,0.765943965523742,0.771137013542744,2286409,13463755,"confounded",0.001,3000,80,5,5,68
1626069,"min",0.75,0.64641451020414,0.122444142026574,0.650182983980845,0.66056870082489,0.671213358307997,0.719364264396901,0.71474407881163,0.699284290576483,0.714747419928494,0.717219729641858,0.0103857168440452,0.506156348789455,0,634.230945969401,7.105427357601e-15,0,0.424454741214288,0.984581122407582,0.714747419928494,-0.00256039930795956,1,0.0683329097243538,7.98150345815429e-12,1,0.717219729641858,0.0069303178406713,1.25407852628535,-0.0934348266844195,3.40268554073949e-14,1,0.740301250537553,0.770380289296217,2202596,13557538,"confounded",0.001,3000,80,5,5,69
1626070,"min",0.75,0.615824551020951,0.119678771593269,0.616324203574636,0.625747390543925,0.634823467489519,0.661888090031017,0.680030082008796,0.662675559576952,0.680031043246131,0.68307957628648,0.0094231869692889,0.490618274724565,0.000333333333333332,1001.001001001,6.21724893790088e-15,0,0.521922109592678,0.985657239675281,0.680031043246131,0.000104053093247181,1,0.06420649222518,7.02241228130636e-13,1,0.68307957628648,0.0182283985340653,1.25047912484241,-0.0869961693306672,2.65402514780059e-15,1,0.731251484554992,0.689391837601465,2226289,13423239,"confounded",0.001,3000,80,5,5,70
1626071,"min",0.75,0.66090988957784,0.127228392760491,0.66077460129922,0.672493467052422,0.684546478302305,0.719120808704889,0.728509274010141,0.711683166259764,0.728515579718484,0.727900382284261,0.011718865753202,0.507028168129868,0.000333333333333342,1001.001001001,7.105427357601e-15,0,0.5266840873589,0.986059653510819,0.728515579718484,-0.00199436307050404,1,0.0676056901406442,2.92836007294757e-12,1,0.727900382284261,0.0229159266515832,1.26341098555499,-0.10710043267032,2.65565347490337e-15,1,0.752320277709547,0.75007081158958,2113272,13622484,"confounded",0.001,3000,80,5,5,71
1626072,"min",0.75,0.711055507261964,0.132770407894759,0.713280029177428,0.721603154061011,0.730373754989129,0.790947095478932,0.785214977309213,0.769044900236488,0.785229795241602,0.7894739245875,0.00832312488358267,0.513088897337676,0,479.612851816175,5.32907051820075e-15,0,0.412987457259856,0.991045641158487,0.785229795241602,-0.00140771166707788,1,0.0741742879796382,1.50013438708167e-11,1,0.7894739245875,0.0145965744543347,1.28047478481815,-0.121014723067521,3.23712908330738e-14,1,0.774344602011661,0.81200831620951,2231912,13482602,"confounded",0.001,3000,80,5,5,72
1626073,"min",0.75,0.619279351769188,0.114662612272522,0.618867245258405,0.627855396211172,0.637166565281755,0.671319348280467,0.6887621758476,0.67104698677267,0.688755819019548,0.690243496799466,0.00898815095276728,0.508825959582213,0.000333333333333344,1001.001001001,6.21724893790088e-15,0,0.400681834244849,0.993350810665627,0.688755819019548,-0.00363481503510194,1,0.0694764672503596,9.16685941968846e-12,1,0.690243496799466,0.0224081884406132,1.26223268556148,-0.0914311424969296,9.17212972240122e-14,1,0.719333816039032,0.679358423094192,2135229,13454230,"confounded",0.001,3000,80,5,5,73
1626074,"min",0.75,0.682090721115097,0.126486468552606,0.68394050590517,0.694374621930338,0.705685826145942,0.743817701746909,0.760492649832852,0.740559816260229,0.760512800745657,0.762407485985111,0.0104341160251679,0.520167286126969,0,429.782571743352,4.88498130835069e-15,0,0.507024420800986,0.979998296406392,0.760512800745657,-0.0012299559625,1,0.0784220796305597,1.73786212087634e-11,1,0.762407485985111,0.0154022747970136,1.27590170391017,-0.107873227306958,5.40468410766456e-14,1,0.753653127066546,0.778560683892674,2195910,13457907,"confounded",0.001,3000,80,5,5,74
1626075,"min",0.75,0.750369299908713,0.137420715147103,0.751024586242215,0.763576856109801,0.777836526255182,0.825705330139775,0.831602338108339,0.814290457503565,0.831585429647649,0.834448963895748,0.0125522698675858,0.531840297214018,0.000333333333333339,1001.001001001,6.21724893790088e-15,0,0.462166311061335,0.97989551933415,0.831585429647649,0.00335486842985059,1,0.0812161297389356,6.51330841113425e-18,1,0.834448963895748,0.00923933682694494,1.29081203004316,-0.134136755401485,3.82242385891611e-14,1,0.789332138719416,0.871679241677262,2258954,13646508,"confounded",0.001,3000,80,5,5,75
1626076,"min",0.75,0.606700354928422,0.118522149996688,0.604141380422013,0.620117804507562,0.635750479794973,0.658000728564937,0.670984668898987,0.658658005695271,0.670966014805784,0.673144691649858,0.0159764240855497,0.49456250249203,0.000333333333333345,1001.001001001,7.32747196252603e-15,0,0.538979608621516,0.983302830245981,0.670966014805784,0.00219220647788485,1,0.0642656598773621,4.18603818275187e-13,1,0.673144691649858,0.0199750304387809,1.19729706612559,-0.053255863323294,1.00438176294422e-16,1,0.732545803620823,0.682236330302328,2123558,13567471,"confounded",0.001,3000,80,5,5,76
1626077,"min",0.75,0.700172449867535,0.128929295816693,0.70006993333793,0.713121459723662,0.727177514152286,0.780558363796541,0.786657288505937,0.766840998072322,0.786660335368578,0.793182332888957,0.0130515263857317,0.518528544649033,0,792.393739370081,4.88498130835069e-15,0,0.418561509137823,0.988180293478904,0.786660335368578,-0.000970977767040053,1,0.0864878855010431,9.91799235331807e-18,1,0.793182332888957,0.0207409849135259,1.29846584090328,-0.115967676005601,6.33016306039735e-13,1,0.763973514362535,0.807893412831967,2168344,13514909,"confounded",0.001,3000,80,5,5,77
1626078,"min",0.75,0.608175107159004,0.118162674365216,0.606227153465431,0.621719591209553,0.636849170597064,0.679083293537216,0.666842958707553,0.654937160313074,0.666882181287593,0.666430657872932,0.0154924377441228,0.494075204859106,0.000333333333333342,1001.001001001,4.66293670342566e-15,0,0.506377491548111,0.982484899892292,0.666882181287593,0.00322128151740209,1,0.058707074128589,6.63282317958647e-13,1,0.666430657872932,0.00657976164117836,1.21574982348477,-0.0729581213034555,1.23042317075791e-15,1,0.723174370434695,0.714812732026079,2255217,13404079,"confounded",0.001,3000,80,5,5,78
1626079,"min",0.75,0.624900772559953,0.119851436953967,0.62820108605615,0.638394983184243,0.648593735015623,0.706015622199743,0.686111271168915,0.674375862351266,0.686159740640711,0.68531298598446,0.0101938971280932,0.500119030717778,0.000333333333333336,1001.001001001,4.88498130835069e-15,0,0.464969063692775,0.986993045773425,0.686159740640711,0.00266703921745052,1,0.0612589680807571,1.03962586687582e-12,1,0.68531298598446,0.0144637876350909,1.21825238051098,-0.0759738677698521,1.32664249955875e-15,1,0.734093015635476,0.756216137335973,2227707,13431986,"confounded",0.001,3000,80,5,5,79
1626080,"min",0.75,0.669993593639784,0.128342607048412,0.669832057846036,0.685921758179033,0.702462641162713,0.750002342379442,0.744269828445025,0.729737493278032,0.744297602615003,0.748999318121182,0.0160897003329961,0.506913493490224,0.000333333333333326,1001.001001001,6.43929354282591e-15,0,0.426309673847167,0.990082611871994,0.744297602615003,0.002087359723482,1,0.0743040089752196,1.01388200057784e-11,1,0.748999318121182,0.0181859333019606,1.24569224917419,-0.0856065084722563,2.18577748493468e-14,1,0.7559627672263,0.799571541219075,2171542,13564196,"confounded",0.001,3000,80,5,5,80
1626081,"min",0.75,0.609924558688392,0.115277724728455,0.608799234396439,0.624202503705192,0.639583830251686,0.675802108547643,0.678059832023991,0.662427047124881,0.678059122283666,0.683392819270313,0.0154032693087526,0.499643608083067,0.000666666666666676,1001.001001001,5.55111512312578e-15,0,0.449333993987628,0.989606098698128,0.678059122283666,-0.000697622378317498,1,0.0681345635952743,3.70986263931172e-12,1,0.683392819270313,0.0151974796787843,1.25051529128953,-0.0793271679025393,7.5854581875016e-14,1,0.722282629979782,0.691027117523486,2192842,13480902,"confounded",0.001,3000,80,5,5,81
1626082,"min",0.75,0.68490401679256,0.127103146180747,0.684632678936592,0.690620443007186,0.696849916842171,0.746313554850624,0.750655466276317,0.733147208408668,0.750656141784391,0.756846921084457,0.00598776407059354,0.509892160824719,0,949.662987773007,5.32907051820075e-15,0,0.48393222408871,0.989007722847684,0.750656141784391,5.89256639907978e-05,1,0.0657521249918314,1.04674278134098e-11,1,0.756846921084457,0.0159010532234517,1.28694391670169,-0.124586136851278,7.01450749337103e-14,1,0.765515970435476,0.809561039957073,2247524,13465692,"confounded",0.001,3000,80,5,5,82
1626083,"min",0.75,0.629650349255196,0.116888310765784,0.630440442337539,0.636032506915695,0.641748942506514,0.652498386000029,0.687926048554429,0.668274169489625,0.687990869086284,0.692668821727579,0.00559206457815609,0.505499005650811,0.000333333333333341,1001.001001001,5.32907051820075e-15,0,0.447436495242898,0.990911844561528,0.687990869086284,0.00594994358732473,1,0.058340519831088,6.51639690355902e-12,1,0.692668821727579,0.0243904304701896,1.27137601815413,-0.10785353213785,3.01745591476295e-13,1,0.727426589480364,0.64792713035492,2233180,13399757,"confounded",0.001,3000,80,5,5,83
1626084,"min",0.75,0.647309296758119,0.121282774141416,0.646445568909871,0.655589094545002,0.664994739425465,0.715420458628767,0.713050579817141,0.697124921848628,0.713055830162736,0.716063396201256,0.00914352563513088,0.50706552471207,0.000666666666666664,1001.001001001,7.105427357601e-15,0,0.439079691639428,0.989711221150165,0.713055830162736,0.000343102183695785,1,0.0657465334046167,8.50617443148849e-12,1,0.716063396201256,-0.000373604225719916,1.26704615041953,-0.104107356386889,1.01741134036123e-13,1,0.743190565427424,0.779336587842207,2308949,13425218,"confounded",0.001,3000,80,5,5,84
1626085,"min",0.75,0.658993744666601,0.123949810107571,0.655839735055905,0.669645444956308,0.683738838685837,0.728517534551035,0.735314115001514,0.716506680915289,0.735316763794279,0.746643500900345,0.0138057099004031,0.505155789822898,0.00066666666666666,1001.001001001,6.66133814775094e-15,0,0.432704803386568,0.987132374059316,0.735316763794279,0.001040601407521,1,0.0763230191276776,1.98272186816932e-11,1,0.746643500900345,0.0126825348289929,1.26930566509468,-0.089820992466932,2.74249363959219e-13,1,0.743996169203934,0.770044141533228,2211860,13589924,"confounded",0.001,3000,80,5,5,85
1626086,"min",0.75,0.669486103571914,0.125626978083769,0.67123893211372,0.683169330874303,0.695733966963865,0.755849571615223,0.749860638541546,0.732425818696162,0.749866992226244,0.75567965945272,0.0119303987605828,0.512946242633644,0.00066666666666667,1001.001001001,5.32907051820075e-15,0,0.436369545010129,0.987941979765204,0.749866992226244,0.00128138754849772,1,0.0803808886543298,2.32272128937912e-11,1,0.75567965945272,0.0252610692849484,1.30378945306066,-0.11718926135502,6.66426913653595e-13,1,0.753875006637722,0.798479245161141,2195904,13411246,"confounded",0.001,3000,80,5,5,86
1626087,"min",0.75,0.640513877750542,0.120528664060344,0.641630534248475,0.65519892513326,0.669187079828232,0.743653268353855,0.71083545158662,0.696816127085982,0.710844639533762,0.711695582371163,0.0135683908847847,0.507616408395106,0.000999999999999999,1001.001001001,1.02140518265514e-14,0,0.460675486400819,0.98564057932522,0.710844639533762,0.00152278099910314,1,0.0703307617832198,7.85052334251191e-12,1,0.711695582371163,0.0221467321296059,1.2772311601521,-0.106388700801682,2.54466669957765e-13,1,0.741133294131013,0.809761724072323,2235794,13460182,"confounded",0.001,3000,80,5,5,87
1626088,"min",0.75,0.646203512777412,0.12193394217593,0.6446768087367,0.660487089039377,0.676581467242314,0.732338806378835,0.718154966301694,0.703183326106136,0.718172690170482,0.725701898843416,0.0158102803026771,0.50445229495577,0.000333333333333336,1001.001001001,6.43929354282591e-15,0,0.441866556232052,0.988768392141879,0.718172690170482,0.00194704123810228,1,0.0719691773930704,6.94797375189182e-12,1,0.725701898843416,0.0269845791115322,1.25977141788612,-0.0883668166911732,9.1644913879918e-14,1,0.74899938589742,0.79071875978576,2152514,13449002,"confounded",0.001,3000,80,5,5,88
1626089,"min",0.75,0.633380450962436,0.120426974076281,0.633363313165262,0.644383632215944,0.655545764800591,0.705421184025365,0.699319309600063,0.683547276696357,0.699321891976266,0.699276780331409,0.0110203190506819,0.503196525260056,0.000666666666666672,1001.001001001,4.88498130835069e-15,0,0.4861058548822,0.988096552188952,0.699321891976266,0.00117049227290272,1,0.0659414410138297,1.72531352167956e-12,1,0.699276780331409,0.0235356015208163,1.27480718427562,-0.108161168935238,1.20830752810737e-14,1,0.727986457973483,0.73015719958166,2163604,13505245,"confounded",0.001,3000,80,5,5,89
1626090,"min",0.75,0.618983161949244,0.118828562852217,0.615910253758372,0.630595982271951,0.644971665890143,0.686765744968284,0.687796735139525,0.672137294748091,0.687802378329369,0.69176777003649,0.0146857285135784,0.494665694599074,0.000666666666666653,1001.001001001,4.44089209850063e-15,0,0.448036405864625,0.989306532759528,0.687802378329369,0.000426264644217902,1,0.0688192163801251,1.99332076770512e-12,1,0.69176777003649,0.013030992012826,1.24902377721767,-0.0813569169354883,4.61885344786121e-14,1,0.726420753861242,0.729186634033492,2143391,13478447,"confounded",0.001,3000,80,5,5,90
1626091,"min",0.75,0.666670643533664,0.121861634055793,0.665935671952436,0.673551795794276,0.6817446062729,0.702110249755434,0.739426327896096,0.717671836080289,0.739423174498172,0.741189622881496,0.00761612384184018,0.51823926347892,0.000666666666666654,1001.001001001,5.99520433297585e-15,0,0.406492603899534,0.991494536946807,0.739423174498172,0.000397199997449261,1,0.0727525309645072,3.04392164807155e-11,1,0.741189622881496,0.024913400003429,1.29564320179486,-0.1225776642491,6.94097224140933e-13,1,0.740688565483124,0.689339666972221,2194582,13552191,"confounded",0.001,3000,80,5,5,91
1626092,"min",0.75,0.659636064892085,0.125143952832197,0.658475896847498,0.675200064721981,0.692376636430213,0.766527988643296,0.740156979275606,0.726679555217093,0.74016031239399,0.740983802792886,0.0167241678744831,0.506672477345883,0,349.597880073154,5.77315972805081e-15,0,0.429262378729315,0.990381497014907,0.74016031239399,0.0015058404255422,1,0.0805242475019044,6.68586408458793e-12,1,0.740983802792886,0.0295898171545605,1.26576762875803,-0.0939621749088495,3.08211234312239e-14,1,0.750753800265377,0.84885210992159,2137025,13420466,"confounded",0.001,3000,80,5,5,92
1626093,"min",0.75,0.705251952008333,0.130371322400111,0.704849086628096,0.717361608088468,0.730801913123741,0.78833859215632,0.785306264451238,0.766390587642217,0.785293887181122,0.790466890140251,0.0125125214603722,0.517874422561585,0.00033333333333334,1001.001001001,5.32907051820075e-15,0,0.45041638107245,0.985096792759538,0.785293887181122,-0.00128418919132764,1,0.0800419351727892,3.58558221632184e-11,1,0.790466890140251,0.0215617824544335,1.29089467691694,-0.119939100592583,3.19932820976495e-13,1,0.770034082678878,0.833296216231146,2183543,13411725,"confounded",0.001,3000,80,5,5,93
1626094,"min",0.75,0.637582514684733,0.124029854698796,0.63575947227221,0.650664700798393,0.665511598485012,0.682803624181197,0.708802839822324,0.691226387821708,0.708856073074807,0.709781371752441,0.0149052285261831,0.499019719815189,0,694.184327290312,5.32907051820075e-15,0,0.469288927355562,0.985204687802311,0.708856073074807,-0.00389414584727893,1,0.0712735583900736,1.16279889420904e-12,1,0.709781371752441,0.0130142191196991,1.24855398187666,-0.0862748157321159,2.21511697873211e-15,1,0.728239146898993,0.68347970564949,2188622,13475041,"confounded",0.001,3000,80,5,5,94
1626095,"min",0.75,0.706847794520295,0.133885868918824,0.706536074462465,0.715878287972165,0.725792038923936,0.753947191731005,0.785076692740891,0.764075643435155,0.78509994152548,0.789644287912037,0.00934221350969999,0.51484053014365,0.000666666666666667,1001.001001001,7.105427357601e-15,0,0.510199022567576,0.981551396989766,0.78509994152548,0.00122640030985777,1,0.0782521470051858,2.9657061029198e-11,1,0.789644287912037,0.00747255791890066,1.30834686216626,-0.135157806077729,3.64540989986987e-13,1,0.764276414633537,0.765065115815532,2282678,13546977,"confounded",0.001,3000,80,5,5,95
1626096,"min",0.75,0.650226789937922,0.127344136360971,0.653238959011715,0.665837533636473,0.678187417501252,0.720853827281509,0.716035017760847,0.701908033781174,0.716017781234393,0.718443844958602,0.012598574624758,0.495015909297883,0,790.333213616569,5.77315972805081e-15,0,0.447413328277149,0.989925753914354,0.716017781234393,-0.00204444770842337,1,0.0657909912964716,1.34990774114385e-12,1,0.718443844958602,0.0114886059542689,1.23632586679606,-0.0854483547254208,3.16480175399647e-15,1,0.748994620252986,0.751353094208416,2220295,13504534,"confounded",0.001,3000,80,5,5,96
1626097,"min",0.75,0.694617067928742,0.128738956769152,0.694877482232382,0.702366129552842,0.710354634458564,0.719864513484309,0.755800913254179,0.737698886802941,0.755801153159922,0.756396899640324,0.00748864732046084,0.516148241548441,0.000666666666666668,1001.001001001,1.06581410364015e-14,0,0.468571552881022,0.983206771084777,0.755801153159922,0.000183713669923245,1,0.0611840852311798,8.55081368674367e-12,1,0.756396899640324,0.024365756353392,1.24614827335827,-0.109198960204266,2.16865044440813e-14,1,0.765914815435473,0.695772495598496,2157113,13573179,"confounded",0.001,3000,80,5,5,97
1626098,"min",0.75,0.662172724258892,0.126203405105135,0.661227775580043,0.67679105803138,0.69279139446966,0.700205244719179,0.746156109981858,0.724540413885933,0.746156516591783,0.75164784990884,0.0155632824513374,0.506923382082242,0.001,1001.001001001,4.88498130835069e-15,0,0.440357627668159,0.98703581468744,0.746156516591783,0.00062972884861011,1,0.083983792332891,9.06058295058187e-12,1,0.75164784990884,0.0265615608141058,1.26004804370508,-0.0827215958884396,1.83833689012166e-13,1,0.745206078189786,0.714191829587578,2146461,13526569,"confounded",0.001,3000,80,5,5,98
1626099,"min",0.75,0.672532500755085,0.125511419313142,0.67111069373715,0.683408670817273,0.696330851109836,0.752107484697873,0.742830991359108,0.727361833215396,0.742829536395734,0.745948628456937,0.0122979770801228,0.512375085595547,0.00033333333333334,1001.001001001,5.10702591327572e-15,0,0.484541319897662,0.98468746645597,0.742829536395734,-0.00485438480225243,1,0.0702970356406495,8.93631894408979e-12,1,0.745948628456937,0.0155249479559119,1.25807540890148,-0.10014797243005,4.52899939773488e-14,1,0.756339987229461,0.804291240576883,2152337,13528725,"confounded",0.001,3000,80,5,5,99
1626100,"min",0.75,0.628005888352997,0.121562752179289,0.625935492970057,0.638656063892213,0.651304214359306,0.671119389661317,0.694658729013624,0.679661356096691,0.694646609069921,0.697584456729851,0.0127205709221564,0.498572642784144,0,517.85772372399,5.77315972805081e-15,0,0.560002680279096,0.97777428740132,0.694646609069921,-0.000835191126907873,1,0.0666407207169242,1.89469003449479e-12,1,0.697584456729851,-0.000928038889020081,1.22164402333822,-0.0696151833977948,2.15442478671927e-15,1,0.735302127119413,0.712302420459939,2280659,13551280,"confounded",0.001,3000,80,5,5,100
1636001,"min",0.75,0.606323556312528,0.114071329103668,0.608634539428897,0.630946266509347,0.665765992239382,0.695546772060474,0.707927909030737,0.696380944730215,0.707927772089979,0.720786362890907,0.0223117270804492,0.609466835116879,0,346.614037107086,5.32907051820075e-15,0,0.54764370405945,0.986212714370084,0.707927772089979,0.000257882468553949,1,0.101604215777451,1.1522634698243e-15,1,0.720786362890907,-0.0067249407460316,1.55268477774447,-0.22064299338345,1.6747558895247e-12,1,0.741174549257111,0.7215167680093,2303234,13611768,"high_signal",0.001,3000,80,5,5,1
1636002,"min",0.75,0.626779244357486,0.116155298163892,0.628198122720422,0.648726622830707,0.68181626786355,0.707931229148433,0.73577200906471,0.722217185949965,0.735775784172898,0.748041740995812,0.0205285001102852,0.617135205712802,0,565.395469733435,8.43769498715119e-15,0,0.489874642514351,0.988383577913042,0.735775784172898,-0.00125895040332346,1,0.108996539815412,7.10823992259672e-15,1,0.748041740995812,0.00187769605828083,1.51711477200358,-0.202854309404173,3.8597042599046e-12,1,0.746143483784679,0.754779659302988,2253054,13473643,"high_signal",0.001,3000,80,5,5,2
1636003,"min",0.75,0.612857194909719,0.113243760568097,0.612405564149966,0.63557302662385,0.671284550415633,0.70493780906719,0.708299252235253,0.699376429403416,0.708294836422575,0.721282879095213,0.0231674624738836,0.606524093853283,0,221.003288286922,6.66133814775094e-15,0,0.50251546704745,0.987540790988414,0.708294836422575,0.0022930862007792,1,0.0954376415128568,1.28993112487782e-15,1,0.721282879095213,0.0224844374439125,1.43308179543516,-0.156991610131364,5.49634412057761e-13,1,0.74169823710682,0.761788991201391,2234005,13495204,"high_signal",0.001,3000,80,5,5,3
1636004,"min",0.75,0.633092866209252,0.116693731672056,0.635103553729153,0.657182443554216,0.693048658374973,0.736462119497281,0.73487098559029,0.725825635789682,0.734866249025475,0.748816868101576,0.0220788898250627,0.618968850604095,0.000333333333333338,1001.001001001,5.32907051820075e-15,0,0.548420666730358,0.983606295333356,0.734866249025475,-0.00104825183148136,1,0.101773382816223,5.77612032278315e-15,1,0.748816868101576,-0.000718847022053367,1.46434075375331,-0.178246816799126,1.09701166669159e-12,1,0.756191796448435,0.805489796689998,2264971,13463745,"high_signal",0.001,3000,80,5,5,4
1636005,"min",0.75,0.6408369249707,0.114196867071157,0.639366005923595,0.660119441263784,0.696527182380381,0.743158328670186,0.757162759975333,0.744048147602486,0.757175889971956,0.774891094990316,0.0207534353401888,0.636931277020193,0,652.037561606586,5.32907051820075e-15,0,0.4747057508464,0.988491761110504,0.757175889971956,0.00301850474391121,1,0.116338965001256,1.02189072019125e-13,1,0.774891094990316,0.0336162601690362,1.60055121426326,-0.250801223416273,2.89261622062516e-11,1,0.755850789186091,0.814851195225226,2202298,13463791,"high_signal",0.001,3000,80,5,5,5
1636006,"min",0.75,0.63251900675876,0.116883633311292,0.630919511392719,0.656104163670726,0.697497986126362,0.733233298791428,0.740197797501346,0.729143863817799,0.740198285049291,0.754572272386466,0.0251846522780067,0.621729810141165,0,190.796083349417,6.21724893790088e-15,0,0.534669891767811,0.986810603302701,0.740198285049291,-0.00198649288903552,1,0.107679278290531,5.90194559890733e-15,1,0.754572272386466,-0.00796298957283124,1.49883190334298,-0.19346739441438,1.25899616657913e-12,1,0.755713793865452,0.790619297153889,2273066,13514938,"high_signal",0.001,3000,80,5,5,6
1636007,"min",0.75,0.625118381802275,0.117613081681304,0.622684740249399,0.644467210215459,0.678802485765836,0.701869260467224,0.722159073284337,0.710386520946984,0.722159115772316,0.732739293545139,0.02178246996606,0.611843459397708,0,214.130281792076,4.88498130835069e-15,0,0.602700852596446,0.981648194433543,0.722159115772316,8.08125860613172e-05,1,0.0970407339700402,5.09370323698022e-16,1,0.732739293545139,0.031774660074035,1.50979111344134,-0.211058884148768,1.91506958439428e-13,1,0.753697789946257,0.765833046111166,2182179,13491778,"high_signal",0.001,3000,80,5,5,7
1636008,"min",0.75,0.655942363457125,0.119788935259571,0.655217972587915,0.678755486477615,0.719836433009162,0.742647516179614,0.76820619933893,0.756733205736988,0.768241239907034,0.780239844755331,0.0235375138896998,0.635746290823724,0,867.52122822031,5.32907051820075e-15,0,0.497527091162681,0.985266475561632,0.768241239907034,0.00464299441930539,1,0.112298876449909,1.58453990669235e-14,1,0.780239844755331,0.0156562335949406,1.56141427796871,-0.243957927071167,2.19486281001953e-12,1,0.764254983902732,0.789387635735327,2217870,13443864,"high_signal",0.001,3000,80,5,5,8
1636009,"min",0.75,0.668052763947789,0.122848693575498,0.670739362714348,0.693782432852788,0.735314280270472,0.772298368623309,0.781266355255096,0.771729580534422,0.781260495563363,0.788775485582013,0.0230430701384394,0.643157575564659,0,339.341877412931,6.21724893790088e-15,0,0.585682414595722,0.974409673999772,0.781260495563363,-0.00120511756347487,1,0.113207731615574,2.08076518977881e-14,1,0.788775485582013,0.00561870561662238,1.56016375586339,-0.253496223733689,1.25276677920283e-12,1,0.770411485099691,0.826165006824214,2221706,13476864,"high_signal",0.001,3000,80,5,5,9
1636010,"min",0.75,0.614674716430775,0.113281087618879,0.616456432709413,0.638594619780299,0.674906600898983,0.715036515007945,0.719850293153828,0.708972857780863,0.719855269980528,0.727748998205435,0.0221381870708863,0.621246820041885,0,326.288656681509,5.32907051820075e-15,0,0.524748330767421,0.98868619703936,0.719855269980528,0.00195424742745853,1,0.105180553549752,6.50265027009785e-15,1,0.727748998205435,0.0408389675857292,1.50832310841955,-0.19937908074834,1.55371004950666e-12,1,0.743257242417395,0.760284611239958,2145899,13602816,"high_signal",0.001,3000,80,5,5,10
1636011,"min",0.75,0.627357935729985,0.115204574534841,0.627914574540149,0.648126680515941,0.682748485925966,0.680186958818031,0.731300527836876,0.719312520122308,0.73131950424353,0.742447180872007,0.020212105975792,0.631394050415675,0,527.792306056903,4.66293670342566e-15,0,0.529884596494309,0.98499741678934,0.73131950424353,-0.00284818445973208,1,0.103961568513546,1.2145543829926e-14,1,0.742447180872007,-0.0068243202842589,1.53992514194416,-0.223637077356784,2.97984451928338e-12,1,0.749928846812827,0.692425908351222,2289968,13462904,"high_signal",0.001,3000,80,5,5,11
1636012,"min",0.75,0.586327761107679,0.109458733950225,0.586623264502278,0.607654717694584,0.639763704864439,0.678117251494785,0.67933011304152,0.668423140259268,0.679324000378683,0.68926931331717,0.0210314531923066,0.604228850025072,0,647.479370787232,4.44089209850063e-15,0,0.52627886778754,0.99092938910402,0.679324000378683,0.00118697258116503,1,0.0929962392710042,5.42232925226926e-16,1,0.68926931331717,0.0271381453077331,1.43328299609423,-0.151104296816468,1.99012066085894e-13,1,0.731925889463176,0.721991816914093,2177037,13415678,"high_signal",0.001,3000,80,5,5,12
1636013,"min",0.75,0.63481806653271,0.118893125114666,0.637536022963086,0.659512810093824,0.696035034813372,0.704037238936301,0.741435150520166,0.729497626147763,0.741446967717905,0.755500764479961,0.0219767871307375,0.6243220793715,0,535.764339289033,6.66133814775094e-15,0,0.549276705455951,0.984481415996572,0.741446967717905,0.00166979166160501,1,0.106628901185195,4.18154399994819e-15,1,0.755500764479961,0.0225433106191009,1.58772485559382,-0.252415658534035,1.11018394477469e-12,1,0.755085890009421,0.735442042901392,2204133,13421988,"high_signal",0.001,3000,80,5,5,13
1636014,"min",0.75,0.594936363590765,0.113526293607945,0.595883466675237,0.615493448379263,0.645367526337341,0.654390836969148,0.68535087496801,0.673617928272414,0.685366086027189,0.693844793816593,0.0196099817040262,0.603711137729394,0,149.376745899236,4.66293670342566e-15,0,0.634184124129157,0.984212898192608,0.685366086027189,0.00174566555413966,1,0.0904297224364243,1.16055313507483e-16,1,0.693844793816593,0.0209000129220181,1.50456669653435,-0.201276645399321,5.50155476730652e-14,1,0.738646325480546,0.639404116248523,2210995,13590351,"high_signal",0.001,3000,80,5,5,14
1636015,"min",0.75,0.61347511788151,0.115120281894493,0.612964715826331,0.633820467039062,0.667118804263866,0.698296329486348,0.712632190754855,0.701095740220746,0.712673201994042,0.72374706434639,0.0208557512127316,0.61488131709967,0,519.445523228409,4.88498130835069e-15,0,0.549974247514795,0.987778273558733,0.712673201994042,-0.00318559293775838,1,0.0991980841125322,9.74627785884271e-16,1,0.72374706434639,0.00641337969239336,1.55530411031036,-0.230393308067856,3.85568021954441e-13,1,0.746260679535883,0.739264194623617,2236420,13532916,"high_signal",0.001,3000,80,5,5,15
1636016,"min",0.75,0.612374485587039,0.113951351415269,0.612457582370688,0.635726869762773,0.672272954006832,0.700217864496056,0.715348583081157,0.702763160378725,0.715353400060624,0.730444025736326,0.0232692873920851,0.610981479248647,0,559.785620782095,4.2188474935756e-15,0,0.502893495602553,0.990431836776035,0.715353400060624,-0.000972737820584887,1,0.102978914473585,3.25754238398683e-15,1,0.730444025736326,0.0149070147992945,1.50840909896217,-0.193267220295442,2.16915019279895e-12,1,0.744869299268306,0.741491996503817,2251475,13498056,"high_signal",0.001,3000,80,5,5,16
1636017,"min",0.75,0.64371890353403,0.120325185116837,0.64621069472509,0.664509932580962,0.694735784989561,0.708623501991579,0.744522440931848,0.732422501506326,0.744542412576323,0.753221033847675,0.0182992378558715,0.622891214500841,0,204.505559547299,4.44089209850063e-15,0,0.539208573762819,0.982743847278222,0.744542412576323,-0.00430959522749613,1,0.100823509042293,1.02022094476221e-15,1,0.753221033847675,0.00354090014386239,1.54761026459626,-0.24300494877624,2.21975327008295e-13,1,0.755777027667999,0.731370112042843,2255148,13601426,"high_signal",0.001,3000,80,5,5,17
1636018,"min",0.75,0.640207391875042,0.117370263620267,0.643113816705777,0.665874678443109,0.704936103578239,0.74054692923983,0.755901214121409,0.742419410056979,0.755918550043135,0.76737090064856,0.0227608617373325,0.631834037710586,0,510.585571305037,5.77315972805081e-15,0,0.501576148208272,0.988227632933759,0.755918550043135,0.00192989668070298,1,0.115711158168093,2.70746388271922e-14,1,0.76737090064856,0.0146011617549129,1.5400983693606,-0.218611459630797,4.5391352898605e-12,1,0.754758527634377,0.785879407688668,2219223,13451655,"high_signal",0.001,3000,80,5,5,18
1636019,"min",0.75,0.637531621803684,0.117563999023296,0.637493922596188,0.658818176861859,0.693082574308258,0.712114484751783,0.746868415507362,0.732044156479507,0.746891241202813,0.760658036290681,0.0213242542656712,0.616391950354839,0,561.989047503269,5.32907051820075e-15,0,0.468570957337807,0.988930146146553,0.746891241202813,-0.00389464502254794,1,0.109359619399129,7.86644823354739e-15,1,0.760658036290681,-0.0144861249531022,1.54633312494828,-0.225178228706355,4.96472078263347e-12,1,0.750322792456391,0.735919628144504,2251551,13530752,"high_signal",0.001,3000,80,5,5,19
1636020,"min",0.75,0.616625129038186,0.114779600036651,0.616119338587604,0.638375576687634,0.673915192051947,0.71109296357302,0.714266611445649,0.703954408120547,0.714285319521934,0.72357433602577,0.0222562381000301,0.614916351849342,0,196.765729958884,6.21724893790088e-15,0,0.542781310127497,0.985938242223815,0.714285319521934,0.00345548799595043,1,0.0976601904837478,1.07588012573009e-15,1,0.72357433602577,0.0142039143471695,1.49161076278668,-0.19619034305231,3.38674865929534e-13,1,0.747192473051649,0.762072317200738,2211087,13538062,"high_signal",0.001,3000,80,5,5,20
1636021,"min",0.75,0.621548332446244,0.114878330625519,0.622370988911391,0.643902004436306,0.679434846824103,0.696804681764689,0.725342141612215,0.713844087722776,0.725346231796163,0.736029677994027,0.0215310155249145,0.622685596234139,0,543.149565477103,4.44089209850063e-15,0,0.55114504723075,0.986595937616929,0.725346231796163,0.00067554277266595,1,0.103797899349919,5.1902186252543e-15,1,0.736029677994027,0.0149588989172241,1.53550761420426,-0.218362519073139,1.4238312751047e-12,1,0.746117930725863,0.65121281632905,2218042,13446092,"high_signal",0.001,3000,80,5,5,21
1636022,"min",0.75,0.642129039590161,0.117982930821217,0.641372943607227,0.665465651916116,0.706989749457565,0.749806408167726,0.748251420302247,0.738750101456827,0.748264876623248,0.761114948704604,0.0240927083088888,0.632827169858885,0,273.056494595028,4.88498130835069e-15,0,0.523059901060207,0.983440498483411,0.748264876623248,0.00177302463809678,1,0.106135837033087,1.13266433269625e-14,1,0.761114948704604,-0.00164289061831736,1.54830890891486,-0.233099163965788,1.64861398606793e-12,1,0.760284402423408,0.826838053361448,2262569,13475400,"high_signal",0.001,3000,80,5,5,22
1636023,"min",0.75,0.627451585584216,0.116293474102304,0.627409284498263,0.651920371232959,0.691976324067871,0.741396595479168,0.730666524402894,0.721477483959167,0.730668358607452,0.744592298910914,0.0245110867346956,0.620377720612834,0.00033333333333334,1001.001001001,5.32907051820075e-15,0,0.526331714658196,0.98577930719565,0.730668358607452,0.00028544077121464,1,0.103216773023236,5.99224373824351e-15,1,0.744592298910914,0.0276444369630672,1.52164607314712,-0.210166942383243,1.62637251814128e-12,1,0.751766268644196,0.789176411041002,2133723,13536754,"high_signal",0.001,3000,80,5,5,23
1636024,"min",0.75,0.600421146696121,0.114051872195297,0.600826064856197,0.623112907402091,0.657903978631938,0.680217585654095,0.694467136766651,0.684709610542561,0.694472797884291,0.7005289590141,0.022286842545894,0.609536490183245,0,356.492178547452,4.66293670342566e-15,0,0.575616585093941,0.989103956573271,0.694472797884291,0.000749909682560717,1,0.09405165118817,4.92642963460336e-16,1,0.7005289590141,-0.0195946858124138,1.46569960734089,-0.179508079937572,1.40982040856367e-13,1,0.739273924163349,0.720283003026657,2309214,13433414,"high_signal",0.001,3000,80,5,5,24
1636025,"min",0.75,0.58889499977235,0.110212966438292,0.588647134401341,0.610838511891224,0.643988707578774,0.665288018994097,0.680795821950832,0.670122316997627,0.680793075868396,0.693021638075532,0.0221913774898829,0.599010721673303,0,281.81725806367,4.88498130835069e-15,0,0.549038554335346,0.984891230937421,0.680793075868396,0.000405569730957532,1,0.0918980760960459,4.63037016136999e-16,1,0.693021638075532,0.00774906141347325,1.38946082844916,-0.125224896177723,3.36389286796172e-13,1,0.732574828776882,0.711968086366605,2294797,13410282,"high_signal",0.001,3000,80,5,5,25
1636026,"min",0.75,0.668810946426247,0.121948879308281,0.669765405263038,0.693093959933278,0.734891499981064,0.750555790218291,0.788344561656508,0.773797193073167,0.788420116902547,0.803946737497845,0.02332855467024,0.641794049355414,0.00033333333333333,1001.001001001,6.66133814775094e-15,0,0.490372088717019,0.984626907697919,0.788420116902547,0.0066005640173259,1,0.1196091704763,7.76182081570672e-14,1,0.803946737497845,0.00729254585902639,1.63792108111091,-0.291512810931443,1.16345019544421e-11,1,0.764268173374649,0.757183848999274,2282698,13630427,"high_signal",0.001,3000,80,5,5,26
1636027,"min",0.75,0.606359448426743,0.113493229606222,0.604197160382262,0.629235797490271,0.667453792319551,0.705449152713234,0.702804035386338,0.693455708747992,0.702807301483549,0.712558750721259,0.0250386371080094,0.604173723115203,0.000333333333333346,1001.001001001,5.77315972805081e-15,0,0.523208008266209,0.987492140673272,0.702807301483549,0.00184022588023509,1,0.0964478530568057,5.34091289713009e-16,1,0.712558750721259,-0.00276085021115627,1.42596316971115,-0.152087490341647,2.50207262316356e-13,1,0.742432145167488,0.75305785121601,2293225,13533608,"high_signal",0.001,3000,80,5,5,27
1636028,"min",0.75,0.614459209300332,0.113725501508304,0.613436259631747,0.635429937750774,0.670428848448646,0.690453072980954,0.717914205171774,0.706104884358173,0.717928214664198,0.725784078830728,0.0219936781190265,0.614095822358833,0,165.743395247456,3.5527136788005e-15,0,0.513563857398301,0.989593132332434,0.717928214664198,0.0029060100682899,1,0.103469005363866,2.332948649079e-15,1,0.725784078830728,0.00683440932060378,1.43415640093047,-0.155446529298019,4.22711939525774e-13,1,0.741387092984751,0.686461255525526,2251669,13610791,"high_signal",0.001,3000,80,5,5,28
1636029,"min",0.75,0.618801568923553,0.116251204904713,0.619258576425442,0.637383023548029,0.6657594034981,0.674876582596646,0.712861625622042,0.701160592893018,0.712851022595088,0.7203118513048,0.0181244471225867,0.610233876178867,0,312.867433204772,5.32907051820075e-15,0,0.574002853725323,0.985104988140273,0.712851022595088,0.00145052246206487,1,0.0940494536715357,2.66453525910038e-16,1,0.7203118513048,0.0121269816992826,1.47466031211598,-0.192210263461866,6.5846587441835e-14,1,0.748404527298901,0.692587532135554,2225825,13680673,"high_signal",0.001,3000,80,5,5,29
1636030,"min",0.75,0.626266652698435,0.119425398002388,0.625034388767182,0.646825963171087,0.679948743327385,0.708998478947242,0.718862030006116,0.707539185228849,0.718855618801188,0.732464131570953,0.0217915744039046,0.603171619179926,0.000333333333333326,1001.001001001,7.99360577730113e-15,0,0.557214138514524,0.982261419118861,0.718855618801188,0.00293115518520786,1,0.0925889661027527,7.16463925224768e-17,1,0.732464131570953,0.00668726570447482,1.48437735866893,-0.197151908183982,5.12807574182261e-14,1,0.75243617165509,0.75276150155891,2239721,13469463,"high_signal",0.001,3000,80,5,5,30
1636031,"min",0.75,0.62354647628665,0.11631672416783,0.624390516563733,0.647342376916107,0.684509951593308,0.72976186337809,0.727751677109583,0.717889071246165,0.727751150222437,0.741797355574977,0.0229518603523735,0.61822894142164,0.00033333333333333,1001.001001001,4.2188474935756e-15,0,0.515966219875407,0.990007967901603,0.727751150222437,0.0013220058079754,1,0.104204673935787,3.329956680768e-15,1,0.741797355574977,-0.00271139376166738,1.58410443736193,-0.245965384412102,2.40046621469148e-12,1,0.750062729901251,0.783260293761641,2254225,13510595,"high_signal",0.001,3000,80,5,5,31
1636032,"min",0.75,0.632941819228487,0.115024308762137,0.63147482203004,0.653806456248515,0.691012669817607,0.704938421613605,0.749190886622745,0.734355929461848,0.74918698689681,0.766006226876682,0.0223316342184756,0.624917005764882,0.000333333333333337,1001.001001001,5.32907051820075e-15,0,0.475466134743613,0.989219493328135,0.74918698689681,-0.00034306061956359,1,0.116245167668323,2.79243295153719e-14,1,0.766006226876682,-0.00492816457116918,1.54304521756219,-0.21065162027895,8.43856066505092e-12,1,0.749216662780227,0.736247254215141,2233140,13521706,"high_signal",0.001,3000,80,5,5,32
1636033,"min",0.75,0.614806252864181,0.114382928265099,0.61214648901476,0.63514793335683,0.670201768588363,0.693814818215338,0.714053210863338,0.702065104207823,0.714096791038473,0.729614871579877,0.0230014443420696,0.60380098914332,0,256.82748789996,6.21724893790088e-15,0,0.515592698004694,0.987300941433578,0.714096791038473,-0.00444572426548867,1,0.0992905381742919,9.85285926920672e-16,1,0.729614871579877,-0.00252299123772718,1.46082068471858,-0.168506819698437,5.16867141679237e-13,1,0.744938266093137,0.735649841825952,2274983,13603750,"high_signal",0.001,3000,80,5,5,33
1636034,"min",0.75,0.613155156759403,0.112619630541944,0.613306291440775,0.634427457334136,0.669233305232246,0.704255876925417,0.715305048535342,0.704346982223317,0.715305123707819,0.726928487357208,0.0211211658933609,0.622344114918898,0.000333333333333344,1001.001001001,4.44089209850063e-15,0,0.573289379302851,0.982347659273207,0.715305123707819,4.2502579691418e-05,1,0.102149966948416,7.52879240432473e-15,1,0.726928487357208,-0.00529324620338594,1.46479406460208,-0.171217546944125,1.26358064752215e-12,1,0.745755644906243,0.75517688497948,2297285,13439411,"high_signal",0.001,3000,80,5,5,34
1636035,"min",0.75,0.619101685423632,0.116206441562889,0.620319454429206,0.640479132487335,0.671928699192694,0.68824569102357,0.718122571379607,0.70513569083222,0.718120434896494,0.7329903933094,0.0201596780581296,0.609378549317738,0.000333333333333329,1001.001001001,4.66293670342566e-15,0,0.494837721960381,0.991036885767291,0.718120434896494,-0.000234186138444138,1,0.099018749472862,1.57918123022682e-15,1,0.7329903933094,0.00557583512586018,1.49057330248753,-0.189826050508101,1.02704215502551e-12,1,0.744946745160873,0.705978021507564,2280759,13544053,"high_signal",0.001,3000,80,5,5,35
1636036,"min",0.75,0.63220126547559,0.116126751315871,0.631482652553673,0.655181081053865,0.695321440816376,0.73982867167602,0.742402714305467,0.73115007105407,0.742431439707541,0.755249689558327,0.0236984285001918,0.628776968593607,0,928.168042854345,5.32907051820075e-15,0,0.490072082824995,0.991618737071325,0.742431439707541,0.00388550762631051,1,0.110230174231951,1.14145729905128e-14,1,0.755249689558327,0.0274007324117671,1.56964155400292,-0.237079687225388,2.76947857239899e-12,1,0.75282800258115,0.80221737469427,2195305,13569017,"high_signal",0.001,3000,80,5,5,36
1636037,"min",0.75,0.612281392342019,0.114394192166731,0.612319258726857,0.633145181140197,0.666442653437491,0.68990636723759,0.709663422131263,0.699333019572732,0.70966214191102,0.71669502379302,0.0208259224133409,0.615214039609215,0,191.187995044929,4.66293670342566e-15,0,0.554341960156811,0.987018850749706,0.70966214191102,0.00155624192139881,1,0.097380749569001,5.33795230239775e-16,1,0.71669502379302,0.0042312058482598,1.45558656950691,-0.174533547659014,8.44562938103384e-14,1,0.743664560090873,0.712439616492491,2247878,13503093,"high_signal",0.001,3000,80,5,5,37
1636038,"min",0.75,0.655641418229109,0.118854779080937,0.656454976825631,0.679183834055037,0.720053614288239,0.749554685326138,0.775444514682628,0.762547353219038,0.775444581146121,0.790700871417628,0.0227288572294063,0.642620374646083,0,364.94964242051,5.32907051820075e-15,0,0.48231330925955,0.986615882931355,0.775444581146121,-0.000798654587992751,1,0.119803162917012,5.96032852702895e-14,1,0.790700871417628,-0.00709793194320237,1.61979691303963,-0.271305073890808,8.10807480415103e-12,1,0.763060966674789,0.79775595561802,2269672,13600466,"high_signal",0.001,3000,80,5,5,38
1636039,"min",0.75,0.672082204683106,0.121643565847093,0.670894986899317,0.69594318594026,0.739940799020012,0.781187951748612,0.794183895729595,0.781874485338945,0.794183385372331,0.81097954472036,0.0250481990409429,0.6372234858045,0,248.054585133494,4.66293670342566e-15,0,0.430104438416358,0.987367793527944,0.794183385372331,0.00277827644515899,1,0.122101180689225,5.99766162660368e-14,1,0.81097954472036,0.00250053845222615,1.55364066941617,-0.233194701666198,1.06321807654316e-11,1,0.766946174682931,0.832139752107829,2273621,13605245,"high_signal",0.001,3000,80,5,5,39
1636040,"min",0.75,0.647251942107776,0.117696009905175,0.647211846420647,0.669294337143921,0.707455909410549,0.753728047865851,0.755369371397192,0.74582295743191,0.755357621963385,0.762744210297606,0.0220824907232747,0.633449511415322,0.000333333333333341,1001.001001001,4.44089209850063e-15,0,0.525102299452375,0.982828744519284,0.755357621963385,0.0022831431068505,1,0.108105679855609,1.61879398774545e-14,1,0.762744210297606,0.0289743358357927,1.54351053111776,-0.236295978632168,1.96502325522374e-12,1,0.758746464504474,0.800104398890277,2236400,13522429,"high_signal",0.001,3000,80,5,5,40
1636041,"min",0.75,0.620154948295874,0.112969377492774,0.618401261461663,0.641660655185386,0.679417720949457,0.706947328615326,0.720846090594949,0.709144181222787,0.720891442132733,0.73232328926753,0.023259393723723,0.618801321496274,0,759.937123088999,5.32907051820075e-15,0,0.48457340660709,0.986362264004707,0.720891442132733,0.00675007107461532,1,0.100736493836859,5.59611616305726e-15,1,0.73232328926753,0.00274618958584116,1.41505668172926,-0.145231114026012,1.05208168103369e-12,1,0.742459152966935,0.758854785297942,2267324,13504962,"high_signal",0.001,3000,80,5,5,41
1636042,"min",0.75,0.620296610722392,0.113578076892053,0.619622024546268,0.639428268090684,0.672230823569214,0.695521553379338,0.716320394486824,0.706514099650682,0.716320131205848,0.725459655766185,0.0198062435444158,0.623518424441182,0,507.020186827134,4.44089209850063e-15,0,0.561281358121741,0.982605169486291,0.716320131205848,0.000136987703744338,1,0.0960235204834565,2.79346915969351e-15,1,0.725459655766185,0.0153886385695355,1.45379613637895,-0.176325160310987,4.51203667021597e-13,1,0.749350084105401,0.744532335201378,2233982,13522869,"high_signal",0.001,3000,80,5,5,42
1636043,"min",0.75,0.628973614802527,0.114372914095309,0.630501914793532,0.650876971423763,0.685577896418091,0.700218335090762,0.735822335489343,0.723623080228079,0.735869192750495,0.744809534967176,0.0203750566302316,0.63005549734685,0,388.999732516368,5.32907051820075e-15,0,0.532076934217626,0.98673748373477,0.735869192750495,-0.00452548250216338,1,0.106895577947968,1.34550148800372e-14,1,0.744809534967176,0.0103046964420573,1.46385317895477,-0.175915490540175,1.44474032737207e-12,1,0.751945027092974,0.690805805778059,2188865,13557829,"high_signal",0.001,3000,80,5,5,43
1636044,"min",0.75,0.6277375475576,0.115154943684182,0.628177191189469,0.651128364587185,0.690306438037778,0.731507486282079,0.735562770265938,0.725147482180068,0.735568202334709,0.745294233910552,0.0229511733977158,0.630589866093951,0,557.143950535703,3.77475828372553e-15,0,0.510862733030065,0.987900268758485,0.735568202334709,-0.00208789863684658,1,0.107830654777109,1.21792946098746e-14,1,0.745294233910552,0.0175118176582132,1.53032508576077,-0.215348282390788,1.64879073357345e-12,1,0.751839228097958,0.773015365460086,2228026,13588924,"high_signal",0.001,3000,80,5,5,44
1636045,"min",0.75,0.620794408691827,0.114727582636526,0.620423319819433,0.643366010989465,0.680364747365962,0.726377461196804,0.723422834787141,0.713353946293708,0.723422320510376,0.738481552987909,0.0229426911700314,0.617248168602216,0,314.952120896811,4.44089209850063e-15,0,0.51852853741886,0.989316754083488,0.723422320510376,0.000122766714350933,1,0.102627911818548,2.77999845366139e-15,1,0.738481552987909,0.0204632365409003,1.5181800365184,-0.203996125070267,1.19591507067677e-12,1,0.748129966867519,0.800523853690575,2230112,13528709,"high_signal",0.001,3000,80,5,5,45
1636046,"min",0.75,0.582268689569066,0.110282996298124,0.584217656620545,0.603570473993291,0.633161501456876,0.661068490938268,0.678088382858113,0.666470664407403,0.678089393901575,0.683304210504303,0.0193528173727457,0.604591395762594,0,664.654217067109,5.77315972805081e-15,0,0.580236913062664,0.99028386569016,0.678089393901575,0.000307934682515084,1,0.0958207043325095,3.32770847914314e-16,1,0.683304210504303,0.0234077686837604,1.48000824417018,-0.178458250380081,1.77319492422612e-13,1,0.729283848763798,0.69180491198476,2227733,13452952,"high_signal",0.001,3000,80,5,5,46
1636047,"min",0.75,0.65681659097568,0.119585277004612,0.6602061848637,0.68265090729893,0.722890014134254,0.747767729782377,0.775641655180323,0.761403000122024,0.775643120193918,0.789443108552479,0.0224447224352303,0.641937598637205,0.000333333333333347,1001.001001001,4.88498130835069e-15,0,0.460842546572026,0.989025262041816,0.775643120193918,-0.00162041217521802,1,0.118826529218239,8.62492299802398e-14,1,0.789443108552479,0.0247438652323841,1.56914107078512,-0.241194780320534,1.04743008340809e-11,1,0.758513489376415,0.78756168957292,2183971,13649730,"high_signal",0.001,3000,80,5,5,47
1636048,"min",0.75,0.607564506888599,0.114426189339271,0.60690055526365,0.629957487923156,0.666760245697897,0.703984076233527,0.70277522177793,0.693605820167461,0.702822189718922,0.712738954210098,0.0230569326595058,0.614817041447403,0,460.487233170607,6.21724893790088e-15,0,0.543956570433703,0.988224882089595,0.702822189718922,0.0038482688204994,1,0.0952576828303237,4.43793150376829e-16,1,0.712738954210098,0.0157197074088097,1.49294126162359,-0.19431916722188,8.03144217798035e-14,1,0.745558023965828,0.772722854751396,2210814,13521824,"high_signal",0.001,3000,80,5,5,48
1636049,"min",0.75,0.677655871900573,0.12282645046734,0.676530598840357,0.699350200438549,0.739169150228265,0.773963247203063,0.79538604958652,0.781882925458032,0.795400900609015,0.813488452604577,0.0228196015981913,0.635693976112665,0,833.901338476316,5.77315972805081e-15,0,0.469719317695343,0.982516163964855,0.795400900609015,-0.00502663569318123,1,0.117745028708442,3.11122979231489e-14,1,0.813488452604577,-0.0058877609190295,1.5660898188731,-0.247781509078483,3.93185750624525e-12,1,0.770539715143082,0.836961524329033,2262528,13466129,"high_signal",0.001,3000,80,5,5,49
1636050,"min",0.75,0.632796075635394,0.116550767345743,0.635568305332513,0.656352262895851,0.69248080519672,0.728545265677552,0.737521181390844,0.727569386619482,0.737521643029731,0.744574425096829,0.0207839575633383,0.634808563796552,0,273.522794389934,6.21724893790088e-15,0,0.583773987149351,0.983048225298445,0.737521643029731,0.000278823627098367,1,0.104725567394336,6.64535093619634e-15,1,0.744574425096829,0.0148443686812764,1.5914018553438,-0.262458423723611,6.33465132201157e-13,1,0.75446307400254,0.768658630463499,2238291,13595459,"high_signal",0.001,3000,80,5,5,50
1636051,"min",0.75,0.634946326900861,0.118514037856411,0.636164769804998,0.659122988925505,0.697378670430923,0.72758931285598,0.742493934032769,0.731694911783491,0.742499390698914,0.753331982812555,0.0229582191205064,0.624950887204474,0.000333333333333339,1001.001001001,5.32907051820075e-15,0,0.582226251105183,0.98355842994689,0.742499390698914,0.0014107284842654,1,0.107553063798053,3.775350402672e-15,1,0.753331982812555,-0.00402417292356432,1.5891992619019,-0.255724251245615,9.93334007641048e-13,1,0.759013086228011,0.794077085092773,2304030,13554837,"high_signal",0.001,3000,80,5,5,51
1636052,"min",0.75,0.664605191556534,0.117976001565253,0.666923778041824,0.689663835129149,0.73161715461598,0.775390003226288,0.790312932759703,0.779350808434345,0.790315904738172,0.805949860574641,0.0227400570873253,0.648494818302475,0.000333333333333344,1001.001001001,4.44089209850063e-15,0,0.452475853760441,0.990497265277269,0.790315904738172,0.000760536816506696,1,0.125710713181639,2.17126168896205e-13,1,0.805949860574641,-0.000858502661094282,1.64002785367625,-0.284021165275915,4.50595972386244e-11,1,0.768066704921894,0.826532537614776,2284204,13481502,"high_signal",0.001,3000,80,5,5,52
1636053,"min",0.75,0.637584900346615,0.119417089433175,0.637113244615855,0.659713268873252,0.696049115501907,0.722885756740085,0.735260763399692,0.724235252172198,0.73525742714525,0.744885271461365,0.0226000242573974,0.616531936872657,0,366.562316609996,6.66133814775094e-15,0,0.527832967689819,0.983301852249442,0.73525742714525,-0.00263171148578225,1,0.097672526798636,1.00038496005557e-15,1,0.744885271461365,0.0105208015275848,1.45074176855611,-0.180085774472154,1.36798128380633e-13,1,0.75485061765476,0.760430754601139,2236217,13534529,"high_signal",0.001,3000,80,5,5,53
1636054,"min",0.75,0.61901348969919,0.11481381452259,0.617510128768699,0.637538228362679,0.668312124243893,0.704087371729373,0.723026669071083,0.710242589822894,0.723024828146426,0.738003579428602,0.0200280995939799,0.605761557067978,0,627.851853136783,6.21724893790088e-15,0,0.479062165604232,0.991477297769282,0.723024828146426,0.00068900896763373,1,0.104011338447236,1.96346642648374e-15,1,0.738003579428602,0.0332458212707627,1.50402856792467,-0.193010393009721,2.16865873407338e-12,1,0.745662484315168,0.744668380866904,2168820,13515633,"high_signal",0.001,3000,80,5,5,54
1636055,"min",0.75,0.618015572820685,0.113028862167598,0.618846828017672,0.637882320832146,0.66976693982064,0.696244571001465,0.72101687971163,0.709048799380868,0.72101422464018,0.731044770938424,0.0190354928144745,0.626169461525711,0.000333333333333341,1001.001001001,4.88498130835069e-15,0,0.519703030600844,0.990334797625863,0.72101422464018,-0.0022497388580948,1,0.102998651819495,7.09684163287723e-15,1,0.731044770938424,0.000529192183573875,1.50350186183563,-0.19814279344089,1.39377635359021e-12,1,0.747037085022987,0.745489743094364,2275200,13518123,"high_signal",0.001,3000,80,5,5,55
1636056,"min",0.75,0.64752237367079,0.117469809349105,0.652406256588633,0.670759226097393,0.702672584100058,0.72656384256201,0.764778506930786,0.751607893588813,0.764783750544312,0.780979145905379,0.0183529695087606,0.634885411022134,0,573.680569013354,8.88178419700125e-15,0,0.48467144622966,0.9887605544131,0.764783750544312,-0.00333923182685236,1,0.117261376873523,3.86807622968869e-14,1,0.780979145905379,0.0150828715745795,1.63123498443991,-0.275282003233984,1.1058768123462e-11,1,0.758042158299904,0.717120333235217,2213530,13477575,"high_signal",0.001,3000,80,5,5,56
1636057,"min",0.75,0.600294212723824,0.114189595523185,0.601570540146606,0.622659296219631,0.654362218981925,0.691536013231315,0.691288458736042,0.682288210538711,0.691287164924546,0.702077415244513,0.0210887560730244,0.600528785250227,0,652.325199530167,5.10702591327572e-15,0,0.555918462963855,0.98766188883534,0.691287164924546,0.00134091577337245,1,0.090992952200722,1.12502599828683e-16,1,0.702077415244513,0.0202399599232138,1.47694058181065,-0.18452146855338,1.11690064604394e-13,1,0.742661742158877,0.750316094466507,2241664,13593049,"high_signal",0.001,3000,80,5,5,57
1636058,"min",0.75,0.672616158597709,0.120997862956574,0.671774348688163,0.696192034647274,0.739897129952097,0.781205533532144,0.796916191306111,0.784524146451116,0.79691019821484,0.810536108109859,0.024417685959111,0.641563578202901,0,305.521055207863,4.44089209850063e-15,0,0.479724745412687,0.98424089548297,0.79691019821484,0.000555064796378939,1,0.124294039617131,1.1718862917102e-13,1,0.810536108109859,0.0188673916643282,1.5995622023185,-0.265355275851703,2.0740411610376e-11,1,0.768982713835071,0.838279342696284,2209219,13467656,"high_signal",0.001,3000,80,5,5,58
1636059,"min",0.75,0.629637553166388,0.115443138440725,0.631913870258038,0.651979227803702,0.685528864207187,0.731213598858738,0.728184636833662,0.718548316242833,0.728188880600656,0.735292118989608,0.0200653575456634,0.625751006058224,0,268.871727852199,4.88498130835069e-15,0,0.540088038128967,0.98338921543372,0.728188880600656,-0.00356587069103565,1,0.0985513274342677,7.55277322165663e-15,1,0.735292118989608,0.00817488283185702,1.47949250772919,-0.196251923505003,1.31185566113838e-12,1,0.750333539506189,0.785433009097959,2203153,13507928,"high_signal",0.001,3000,80,5,5,59
1636060,"min",0.75,0.557028200153557,0.106423103207749,0.557046835406204,0.579255598711324,0.611806842664288,0.644496679712807,0.640214477644252,0.632761992113861,0.640218623434525,0.648831358264977,0.0222087633051196,0.594434617211617,0,355.665694329796,4.88498130835069e-15,0,0.632773458812035,0.988841058748255,0.640218623434525,0.00178024029744411,1,0.0831904232809687,5.15143483426073e-17,1,0.648831358264977,0.00438081136240874,1.41334859391273,-0.13844366519179,2.69991436615176e-14,1,0.724246232385507,0.672083397299472,2239974,13538834,"high_signal",0.001,3000,80,5,5,60
1636061,"min",0.75,0.601114993404202,0.113379160306933,0.600271736788971,0.623684589414682,0.659093163711235,0.693986544824449,0.696456946193418,0.68513846527055,0.696454156640811,0.709354067458039,0.023412852625711,0.60196727874942,0,349.320642362904,4.88498130835069e-15,0,0.535207663771885,0.987947796810832,0.696454156640811,0.00391572168386262,1,0.0953391632366088,4.32172816052419e-16,1,0.709354067458039,0.0381201280843282,1.47813078115617,-0.179172507307201,2.54887740543571e-13,1,0.739948852668904,0.753843124729451,2156628,13368153,"high_signal",0.001,3000,80,5,5,61
1636062,"min",0.75,0.641742708632134,0.115120133821569,0.640521802432953,0.662481680611561,0.700969149073623,0.744552662345396,0.754099984768729,0.743380397501875,0.754100080783904,0.768429357105641,0.0219598781786084,0.636710634973789,0,495.365072839144,6.21724893790088e-15,0,0.53932365484766,0.98726623100441,0.754100080783904,-7.22983800880139e-05,1,0.112357372151771,2.94662072519714e-14,1,0.768429357105641,0.0294359537012288,1.60648831432437,-0.262522805114748,5.89657271158709e-12,1,0.761964162357001,0.806401917026145,2196967,13552977,"high_signal",0.001,3000,80,5,5,62
1636063,"min",0.75,0.586624910216695,0.110542457004927,0.586263664497681,0.606487950199942,0.636593024285281,0.674353638231532,0.674040053094661,0.665410977564329,0.674045104410182,0.681522916689248,0.0202242857022613,0.598161276288594,0,194.890722255256,3.77475828372553e-15,0,0.578342765916563,0.985582083042274,0.674045104410182,0.00204619725242192,1,0.0874201941934877,1.19015908239817e-16,1,0.681522916689248,0.0212185710252471,1.40116815601541,-0.140437227031782,3.49992627472299e-14,1,0.733190866330711,0.718816818648888,2183586,13425689,"high_signal",0.001,3000,80,5,5,63
1636064,"min",0.75,0.592109586617613,0.110488039971024,0.591920994618644,0.609383883961254,0.636468267367597,0.663046332520407,0.685787315905113,0.673493693023696,0.685787473297425,0.696288377212323,0.0174628893426098,0.607991954052445,0,329.047139923086,5.55111512312578e-15,0,0.561683361526504,0.989324150601532,0.685787473297425,0.00250082957627102,1,0.093677886679812,6.03961325396085e-16,1,0.696288377212323,0.00311770281465489,1.50100799419587,-0.192472845740727,3.54780501273429e-13,1,0.736886936504197,0.722811382924335,2272421,13532712,"high_signal",0.001,3000,80,5,5,64
1636065,"min",0.75,0.637329408135757,0.118593632368956,0.635215462337117,0.658835977413579,0.696976201356761,0.724840744111953,0.742659789916769,0.730502740671131,0.742681986391811,0.755932428002974,0.0236205150764621,0.617548049919718,0,392.242162617896,4.2188474935756e-15,0,0.50883203348489,0.987068705995087,0.742681986391811,-0.00226614598678656,1,0.105352578256054,2.86111874932734e-15,1,0.755932428002974,-0.00758886548426081,1.51228213386236,-0.207889449305806,9.14680183446611e-13,1,0.754069849626794,0.783551071175983,2290395,13451744,"high_signal",0.001,3000,80,5,5,65
1636066,"min",0.75,0.605099713480772,0.113785961889603,0.605796899266356,0.627489685407868,0.660907426917123,0.687466125275779,0.706455911409569,0.695477319237404,0.706457876708454,0.719270655724246,0.0216927861415123,0.606376729343287,0,273.455033920326,5.32907051820075e-15,0,0.534216303980575,0.990637500294584,0.706457876708454,-0.000701976977712223,1,0.101358163227682,9.473903143468e-16,1,0.719270655724246,-0.00388821925417949,1.48811877759153,-0.181189590221744,4.78196149344967e-13,1,0.743055648596531,0.739363880369753,2295959,13465951,"high_signal",0.001,3000,80,5,5,66
1636067,"min",0.75,0.636396826757379,0.116892856187275,0.638897426007278,0.660236595049763,0.696206159828695,0.74168285615607,0.747317132955527,0.736875594550503,0.747285686365852,0.757984919002338,0.0213391690424857,0.627645428199794,0,369.205657219855,6.21724893790088e-15,0,0.516689026689585,0.987896546683594,0.747285686365852,0.0028081933531626,1,0.110888859608474,9.33297883420892e-15,1,0.757984919002338,0.0295162488940656,1.55880658601171,-0.234034645864016,1.70607113621675e-12,1,0.757079060952908,0.801106172273653,2187241,13561503,"high_signal",0.001,3000,80,5,5,67
1636068,"min",0.75,0.601694185999471,0.112525333013854,0.602954603117449,0.624393144854821,0.658116417204295,0.686437561850564,0.698383466386836,0.687133346236771,0.698384675500997,0.708628665630288,0.0214385417373723,0.611351764036987,0,201.058167122002,5.32907051820075e-15,0,0.527438080013816,0.98987701285373,0.698384675500997,-0.00185972767480204,1,0.0966904895015262,9.60712990642302e-16,1,0.708628665630288,-0.0220044232619721,1.46762185452898,-0.174430871485558,4.18736452919196e-13,1,0.739711073283805,0.743769478413635,2313976,13523745,"high_signal",0.001,3000,80,5,5,68
1636069,"min",0.75,0.633690117339238,0.115098154789891,0.635276745156606,0.654761358841285,0.686933959692471,0.69544074533691,0.743119049048652,0.7278268573626,0.743109675570108,0.75226652978275,0.0194846136846789,0.622809439886636,0,314.524209235287,4.44089209850063e-15,0,0.464992277076386,0.987210295499822,0.743109675570108,0.00244822705901053,1,0.109419558230871,1.62708365299598e-14,1,0.75226652978275,0.0298938201282723,1.47023806768192,-0.179408803843217,4.64804668827886e-12,1,0.743488174251586,0.7060528806213,2227425,13539521,"high_signal",0.001,3000,80,5,5,69
1636070,"min",0.75,0.652965780727192,0.116126910791994,0.655127191006803,0.675561085257651,0.711994561557085,0.744338631640404,0.768387838874056,0.756261122358007,0.768410874394543,0.780083843106188,0.0204338942508479,0.640674537030329,0,342.509421559599,5.77315972805081e-15,0,0.481182699382355,0.987472913475076,0.768410874394543,0.00375100721276003,1,0.115445093667351,6.80739908887062e-14,1,0.780083843106188,0.00131700885646249,1.56627000757638,-0.242636875220509,1.06049509914404e-11,1,0.759386776827575,0.791230326565208,2248828,13420402,"high_signal",0.001,3000,80,5,5,70
1636071,"min",0.75,0.639976274469306,0.117902409335591,0.639485047794145,0.661346986250185,0.697898087768497,0.735175808965844,0.752051101684331,0.740926756585259,0.75205789145265,0.766216255102352,0.0218619384560401,0.625735307293727,0,745.041339257725,7.105427357601e-15,0,0.539161874614166,0.986198220168482,0.75205789145265,0.00116894516703047,1,0.112081616983344,7.15575746805068e-15,1,0.766216255102352,0.0181076116864499,1.59368736067464,-0.253705844651024,1.85497128768475e-12,1,0.759219823747013,0.77965816476086,2222741,13391300,"high_signal",0.001,3000,80,5,5,71
1636072,"min",0.75,0.605450317314175,0.113315927817823,0.60604235059745,0.625947713748717,0.657515158194322,0.669584281647782,0.70235573686829,0.690819871881194,0.702380845563685,0.709414696995352,0.0199053631512669,0.613283905024903,0,290.715270433166,6.21724893790088e-15,0,0.582461394147793,0.987028770010464,0.702380845563685,-0.00386560999470063,1,0.0969305282495094,1.14723045877933e-15,1,0.709414696995352,0.0209840981225788,1.49383894281529,-0.195030564948437,3.82421649902653e-13,1,0.741055730904088,0.667809965317566,2160494,13476485,"high_signal",0.001,3000,80,5,5,72
1636073,"min",0.75,0.633791403594968,0.119598291206592,0.634703444287684,0.657638716950796,0.695060365123187,0.691390896150117,0.732687273954452,0.722761024833749,0.73269977132637,0.742099463657618,0.022935272663112,0.620005919029235,0,156.239635466304,4.88498130835069e-15,0,0.578381694119276,0.981391715967831,0.73269977132637,0.00178093131986513,1,0.0989083677314011,7.03437308402499e-16,1,0.742099463657618,0.0204768751578439,1.52483750615008,-0.224329439619491,1.78389451358877e-13,1,0.754979250627417,0.554906103442097,2217220,13439598,"high_signal",0.001,3000,80,5,5,73
1636074,"min",0.75,0.618580034623315,0.116606654548546,0.617839151723733,0.641210747061699,0.678362610693958,0.686982535474222,0.718062340539567,0.706571008795204,0.7180932093399,0.731154383386177,0.0233715953379662,0.613842372269835,0,239.364647884766,4.44089209850063e-15,0,0.581445172443069,0.984797139339452,0.7180932093399,-0.00375156179550915,1,0.099513174716585,6.67318052668027e-16,1,0.731154383386177,0.0165557182492378,1.55500752175205,-0.230742223258718,3.39186752758754e-13,1,0.749771733796036,0.71107454023373,2237156,13481064,"high_signal",0.001,3000,80,5,5,74
1636075,"min",0.75,0.633194746195989,0.114291763119457,0.632735098181752,0.655281326720859,0.693248731092822,0.726829311565412,0.740316848067422,0.729148330499367,0.740310717000771,0.753405896350973,0.0225462285391074,0.627419021888162,0,280.903315946903,4.44089209850063e-15,0,0.480967732671654,0.986108415457624,0.740310717000771,0.0035108875422939,1,0.107115970804782,1.75110296633344e-14,1,0.753405896350973,-0.00392201948648634,1.46880777063115,-0.176635467184517,3.37456403561494e-12,1,0.750870829760566,0.771608269888926,2276434,13581329,"high_signal",0.001,3000,80,5,5,75
1636076,"min",0.75,0.625384050788299,0.115808523006465,0.6277851050363,0.64979228227833,0.686152394895406,0.718108253834781,0.725290147493276,0.715236225519001,0.72528947187066,0.734591697434064,0.0220071772420307,0.622953587614673,0.000333333333333329,1001.001001001,4.44089209850063e-15,0,0.561307619272002,0.985127488476506,0.72528947187066,0.000620023415168703,1,0.0999054210823611,2.75572157685626e-15,1,0.734591697434064,0.00484275999309839,1.50364057037034,-0.205761133393765,3.74753709545909e-13,1,0.752338633370676,0.754837935105975,2228192,13607707,"high_signal",0.001,3000,80,5,5,76
1636077,"min",0.75,0.6574179712146,0.120984563026875,0.659997098210971,0.682126256415354,0.720208107309059,0.718688952550217,0.772061953656311,0.75858259714723,0.772110095513875,0.780801774305891,0.0221291582043824,0.63247322149455,0,823.269244289309,5.10702591327572e-15,0,0.564125098510577,0.981400542568818,0.772110095513875,-0.00300083723124359,1,0.114692124299275,1.71116454339426e-14,1,0.780801774305891,0.0387383508846204,1.55521669314445,-0.241625628900215,2.14790910983235e-12,1,0.761587500350579,0.736605776637468,2148883,13379472,"high_signal",0.001,3000,80,5,5,77
1636078,"min",0.75,0.616842519735242,0.113695028039011,0.614638971370932,0.636168457627163,0.67037888885943,0.681224767327136,0.720981541442595,0.708263915072598,0.721019374472753,0.736104326489269,0.0215294862562306,0.613751020340614,0,355.238416249576,4.66293670342566e-15,0,0.490985103232009,0.990402039810337,0.721019374472753,-0.00439136183129449,1,0.104176854737511,2.92491956580913e-15,1,0.736104326489269,0.00486801989215427,1.49775186986028,-0.187772710853519,8.05012205044401e-13,1,0.744519875888155,0.684472588004439,2188302,13506145,"high_signal",0.001,3000,80,5,5,78
1636079,"min",0.75,0.653120910771245,0.120732787768419,0.655684656225543,0.677808067457985,0.714319188195867,0.757544383481886,0.759674108086142,0.749859179120821,0.759730445912828,0.773782198435215,0.0221234112324419,0.622689727554421,0.000333333333333342,1001.001001001,4.88498130835069e-15,0,0.539456605155657,0.980572918243187,0.759730445912828,-0.00475251860963445,1,0.106609535141584,6.23464243195334e-15,1,0.773782198435215,-0.00383109883799576,1.54672319868661,-0.236415065802,2.72780479685745e-12,1,0.76113893907156,0.805128680638628,2293242,13465112,"high_signal",0.001,3000,80,5,5,79
1636080,"min",0.75,0.608146196426154,0.113292911876797,0.610591146860544,0.631098915915853,0.663433273607135,0.689901108676766,0.707834145499559,0.69635953163649,0.70783404944947,0.719148253778154,0.0205077690553093,0.611904926657168,0.000333333333333344,1001.001001001,5.77315972805081e-15,0,0.56811336966766,0.989994104876161,0.70783404944947,0.000154363552427805,1,0.0996878530233162,1.84652293455656e-15,1,0.719148253778154,0.00410718841690449,1.5187463014396,-0.20447153277863,1.34720264573692e-12,1,0.743521489115293,0.676377620500914,2281460,13512726,"high_signal",0.001,3000,80,5,5,80
1636081,"min",0.75,0.614904409542337,0.112722121650565,0.616766813684136,0.636912566847395,0.669760392574363,0.707995970116471,0.725047865775335,0.712360491144437,0.725044734114882,0.736392407455885,0.0201457531632582,0.619845392873178,0,795.932635319686,6.21724893790088e-15,0,0.485957912797415,0.993843284877758,0.725044734114882,-0.00091972440127013,1,0.110140324572545,1.70394069224737e-14,1,0.736392407455885,0.0101186650627146,1.56441265915363,-0.225571835001534,1.50934423478096e-11,1,0.743071011534027,0.768015291739918,2216207,13549846,"high_signal",0.001,3000,80,5,5,81
1636082,"min",0.75,0.619216042708926,0.114555778899454,0.61992988031364,0.640994160372804,0.674705857849501,0.695961388968479,0.715960904160215,0.705230311598184,0.716050902447574,0.725605454551131,0.0210642800591642,0.615446752267023,0,496.794200655457,5.32907051820075e-15,0,0.569152246135996,0.980781547733267,0.716050902447574,-0.00946103174377194,1,0.096834859738648,1.79589676463365e-15,1,0.725605454551131,-0.0223949393960399,1.41379864017259,-0.149841344603803,4.53767394030062e-13,1,0.747323478321792,0.745333464265175,2327920,13422923,"high_signal",0.001,3000,80,5,5,82
1636083,"min",0.75,0.644822125511551,0.120246412725248,0.646242716250287,0.670315155994048,0.711060786849105,0.753701094569682,0.755687811458346,0.745345612326905,0.755686600993216,0.763760686402977,0.0240724397437614,0.628615299385346,0.00033333333333334,1001.001001001,5.32907051820075e-15,0,0.560114816415749,0.984294460949113,0.755686600993216,0.00228849904418894,1,0.110864475481666,7.18121858274875e-15,1,0.763760686402977,0.0347079664523837,1.63178578777543,-0.288450893649914,3.02342032891071e-12,1,0.759295381689945,0.806568307448445,2215628,13410032,"high_signal",0.001,3000,80,5,5,83
1636084,"min",0.75,0.582174088997912,0.108325291875734,0.584380884812627,0.604370502102556,0.63520395203403,0.664210639485158,0.676741947145591,0.666387693018127,0.676758842993579,0.687468258478234,0.0199896172899292,0.606682194074446,0,649.641062590592,4.88498130835069e-15,0,0.577889136139355,0.989211889686708,0.676758842993579,-0.00183411372663781,1,0.0945847539956673,1.3846701563125e-15,1,0.687468258478234,0.0215632499839159,1.46972719909917,-0.168168834732781,1.05040331987993e-12,1,0.731568498788579,0.679801122318819,2236578,13596973,"high_signal",0.001,3000,80,5,5,84
1636085,"min",0.75,0.615362830167789,0.115482242390373,0.616575964455494,0.641366854877773,0.680953293804945,0.731413980780248,0.719423707929858,0.710572977968918,0.719422696952307,0.731602780961245,0.0247908904222798,0.614912723581456,0,311.737186843406,4.88498130835069e-15,0,0.535714373765227,0.986880507159073,0.719422696952307,-0.000413143493164208,1,0.104059866784518,1.6588212285266e-15,1,0.731602780961245,0.0137496618410321,1.51370419754132,-0.199874518074642,5.39149465813201e-13,1,0.748207914452624,0.801314296179862,2214327,13410550,"high_signal",0.001,3000,80,5,5,85
1636086,"min",0.75,0.620855563271445,0.117154475302766,0.62301280702467,0.646408999717651,0.683019933427455,0.73065682242117,0.726078966097684,0.715974331962559,0.726102788623256,0.738102201534597,0.0233961926929811,0.610109763698082,0,218.446484034512,5.10702591327572e-15,0,0.557411516778075,0.983595506554341,0.726102788623256,-0.00351724731249199,1,0.105247225351811,1.09245945623115e-15,1,0.738102201534597,0.00230196017550994,1.53950517582373,-0.217708151560747,4.56786608538096e-13,1,0.749302072082657,0.777177467242607,2248116,13523736,"high_signal",0.001,3000,80,5,5,86
1636087,"min",0.75,0.654865818900393,0.120942570557585,0.654059206827322,0.6775481712662,0.716915834312827,0.761852811083387,0.76060783833036,0.751531165669715,0.760606560519746,0.776247961196513,0.0234889644388783,0.626308865452657,0,124.217270162176,4.88498130835069e-15,0,0.518804835907322,0.981241043111899,0.760606560519746,0.000431325758420263,1,0.105740741619353,3.86572255687649e-15,1,0.776247961196513,0.0140027894876408,1.55074108485532,-0.239279369239747,8.5126368916851e-13,1,0.764778835406428,0.810843930984282,2254863,13506463,"high_signal",0.001,3000,80,5,5,87
1636088,"min",0.75,0.620934690351503,0.117389726619027,0.618423474423771,0.641529909560773,0.677941775994484,0.695348075339267,0.722399469637255,0.710779688497574,0.722405045948451,0.730574843220115,0.0231064351370017,0.611775965926223,0,207.408679550556,4.32986979603811e-15,0,0.553818695534559,0.987064003942714,0.722405045948451,-0.00201620112556445,1,0.101470355596949,5.35867646552409e-16,1,0.730574843220115,0.0377389249713105,1.50480167448133,-0.203808718564372,1.08251185793051e-13,1,0.748272508792944,0.702419697853537,2113755,13536189,"high_signal",0.001,3000,80,5,5,88
1636089,"min",0.75,0.627522146754025,0.117880938628902,0.626950947531951,0.649416111572314,0.683572521298226,0.706376324771106,0.726864276052886,0.713552620885364,0.726915985131206,0.74183941053415,0.0224651640403623,0.60324020428865,0,230.285548934296,5.77315972805081e-15,0,0.482485491269504,0.988696629698668,0.726915985131206,-0.00413876923444084,1,0.0993938383771813,5.94524429686771e-16,1,0.74183941053415,0.00866943248620869,1.47685671882924,-0.184920888113681,3.10540260173298e-13,1,0.748172249332997,0.751346387111772,2165727,13593990,"high_signal",0.001,3000,80,5,5,89
1636090,"min",0.75,0.614181467104202,0.112875750591655,0.613262631120441,0.63764824977369,0.676231218139877,0.709154306261366,0.718551236377139,0.707431321801894,0.718550763024029,0.734478307164241,0.0243856186532482,0.612733589754499,0,871.925962465118,5.32907051820075e-15,0,0.50984031317606,0.989491988487259,0.718550763024029,0.00051230439608522,1,0.104369295919827,4.37649916307237e-15,1,0.734478307164241,-0.00143505930773875,1.49321686691321,-0.182627818861258,2.37102322960444e-12,1,0.744661106199298,0.739188962056455,2260602,13651799,"high_signal",0.001,3000,80,5,5,90
1636091,"min",0.75,0.622240931939422,0.114822057941524,0.622631324739358,0.643686985313011,0.677836683831296,0.699896209553684,0.726972532493409,0.714868285173165,0.726977483729993,0.740466715571568,0.0210556605736529,0.618593902476258,0.000333333333333345,1001.001001001,7.105427357601e-15,0,0.505224438814277,0.991798860944658,0.726977483729993,-0.00148439898873755,1,0.104736551790571,5.53512791157118e-15,1,0.740466715571568,0.0122680838007708,1.52322523836407,-0.207346376301741,1.83813083272829e-12,1,0.747816799366114,0.726429416142491,2234888,13716652,"high_signal",0.001,3000,80,5,5,91
1636092,"min",0.75,0.643193948377143,0.120068849980219,0.642257338705711,0.664534152003814,0.701464824226512,0.710393031579279,0.744511163237363,0.733217129336575,0.744515005221078,0.758662969739528,0.0222768132981027,0.623750052849712,0,363.0983626348,5.32907051820075e-15,0,0.551514622922402,0.982237741809309,0.744515005221078,0.00038633093422103,1,0.101321056843935,2.32791563803403e-15,1,0.758662969739528,0.000915060559427071,1.58403072011809,-0.260176003483917,6.16166673239604e-13,1,0.760277300796217,0.734124290427417,2243513,13490852,"high_signal",0.001,3000,80,5,5,92
1636093,"min",0.75,0.619404251750559,0.113996080531342,0.618152120574729,0.642561097864991,0.681545105061372,0.732463298308389,0.724226277731736,0.714797135109126,0.724280492947774,0.739850466349105,0.0244089772902616,0.614957751430606,0,410.369740925632,4.44089209850063e-15,0,0.462386758326139,0.991948837549569,0.724280492947774,0.00438397329482531,1,0.104876241197216,5.35867646552409e-15,1,0.739850466349105,0.000319784641679958,1.49715394417992,-0.187493052201054,2.55542668507284e-12,1,0.74604139651949,0.807759985756749,2227477,13511073,"high_signal",0.001,3000,80,5,5,93
1636094,"min",0.75,0.609028289263057,0.112486128165577,0.610434224991354,0.63166482320891,0.664861102666844,0.698670125211669,0.707559803781261,0.696983503897805,0.707522513486512,0.719759330153807,0.0212305982175565,0.609924376993664,0,590.140926008226,4.44089209850063e-15,0,0.514157931928109,0.990025226567653,0.707522513486512,0.00345148493142642,1,0.0984942242234542,1.19608027186284e-15,1,0.719759330153807,0.00860571825789773,1.45554743843932,-0.166710236220117,4.79608649091764e-13,1,0.74287777225467,0.727969745035675,2262220,13463716,"high_signal",0.001,3000,80,5,5,94
1636095,"min",0.75,0.615097641895785,0.116192749468612,0.614265111697269,0.633384958206459,0.663730510097332,0.662095765734728,0.70724107630449,0.69631299384346,0.707271717275576,0.716158523600808,0.01911984650919,0.613470281699663,0,604.259866604172,4.66293670342566e-15,0,0.571685254367185,0.986087033770491,0.707271717275576,-0.00373377764346025,1,0.0921740753797906,2.27077615969999e-16,1,0.716158523600808,-0.00380779326148048,1.536604239657,-0.229003120739282,6.11857231547219e-14,1,0.748489723218518,0.631483746356642,2239274,13435134,"high_signal",0.001,3000,80,5,5,95
1636096,"min",0.75,0.645912646345233,0.119249317228589,0.645324087787832,0.66868227857955,0.70667829420769,0.74740963321705,0.756615286802557,0.744825904022362,0.756609879085141,0.77195197646978,0.0233581907917189,0.619289496927493,0,407.013492508571,4.44089209850063e-15,0,0.492901562313707,0.986559979677364,0.756609879085141,0.0011361949119259,1,0.110697232739908,4.31121804922441e-15,1,0.77195197646978,0.0129971880191399,1.55103384594225,-0.229880399533805,1.56530936360847e-12,1,0.757290367956663,0.788038289566625,2241966,13574866,"high_signal",0.001,3000,80,5,5,96
1636097,"min",0.75,0.610550948078919,0.113433329949285,0.612751922307395,0.63260591399061,0.663950323640538,0.700373052850545,0.707903678859009,0.697575280508283,0.707933209185409,0.717534447782974,0.019853991683215,0.612214616741114,0,820.255217313027,4.44089209850063e-15,0,0.534953020542511,0.990295902480455,0.707933209185409,-0.0056531745258935,1,0.0973822611064898,1.63158375698913e-15,1,0.717534447782974,0.00755913520575172,1.48210034570055,-0.187363323432594,1.0179557937325e-12,1,0.744302010235877,0.767503497100483,2217778,13536200,"high_signal",0.001,3000,80,5,5,97
1636098,"min",0.75,0.644743605348216,0.117395173931868,0.64653535119189,0.666340816384716,0.70214890883562,0.732146324120216,0.756207427620648,0.744689140881988,0.75625020902342,0.762514887096779,0.0198054651928257,0.643873436047677,0,598.378383927595,5.10702591327572e-15,0,0.55754565791032,0.984520204383282,0.75625020902342,0.00280702220371345,1,0.111506603675204,2.06930768816467e-14,1,0.762514887096779,0.0204212210256792,1.6570020779171,-0.305826606688977,2.28683857036079e-12,1,0.760987874580188,0.792774969676984,2206717,13525966,"high_signal",0.001,3000,80,5,5,98
1636099,"min",0.75,0.617737193786247,0.114982364393762,0.617630339069698,0.642394821321873,0.681313235311746,0.720810483675717,0.713383598732098,0.704909169466267,0.713439084668892,0.726052097886,0.0247644822521748,0.611128203748001,0.000333333333333326,1001.001001001,4.44089209850063e-15,0,0.524507500867771,0.987665495123642,0.713439084668892,0.00664144234879002,1,0.0957018908826454,9.84693807974206e-16,1,0.726052097886,0.0270235134261608,1.45049744836501,-0.169974125461113,3.7456423148304e-13,1,0.748797239209595,0.768174474324635,2184549,13503729,"high_signal",0.001,3000,80,5,5,99
1636100,"min",0.75,0.598638312632101,0.113071328730188,0.599472481580261,0.620527957599125,0.653341638083549,0.689049624529528,0.692827905671735,0.683607240631628,0.692827187245499,0.700830676640535,0.021055476018864,0.609136704830732,0,316.07123266657,4.2188474935756e-15,0,0.598573493542621,0.986668538897574,0.692827187245499,0.00117828312280098,1,0.0941888746133983,2.20564307558864e-16,1,0.700830676640535,0.0173797963489868,1.4886240680288,-0.190316723587757,6.65828873517664e-14,1,0.744124582047451,0.742670340556285,2183298,13439631,"high_signal",0.001,3000,80,5,5,100
