"estimator","truth","estimate","se","covered","bootstrap_success","cell","primary","clip","cell_n","cell_p","outer_folds","inner_folds","bootstrap_reps","bootstrap_fit_timeout","replication"
"direct",0.75,0.703783069926764,0.0331627642387175,TRUE,1,"randomized",TRUE,0.001,3000,80,5,5,99,86400,1
"raw_label",0.75,0.144514075876068,0.00610749200358477,FALSE,1,"randomized",TRUE,0.001,3000,80,5,5,99,86400,1
"index_projection",0.75,0.707462545966698,0.0334449917834579,TRUE,1,"randomized",TRUE,0.001,3000,80,5,5,99,86400,1
"sudo",0.75,0.729677293234188,0.0345679584726558,TRUE,1,"randomized",TRUE,0.001,3000,80,5,5,99,86400,1
"scaled",0.75,0.751225731554014,0.0388423736678141,TRUE,1,"randomized",TRUE,0.001,3000,80,5,5,99,86400,1
"orthogonal",0.75,0.764907524388845,0.0460774174198736,TRUE,1,"randomized",TRUE,0.001,3000,80,5,5,99,86400,1
"targeted_projection",0.75,0.775760807449005,0.0405203729025903,TRUE,1,"randomized",TRUE,0.001,3000,80,5,5,99,86400,1
"targeted_sudo",0.75,0.764770512541475,0.0393513275425677,TRUE,1,"randomized",TRUE,0.001,3000,80,5,5,99,86400,1
"pit_intercept_tilt",0.75,0.77579216768005,0.0405206580429605,TRUE,1,"randomized",TRUE,0.001,3000,80,5,5,99,86400,1
"pit_affine_tilt",0.75,0.777262967722678,0.0421062748618519,TRUE,1,"randomized",TRUE,0.001,3000,80,5,5,99,86400,1
"affine_calibrated_sudo",0.75,0.780942007853668,0.0424854984318626,TRUE,1,"randomized",TRUE,0.001,3000,80,5,5,99,86400,1
"direct",0.75,0.670185336114614,0.0412311242741374,TRUE,1,"randomized",TRUE,0.001,3000,80,5,5,99,86400,2
"raw_label",0.75,0.134763008629109,0.0073704199601734,FALSE,1,"randomized",TRUE,0.001,3000,80,5,5,99,86400,2
"index_projection",0.75,0.666647260940095,0.0418909117136021,FALSE,1,"randomized",TRUE,0.001,3000,80,5,5,99,86400,2
"sudo",0.75,0.68703542515681,0.0418255030681438,TRUE,1,"randomized",TRUE,0.001,3000,80,5,5,99,86400,2
"scaled",0.75,0.706771848205954,0.0437105894209704,TRUE,1,"randomized",TRUE,0.001,3000,80,5,5,99,86400,2
"orthogonal",0.75,0.712007835166864,0.05111516343351,TRUE,1,"randomized",TRUE,0.001,3000,80,5,5,99,86400,2
"targeted_projection",0.75,0.736394984828945,0.0466401595745737,TRUE,1,"randomized",TRUE,0.001,3000,80,5,5,99,86400,2
"targeted_sudo",0.75,0.727710929608361,0.0455105979313986,TRUE,1,"randomized",TRUE,0.001,3000,80,5,5,99,86400,2
"pit_intercept_tilt",0.75,0.736385098890759,0.0466415938796027,TRUE,1,"randomized",TRUE,0.001,3000,80,5,5,99,86400,2
"pit_affine_tilt",0.75,0.738009757546649,0.0479446955383593,TRUE,1,"randomized",TRUE,0.001,3000,80,5,5,99,86400,2
"affine_calibrated_sudo",0.75,0.728606084322959,0.0480960060991719,TRUE,1,"randomized",TRUE,0.001,3000,80,5,5,99,86400,2
"direct",0.75,0.634657107464606,0.0379074244700017,FALSE,1,"randomized",TRUE,0.001,3000,80,5,5,99,86400,3
"raw_label",0.75,0.127308951731759,0.00679872025354793,FALSE,1,"randomized",TRUE,0.001,3000,80,5,5,99,86400,3
"index_projection",0.75,0.630327758643472,0.0380201270079456,FALSE,1,"randomized",TRUE,0.001,3000,80,5,5,99,86400,3
"sudo",0.75,0.655744791397512,0.0390046102986482,FALSE,1,"randomized",TRUE,0.001,3000,80,5,5,99,86400,3
"scaled",0.75,0.679722819993119,0.0419427360050838,TRUE,1,"randomized",TRUE,0.001,3000,80,5,5,99,86400,3
"orthogonal",0.75,0.682847711352853,0.0454337497054921,TRUE,1,"randomized",TRUE,0.001,3000,80,5,5,99,86400,3
"targeted_projection",0.75,0.704090268634516,0.0421794303592224,TRUE,1,"randomized",TRUE,0.001,3000,80,5,5,99,86400,3
"targeted_sudo",0.75,0.693850855533867,0.0410281384736807,TRUE,1,"randomized",TRUE,0.001,3000,80,5,5,99,86400,3
"pit_intercept_tilt",0.75,0.704056870316782,0.042190055633357,TRUE,1,"randomized",TRUE,0.001,3000,80,5,5,99,86400,3
"pit_affine_tilt",0.75,0.708324487410743,0.0430296838705238,TRUE,1,"randomized",TRUE,0.001,3000,80,5,5,99,86400,3
"affine_calibrated_sudo",0.75,0.700070140517894,0.0438450148883831,TRUE,1,"randomized",TRUE,0.001,3000,80,5,5,99,86400,3
"direct",0.75,0.666604186114523,0.0369925137567822,FALSE,1,"randomized",TRUE,0.001,3000,80,5,5,99,86400,4
"raw_label",0.75,0.136038639947651,0.00743689499947281,FALSE,1,"randomized",TRUE,0.001,3000,80,5,5,99,86400,4
"index_projection",0.75,0.665934644965949,0.0375588695167314,FALSE,1,"randomized",TRUE,0.001,3000,80,5,5,99,86400,4
"sudo",0.75,0.691235325688065,0.0391625226867237,TRUE,1,"randomized",TRUE,0.001,3000,80,5,5,99,86400,4
"scaled",0.75,0.715395465656019,0.0428095332390217,TRUE,1,"randomized",TRUE,0.001,3000,80,5,5,99,86400,4
"orthogonal",0.75,0.745229739733576,0.0458923957908251,TRUE,1,"randomized",TRUE,0.001,3000,80,5,5,99,86400,4
"targeted_projection",0.75,0.727028160131801,0.0451973261162352,TRUE,1,"randomized",TRUE,0.001,3000,80,5,5,99,86400,4
"targeted_sudo",0.75,0.722324094842572,0.0438887398645189,TRUE,1,"randomized",TRUE,0.001,3000,80,5,5,99,86400,4
"pit_intercept_tilt",0.75,0.727026238103637,0.0451900946693776,TRUE,1,"randomized",TRUE,0.001,3000,80,5,5,99,86400,4
"pit_affine_tilt",0.75,0.729602907048363,0.0469742456084591,TRUE,1,"randomized",TRUE,0.001,3000,80,5,5,99,86400,4
"affine_calibrated_sudo",0.75,0.731471541331951,0.0464815486565671,TRUE,1,"randomized",TRUE,0.001,3000,80,5,5,99,86400,4
"direct",0.75,0.663605002736281,0.0440344740806556,FALSE,1,"randomized",TRUE,0.001,3000,80,5,5,99,86400,5
"raw_label",0.75,0.132659942016942,0.00756017898235091,FALSE,1,"randomized",TRUE,0.001,3000,80,5,5,99,86400,5
"index_projection",0.75,0.667989316017535,0.0443585128910029,TRUE,1,"randomized",TRUE,0.001,3000,80,5,5,99,86400,5
"sudo",0.75,0.681415043962962,0.0445844760458383,TRUE,1,"randomized",TRUE,0.001,3000,80,5,5,99,86400,5
"scaled",0.75,0.694365775932632,0.0463982445697038,TRUE,1,"randomized",TRUE,0.001,3000,80,5,5,99,86400,5
"orthogonal",0.75,0.631703761124985,0.0955570538330513,TRUE,1,"randomized",TRUE,0.001,3000,80,5,5,99,86400,5
"targeted_projection",0.75,0.729023851802401,0.0517297549160941,TRUE,1,"randomized",TRUE,0.001,3000,80,5,5,99,86400,5
"targeted_sudo",0.75,0.715533503599764,0.0500371531813433,TRUE,1,"randomized",TRUE,0.001,3000,80,5,5,99,86400,5
"pit_intercept_tilt",0.75,0.729030809326264,0.0517322109086787,TRUE,1,"randomized",TRUE,0.001,3000,80,5,5,99,86400,5
"pit_affine_tilt",0.75,0.733500762216799,0.0539102679464275,TRUE,1,"randomized",TRUE,0.001,3000,80,5,5,99,86400,5
"affine_calibrated_sudo",0.75,0.726585699464183,0.053169873096665,TRUE,1,"randomized",TRUE,0.001,3000,80,5,5,99,86400,5
"direct",0.75,0.688314660555106,0.0377036777248368,TRUE,1,"randomized",TRUE,0.001,3000,80,5,5,99,86400,6
"raw_label",0.75,0.140088468976785,0.00748268920701782,FALSE,1,"randomized",TRUE,0.001,3000,80,5,5,99,86400,6
"index_projection",0.75,0.688132320898508,0.0379224099277647,TRUE,1,"randomized",TRUE,0.001,3000,80,5,5,99,86400,6
"sudo",0.75,0.717276526892778,0.0403701430547506,TRUE,1,"randomized",TRUE,0.001,3000,80,5,5,99,86400,6
"scaled",0.75,0.744919794876778,0.0450843888303419,TRUE,1,"randomized",TRUE,0.001,3000,80,5,5,99,86400,6
"orthogonal",0.75,0.769673614133986,0.0485397569463551,TRUE,1,"randomized",TRUE,0.001,3000,80,5,5,99,86400,6
"targeted_projection",0.75,0.748308814824676,0.0459880124466125,TRUE,1,"randomized",TRUE,0.001,3000,80,5,5,99,86400,6
"targeted_sudo",0.75,0.744709924001372,0.0450693142326845,TRUE,1,"randomized",TRUE,0.001,3000,80,5,5,99,86400,6
"pit_intercept_tilt",0.75,0.74830678445992,0.0459906804154055,TRUE,1,"randomized",TRUE,0.001,3000,80,5,5,99,86400,6
"pit_affine_tilt",0.75,0.751209738860072,0.0472467469714087,TRUE,1,"randomized",TRUE,0.001,3000,80,5,5,99,86400,6
"affine_calibrated_sudo",0.75,0.757768345007617,0.0478182915657265,TRUE,1,"randomized",TRUE,0.001,3000,80,5,5,99,86400,6
"direct",0.75,0.626312297881328,0.0377412751156508,FALSE,1,"randomized",TRUE,0.001,3000,80,5,5,99,86400,7
"raw_label",0.75,0.129647927368941,0.00727143144652344,FALSE,1,"randomized",TRUE,0.001,3000,80,5,5,99,86400,7
"index_projection",0.75,0.631059127814621,0.0374965631551331,FALSE,1,"randomized",TRUE,0.001,3000,80,5,5,99,86400,7
"sudo",0.75,0.652448324263784,0.038545065766675,FALSE,1,"randomized",TRUE,0.001,3000,80,5,5,99,86400,7
"scaled",0.75,0.672362743425895,0.0412365369035051,TRUE,1,"randomized",TRUE,0.001,3000,80,5,5,99,86400,7
"orthogonal",0.75,0.680427936188238,0.0468639543892667,TRUE,1,"randomized",TRUE,0.001,3000,80,5,5,99,86400,7
"targeted_projection",0.75,0.688789447544512,0.0427659496621479,TRUE,1,"randomized",TRUE,0.001,3000,80,5,5,99,86400,7
"targeted_sudo",0.75,0.680820378798082,0.0417865906764072,TRUE,1,"randomized",TRUE,0.001,3000,80,5,5,99,86400,7
"pit_intercept_tilt",0.75,0.688798779051001,0.0427638174598662,TRUE,1,"randomized",TRUE,0.001,3000,80,5,5,99,86400,7
"pit_affine_tilt",0.75,0.689038433666671,0.0436588528935664,TRUE,1,"randomized",TRUE,0.001,3000,80,5,5,99,86400,7
"affine_calibrated_sudo",0.75,0.691929300935992,0.0440631031804819,TRUE,1,"randomized",TRUE,0.001,3000,80,5,5,99,86400,7
"direct",0.75,0.67492958790679,0.0407458305053227,TRUE,1,"randomized",TRUE,0.001,3000,80,5,5,99,86400,8
"raw_label",0.75,0.134336754466499,0.00747939993547137,FALSE,1,"randomized",TRUE,0.001,3000,80,5,5,99,86400,8
"index_projection",0.75,0.675693066810702,0.0410086687685369,TRUE,1,"randomized",TRUE,0.001,3000,80,5,5,99,86400,8
"sudo",0.75,0.69792203849348,0.0425270495898966,TRUE,1,"randomized",TRUE,0.001,3000,80,5,5,99,86400,8
"scaled",0.75,0.719611716477073,0.0458487112731295,TRUE,1,"randomized",TRUE,0.001,3000,80,5,5,99,86400,8
"orthogonal",0.75,0.74412405106638,0.0503458342867383,TRUE,1,"randomized",TRUE,0.001,3000,80,5,5,99,86400,8
"targeted_projection",0.75,0.743053235398781,0.0476627357070083,TRUE,1,"randomized",TRUE,0.001,3000,80,5,5,99,86400,8
"targeted_sudo",0.75,0.735761008653832,0.0464191535098504,TRUE,1,"randomized",TRUE,0.001,3000,80,5,5,99,86400,8
"pit_intercept_tilt",0.75,0.743052981511467,0.0476598434382952,TRUE,1,"randomized",TRUE,0.001,3000,80,5,5,99,86400,8
"pit_affine_tilt",0.75,0.746220490818113,0.0490539162262513,TRUE,1,"randomized",TRUE,0.001,3000,80,5,5,99,86400,8
"affine_calibrated_sudo",0.75,0.74308779682333,0.0497424210081829,TRUE,1,"randomized",TRUE,0.001,3000,80,5,5,99,86400,8
"direct",0.75,0.686011456289513,0.0407118253246678,TRUE,1,"randomized",TRUE,0.001,3000,80,5,5,99,86400,9
"raw_label",0.75,0.135892189265753,0.007683804454163,FALSE,1,"randomized",TRUE,0.001,3000,80,5,5,99,86400,9
"index_projection",0.75,0.690853229520016,0.0401981781827942,TRUE,1,"randomized",TRUE,0.001,3000,80,5,5,99,86400,9
"sudo",0.75,0.71611181256766,0.0425695339702163,TRUE,1,"randomized",TRUE,0.001,3000,80,5,5,99,86400,9
"scaled",0.75,0.741194423321855,0.0472653389999012,TRUE,1,"randomized",TRUE,0.001,3000,80,5,5,99,86400,9
"orthogonal",0.75,0.745424919704046,0.0620682520321729,TRUE,1,"randomized",TRUE,0.001,3000,80,5,5,99,86400,9
"targeted_projection",0.75,0.757997205416225,0.0502193268613595,TRUE,1,"randomized",TRUE,0.001,3000,80,5,5,99,86400,9
"targeted_sudo",0.75,0.749526534241338,0.0486817264176904,TRUE,1,"randomized",TRUE,0.001,3000,80,5,5,99,86400,9
"pit_intercept_tilt",0.75,0.757996327471336,0.0502289395577142,TRUE,1,"randomized",TRUE,0.001,3000,80,5,5,99,86400,9
"pit_affine_tilt",0.75,0.762244083402476,0.0519637901955372,TRUE,1,"randomized",TRUE,0.001,3000,80,5,5,99,86400,9
"affine_calibrated_sudo",0.75,0.764746697490846,0.0511803979776796,TRUE,1,"randomized",TRUE,0.001,3000,80,5,5,99,86400,9
"direct",0.75,0.61084471408931,0.0356912846037138,FALSE,1,"randomized",TRUE,0.001,3000,80,5,5,99,86400,10
"raw_label",0.75,0.12883947714216,0.00735648981652084,FALSE,1,"randomized",TRUE,0.001,3000,80,5,5,99,86400,10
"index_projection",0.75,0.612061106197733,0.0352863049913391,FALSE,1,"randomized",TRUE,0.001,3000,80,5,5,99,86400,10
"sudo",0.75,0.634874192725263,0.0369378232075292,FALSE,1,"randomized",TRUE,0.001,3000,80,5,5,99,86400,10
"scaled",0.75,0.655000411934168,0.0400165612738157,FALSE,1,"randomized",TRUE,0.001,3000,80,5,5,99,86400,10
"orthogonal",0.75,0.671227349345651,0.0447049418200129,TRUE,1,"randomized",TRUE,0.001,3000,80,5,5,99,86400,10
"targeted_projection",0.75,0.668165347593835,0.0431780080853217,TRUE,1,"randomized",TRUE,0.001,3000,80,5,5,99,86400,10
"targeted_sudo",0.75,0.662344278070019,0.04196528642162,FALSE,1,"randomized",TRUE,0.001,3000,80,5,5,99,86400,10
"pit_intercept_tilt",0.75,0.668183907766943,0.0431844930120139,TRUE,1,"randomized",TRUE,0.001,3000,80,5,5,99,86400,10
"pit_affine_tilt",0.75,0.669218076276719,0.0439264108579226,TRUE,1,"randomized",TRUE,0.001,3000,80,5,5,99,86400,10
"affine_calibrated_sudo",0.75,0.671149387275956,0.0425685400217287,TRUE,1,"randomized",TRUE,0.001,3000,80,5,5,99,86400,10
"direct",0.75,0.619011177251027,0.0391957959392902,FALSE,1,"randomized",TRUE,0.001,3000,80,5,5,99,86400,11
"raw_label",0.75,0.128978145471109,0.0075663862985416,FALSE,1,"randomized",TRUE,0.001,3000,80,5,5,99,86400,11
"index_projection",0.75,0.617052864050123,0.0391456607390674,FALSE,1,"randomized",TRUE,0.001,3000,80,5,5,99,86400,11
"sudo",0.75,0.643858647957308,0.0404656481122872,FALSE,1,"randomized",TRUE,0.001,3000,80,5,5,99,86400,11
"scaled",0.75,0.667759218424854,0.0433453088133023,TRUE,1,"randomized",TRUE,0.001,3000,80,5,5,99,86400,11
"orthogonal",0.75,0.659000246139841,0.0583699739901821,TRUE,1,"randomized",TRUE,0.001,3000,80,5,5,99,86400,11
"targeted_projection",0.75,0.68843823084369,0.046002432143724,TRUE,1,"randomized",TRUE,0.001,3000,80,5,5,99,86400,11
"targeted_sudo",0.75,0.679192908928247,0.0451122896510398,TRUE,1,"randomized",TRUE,0.001,3000,80,5,5,99,86400,11
"pit_intercept_tilt",0.75,0.688448953322016,0.0459970389283966,TRUE,1,"randomized",TRUE,0.001,3000,80,5,5,99,86400,11
"pit_affine_tilt",0.75,0.692079491835904,0.0469458789417888,TRUE,1,"randomized",TRUE,0.001,3000,80,5,5,99,86400,11
"affine_calibrated_sudo",0.75,0.687560415320339,0.0464910472593116,TRUE,1,"randomized",TRUE,0.001,3000,80,5,5,99,86400,11
"direct",0.75,0.699808624316905,0.0395284907502378,TRUE,1,"randomized",TRUE,0.001,3000,80,5,5,99,86400,12
"raw_label",0.75,0.143836661722892,0.00755420699584498,FALSE,1,"randomized",TRUE,0.001,3000,80,5,5,99,86400,12
"index_projection",0.75,0.700997864650004,0.0396374704463088,TRUE,1,"randomized",TRUE,0.001,3000,80,5,5,99,86400,12
"sudo",0.75,0.728351413936687,0.0413826358757479,TRUE,1,"randomized",TRUE,0.001,3000,80,5,5,99,86400,12
"scaled",0.75,0.754992232517223,0.0453122619251349,TRUE,1,"randomized",TRUE,0.001,3000,80,5,5,99,86400,12
"orthogonal",0.75,0.787378484721729,0.0505634572494969,TRUE,1,"randomized",TRUE,0.001,3000,80,5,5,99,86400,12
"targeted_projection",0.75,0.774818132731688,0.0478993903338372,TRUE,1,"randomized",TRUE,0.001,3000,80,5,5,99,86400,12
"targeted_sudo",0.75,0.767878530923605,0.0463984825561963,TRUE,1,"randomized",TRUE,0.001,3000,80,5,5,99,86400,12
"pit_intercept_tilt",0.75,0.774812594628823,0.047901843018576,TRUE,1,"randomized",TRUE,0.001,3000,80,5,5,99,86400,12
"pit_affine_tilt",0.75,0.776883550803788,0.0495418452004432,TRUE,1,"randomized",TRUE,0.001,3000,80,5,5,99,86400,12
"affine_calibrated_sudo",0.75,0.775434657152155,0.0497082849771204,TRUE,1,"randomized",TRUE,0.001,3000,80,5,5,99,86400,12
"direct",0.75,0.772659094619257,0.0415715649829446,TRUE,1,"randomized",TRUE,0.001,3000,80,5,5,99,86400,13
"raw_label",0.75,0.156504300585654,0.00754266376209218,FALSE,1,"randomized",TRUE,0.001,3000,80,5,5,99,86400,13
"index_projection",0.75,0.773007461934228,0.0410838511493101,TRUE,1,"randomized",TRUE,0.001,3000,80,5,5,99,86400,13
"sudo",0.75,0.797163151260186,0.043687261136136,TRUE,1,"randomized",TRUE,0.001,3000,80,5,5,99,86400,13
"scaled",0.75,0.821572993504818,0.0489414354500347,TRUE,1,"randomized",TRUE,0.001,3000,80,5,5,99,86400,13
"orthogonal",0.75,0.816870213301627,0.0572998386528515,TRUE,1,"randomized",TRUE,0.001,3000,80,5,5,99,86400,13
"targeted_projection",0.75,0.853032950078676,0.0520648916246516,FALSE,1,"randomized",TRUE,0.001,3000,80,5,5,99,86400,13
"targeted_sudo",0.75,0.839637808326274,0.0509401856742531,TRUE,1,"randomized",TRUE,0.001,3000,80,5,5,99,86400,13
"pit_intercept_tilt",0.75,0.853033679206677,0.0520691322835153,FALSE,1,"randomized",TRUE,0.001,3000,80,5,5,99,86400,13
"pit_affine_tilt",0.75,0.857247764664923,0.0547793214760949,TRUE,1,"randomized",TRUE,0.001,3000,80,5,5,99,86400,13
"affine_calibrated_sudo",0.75,0.854585726205045,0.0543554002416403,TRUE,1,"randomized",TRUE,0.001,3000,80,5,5,99,86400,13
"direct",0.75,0.668807075976339,0.0434705212085216,TRUE,1,"randomized",TRUE,0.001,3000,80,5,5,99,86400,14
"raw_label",0.75,0.138847608630092,0.00849618328566553,FALSE,1,"randomized",TRUE,0.001,3000,80,5,5,99,86400,14
"index_projection",0.75,0.666500686331223,0.0431161758597754,TRUE,1,"randomized",TRUE,0.001,3000,80,5,5,99,86400,14
"sudo",0.75,0.693543893968382,0.045896938009792,TRUE,1,"randomized",TRUE,0.001,3000,80,5,5,99,86400,14
"scaled",0.75,0.717894653852937,0.0505987092730006,TRUE,1,"randomized",TRUE,0.001,3000,80,5,5,99,86400,14
"orthogonal",0.75,0.74346585384952,0.0558772612854787,TRUE,1,"randomized",TRUE,0.001,3000,80,5,5,99,86400,14
"targeted_projection",0.75,0.735797594648762,0.0527118690880814,TRUE,1,"randomized",TRUE,0.001,3000,80,5,5,99,86400,14
"targeted_sudo",0.75,0.729578991912757,0.0513475826756488,TRUE,1,"randomized",TRUE,0.001,3000,80,5,5,99,86400,14
"pit_intercept_tilt",0.75,0.735796471997004,0.0527101608510443,TRUE,1,"randomized",TRUE,0.001,3000,80,5,5,99,86400,14
"pit_affine_tilt",0.75,0.740720306743946,0.0542517562889373,TRUE,1,"randomized",TRUE,0.001,3000,80,5,5,99,86400,14
"affine_calibrated_sudo",0.75,0.738294920376927,0.0538773573654438,TRUE,1,"randomized",TRUE,0.001,3000,80,5,5,99,86400,14
"direct",0.75,0.682948189797614,0.0371415309592985,TRUE,1,"randomized",TRUE,0.001,3000,80,5,5,99,86400,15
"raw_label",0.75,0.14030524185042,0.00662498419902223,FALSE,1,"randomized",TRUE,0.001,3000,80,5,5,99,86400,15
"index_projection",0.75,0.68097715170408,0.0365616266665277,TRUE,1,"randomized",TRUE,0.001,3000,80,5,5,99,86400,15
"sudo",0.75,0.706299178442776,0.0365816961713641,TRUE,1,"randomized",TRUE,0.001,3000,80,5,5,99,86400,15
"scaled",0.75,0.729807307136027,0.038693338133035,TRUE,1,"randomized",TRUE,0.001,3000,80,5,5,99,86400,15
"orthogonal",0.75,0.758390002907175,0.0422487765076948,TRUE,1,"randomized",TRUE,0.001,3000,80,5,5,99,86400,15
"targeted_projection",0.75,0.745753953618045,0.0429046249454443,TRUE,1,"randomized",TRUE,0.001,3000,80,5,5,99,86400,15
"targeted_sudo",0.75,0.740140829970839,0.0414522589517786,TRUE,1,"randomized",TRUE,0.001,3000,80,5,5,99,86400,15
"pit_intercept_tilt",0.75,0.745795178177713,0.0429052909659315,TRUE,1,"randomized",TRUE,0.001,3000,80,5,5,99,86400,15
"pit_affine_tilt",0.75,0.747913436081774,0.0439371519379064,TRUE,1,"randomized",TRUE,0.001,3000,80,5,5,99,86400,15
"affine_calibrated_sudo",0.75,0.74577649242293,0.0423807386825818,TRUE,1,"randomized",TRUE,0.001,3000,80,5,5,99,86400,15
"direct",0.75,0.695608493467931,0.0424473053541966,TRUE,1,"randomized",TRUE,0.001,3000,80,5,5,99,86400,16
"raw_label",0.75,0.140136087870681,0.00728332151119068,FALSE,1,"randomized",TRUE,0.001,3000,80,5,5,99,86400,16
"index_projection",0.75,0.694506842896177,0.0414576210788197,TRUE,1,"randomized",TRUE,0.001,3000,80,5,5,99,86400,16
"sudo",0.75,0.718125869565972,0.0431986952564481,TRUE,1,"randomized",TRUE,0.001,3000,80,5,5,99,86400,16
"scaled",0.75,0.741075603344351,0.0469508794793805,TRUE,1,"randomized",TRUE,0.001,3000,80,5,5,99,86400,16
"orthogonal",0.75,0.750150025209026,0.0579489492567025,TRUE,1,"randomized",TRUE,0.001,3000,80,5,5,99,86400,16
"targeted_projection",0.75,0.760671577663102,0.0508320456798217,TRUE,1,"randomized",TRUE,0.001,3000,80,5,5,99,86400,16
"targeted_sudo",0.75,0.752394930904895,0.0496154298013602,TRUE,1,"randomized",TRUE,0.001,3000,80,5,5,99,86400,16
"pit_intercept_tilt",0.75,0.760713807691119,0.0508361076261374,TRUE,1,"randomized",TRUE,0.001,3000,80,5,5,99,86400,16
"pit_affine_tilt",0.75,0.762959773567557,0.0526012893636071,TRUE,1,"randomized",TRUE,0.001,3000,80,5,5,99,86400,16
"affine_calibrated_sudo",0.75,0.759715166076718,0.0516070718468462,TRUE,1,"randomized",TRUE,0.001,3000,80,5,5,99,86400,16
"direct",0.75,0.70835530585788,0.0428126564912464,TRUE,1,"randomized",TRUE,0.001,3000,80,5,5,99,86400,17
"raw_label",0.75,0.142086081129441,0.00796522691675668,FALSE,1,"randomized",TRUE,0.001,3000,80,5,5,99,86400,17
"index_projection",0.75,0.711423350986146,0.0422785711551535,TRUE,1,"randomized",TRUE,0.001,3000,80,5,5,99,86400,17
"sudo",0.75,0.736673012891278,0.0445357882742429,TRUE,1,"randomized",TRUE,0.001,3000,80,5,5,99,86400,17
"scaled",0.75,0.761129444369413,0.0488508004309662,TRUE,1,"randomized",TRUE,0.001,3000,80,5,5,99,86400,17
"orthogonal",0.75,0.808694605995742,0.0560078312808372,TRUE,1,"randomized",TRUE,0.001,3000,80,5,5,99,86400,17
"targeted_projection",0.75,0.779124241218321,0.0528001509292982,TRUE,1,"randomized",TRUE,0.001,3000,80,5,5,99,86400,17
"targeted_sudo",0.75,0.770072100797533,0.0512955752942223,TRUE,1,"randomized",TRUE,0.001,3000,80,5,5,99,86400,17
"pit_intercept_tilt",0.75,0.779125794119734,0.0528031367213057,TRUE,1,"randomized",TRUE,0.001,3000,80,5,5,99,86400,17
"pit_affine_tilt",0.75,0.788104350306993,0.0546747055733231,TRUE,1,"randomized",TRUE,0.001,3000,80,5,5,99,86400,17
"affine_calibrated_sudo",0.75,0.795222647657527,0.0542746909018412,TRUE,1,"randomized",TRUE,0.001,3000,80,5,5,99,86400,17
"direct",0.75,0.617630506080555,0.0387483433006172,FALSE,1,"randomized",TRUE,0.001,3000,80,5,5,99,86400,18
"raw_label",0.75,0.127832127183126,0.00712086083949655,FALSE,1,"randomized",TRUE,0.001,3000,80,5,5,99,86400,18
"index_projection",0.75,0.616507445425182,0.0391700595543612,FALSE,1,"randomized",TRUE,0.001,3000,80,5,5,99,86400,18
"sudo",0.75,0.640878598659598,0.0405536532513685,FALSE,1,"randomized",TRUE,0.001,3000,80,5,5,99,86400,18
"scaled",0.75,0.663233882151099,0.0440637670463276,FALSE,1,"randomized",TRUE,0.001,3000,80,5,5,99,86400,18
"orthogonal",0.75,0.697106870794523,0.0479034856391924,TRUE,1,"randomized",TRUE,0.001,3000,80,5,5,99,86400,18
"targeted_projection",0.75,0.679371325849529,0.0442356516358543,TRUE,1,"randomized",TRUE,0.001,3000,80,5,5,99,86400,18
"targeted_sudo",0.75,0.675852108449033,0.0430889284805214,TRUE,1,"randomized",TRUE,0.001,3000,80,5,5,99,86400,18
"pit_intercept_tilt",0.75,0.67944832028653,0.0442440359731094,TRUE,1,"randomized",TRUE,0.001,3000,80,5,5,99,86400,18
"pit_affine_tilt",0.75,0.68109354136716,0.045850215241136,TRUE,1,"randomized",TRUE,0.001,3000,80,5,5,99,86400,18
"affine_calibrated_sudo",0.75,0.675996454591571,0.0472623640021025,TRUE,1,"randomized",TRUE,0.001,3000,80,5,5,99,86400,18
"direct",0.75,0.655025686410689,0.0403037447879709,FALSE,1,"randomized",TRUE,0.001,3000,80,5,5,99,86400,19
"raw_label",0.75,0.135174305567753,0.00765482220449201,FALSE,1,"randomized",TRUE,0.001,3000,80,5,5,99,86400,19
"index_projection",0.75,0.652038384351316,0.0397532048246956,FALSE,1,"randomized",TRUE,0.001,3000,80,5,5,99,86400,19
"sudo",0.75,0.675457977095299,0.0418341260250142,TRUE,1,"randomized",TRUE,0.001,3000,80,5,5,99,86400,19
"scaled",0.75,0.697002938326745,0.0457659667724036,TRUE,1,"randomized",TRUE,0.001,3000,80,5,5,99,86400,19
"orthogonal",0.75,0.649825507256389,0.0868733100368515,TRUE,1,"randomized",TRUE,0.001,3000,80,5,5,99,86400,19
"targeted_projection",0.75,0.718229007698041,0.0491258354003404,TRUE,1,"randomized",TRUE,0.001,3000,80,5,5,99,86400,19
"targeted_sudo",0.75,0.710006250615861,0.0479448812193409,TRUE,1,"randomized",TRUE,0.001,3000,80,5,5,99,86400,19
"pit_intercept_tilt",0.75,0.718223039331254,0.0491312068590833,TRUE,1,"randomized",TRUE,0.001,3000,80,5,5,99,86400,19
"pit_affine_tilt",0.75,0.720967724771454,0.0511238177264751,TRUE,1,"randomized",TRUE,0.001,3000,80,5,5,99,86400,19
"affine_calibrated_sudo",0.75,0.717585042098419,0.0502906986304578,TRUE,1,"randomized",TRUE,0.001,3000,80,5,5,99,86400,19
"direct",0.75,0.678059860309859,0.0412701134588589,TRUE,1,"randomized",TRUE,0.001,3000,80,5,5,99,86400,20
"raw_label",0.75,0.139527875884637,0.00797191340170718,FALSE,1,"randomized",TRUE,0.001,3000,80,5,5,99,86400,20
"index_projection",0.75,0.679643483584638,0.0408904429274744,TRUE,1,"randomized",TRUE,0.001,3000,80,5,5,99,86400,20
"sudo",0.75,0.704447917299426,0.0418081701409675,TRUE,1,"randomized",TRUE,0.001,3000,80,5,5,99,86400,20
"scaled",0.75,0.728063946525136,0.0445412288329057,TRUE,1,"randomized",TRUE,0.001,3000,80,5,5,99,86400,20
"orthogonal",0.75,0.755468872861409,0.0500939804181647,TRUE,1,"randomized",TRUE,0.001,3000,80,5,5,99,86400,20
"targeted_projection",0.75,0.750894465926438,0.0488495136320116,TRUE,1,"randomized",TRUE,0.001,3000,80,5,5,99,86400,20
"targeted_sudo",0.75,0.742628946014047,0.0474069096282143,TRUE,1,"randomized",TRUE,0.001,3000,80,5,5,99,86400,20
"pit_intercept_tilt",0.75,0.750862495261913,0.048845982676235,TRUE,1,"randomized",TRUE,0.001,3000,80,5,5,99,86400,20
"pit_affine_tilt",0.75,0.752857783581891,0.0499137486064316,TRUE,1,"randomized",TRUE,0.001,3000,80,5,5,99,86400,20
"affine_calibrated_sudo",0.75,0.757485507198915,0.0491607181491977,TRUE,1,"randomized",TRUE,0.001,3000,80,5,5,99,86400,20
"direct",0.75,0.660504532897134,0.0350143970563979,FALSE,1,"randomized",TRUE,0.001,3000,80,5,5,99,86400,21
"raw_label",0.75,0.132668847220302,0.00702135113898899,FALSE,1,"randomized",TRUE,0.001,3000,80,5,5,99,86400,21
"index_projection",0.75,0.659224137368879,0.03459250034499,FALSE,1,"randomized",TRUE,0.001,3000,80,5,5,99,86400,21
"sudo",0.75,0.68233752275664,0.036101290940835,TRUE,1,"randomized",TRUE,0.001,3000,80,5,5,99,86400,21
"scaled",0.75,0.704789139024436,0.0398100128592049,TRUE,1,"randomized",TRUE,0.001,3000,80,5,5,99,86400,21
"orthogonal",0.75,0.7240987831493,0.0396612287123274,TRUE,1,"randomized",TRUE,0.001,3000,80,5,5,99,86400,21
"targeted_projection",0.75,0.724552986757404,0.0439513802400802,TRUE,1,"randomized",TRUE,0.001,3000,80,5,5,99,86400,21
"targeted_sudo",0.75,0.71733532905252,0.0420712656755084,TRUE,1,"randomized",TRUE,0.001,3000,80,5,5,99,86400,21
"pit_intercept_tilt",0.75,0.724551268474924,0.0439496566098562,TRUE,1,"randomized",TRUE,0.001,3000,80,5,5,99,86400,21
"pit_affine_tilt",0.75,0.726278164488059,0.0450736002264107,TRUE,1,"randomized",TRUE,0.001,3000,80,5,5,99,86400,21
"affine_calibrated_sudo",0.75,0.72420945024209,0.0430664333317838,TRUE,1,"randomized",TRUE,0.001,3000,80,5,5,99,86400,21
"direct",0.75,0.725125502217576,0.0389968082637817,TRUE,1,"randomized",TRUE,0.001,3000,80,5,5,99,86400,22
"raw_label",0.75,0.143919848307323,0.00751444775488874,FALSE,1,"randomized",TRUE,0.001,3000,80,5,5,99,86400,22
"index_projection",0.75,0.72357336991834,0.0381840603999262,TRUE,1,"randomized",TRUE,0.001,3000,80,5,5,99,86400,22
"sudo",0.75,0.752291322683031,0.0409230320864573,TRUE,1,"randomized",TRUE,0.001,3000,80,5,5,99,86400,22
"scaled",0.75,0.781969376934164,0.0460597254717168,TRUE,1,"randomized",TRUE,0.001,3000,80,5,5,99,86400,22
"orthogonal",0.75,0.793107616695883,0.0548460652437157,TRUE,1,"randomized",TRUE,0.001,3000,80,5,5,99,86400,22
"targeted_projection",0.75,0.808275662871602,0.0478026874275426,TRUE,1,"randomized",TRUE,0.001,3000,80,5,5,99,86400,22
"targeted_sudo",0.75,0.798879449780758,0.0469579464021805,TRUE,1,"randomized",TRUE,0.001,3000,80,5,5,99,86400,22
"pit_intercept_tilt",0.75,0.808274917102902,0.047804311835762,TRUE,1,"randomized",TRUE,0.001,3000,80,5,5,99,86400,22
"pit_affine_tilt",0.75,0.812544181318372,0.0495792982917843,TRUE,1,"randomized",TRUE,0.001,3000,80,5,5,99,86400,22
"affine_calibrated_sudo",0.75,0.80952625909676,0.0495699794485078,TRUE,1,"randomized",TRUE,0.001,3000,80,5,5,99,86400,22
"direct",0.75,0.656726257879871,0.0442812454567832,FALSE,1,"randomized",TRUE,0.001,3000,80,5,5,99,86400,23
"raw_label",0.75,0.136164026936805,0.00835623639747848,FALSE,1,"randomized",TRUE,0.001,3000,80,5,5,99,86400,23
"index_projection",0.75,0.658169004493031,0.0438516139756791,FALSE,1,"randomized",TRUE,0.001,3000,80,5,5,99,86400,23
"sudo",0.75,0.678602483244384,0.0464874815915285,TRUE,1,"randomized",TRUE,0.001,3000,80,5,5,99,86400,23
"scaled",0.75,0.697173852272099,0.050537847877153,TRUE,1,"randomized",TRUE,0.001,3000,80,5,5,99,86400,23
"orthogonal",0.75,0.684000383808545,0.0612791633893467,TRUE,1,"randomized",TRUE,0.001,3000,80,5,5,99,86400,23
"targeted_projection",0.75,0.721046083846562,0.0538804708119896,TRUE,1,"randomized",TRUE,0.001,3000,80,5,5,99,86400,23
"targeted_sudo",0.75,0.708053473625781,0.0527223870275967,TRUE,1,"randomized",TRUE,0.001,3000,80,5,5,99,86400,23
"pit_intercept_tilt",0.75,0.721053044624881,0.0538808584916463,TRUE,1,"randomized",TRUE,0.001,3000,80,5,5,99,86400,23
"pit_affine_tilt",0.75,0.72650845465943,0.0554617832244488,TRUE,1,"randomized",TRUE,0.001,3000,80,5,5,99,86400,23
"affine_calibrated_sudo",0.75,0.720215795993991,0.0544013305639467,TRUE,1,"randomized",TRUE,0.001,3000,80,5,5,99,86400,23
"direct",0.75,0.702224677842924,0.0339742433076297,TRUE,1,"randomized",TRUE,0.001,3000,80,5,5,99,86400,24
"raw_label",0.75,0.141677984312854,0.0068667518144835,FALSE,1,"randomized",TRUE,0.001,3000,80,5,5,99,86400,24
"index_projection",0.75,0.703748299168867,0.0339022851905643,TRUE,1,"randomized",TRUE,0.001,3000,80,5,5,99,86400,24
"sudo",0.75,0.726703615910275,0.0352272254005214,TRUE,1,"randomized",TRUE,0.001,3000,80,5,5,99,86400,24
"scaled",0.75,0.749248361714364,0.0390268734234663,TRUE,1,"randomized",TRUE,0.001,3000,80,5,5,99,86400,24
"orthogonal",0.75,0.779390831459417,0.043365092509526,TRUE,1,"randomized",TRUE,0.001,3000,80,5,5,99,86400,24
"targeted_projection",0.75,0.772950488334645,0.0422799129275638,TRUE,1,"randomized",TRUE,0.001,3000,80,5,5,99,86400,24
"targeted_sudo",0.75,0.763763651710837,0.0410530077007545,TRUE,1,"randomized",TRUE,0.001,3000,80,5,5,99,86400,24
"pit_intercept_tilt",0.75,0.772952213566796,0.0422855023750495,TRUE,1,"randomized",TRUE,0.001,3000,80,5,5,99,86400,24
"pit_affine_tilt",0.75,0.776518040606905,0.0437556540843229,TRUE,1,"randomized",TRUE,0.001,3000,80,5,5,99,86400,24
"affine_calibrated_sudo",0.75,0.778510926518299,0.0427814069003385,TRUE,1,"randomized",TRUE,0.001,3000,80,5,5,99,86400,24
"direct",0.75,0.587091082813159,0.0391757007021027,FALSE,1,"randomized",TRUE,0.001,3000,80,5,5,99,86400,25
"raw_label",0.75,0.12221857107105,0.00717373120940038,FALSE,1,"randomized",TRUE,0.001,3000,80,5,5,99,86400,25
"index_projection",0.75,0.587241230489753,0.0387253891687437,FALSE,1,"randomized",TRUE,0.001,3000,80,5,5,99,86400,25
"sudo",0.75,0.610041250868546,0.038927886243179,FALSE,1,"randomized",TRUE,0.001,3000,80,5,5,99,86400,25
"scaled",0.75,0.630112925127342,0.0408988704868698,FALSE,1,"randomized",TRUE,0.001,3000,80,5,5,99,86400,25
"orthogonal",0.75,0.649129775209242,0.0448089516273753,FALSE,1,"randomized",TRUE,0.001,3000,80,5,5,99,86400,25
"targeted_projection",0.75,0.645376411341622,0.0443905589265739,FALSE,1,"randomized",TRUE,0.001,3000,80,5,5,99,86400,25
"targeted_sudo",0.75,0.639636494484714,0.0431619494251929,FALSE,1,"randomized",TRUE,0.001,3000,80,5,5,99,86400,25
"pit_intercept_tilt",0.75,0.645393317113354,0.0443935579684202,FALSE,1,"randomized",TRUE,0.001,3000,80,5,5,99,86400,25
"pit_affine_tilt",0.75,0.64834929712415,0.0451137302598911,FALSE,1,"randomized",TRUE,0.001,3000,80,5,5,99,86400,25
"affine_calibrated_sudo",0.75,0.645716449887362,0.0439524744893329,FALSE,1,"randomized",TRUE,0.001,3000,80,5,5,99,86400,25
"direct",0.75,0.615170486755025,0.0338409677455386,FALSE,1,"randomized",TRUE,0.001,3000,80,5,5,99,86400,26
"raw_label",0.75,0.130734656235735,0.00713734564307708,FALSE,1,"randomized",TRUE,0.001,3000,80,5,5,99,86400,26
"index_projection",0.75,0.614051231026895,0.0344325794110121,FALSE,1,"randomized",TRUE,0.001,3000,80,5,5,99,86400,26
"sudo",0.75,0.637350275620461,0.0373801270425634,FALSE,1,"randomized",TRUE,0.001,3000,80,5,5,99,86400,26
"scaled",0.75,0.657474279206425,0.0419605137545802,FALSE,1,"randomized",TRUE,0.001,3000,80,5,5,99,86400,26
"orthogonal",0.75,0.663266896712275,0.0466533205212677,TRUE,1,"randomized",TRUE,0.001,3000,80,5,5,99,86400,26
"targeted_projection",0.75,0.676233099717726,0.0425113129210949,TRUE,1,"randomized",TRUE,0.001,3000,80,5,5,99,86400,26
"targeted_sudo",0.75,0.66888780651609,0.0416110431078405,TRUE,1,"randomized",TRUE,0.001,3000,80,5,5,99,86400,26
"pit_intercept_tilt",0.75,0.676246894028803,0.0425135376911306,TRUE,1,"randomized",TRUE,0.001,3000,80,5,5,99,86400,26
"pit_affine_tilt",0.75,0.676836892040529,0.043286550096236,TRUE,1,"randomized",TRUE,0.001,3000,80,5,5,99,86400,26
"affine_calibrated_sudo",0.75,0.673406511298447,0.0440094174750939,TRUE,1,"randomized",TRUE,0.001,3000,80,5,5,99,86400,26
"direct",0.75,0.681668750047857,0.0417256760644706,TRUE,1,"randomized",TRUE,0.001,3000,80,5,5,99,86400,27
"raw_label",0.75,0.134207299238465,0.00792112692737762,FALSE,1,"randomized",TRUE,0.001,3000,80,5,5,99,86400,27
"index_projection",0.75,0.682740938600628,0.0413500271596604,TRUE,1,"randomized",TRUE,0.001,3000,80,5,5,99,86400,27
"sudo",0.75,0.699277971147057,0.0436133204586776,TRUE,1,"randomized",TRUE,0.001,3000,80,5,5,99,86400,27
"scaled",0.75,0.715680993552489,0.0477479513686718,TRUE,1,"randomized",TRUE,0.001,3000,80,5,5,99,86400,27
"orthogonal",0.75,0.708244690317022,0.05284502739367,TRUE,1,"randomized",TRUE,0.001,3000,80,5,5,99,86400,27
"targeted_projection",0.75,0.742153462009204,0.0514787694647391,TRUE,1,"randomized",TRUE,0.001,3000,80,5,5,99,86400,27
"targeted_sudo",0.75,0.731528654648617,0.0496612236041162,TRUE,1,"randomized",TRUE,0.001,3000,80,5,5,99,86400,27
"pit_intercept_tilt",0.75,0.742154532380923,0.05147222389402,TRUE,1,"randomized",TRUE,0.001,3000,80,5,5,99,86400,27
"pit_affine_tilt",0.75,0.746034757972366,0.0534598913450493,TRUE,1,"randomized",TRUE,0.001,3000,80,5,5,99,86400,27
"affine_calibrated_sudo",0.75,0.743678926980476,0.0533400648377115,TRUE,1,"randomized",TRUE,0.001,3000,80,5,5,99,86400,27
"direct",0.75,0.619921303974083,0.044087542593494,FALSE,1,"randomized",TRUE,0.001,3000,80,5,5,99,86400,28
"raw_label",0.75,0.124672160972873,0.00782516235441108,FALSE,1,"randomized",TRUE,0.001,3000,80,5,5,99,86400,28
"index_projection",0.75,0.622925022589765,0.043974006938731,FALSE,1,"randomized",TRUE,0.001,3000,80,5,5,99,86400,28
"sudo",0.75,0.643446008059738,0.0444796521807485,FALSE,1,"randomized",TRUE,0.001,3000,80,5,5,99,86400,28
"scaled",0.75,0.661979609461183,0.0468388752070997,TRUE,1,"randomized",TRUE,0.001,3000,80,5,5,99,86400,28
"orthogonal",0.75,0.71030430199968,0.0509156243778664,TRUE,1,"randomized",TRUE,0.001,3000,80,5,5,99,86400,28
"targeted_projection",0.75,0.664885170208313,0.0487074367248129,TRUE,1,"randomized",TRUE,0.001,3000,80,5,5,99,86400,28
"targeted_sudo",0.75,0.662742011846513,0.0477974120677707,TRUE,1,"randomized",TRUE,0.001,3000,80,5,5,99,86400,28
"pit_intercept_tilt",0.75,0.66487785861721,0.0487210552746658,TRUE,1,"randomized",TRUE,0.001,3000,80,5,5,99,86400,28
"pit_affine_tilt",0.75,0.668123200102653,0.0492979177133906,TRUE,1,"randomized",TRUE,0.001,3000,80,5,5,99,86400,28
"affine_calibrated_sudo",0.75,0.678297559120802,0.0494228215885113,TRUE,1,"randomized",TRUE,0.001,3000,80,5,5,99,86400,28
"direct",0.75,0.648762133874203,0.0366278539319807,FALSE,1,"randomized",TRUE,0.001,3000,80,5,5,99,86400,29
"raw_label",0.75,0.133234233978301,0.00761337038231439,FALSE,1,"randomized",TRUE,0.001,3000,80,5,5,99,86400,29
"index_projection",0.75,0.650083696143511,0.0362579640295746,FALSE,1,"randomized",TRUE,0.001,3000,80,5,5,99,86400,29
"sudo",0.75,0.671407695063678,0.0383370645350645,FALSE,1,"randomized",TRUE,0.001,3000,80,5,5,99,86400,29
"scaled",0.75,0.691226369363891,0.0423473469794203,TRUE,1,"randomized",TRUE,0.001,3000,80,5,5,99,86400,29
"orthogonal",0.75,0.693416292444257,0.0469895961347166,TRUE,1,"randomized",TRUE,0.001,3000,80,5,5,99,86400,29
"targeted_projection",0.75,0.707208166522294,0.0431834728874282,TRUE,1,"randomized",TRUE,0.001,3000,80,5,5,99,86400,29
"targeted_sudo",0.75,0.700281175016719,0.0425185330410786,TRUE,1,"randomized",TRUE,0.001,3000,80,5,5,99,86400,29
"pit_intercept_tilt",0.75,0.707212598153343,0.0431850487998553,TRUE,1,"randomized",TRUE,0.001,3000,80,5,5,99,86400,29
"pit_affine_tilt",0.75,0.707486695220306,0.0437122514021545,TRUE,1,"randomized",TRUE,0.001,3000,80,5,5,99,86400,29
"affine_calibrated_sudo",0.75,0.707576059939817,0.0439870916605205,TRUE,1,"randomized",TRUE,0.001,3000,80,5,5,99,86400,29
"direct",0.75,0.615169367673378,0.0395872725431847,FALSE,1,"randomized",TRUE,0.001,3000,80,5,5,99,86400,30
"raw_label",0.75,0.125794839315448,0.00752588656548228,FALSE,1,"randomized",TRUE,0.001,3000,80,5,5,99,86400,30
"index_projection",0.75,0.614232890139772,0.0396624740881346,FALSE,1,"randomized",TRUE,0.001,3000,80,5,5,99,86400,30
"sudo",0.75,0.638648395583074,0.0421734753084526,FALSE,1,"randomized",TRUE,0.001,3000,80,5,5,99,86400,30
"scaled",0.75,0.661420842337716,0.0465405559689515,TRUE,1,"randomized",TRUE,0.001,3000,80,5,5,99,86400,30
"orthogonal",0.75,0.661867392759642,0.0546839412550422,TRUE,1,"randomized",TRUE,0.001,3000,80,5,5,99,86400,30
"targeted_projection",0.75,0.680041649204957,0.0480394199253184,TRUE,1,"randomized",TRUE,0.001,3000,80,5,5,99,86400,30
"targeted_sudo",0.75,0.672138593757798,0.0469533851234932,TRUE,1,"randomized",TRUE,0.001,3000,80,5,5,99,86400,30
"pit_intercept_tilt",0.75,0.680038055140175,0.0480430887098515,TRUE,1,"randomized",TRUE,0.001,3000,80,5,5,99,86400,30
"pit_affine_tilt",0.75,0.684425623884272,0.0495069234387478,TRUE,1,"randomized",TRUE,0.001,3000,80,5,5,99,86400,30
"affine_calibrated_sudo",0.75,0.680363881196059,0.0496093362219032,TRUE,1,"randomized",TRUE,0.001,3000,80,5,5,99,86400,30
"direct",0.75,0.661419321481173,0.0364122704236372,FALSE,1,"randomized",TRUE,0.001,3000,80,5,5,99,86400,31
"raw_label",0.75,0.134184764346967,0.00705467065291832,FALSE,1,"randomized",TRUE,0.001,3000,80,5,5,99,86400,31
"index_projection",0.75,0.663427048454915,0.0362861741410698,FALSE,1,"randomized",TRUE,0.001,3000,80,5,5,99,86400,31
"sudo",0.75,0.687113241207072,0.0365349277503627,TRUE,1,"randomized",TRUE,0.001,3000,80,5,5,99,86400,31
"scaled",0.75,0.71031577803023,0.0384801434100654,TRUE,1,"randomized",TRUE,0.001,3000,80,5,5,99,86400,31
"orthogonal",0.75,0.735145133666848,0.0416815235455627,TRUE,1,"randomized",TRUE,0.001,3000,80,5,5,99,86400,31
"targeted_projection",0.75,0.736537230418835,0.0424620008319249,TRUE,1,"randomized",TRUE,0.001,3000,80,5,5,99,86400,31
"targeted_sudo",0.75,0.726161050795115,0.0410280816111826,TRUE,1,"randomized",TRUE,0.001,3000,80,5,5,99,86400,31
"pit_intercept_tilt",0.75,0.736544936872926,0.0424638926137834,TRUE,1,"randomized",TRUE,0.001,3000,80,5,5,99,86400,31
"pit_affine_tilt",0.75,0.737033411950739,0.0433949797305101,TRUE,1,"randomized",TRUE,0.001,3000,80,5,5,99,86400,31
"affine_calibrated_sudo",0.75,0.739125879631329,0.042605599562421,TRUE,1,"randomized",TRUE,0.001,3000,80,5,5,99,86400,31
"direct",0.75,0.688029326822368,0.0387864164518805,TRUE,1,"randomized",TRUE,0.001,3000,80,5,5,99,86400,32
"raw_label",0.75,0.136539202803099,0.00767868855559309,FALSE,1,"randomized",TRUE,0.001,3000,80,5,5,99,86400,32
"index_projection",0.75,0.690656446363509,0.0387589185301415,TRUE,1,"randomized",TRUE,0.001,3000,80,5,5,99,86400,32
"sudo",0.75,0.713686644267031,0.0406235914925751,TRUE,1,"randomized",TRUE,0.001,3000,80,5,5,99,86400,32
"scaled",0.75,0.736394430024149,0.0443361912166838,TRUE,1,"randomized",TRUE,0.001,3000,80,5,5,99,86400,32
"orthogonal",0.75,0.740813321721389,0.0592674878313703,TRUE,1,"randomized",TRUE,0.001,3000,80,5,5,99,86400,32
"targeted_projection",0.75,0.761471713264458,0.046117668570176,TRUE,1,"randomized",TRUE,0.001,3000,80,5,5,99,86400,32
"targeted_sudo",0.75,0.751358638694836,0.045898870907759,TRUE,1,"randomized",TRUE,0.001,3000,80,5,5,99,86400,32
"pit_intercept_tilt",0.75,0.761500785568731,0.046112904599714,TRUE,1,"randomized",TRUE,0.001,3000,80,5,5,99,86400,32
"pit_affine_tilt",0.75,0.765724080272231,0.0473849305885359,TRUE,1,"randomized",TRUE,0.001,3000,80,5,5,99,86400,32
"affine_calibrated_sudo",0.75,0.76562127359718,0.0469297968767666,TRUE,1,"randomized",TRUE,0.001,3000,80,5,5,99,86400,32
"direct",0.75,0.642020444632411,0.0426056813696552,FALSE,1,"randomized",TRUE,0.001,3000,80,5,5,99,86400,33
"raw_label",0.75,0.12948302950688,0.0077028844463549,FALSE,1,"randomized",TRUE,0.001,3000,80,5,5,99,86400,33
"index_projection",0.75,0.643966818269519,0.0416679999143,FALSE,1,"randomized",TRUE,0.001,3000,80,5,5,99,86400,33
"sudo",0.75,0.668494334035772,0.0441424919816798,TRUE,1,"randomized",TRUE,0.001,3000,80,5,5,99,86400,33
"scaled",0.75,0.692104131882855,0.0484625155208068,TRUE,1,"randomized",TRUE,0.001,3000,80,5,5,99,86400,33
"orthogonal",0.75,0.694692457160858,0.063660458916282,TRUE,1,"randomized",TRUE,0.001,3000,80,5,5,99,86400,33
"targeted_projection",0.75,0.707118931542868,0.0509778087696359,TRUE,1,"randomized",TRUE,0.001,3000,80,5,5,99,86400,33
"targeted_sudo",0.75,0.700644061663438,0.0498607921991168,TRUE,1,"randomized",TRUE,0.001,3000,80,5,5,99,86400,33
"pit_intercept_tilt",0.75,0.707118259070584,0.0509640631874276,TRUE,1,"randomized",TRUE,0.001,3000,80,5,5,99,86400,33
"pit_affine_tilt",0.75,0.710239122293508,0.0528734079204718,TRUE,1,"randomized",TRUE,0.001,3000,80,5,5,99,86400,33
"affine_calibrated_sudo",0.75,0.708933465248669,0.0527382827746165,TRUE,1,"randomized",TRUE,0.001,3000,80,5,5,99,86400,33
"direct",0.75,0.692610537712556,0.0380815432187407,TRUE,1,"randomized",TRUE,0.001,3000,80,5,5,99,86400,34
"raw_label",0.75,0.142712851331901,0.00755919047998112,FALSE,1,"randomized",TRUE,0.001,3000,80,5,5,99,86400,34
"index_projection",0.75,0.686100870033801,0.0377965427521891,TRUE,1,"randomized",TRUE,0.001,3000,80,5,5,99,86400,34
"sudo",0.75,0.71133941990412,0.0398042395811909,TRUE,1,"randomized",TRUE,0.001,3000,80,5,5,99,86400,34
"scaled",0.75,0.733707848249379,0.0437375517523949,TRUE,1,"randomized",TRUE,0.001,3000,80,5,5,99,86400,34
"orthogonal",0.75,0.746723500834755,0.0526767912354225,TRUE,1,"randomized",TRUE,0.001,3000,80,5,5,99,86400,34
"targeted_projection",0.75,0.749986736672906,0.0464447997648073,TRUE,1,"randomized",TRUE,0.001,3000,80,5,5,99,86400,34
"targeted_sudo",0.75,0.743194521528371,0.0451225231696627,TRUE,1,"randomized",TRUE,0.001,3000,80,5,5,99,86400,34
"pit_intercept_tilt",0.75,0.749975281948967,0.0464439345034221,TRUE,1,"randomized",TRUE,0.001,3000,80,5,5,99,86400,34
"pit_affine_tilt",0.75,0.756268221537872,0.0485487448995994,TRUE,1,"randomized",TRUE,0.001,3000,80,5,5,99,86400,34
"affine_calibrated_sudo",0.75,0.749033779494481,0.0475116557986707,TRUE,1,"randomized",TRUE,0.001,3000,80,5,5,99,86400,34
"direct",0.75,0.645295344218503,0.0399645266874073,FALSE,1,"randomized",TRUE,0.001,3000,80,5,5,99,86400,35
"raw_label",0.75,0.133790547388957,0.00804125844372443,FALSE,1,"randomized",TRUE,0.001,3000,80,5,5,99,86400,35
"index_projection",0.75,0.644843996793589,0.0395355747863588,FALSE,1,"randomized",TRUE,0.001,3000,80,5,5,99,86400,35
"sudo",0.75,0.668526823469987,0.041202053600127,FALSE,1,"randomized",TRUE,0.001,3000,80,5,5,99,86400,35
"scaled",0.75,0.689603589404699,0.0445650141239778,TRUE,1,"randomized",TRUE,0.001,3000,80,5,5,99,86400,35
"orthogonal",0.75,0.706612827121078,0.0498042535946673,TRUE,1,"randomized",TRUE,0.001,3000,80,5,5,99,86400,35
"targeted_projection",0.75,0.707589502665646,0.046486284412677,TRUE,1,"randomized",TRUE,0.001,3000,80,5,5,99,86400,35
"targeted_sudo",0.75,0.700161579163432,0.0454810035485812,TRUE,1,"randomized",TRUE,0.001,3000,80,5,5,99,86400,35
"pit_intercept_tilt",0.75,0.707588626835936,0.0464897316523449,TRUE,1,"randomized",TRUE,0.001,3000,80,5,5,99,86400,35
"pit_affine_tilt",0.75,0.712593423690045,0.0470536881235678,TRUE,1,"randomized",TRUE,0.001,3000,80,5,5,99,86400,35
"affine_calibrated_sudo",0.75,0.707480894789199,0.0462275866222891,TRUE,1,"randomized",TRUE,0.001,3000,80,5,5,99,86400,35
"direct",0.75,0.734490692073637,0.0383977259243217,TRUE,1,"randomized",TRUE,0.001,3000,80,5,5,99,86400,36
"raw_label",0.75,0.14425905185873,0.00694087772148775,FALSE,1,"randomized",TRUE,0.001,3000,80,5,5,99,86400,36
"index_projection",0.75,0.730739432818735,0.0387805925975097,TRUE,1,"randomized",TRUE,0.001,3000,80,5,5,99,86400,36
"sudo",0.75,0.75927681920504,0.0392615737793249,TRUE,1,"randomized",TRUE,0.001,3000,80,5,5,99,86400,36
"scaled",0.75,0.789482481597671,0.0420366023451279,TRUE,1,"randomized",TRUE,0.001,3000,80,5,5,99,86400,36
"orthogonal",0.75,0.819826186681466,0.0465335578753922,TRUE,1,"randomized",TRUE,0.001,3000,80,5,5,99,86400,36
"targeted_projection",0.75,0.823503581258483,0.04781689970418,TRUE,1,"randomized",TRUE,0.001,3000,80,5,5,99,86400,36
"targeted_sudo",0.75,0.811537799488171,0.0459714813976268,TRUE,1,"randomized",TRUE,0.001,3000,80,5,5,99,86400,36
"pit_intercept_tilt",0.75,0.8235124412332,0.0478226929897696,TRUE,1,"randomized",TRUE,0.001,3000,80,5,5,99,86400,36
"pit_affine_tilt",0.75,0.828070658892167,0.0501192295747904,TRUE,1,"randomized",TRUE,0.001,3000,80,5,5,99,86400,36
"affine_calibrated_sudo",0.75,0.82084063780225,0.0497100055421982,TRUE,1,"randomized",TRUE,0.001,3000,80,5,5,99,86400,36
"direct",0.75,0.676515985230599,0.0375307094967851,TRUE,1,"randomized",TRUE,0.001,3000,80,5,5,99,86400,37
"raw_label",0.75,0.139738269343639,0.00763599633939166,FALSE,1,"randomized",TRUE,0.001,3000,80,5,5,99,86400,37
"index_projection",0.75,0.678150734810395,0.0373585994204292,TRUE,1,"randomized",TRUE,0.001,3000,80,5,5,99,86400,37
"sudo",0.75,0.706581746780647,0.0400056681002361,TRUE,1,"randomized",TRUE,0.001,3000,80,5,5,99,86400,37
"scaled",0.75,0.733035853765214,0.04445941558754,TRUE,1,"randomized",TRUE,0.001,3000,80,5,5,99,86400,37
"orthogonal",0.75,0.772020484192618,0.0516934395655659,TRUE,1,"randomized",TRUE,0.001,3000,80,5,5,99,86400,37
"targeted_projection",0.75,0.743939536010493,0.0471799008858802,TRUE,1,"randomized",TRUE,0.001,3000,80,5,5,99,86400,37
"targeted_sudo",0.75,0.738954929072997,0.0460018850083904,TRUE,1,"randomized",TRUE,0.001,3000,80,5,5,99,86400,37
"pit_intercept_tilt",0.75,0.743926664948859,0.0471823600478261,TRUE,1,"randomized",TRUE,0.001,3000,80,5,5,99,86400,37
"pit_affine_tilt",0.75,0.748830770367271,0.048642676779119,TRUE,1,"randomized",TRUE,0.001,3000,80,5,5,99,86400,37
"affine_calibrated_sudo",0.75,0.753031072802076,0.0482860519747806,TRUE,1,"randomized",TRUE,0.001,3000,80,5,5,99,86400,37
"direct",0.75,0.615770371440596,0.0394048561508969,FALSE,1,"randomized",TRUE,0.001,3000,80,5,5,99,86400,38
"raw_label",0.75,0.12731046220609,0.00757234871131241,FALSE,1,"randomized",TRUE,0.001,3000,80,5,5,99,86400,38
"index_projection",0.75,0.616912216989494,0.0393817995251244,FALSE,1,"randomized",TRUE,0.001,3000,80,5,5,99,86400,38
"sudo",0.75,0.641739032477942,0.0403457950033919,FALSE,1,"randomized",TRUE,0.001,3000,80,5,5,99,86400,38
"scaled",0.75,0.664147859560394,0.0432323958637291,FALSE,1,"randomized",TRUE,0.001,3000,80,5,5,99,86400,38
"orthogonal",0.75,0.692612886463348,0.0471571796825431,TRUE,1,"randomized",TRUE,0.001,3000,80,5,5,99,86400,38
"targeted_projection",0.75,0.67495813755232,0.0472024859923636,TRUE,1,"randomized",TRUE,0.001,3000,80,5,5,99,86400,38
"targeted_sudo",0.75,0.669204426897491,0.0456093153522977,TRUE,1,"randomized",TRUE,0.001,3000,80,5,5,99,86400,38
"pit_intercept_tilt",0.75,0.67495396662165,0.0472002935038605,TRUE,1,"randomized",TRUE,0.001,3000,80,5,5,99,86400,38
"pit_affine_tilt",0.75,0.677051616283499,0.0487591261903726,TRUE,1,"randomized",TRUE,0.001,3000,80,5,5,99,86400,38
"affine_calibrated_sudo",0.75,0.682107463881389,0.0475213525723528,TRUE,1,"randomized",TRUE,0.001,3000,80,5,5,99,86400,38
"direct",0.75,0.641300035427654,0.0333126351721629,FALSE,1,"randomized",TRUE,0.001,3000,80,5,5,99,86400,39
"raw_label",0.75,0.1318114923137,0.00662628471270173,FALSE,1,"randomized",TRUE,0.001,3000,80,5,5,99,86400,39
"index_projection",0.75,0.64363448315654,0.0327793780276636,FALSE,1,"randomized",TRUE,0.001,3000,80,5,5,99,86400,39
"sudo",0.75,0.665958346677311,0.0352341541360671,FALSE,1,"randomized",TRUE,0.001,3000,80,5,5,99,86400,39
"scaled",0.75,0.686326167933681,0.0395281412779468,TRUE,1,"randomized",TRUE,0.001,3000,80,5,5,99,86400,39
"orthogonal",0.75,0.706478701640068,0.0438808944102943,TRUE,1,"randomized",TRUE,0.001,3000,80,5,5,99,86400,39
"targeted_projection",0.75,0.707721491091552,0.0405372173790218,TRUE,1,"randomized",TRUE,0.001,3000,80,5,5,99,86400,39
"targeted_sudo",0.75,0.69830293669136,0.0393539175316789,TRUE,1,"randomized",TRUE,0.001,3000,80,5,5,99,86400,39
"pit_intercept_tilt",0.75,0.7076762512341,0.0405391821785279,TRUE,1,"randomized",TRUE,0.001,3000,80,5,5,99,86400,39
"pit_affine_tilt",0.75,0.712545492020878,0.0419608319970637,TRUE,1,"randomized",TRUE,0.001,3000,80,5,5,99,86400,39
"affine_calibrated_sudo",0.75,0.711184811762942,0.0422752136589497,TRUE,1,"randomized",TRUE,0.001,3000,80,5,5,99,86400,39
"direct",0.75,0.67050372337136,0.0349597018266022,FALSE,1,"randomized",TRUE,0.001,3000,80,5,5,99,86400,40
"raw_label",0.75,0.135479753010285,0.00676502194220201,FALSE,1,"randomized",TRUE,0.001,3000,80,5,5,99,86400,40
"index_projection",0.75,0.674430799110146,0.0354930659644684,FALSE,1,"randomized",TRUE,0.001,3000,80,5,5,99,86400,40
"sudo",0.75,0.695366390021588,0.0373024816333793,TRUE,1,"randomized",TRUE,0.001,3000,80,5,5,99,86400,40
"scaled",0.75,0.715360165287142,0.0409156843422597,TRUE,1,"randomized",TRUE,0.001,3000,80,5,5,99,86400,40
"orthogonal",0.75,0.735020479714309,0.0462624873127259,TRUE,1,"randomized",TRUE,0.001,3000,80,5,5,99,86400,40
"targeted_projection",0.75,0.728430184754265,0.0426820768150195,TRUE,1,"randomized",TRUE,0.001,3000,80,5,5,99,86400,40
"targeted_sudo",0.75,0.721873721327157,0.0414427007570905,TRUE,1,"randomized",TRUE,0.001,3000,80,5,5,99,86400,40
"pit_intercept_tilt",0.75,0.728429981042019,0.0426787073085399,TRUE,1,"randomized",TRUE,0.001,3000,80,5,5,99,86400,40
"pit_affine_tilt",0.75,0.73104475869747,0.0437041077773061,TRUE,1,"randomized",TRUE,0.001,3000,80,5,5,99,86400,40
"affine_calibrated_sudo",0.75,0.7376806314431,0.0437348686142289,TRUE,1,"randomized",TRUE,0.001,3000,80,5,5,99,86400,40
"direct",0.75,0.684569606206244,0.0402121585966636,TRUE,1,"randomized",TRUE,0.001,3000,80,5,5,99,86400,41
"raw_label",0.75,0.134562860079206,0.00753295018159776,FALSE,1,"randomized",TRUE,0.001,3000,80,5,5,99,86400,41
"index_projection",0.75,0.6851791526578,0.0398406685600319,TRUE,1,"randomized",TRUE,0.001,3000,80,5,5,99,86400,41
"sudo",0.75,0.705406322349008,0.0427812316215952,TRUE,1,"randomized",TRUE,0.001,3000,80,5,5,99,86400,41
"scaled",0.75,0.72532195356968,0.0475654211295915,TRUE,1,"randomized",TRUE,0.001,3000,80,5,5,99,86400,41
"orthogonal",0.75,0.726722815833659,0.0535778074919698,TRUE,1,"randomized",TRUE,0.001,3000,80,5,5,99,86400,41
"targeted_projection",0.75,0.753444206844823,0.0492042330261905,TRUE,1,"randomized",TRUE,0.001,3000,80,5,5,99,86400,41
"targeted_sudo",0.75,0.741871752744705,0.0477721136426725,TRUE,1,"randomized",TRUE,0.001,3000,80,5,5,99,86400,41
"pit_intercept_tilt",0.75,0.753481122537823,0.0492129694175145,TRUE,1,"randomized",TRUE,0.001,3000,80,5,5,99,86400,41
"pit_affine_tilt",0.75,0.757934397653341,0.0508525886798717,TRUE,1,"randomized",TRUE,0.001,3000,80,5,5,99,86400,41
"affine_calibrated_sudo",0.75,0.754872528626113,0.05053621062651,TRUE,1,"randomized",TRUE,0.001,3000,80,5,5,99,86400,41
"direct",0.75,0.68064306926246,0.0408700411045298,TRUE,1,"randomized",TRUE,0.001,3000,80,5,5,99,86400,42
"raw_label",0.75,0.136131394460008,0.00727909775266676,FALSE,1,"randomized",TRUE,0.001,3000,80,5,5,99,86400,42
"index_projection",0.75,0.686671295489968,0.0399360117910438,TRUE,1,"randomized",TRUE,0.001,3000,80,5,5,99,86400,42
"sudo",0.75,0.706330043650523,0.0414172367573938,TRUE,1,"randomized",TRUE,0.001,3000,80,5,5,99,86400,42
"scaled",0.75,0.725606806373468,0.0451776991000794,TRUE,1,"randomized",TRUE,0.001,3000,80,5,5,99,86400,42
"orthogonal",0.75,0.722893097685952,0.0523238903466935,TRUE,1,"randomized",TRUE,0.001,3000,80,5,5,99,86400,42
"targeted_projection",0.75,0.7436708009245,0.0479587720710185,TRUE,1,"randomized",TRUE,0.001,3000,80,5,5,99,86400,42
"targeted_sudo",0.75,0.734705649631521,0.0467085950745844,TRUE,1,"randomized",TRUE,0.001,3000,80,5,5,99,86400,42
"pit_intercept_tilt",0.75,0.743678117387612,0.0479597257383716,TRUE,1,"randomized",TRUE,0.001,3000,80,5,5,99,86400,42
"pit_affine_tilt",0.75,0.74512090764222,0.0493363472798579,TRUE,1,"randomized",TRUE,0.001,3000,80,5,5,99,86400,42
"affine_calibrated_sudo",0.75,0.7490500357627,0.0485500741304971,TRUE,1,"randomized",TRUE,0.001,3000,80,5,5,99,86400,42
"direct",0.75,0.714396255308932,0.0359185999317901,TRUE,1,"randomized",TRUE,0.001,3000,80,5,5,99,86400,43
"raw_label",0.75,0.146258210137415,0.00745346645738738,FALSE,1,"randomized",TRUE,0.001,3000,80,5,5,99,86400,43
"index_projection",0.75,0.714982120343494,0.0355823833943034,TRUE,1,"randomized",TRUE,0.001,3000,80,5,5,99,86400,43
"sudo",0.75,0.737582751055336,0.0376328227005404,TRUE,1,"randomized",TRUE,0.001,3000,80,5,5,99,86400,43
"scaled",0.75,0.759619224608648,0.0422719243417367,TRUE,1,"randomized",TRUE,0.001,3000,80,5,5,99,86400,43
"orthogonal",0.75,0.753032663337547,0.0480129343352736,TRUE,1,"randomized",TRUE,0.001,3000,80,5,5,99,86400,43
"targeted_projection",0.75,0.778872652088007,0.043953291320543,TRUE,1,"randomized",TRUE,0.001,3000,80,5,5,99,86400,43
"targeted_sudo",0.75,0.770930858180981,0.0431969737709018,TRUE,1,"randomized",TRUE,0.001,3000,80,5,5,99,86400,43
"pit_intercept_tilt",0.75,0.778859237955795,0.0439521475136568,TRUE,1,"randomized",TRUE,0.001,3000,80,5,5,99,86400,43
"pit_affine_tilt",0.75,0.78285060761308,0.0452075945021893,TRUE,1,"randomized",TRUE,0.001,3000,80,5,5,99,86400,43
"affine_calibrated_sudo",0.75,0.782629191115797,0.0444035803698044,TRUE,1,"randomized",TRUE,0.001,3000,80,5,5,99,86400,43
"direct",0.75,0.612894228140692,0.0347098538935162,FALSE,1,"randomized",TRUE,0.001,3000,80,5,5,99,86400,44
"raw_label",0.75,0.122836803160901,0.00679476443892974,FALSE,1,"randomized",TRUE,0.001,3000,80,5,5,99,86400,44
"index_projection",0.75,0.616966760270925,0.0341569143884592,FALSE,1,"randomized",TRUE,0.001,3000,80,5,5,99,86400,44
"sudo",0.75,0.637726245769045,0.0357028234216351,FALSE,1,"randomized",TRUE,0.001,3000,80,5,5,99,86400,44
"scaled",0.75,0.657283607019683,0.0389858658914531,FALSE,1,"randomized",TRUE,0.001,3000,80,5,5,99,86400,44
"orthogonal",0.75,0.688740065119931,0.0442659947810455,TRUE,1,"randomized",TRUE,0.001,3000,80,5,5,99,86400,44
"targeted_projection",0.75,0.664867917800091,0.0423801996433802,FALSE,1,"randomized",TRUE,0.001,3000,80,5,5,99,86400,44
"targeted_sudo",0.75,0.66090063289974,0.04090939763635,FALSE,1,"randomized",TRUE,0.001,3000,80,5,5,99,86400,44
"pit_intercept_tilt",0.75,0.664880512194534,0.0423803497492275,FALSE,1,"randomized",TRUE,0.001,3000,80,5,5,99,86400,44
"pit_affine_tilt",0.75,0.666773310385311,0.0435285388359652,TRUE,1,"randomized",TRUE,0.001,3000,80,5,5,99,86400,44
"affine_calibrated_sudo",0.75,0.672263862954655,0.0425958597240107,TRUE,1,"randomized",TRUE,0.001,3000,80,5,5,99,86400,44
"direct",0.75,0.725135733345386,0.0348441500604074,TRUE,1,"randomized",TRUE,0.001,3000,80,5,5,99,86400,45
"raw_label",0.75,0.146626667404218,0.00729107538939211,FALSE,1,"randomized",TRUE,0.001,3000,80,5,5,99,86400,45
"index_projection",0.75,0.72227741645516,0.0340834917027777,TRUE,1,"randomized",TRUE,0.001,3000,80,5,5,99,86400,45
"sudo",0.75,0.745378507845993,0.0368481646939613,TRUE,1,"randomized",TRUE,0.001,3000,80,5,5,99,86400,45
"scaled",0.75,0.766967005664043,0.0415237460494568,TRUE,1,"randomized",TRUE,0.001,3000,80,5,5,99,86400,45
"orthogonal",0.75,0.76543664339907,0.0496733309362573,TRUE,1,"randomized",TRUE,0.001,3000,80,5,5,99,86400,45
"targeted_projection",0.75,0.79361080273507,0.0439555461486474,TRUE,1,"randomized",TRUE,0.001,3000,80,5,5,99,86400,45
"targeted_sudo",0.75,0.781247928310667,0.0425098049324717,TRUE,1,"randomized",TRUE,0.001,3000,80,5,5,99,86400,45
"pit_intercept_tilt",0.75,0.793605072497366,0.0439595855364582,TRUE,1,"randomized",TRUE,0.001,3000,80,5,5,99,86400,45
"pit_affine_tilt",0.75,0.801870802775254,0.0457243361146065,TRUE,1,"randomized",TRUE,0.001,3000,80,5,5,99,86400,45
"affine_calibrated_sudo",0.75,0.795548650661342,0.0449182050154435,TRUE,1,"randomized",TRUE,0.001,3000,80,5,5,99,86400,45
"direct",0.75,0.71505085590485,0.0416374430000872,TRUE,1,"randomized",TRUE,0.001,3000,80,5,5,99,86400,46
"raw_label",0.75,0.145312854297387,0.00777715709075074,FALSE,1,"randomized",TRUE,0.001,3000,80,5,5,99,86400,46
"index_projection",0.75,0.714188231552411,0.0418176563142936,TRUE,1,"randomized",TRUE,0.001,3000,80,5,5,99,86400,46
"sudo",0.75,0.739091872373607,0.0424131082243561,TRUE,1,"randomized",TRUE,0.001,3000,80,5,5,99,86400,46
"scaled",0.75,0.763191546282281,0.0450414142162783,TRUE,1,"randomized",TRUE,0.001,3000,80,5,5,99,86400,46
"orthogonal",0.75,0.788073962328216,0.048915460844009,TRUE,1,"randomized",TRUE,0.001,3000,80,5,5,99,86400,46
"targeted_projection",0.75,0.786389271741949,0.0511261667321824,TRUE,1,"randomized",TRUE,0.001,3000,80,5,5,99,86400,46
"targeted_sudo",0.75,0.776105349320669,0.0490535946372734,TRUE,1,"randomized",TRUE,0.001,3000,80,5,5,99,86400,46
"pit_intercept_tilt",0.75,0.78639496240527,0.0511202883283232,TRUE,1,"randomized",TRUE,0.001,3000,80,5,5,99,86400,46
"pit_affine_tilt",0.75,0.791920126343632,0.0529646251011149,TRUE,1,"randomized",TRUE,0.001,3000,80,5,5,99,86400,46
"affine_calibrated_sudo",0.75,0.793339082052698,0.0517497534701654,TRUE,1,"randomized",TRUE,0.001,3000,80,5,5,99,86400,46
"direct",0.75,0.686054708366086,0.0448072928406658,TRUE,1,"randomized",TRUE,0.001,3000,80,5,5,99,86400,47
"raw_label",0.75,0.132665362795999,0.00813588443395665,FALSE,1,"randomized",TRUE,0.001,3000,80,5,5,99,86400,47
"index_projection",0.75,0.684534313946481,0.0446961992887562,TRUE,1,"randomized",TRUE,0.001,3000,80,5,5,99,86400,47
"sudo",0.75,0.709918347829891,0.0465915085303632,TRUE,1,"randomized",TRUE,0.001,3000,80,5,5,99,86400,47
"scaled",0.75,0.736266400577419,0.051068473616722,TRUE,1,"randomized",TRUE,0.001,3000,80,5,5,99,86400,47
"orthogonal",0.75,0.768660647305728,0.0535879004578596,TRUE,1,"randomized",TRUE,0.001,3000,80,5,5,99,86400,47
"targeted_projection",0.75,0.756073360367209,0.0543511102272642,TRUE,1,"randomized",TRUE,0.001,3000,80,5,5,99,86400,47
"targeted_sudo",0.75,0.747355088970216,0.0522621157966066,TRUE,1,"randomized",TRUE,0.001,3000,80,5,5,99,86400,47
"pit_intercept_tilt",0.75,0.756081874084204,0.0543496110469259,TRUE,1,"randomized",TRUE,0.001,3000,80,5,5,99,86400,47
"pit_affine_tilt",0.75,0.756851736247001,0.0561790141854753,TRUE,1,"randomized",TRUE,0.001,3000,80,5,5,99,86400,47
"affine_calibrated_sudo",0.75,0.761195896095369,0.0555403635087766,TRUE,1,"randomized",TRUE,0.001,3000,80,5,5,99,86400,47
"direct",0.75,0.710637640432148,0.0390895428731141,TRUE,1,"randomized",TRUE,0.001,3000,80,5,5,99,86400,48
"raw_label",0.75,0.141170883828412,0.00766904488971526,FALSE,1,"randomized",TRUE,0.001,3000,80,5,5,99,86400,48
"index_projection",0.75,0.712475946297253,0.0399928328554145,TRUE,1,"randomized",TRUE,0.001,3000,80,5,5,99,86400,48
"sudo",0.75,0.733767260667549,0.0415560845883795,TRUE,1,"randomized",TRUE,0.001,3000,80,5,5,99,86400,48
"scaled",0.75,0.755273338179471,0.0453395013413726,TRUE,1,"randomized",TRUE,0.001,3000,80,5,5,99,86400,48
"orthogonal",0.75,0.759972691831843,0.0489473607739242,TRUE,1,"randomized",TRUE,0.001,3000,80,5,5,99,86400,48
"targeted_projection",0.75,0.785111640819216,0.0485873666458954,TRUE,1,"randomized",TRUE,0.001,3000,80,5,5,99,86400,48
"targeted_sudo",0.75,0.772144381551887,0.0470233559132907,TRUE,1,"randomized",TRUE,0.001,3000,80,5,5,99,86400,48
"pit_intercept_tilt",0.75,0.785095213699984,0.0485864461319653,TRUE,1,"randomized",TRUE,0.001,3000,80,5,5,99,86400,48
"pit_affine_tilt",0.75,0.789203058840619,0.0505421682912625,TRUE,1,"randomized",TRUE,0.001,3000,80,5,5,99,86400,48
"affine_calibrated_sudo",0.75,0.789158616117179,0.0504794808913827,TRUE,1,"randomized",TRUE,0.001,3000,80,5,5,99,86400,48
"direct",0.75,0.670013300980364,0.041380214036173,TRUE,1,"randomized",TRUE,0.001,3000,80,5,5,99,86400,49
"raw_label",0.75,0.131995575825267,0.00757955323606319,FALSE,1,"randomized",TRUE,0.001,3000,80,5,5,99,86400,49
"index_projection",0.75,0.672894163388702,0.0415580853890538,TRUE,1,"randomized",TRUE,0.001,3000,80,5,5,99,86400,49
"sudo",0.75,0.689889147975729,0.04418355326982,TRUE,1,"randomized",TRUE,0.001,3000,80,5,5,99,86400,49
"scaled",0.75,0.706552710164471,0.0491734791596266,TRUE,1,"randomized",TRUE,0.001,3000,80,5,5,99,86400,49
"orthogonal",0.75,0.723151688405817,0.062284069332572,TRUE,1,"randomized",TRUE,0.001,3000,80,5,5,99,86400,49
"targeted_projection",0.75,0.730104748556157,0.0507711461170892,TRUE,1,"randomized",TRUE,0.001,3000,80,5,5,99,86400,49
"targeted_sudo",0.75,0.722335657421411,0.0497560643798996,TRUE,1,"randomized",TRUE,0.001,3000,80,5,5,99,86400,49
"pit_intercept_tilt",0.75,0.730062612363025,0.0507767898719792,TRUE,1,"randomized",TRUE,0.001,3000,80,5,5,99,86400,49
"pit_affine_tilt",0.75,0.731863553091823,0.0524301618140684,TRUE,1,"randomized",TRUE,0.001,3000,80,5,5,99,86400,49
"affine_calibrated_sudo",0.75,0.734956206696182,0.0528938712094839,TRUE,1,"randomized",TRUE,0.001,3000,80,5,5,99,86400,49
"direct",0.75,0.671852252536792,0.0391970501918929,FALSE,1,"randomized",TRUE,0.001,3000,80,5,5,99,86400,50
"raw_label",0.75,0.139573037686371,0.00770281348372991,FALSE,1,"randomized",TRUE,0.001,3000,80,5,5,99,86400,50
"index_projection",0.75,0.669092740866178,0.0393363740577227,FALSE,1,"randomized",TRUE,0.001,3000,80,5,5,99,86400,50
"sudo",0.75,0.695476172110248,0.0409412925142241,TRUE,1,"randomized",TRUE,0.001,3000,80,5,5,99,86400,50
"scaled",0.75,0.719610866442118,0.044495293519987,TRUE,1,"randomized",TRUE,0.001,3000,80,5,5,99,86400,50
"orthogonal",0.75,0.733129333168163,0.048963892086702,TRUE,1,"randomized",TRUE,0.001,3000,80,5,5,99,86400,50
"targeted_projection",0.75,0.740815665445223,0.0473351122680456,TRUE,1,"randomized",TRUE,0.001,3000,80,5,5,99,86400,50
"targeted_sudo",0.75,0.731658112936289,0.0459059476017887,TRUE,1,"randomized",TRUE,0.001,3000,80,5,5,99,86400,50
"pit_intercept_tilt",0.75,0.740837497950458,0.0473400350886321,TRUE,1,"randomized",TRUE,0.001,3000,80,5,5,99,86400,50
"pit_affine_tilt",0.75,0.745846165850174,0.0485113700675834,TRUE,1,"randomized",TRUE,0.001,3000,80,5,5,99,86400,50
"affine_calibrated_sudo",0.75,0.738558604264231,0.0480829441971082,TRUE,1,"randomized",TRUE,0.001,3000,80,5,5,99,86400,50
"direct",0.75,0.680017303139772,0.0414654690111786,TRUE,1,"confounded",TRUE,0.001,3000,80,5,5,99,86400,1
"raw_label",0.75,0.127731634359301,0.00751876833909799,FALSE,1,"confounded",TRUE,0.001,3000,80,5,5,99,86400,1
"index_projection",0.75,0.676728589451196,0.041721369880533,TRUE,1,"confounded",TRUE,0.001,3000,80,5,5,99,86400,1
"sudo",0.75,0.689497621758073,0.0425369386201062,TRUE,1,"confounded",TRUE,0.001,3000,80,5,5,99,86400,1
"scaled",0.75,0.702731386899714,0.0458133558717705,TRUE,1,"confounded",TRUE,0.001,3000,80,5,5,99,86400,1
"orthogonal",0.75,0.71874925787952,0.0541232015570658,TRUE,1,"confounded",TRUE,0.001,3000,80,5,5,99,86400,1
"targeted_projection",0.75,0.751778502761045,0.0486090927748812,TRUE,1,"confounded",TRUE,0.001,3000,80,5,5,99,86400,1
"targeted_sudo",0.75,0.732948006741695,0.0478662583779308,TRUE,1,"confounded",TRUE,0.001,3000,80,5,5,99,86400,1
"pit_intercept_tilt",0.75,0.751779044129868,0.0486178199947448,TRUE,1,"confounded",TRUE,0.001,3000,80,5,5,99,86400,1
"pit_affine_tilt",0.75,0.756474269734531,0.0503931466206281,TRUE,1,"confounded",TRUE,0.001,3000,80,5,5,99,86400,1
"affine_calibrated_sudo",0.75,0.750884798522618,0.050689572922714,TRUE,1,"confounded",TRUE,0.001,3000,80,5,5,99,86400,1
"direct",0.75,0.631542523903624,0.0404935127010827,FALSE,1,"confounded",TRUE,0.001,3000,80,5,5,99,86400,2
"raw_label",0.75,0.118050019430423,0.00728004340022939,FALSE,1,"confounded",TRUE,0.001,3000,80,5,5,99,86400,2
"index_projection",0.75,0.631797018844522,0.0407846039191515,FALSE,1,"confounded",TRUE,0.001,3000,80,5,5,99,86400,2
"sudo",0.75,0.643987586123147,0.0414621675840946,FALSE,1,"confounded",TRUE,0.001,3000,80,5,5,99,86400,2
"scaled",0.75,0.656834622696036,0.0440135007385427,FALSE,1,"confounded",TRUE,0.001,3000,80,5,5,99,86400,2
"orthogonal",0.75,0.711494576952725,0.0500978900160416,TRUE,1,"confounded",TRUE,0.001,3000,80,5,5,99,86400,2
"targeted_projection",0.75,0.699391273089581,0.0486736762949317,TRUE,1,"confounded",TRUE,0.001,3000,80,5,5,99,86400,2
"targeted_sudo",0.75,0.685961624494522,0.0473294809350219,TRUE,1,"confounded",TRUE,0.001,3000,80,5,5,99,86400,2
"pit_intercept_tilt",0.75,0.699398514549842,0.0486760721106613,TRUE,1,"confounded",TRUE,0.001,3000,80,5,5,99,86400,2
"pit_affine_tilt",0.75,0.697229611384151,0.0492659317199736,TRUE,1,"confounded",TRUE,0.001,3000,80,5,5,99,86400,2
"affine_calibrated_sudo",0.75,0.697110385568497,0.0486685877260545,TRUE,1,"confounded",TRUE,0.001,3000,80,5,5,99,86400,2
"direct",0.75,0.629580405484162,0.047371630379128,FALSE,1,"confounded",TRUE,0.001,3000,80,5,5,99,86400,3
"raw_label",0.75,0.121118948341523,0.00801839547824711,FALSE,1,"confounded",TRUE,0.001,3000,80,5,5,99,86400,3
"index_projection",0.75,0.631067869061166,0.0473491068670367,FALSE,1,"confounded",TRUE,0.001,3000,80,5,5,99,86400,3
"sudo",0.75,0.64388739347514,0.0474863803574917,FALSE,1,"confounded",TRUE,0.001,3000,80,5,5,99,86400,3
"scaled",0.75,0.656879180329561,0.0493961188768741,TRUE,1,"confounded",TRUE,0.001,3000,80,5,5,99,86400,3
"orthogonal",0.75,0.693637811441808,0.0534630049763745,TRUE,1,"confounded",TRUE,0.001,3000,80,5,5,99,86400,3
"targeted_projection",0.75,0.702422213875171,0.0555873201284667,TRUE,1,"confounded",TRUE,0.001,3000,80,5,5,99,86400,3
"targeted_sudo",0.75,0.685466201793072,0.0536479962843895,TRUE,1,"confounded",TRUE,0.001,3000,80,5,5,99,86400,3
"pit_intercept_tilt",0.75,0.70242583323881,0.0555874387492976,TRUE,1,"confounded",TRUE,0.001,3000,80,5,5,99,86400,3
"pit_affine_tilt",0.75,0.705693918336507,0.0581979162046248,TRUE,1,"confounded",TRUE,0.001,3000,80,5,5,99,86400,3
"affine_calibrated_sudo",0.75,0.706830267082785,0.0566473841357683,TRUE,1,"confounded",TRUE,0.001,3000,80,5,5,99,86400,3
"direct",0.75,0.635925723577574,0.0382978316128546,FALSE,1,"confounded",TRUE,0.001,3000,80,5,5,99,86400,4
"raw_label",0.75,0.121680628114164,0.00711679420875515,FALSE,1,"confounded",TRUE,0.001,3000,80,5,5,99,86400,4
"index_projection",0.75,0.634131244435258,0.0378719708208853,FALSE,1,"confounded",TRUE,0.001,3000,80,5,5,99,86400,4
"sudo",0.75,0.651312662364786,0.0389744663229173,FALSE,1,"confounded",TRUE,0.001,3000,80,5,5,99,86400,4
"scaled",0.75,0.668795293419573,0.0423039662446048,TRUE,1,"confounded",TRUE,0.001,3000,80,5,5,99,86400,4
"orthogonal",0.75,0.695398066526072,0.0478850219366764,TRUE,1,"confounded",TRUE,0.001,3000,80,5,5,99,86400,4
"targeted_projection",0.75,0.709962581423168,0.0446148166484326,TRUE,1,"confounded",TRUE,0.001,3000,80,5,5,99,86400,4
"targeted_sudo",0.75,0.693175500874575,0.0436774772747421,TRUE,1,"confounded",TRUE,0.001,3000,80,5,5,99,86400,4
"pit_intercept_tilt",0.75,0.709976106331611,0.0446146748413223,TRUE,1,"confounded",TRUE,0.001,3000,80,5,5,99,86400,4
"pit_affine_tilt",0.75,0.712918228275242,0.0455992315865838,TRUE,1,"confounded",TRUE,0.001,3000,80,5,5,99,86400,4
"affine_calibrated_sudo",0.75,0.713273721428403,0.0452736274719147,TRUE,1,"confounded",TRUE,0.001,3000,80,5,5,99,86400,4
"direct",0.75,0.614809013401991,0.0407092712771952,FALSE,1,"confounded",TRUE,0.001,3000,80,5,5,99,86400,5
"raw_label",0.75,0.120230567334421,0.00723384638788386,FALSE,1,"confounded",TRUE,0.001,3000,80,5,5,99,86400,5
"index_projection",0.75,0.612813210308747,0.0408146153996819,FALSE,1,"confounded",TRUE,0.001,3000,80,5,5,99,86400,5
"sudo",0.75,0.625559773521232,0.0417608964276761,FALSE,1,"confounded",TRUE,0.001,3000,80,5,5,99,86400,5
"scaled",0.75,0.6377106282211,0.0448906094578785,FALSE,1,"confounded",TRUE,0.001,3000,80,5,5,99,86400,5
"orthogonal",0.75,0.679570185620337,0.048620389623989,TRUE,1,"confounded",TRUE,0.001,3000,80,5,5,99,86400,5
"targeted_projection",0.75,0.679207404962211,0.0473025422573255,TRUE,1,"confounded",TRUE,0.001,3000,80,5,5,99,86400,5
"targeted_sudo",0.75,0.66492941268005,0.0460877229769163,TRUE,1,"confounded",TRUE,0.001,3000,80,5,5,99,86400,5
"pit_intercept_tilt",0.75,0.679214252407248,0.0472979099045511,TRUE,1,"confounded",TRUE,0.001,3000,80,5,5,99,86400,5
"pit_affine_tilt",0.75,0.680847457032959,0.0483998929026017,TRUE,1,"confounded",TRUE,0.001,3000,80,5,5,99,86400,5
"affine_calibrated_sudo",0.75,0.67679584206513,0.0482954620999985,TRUE,1,"confounded",TRUE,0.001,3000,80,5,5,99,86400,5
"direct",0.75,0.66643336637713,0.0436929126874716,TRUE,1,"confounded",TRUE,0.001,3000,80,5,5,99,86400,6
"raw_label",0.75,0.123705775385163,0.0070956030336144,FALSE,1,"confounded",TRUE,0.001,3000,80,5,5,99,86400,6
"index_projection",0.75,0.665856457807512,0.0438097580010647,TRUE,1,"confounded",TRUE,0.001,3000,80,5,5,99,86400,6
"sudo",0.75,0.673828100310131,0.0438596896859719,TRUE,1,"confounded",TRUE,0.001,3000,80,5,5,99,86400,6
"scaled",0.75,0.682149375251105,0.0457882997581367,TRUE,1,"confounded",TRUE,0.001,3000,80,5,5,99,86400,6
"orthogonal",0.75,0.723573245767074,0.0526526807114628,TRUE,1,"confounded",TRUE,0.001,3000,80,5,5,99,86400,6
"targeted_projection",0.75,0.7344031058792,0.0515851585728151,TRUE,1,"confounded",TRUE,0.001,3000,80,5,5,99,86400,6
"targeted_sudo",0.75,0.71624578472487,0.0494782931514633,TRUE,1,"confounded",TRUE,0.001,3000,80,5,5,99,86400,6
"pit_intercept_tilt",0.75,0.734403093752176,0.0515862214728266,TRUE,1,"confounded",TRUE,0.001,3000,80,5,5,99,86400,6
"pit_affine_tilt",0.75,0.735796346083776,0.054412057242791,TRUE,1,"confounded",TRUE,0.001,3000,80,5,5,99,86400,6
"affine_calibrated_sudo",0.75,0.73149376761395,0.0541776794836276,TRUE,1,"confounded",TRUE,0.001,3000,80,5,5,99,86400,6
"direct",0.75,0.670071170820838,0.0438783059274525,TRUE,1,"confounded",TRUE,0.001,3000,80,5,5,99,86400,7
"raw_label",0.75,0.125993917337466,0.00799843152626567,FALSE,1,"confounded",TRUE,0.001,3000,80,5,5,99,86400,7
"index_projection",0.75,0.670440496556178,0.0438265340211409,TRUE,1,"confounded",TRUE,0.001,3000,80,5,5,99,86400,7
"sudo",0.75,0.683336851256018,0.0448148109701092,TRUE,1,"confounded",TRUE,0.001,3000,80,5,5,99,86400,7
"scaled",0.75,0.696484080389607,0.0476226034222716,TRUE,1,"confounded",TRUE,0.001,3000,80,5,5,99,86400,7
"orthogonal",0.75,0.752005985007399,0.0501434878804887,TRUE,1,"confounded",TRUE,0.001,3000,80,5,5,99,86400,7
"targeted_projection",0.75,0.742796791088779,0.0516439102392392,TRUE,1,"confounded",TRUE,0.001,3000,80,5,5,99,86400,7
"targeted_sudo",0.75,0.725852888044799,0.0500981968326171,TRUE,1,"confounded",TRUE,0.001,3000,80,5,5,99,86400,7
"pit_intercept_tilt",0.75,0.742795313561056,0.0516466281580121,TRUE,1,"confounded",TRUE,0.001,3000,80,5,5,99,86400,7
"pit_affine_tilt",0.75,0.750437250528261,0.0538672978895646,TRUE,1,"confounded",TRUE,0.001,3000,80,5,5,99,86400,7
"affine_calibrated_sudo",0.75,0.75059635974537,0.0530905214425442,TRUE,1,"confounded",TRUE,0.001,3000,80,5,5,99,86400,7
"direct",0.75,0.689816669162184,0.0428963782314494,TRUE,1,"confounded",TRUE,0.001,3000,80,5,5,99,86400,8
"raw_label",0.75,0.131206205984879,0.00741723114308441,FALSE,1,"confounded",TRUE,0.001,3000,80,5,5,99,86400,8
"index_projection",0.75,0.689663401397266,0.0428714474199202,TRUE,1,"confounded",TRUE,0.001,3000,80,5,5,99,86400,8
"sudo",0.75,0.703833511196595,0.0428027268728454,TRUE,1,"confounded",TRUE,0.001,3000,80,5,5,99,86400,8
"scaled",0.75,0.718874459646277,0.0446251650918538,TRUE,1,"confounded",TRUE,0.001,3000,80,5,5,99,86400,8
"orthogonal",0.75,0.763290753354394,0.050192056075894,TRUE,1,"confounded",TRUE,0.001,3000,80,5,5,99,86400,8
"targeted_projection",0.75,0.764630751179937,0.0497034328703784,TRUE,1,"confounded",TRUE,0.001,3000,80,5,5,99,86400,8
"targeted_sudo",0.75,0.749018491122931,0.0485335840216594,TRUE,1,"confounded",TRUE,0.001,3000,80,5,5,99,86400,8
"pit_intercept_tilt",0.75,0.76464377935587,0.0497010958929695,TRUE,1,"confounded",TRUE,0.001,3000,80,5,5,99,86400,8
"pit_affine_tilt",0.75,0.766600346871216,0.0509419343864072,TRUE,1,"confounded",TRUE,0.001,3000,80,5,5,99,86400,8
"affine_calibrated_sudo",0.75,0.766290108724711,0.0496174115473894,TRUE,1,"confounded",TRUE,0.001,3000,80,5,5,99,86400,8
"direct",0.75,0.634642170851817,0.0420385974880239,FALSE,1,"confounded",TRUE,0.001,3000,80,5,5,99,86400,9
"raw_label",0.75,0.12223416973987,0.00754882656535963,FALSE,1,"confounded",TRUE,0.001,3000,80,5,5,99,86400,9
"index_projection",0.75,0.634337247515974,0.041994656588754,FALSE,1,"confounded",TRUE,0.001,3000,80,5,5,99,86400,9
"sudo",0.75,0.645745008412104,0.0425109159881438,FALSE,1,"confounded",TRUE,0.001,3000,80,5,5,99,86400,9
"scaled",0.75,0.657024971709767,0.044493239274749,FALSE,1,"confounded",TRUE,0.001,3000,80,5,5,99,86400,9
"orthogonal",0.75,0.686960842485044,0.0486753123467464,TRUE,1,"confounded",TRUE,0.001,3000,80,5,5,99,86400,9
"targeted_projection",0.75,0.698657125957511,0.0480598105425617,TRUE,1,"confounded",TRUE,0.001,3000,80,5,5,99,86400,9
"targeted_sudo",0.75,0.683826896640746,0.0465877925569784,TRUE,1,"confounded",TRUE,0.001,3000,80,5,5,99,86400,9
"pit_intercept_tilt",0.75,0.698657230636201,0.0480589752853573,TRUE,1,"confounded",TRUE,0.001,3000,80,5,5,99,86400,9
"pit_affine_tilt",0.75,0.701030222267616,0.0497952069607901,TRUE,1,"confounded",TRUE,0.001,3000,80,5,5,99,86400,9
"affine_calibrated_sudo",0.75,0.699090069818005,0.0492791359241895,TRUE,1,"confounded",TRUE,0.001,3000,80,5,5,99,86400,9
"direct",0.75,0.665346028274987,0.0367425830930624,FALSE,1,"confounded",TRUE,0.001,3000,80,5,5,99,86400,10
"raw_label",0.75,0.129492524414282,0.00698889968038794,FALSE,1,"confounded",TRUE,0.001,3000,80,5,5,99,86400,10
"index_projection",0.75,0.663592343623485,0.0368138979614646,FALSE,1,"confounded",TRUE,0.001,3000,80,5,5,99,86400,10
"sudo",0.75,0.679102017418573,0.0380927510009649,TRUE,1,"confounded",TRUE,0.001,3000,80,5,5,99,86400,10
"scaled",0.75,0.694219336562852,0.0414420260908174,TRUE,1,"confounded",TRUE,0.001,3000,80,5,5,99,86400,10
"orthogonal",0.75,0.741647983267645,0.0462388876301385,TRUE,1,"confounded",TRUE,0.001,3000,80,5,5,99,86400,10
"targeted_projection",0.75,0.731423195739273,0.0443582253061052,TRUE,1,"confounded",TRUE,0.001,3000,80,5,5,99,86400,10
"targeted_sudo",0.75,0.717416598776589,0.043063295144172,TRUE,1,"confounded",TRUE,0.001,3000,80,5,5,99,86400,10
"pit_intercept_tilt",0.75,0.731430209453977,0.0443606315009495,TRUE,1,"confounded",TRUE,0.001,3000,80,5,5,99,86400,10
"pit_affine_tilt",0.75,0.734312459373646,0.045989745270383,TRUE,1,"confounded",TRUE,0.001,3000,80,5,5,99,86400,10
"affine_calibrated_sudo",0.75,0.737273941857012,0.0457128828501365,TRUE,1,"confounded",TRUE,0.001,3000,80,5,5,99,86400,10
"direct",0.75,0.650508178536223,0.0469607837119645,FALSE,1,"confounded",TRUE,0.001,3000,80,5,5,99,86400,11
"raw_label",0.75,0.123523663166254,0.00796439879323253,FALSE,1,"confounded",TRUE,0.001,3000,80,5,5,99,86400,11
"index_projection",0.75,0.650972838949124,0.0468009557616517,FALSE,1,"confounded",TRUE,0.001,3000,80,5,5,99,86400,11
"sudo",0.75,0.663036637422189,0.0464635165111149,TRUE,1,"confounded",TRUE,0.001,3000,80,5,5,99,86400,11
"scaled",0.75,0.675304382680124,0.0478378615891138,TRUE,1,"confounded",TRUE,0.001,3000,80,5,5,99,86400,11
"orthogonal",0.75,0.716489845825292,0.0531404764890119,TRUE,1,"confounded",TRUE,0.001,3000,80,5,5,99,86400,11
"targeted_projection",0.75,0.711658860908469,0.052194110818743,TRUE,1,"confounded",TRUE,0.001,3000,80,5,5,99,86400,11
"targeted_sudo",0.75,0.697685377960019,0.0510313106657186,TRUE,1,"confounded",TRUE,0.001,3000,80,5,5,99,86400,11
"pit_intercept_tilt",0.75,0.711673387845748,0.0521937592043437,TRUE,1,"confounded",TRUE,0.001,3000,80,5,5,99,86400,11
"pit_affine_tilt",0.75,0.71001765162501,0.05315295098197,TRUE,1,"confounded",TRUE,0.001,3000,80,5,5,99,86400,11
"affine_calibrated_sudo",0.75,0.712335109398934,0.0526135707257426,TRUE,1,"confounded",TRUE,0.001,3000,80,5,5,99,86400,11
"direct",0.75,0.638686158907393,0.0415166975515863,FALSE,1,"confounded",TRUE,0.001,3000,80,5,5,99,86400,12
"raw_label",0.75,0.122807685303625,0.0072794348249243,FALSE,1,"confounded",TRUE,0.001,3000,80,5,5,99,86400,12
"index_projection",0.75,0.638756999052438,0.0417322075133521,FALSE,1,"confounded",TRUE,0.001,3000,80,5,5,99,86400,12
"sudo",0.75,0.647738256500103,0.0416877851325812,FALSE,1,"confounded",TRUE,0.001,3000,80,5,5,99,86400,12
"scaled",0.75,0.656617122784245,0.0435762666601711,FALSE,1,"confounded",TRUE,0.001,3000,80,5,5,99,86400,12
"orthogonal",0.75,0.685823987679151,0.0480069671257375,TRUE,1,"confounded",TRUE,0.001,3000,80,5,5,99,86400,12
"targeted_projection",0.75,0.699708511425856,0.0475834515786618,TRUE,1,"confounded",TRUE,0.001,3000,80,5,5,99,86400,12
"targeted_sudo",0.75,0.68288102508099,0.046274081004991,TRUE,1,"confounded",TRUE,0.001,3000,80,5,5,99,86400,12
"pit_intercept_tilt",0.75,0.699719500906539,0.0475844358140513,TRUE,1,"confounded",TRUE,0.001,3000,80,5,5,99,86400,12
"pit_affine_tilt",0.75,0.702458432149293,0.0488660056406052,TRUE,1,"confounded",TRUE,0.001,3000,80,5,5,99,86400,12
"affine_calibrated_sudo",0.75,0.701395095009119,0.0483130076481024,TRUE,1,"confounded",TRUE,0.001,3000,80,5,5,99,86400,12
"direct",0.75,0.616059082272997,0.0427939174402417,FALSE,1,"confounded",TRUE,0.001,3000,80,5,5,99,86400,13
"raw_label",0.75,0.119399447297132,0.00791794500729695,FALSE,1,"confounded",TRUE,0.001,3000,80,5,5,99,86400,13
"index_projection",0.75,0.616716373324002,0.0425748737942689,FALSE,1,"confounded",TRUE,0.001,3000,80,5,5,99,86400,13
"sudo",0.75,0.626594794559611,0.0436884900969607,FALSE,1,"confounded",TRUE,0.001,3000,80,5,5,99,86400,13
"scaled",0.75,0.636172529736874,0.0466620773560954,FALSE,1,"confounded",TRUE,0.001,3000,80,5,5,99,86400,13
"orthogonal",0.75,0.669567000148685,0.050985849377468,TRUE,1,"confounded",TRUE,0.001,3000,80,5,5,99,86400,13
"targeted_projection",0.75,0.673630740901555,0.0490623909097341,TRUE,1,"confounded",TRUE,0.001,3000,80,5,5,99,86400,13
"targeted_sudo",0.75,0.657795387493925,0.0476443005407466,TRUE,1,"confounded",TRUE,0.001,3000,80,5,5,99,86400,13
"pit_intercept_tilt",0.75,0.673660246143282,0.0490604910735794,TRUE,1,"confounded",TRUE,0.001,3000,80,5,5,99,86400,13
"pit_affine_tilt",0.75,0.670956698750038,0.0508049131989795,TRUE,1,"confounded",TRUE,0.001,3000,80,5,5,99,86400,13
"affine_calibrated_sudo",0.75,0.672672529190161,0.0505020177311182,TRUE,1,"confounded",TRUE,0.001,3000,80,5,5,99,86400,13
"direct",0.75,0.738365818142096,0.0415538294494235,TRUE,1,"confounded",TRUE,0.001,3000,80,5,5,99,86400,14
"raw_label",0.75,0.138020361026358,0.00735974470594796,FALSE,1,"confounded",TRUE,0.001,3000,80,5,5,99,86400,14
"index_projection",0.75,0.73544016697992,0.0416603250173606,TRUE,1,"confounded",TRUE,0.001,3000,80,5,5,99,86400,14
"sudo",0.75,0.75240645655357,0.0436482830901818,TRUE,1,"confounded",TRUE,0.001,3000,80,5,5,99,86400,14
"scaled",0.75,0.770591003261175,0.0478444030314571,TRUE,1,"confounded",TRUE,0.001,3000,80,5,5,99,86400,14
"orthogonal",0.75,0.829733339788044,0.0548482129192064,TRUE,1,"confounded",TRUE,0.001,3000,80,5,5,99,86400,14
"targeted_projection",0.75,0.822105811859867,0.0500706839438901,TRUE,1,"confounded",TRUE,0.001,3000,80,5,5,99,86400,14
"targeted_sudo",0.75,0.803666006738781,0.0492290491194563,TRUE,1,"confounded",TRUE,0.001,3000,80,5,5,99,86400,14
"pit_intercept_tilt",0.75,0.822089614263591,0.0500711304354062,TRUE,1,"confounded",TRUE,0.001,3000,80,5,5,99,86400,14
"pit_affine_tilt",0.75,0.830101958261535,0.0519746018498277,TRUE,1,"confounded",TRUE,0.001,3000,80,5,5,99,86400,14
"affine_calibrated_sudo",0.75,0.830279921082734,0.0524159225224802,TRUE,1,"confounded",TRUE,0.001,3000,80,5,5,99,86400,14
"direct",0.75,0.650926778201943,0.0412282915233055,FALSE,1,"confounded",TRUE,0.001,3000,80,5,5,99,86400,15
"raw_label",0.75,0.119861346401115,0.00709831641607501,FALSE,1,"confounded",TRUE,0.001,3000,80,5,5,99,86400,15
"index_projection",0.75,0.65061942955674,0.0413731603365366,FALSE,1,"confounded",TRUE,0.001,3000,80,5,5,99,86400,15
"sudo",0.75,0.664550721603018,0.041960004507472,FALSE,1,"confounded",TRUE,0.001,3000,80,5,5,99,86400,15
"scaled",0.75,0.67968500412101,0.0445565151533398,TRUE,1,"confounded",TRUE,0.001,3000,80,5,5,99,86400,15
"orthogonal",0.75,0.709832527323112,0.0504550806723653,TRUE,1,"confounded",TRUE,0.001,3000,80,5,5,99,86400,15
"targeted_projection",0.75,0.726258624943018,0.0487059691275137,TRUE,1,"confounded",TRUE,0.001,3000,80,5,5,99,86400,15
"targeted_sudo",0.75,0.708787826397921,0.0473324310587828,TRUE,1,"confounded",TRUE,0.001,3000,80,5,5,99,86400,15
"pit_intercept_tilt",0.75,0.726250648174471,0.0486904500148372,TRUE,1,"confounded",TRUE,0.001,3000,80,5,5,99,86400,15
"pit_affine_tilt",0.75,0.727414268269291,0.0506447349016887,TRUE,1,"confounded",TRUE,0.001,3000,80,5,5,99,86400,15
"affine_calibrated_sudo",0.75,0.729816871819459,0.0507362885120699,TRUE,1,"confounded",TRUE,0.001,3000,80,5,5,99,86400,15
"direct",0.75,0.718549548443688,0.0366666535102529,TRUE,1,"confounded",TRUE,0.001,3000,80,5,5,99,86400,16
"raw_label",0.75,0.131302126736692,0.00617435271330841,FALSE,1,"confounded",TRUE,0.001,3000,80,5,5,99,86400,16
"index_projection",0.75,0.718476541567896,0.0369067792143805,TRUE,1,"confounded",TRUE,0.001,3000,80,5,5,99,86400,16
"sudo",0.75,0.722795222271121,0.0361421296788739,TRUE,1,"confounded",TRUE,0.001,3000,80,5,5,99,86400,16
"scaled",0.75,0.727598586336722,0.0377469676361691,TRUE,1,"confounded",TRUE,0.001,3000,80,5,5,99,86400,16
"orthogonal",0.75,0.774901696899409,0.0406162155480146,TRUE,1,"confounded",TRUE,0.001,3000,80,5,5,99,86400,16
"targeted_projection",0.75,0.795253639996431,0.0415072135261311,TRUE,1,"confounded",TRUE,0.001,3000,80,5,5,99,86400,16
"targeted_sudo",0.75,0.773367910721749,0.03988287752341,TRUE,1,"confounded",TRUE,0.001,3000,80,5,5,99,86400,16
"pit_intercept_tilt",0.75,0.795236692402176,0.0415043521262523,TRUE,1,"confounded",TRUE,0.001,3000,80,5,5,99,86400,16
"pit_affine_tilt",0.75,0.799450254751193,0.0427430008958929,TRUE,1,"confounded",TRUE,0.001,3000,80,5,5,99,86400,16
"affine_calibrated_sudo",0.75,0.795693492900466,0.0421283220914209,TRUE,1,"confounded",TRUE,0.001,3000,80,5,5,99,86400,16
"direct",0.75,0.739733454268623,0.0502571080559645,TRUE,1,"confounded",TRUE,0.001,3000,80,5,5,99,86400,17
"raw_label",0.75,0.138480381998471,0.00860094647509039,FALSE,1,"confounded",TRUE,0.001,3000,80,5,5,99,86400,17
"index_projection",0.75,0.74077564707524,0.0501353225009157,TRUE,1,"confounded",TRUE,0.001,3000,80,5,5,99,86400,17
"sudo",0.75,0.748978314119628,0.0502459784560829,TRUE,1,"confounded",TRUE,0.001,3000,80,5,5,99,86400,17
"scaled",0.75,0.757538758336897,0.0520661693012985,TRUE,1,"confounded",TRUE,0.001,3000,80,5,5,99,86400,17
"orthogonal",0.75,0.816852547049268,0.060048129635451,TRUE,1,"confounded",TRUE,0.001,3000,80,5,5,99,86400,17
"targeted_projection",0.75,0.805915143785644,0.0569824800125877,TRUE,1,"confounded",TRUE,0.001,3000,80,5,5,99,86400,17
"targeted_sudo",0.75,0.789239625343886,0.0556194843037993,TRUE,1,"confounded",TRUE,0.001,3000,80,5,5,99,86400,17
"pit_intercept_tilt",0.75,0.805969234243375,0.0569776020237118,TRUE,1,"confounded",TRUE,0.001,3000,80,5,5,99,86400,17
"pit_affine_tilt",0.75,0.813327808696995,0.0584444358704084,TRUE,1,"confounded",TRUE,0.001,3000,80,5,5,99,86400,17
"affine_calibrated_sudo",0.75,0.814833042475263,0.0579145048320364,TRUE,1,"confounded",TRUE,0.001,3000,80,5,5,99,86400,17
"direct",0.75,0.678493412202324,0.0381523167507953,TRUE,1,"confounded",TRUE,0.001,3000,80,5,5,99,86400,18
"raw_label",0.75,0.126559307145979,0.00647453873197426,FALSE,1,"confounded",TRUE,0.001,3000,80,5,5,99,86400,18
"index_projection",0.75,0.676389283461997,0.0380352686706015,TRUE,1,"confounded",TRUE,0.001,3000,80,5,5,99,86400,18
"sudo",0.75,0.683448778902318,0.0371698173256893,TRUE,1,"confounded",TRUE,0.001,3000,80,5,5,99,86400,18
"scaled",0.75,0.69079942835452,0.0383432346634277,TRUE,1,"confounded",TRUE,0.001,3000,80,5,5,99,86400,18
"orthogonal",0.75,0.730966739970146,0.0463502599371748,TRUE,1,"confounded",TRUE,0.001,3000,80,5,5,99,86400,18
"targeted_projection",0.75,0.742075290219525,0.0436582044115468,TRUE,1,"confounded",TRUE,0.001,3000,80,5,5,99,86400,18
"targeted_sudo",0.75,0.726099951047023,0.042319199542613,TRUE,1,"confounded",TRUE,0.001,3000,80,5,5,99,86400,18
"pit_intercept_tilt",0.75,0.742071029375236,0.0436603604813857,TRUE,1,"confounded",TRUE,0.001,3000,80,5,5,99,86400,18
"pit_affine_tilt",0.75,0.743824082757325,0.0452763095535402,TRUE,1,"confounded",TRUE,0.001,3000,80,5,5,99,86400,18
"affine_calibrated_sudo",0.75,0.738043954606335,0.0437374295017881,TRUE,1,"confounded",TRUE,0.001,3000,80,5,5,99,86400,18
"direct",0.75,0.657696338063015,0.03813813241385,FALSE,1,"confounded",TRUE,0.001,3000,80,5,5,99,86400,19
"raw_label",0.75,0.12470413463519,0.00704109285161733,FALSE,1,"confounded",TRUE,0.001,3000,80,5,5,99,86400,19
"index_projection",0.75,0.655843950873605,0.0382327223359804,FALSE,1,"confounded",TRUE,0.001,3000,80,5,5,99,86400,19
"sudo",0.75,0.665096790839531,0.0382451786577876,FALSE,1,"confounded",TRUE,0.001,3000,80,5,5,99,86400,19
"scaled",0.75,0.674475866030594,0.0403090636505745,TRUE,1,"confounded",TRUE,0.001,3000,80,5,5,99,86400,19
"orthogonal",0.75,0.69916511795989,0.0458830578866493,TRUE,1,"confounded",TRUE,0.001,3000,80,5,5,99,86400,19
"targeted_projection",0.75,0.728737157384376,0.0450709176258705,TRUE,1,"confounded",TRUE,0.001,3000,80,5,5,99,86400,19
"targeted_sudo",0.75,0.708347811981191,0.0437803004988487,TRUE,1,"confounded",TRUE,0.001,3000,80,5,5,99,86400,19
"pit_intercept_tilt",0.75,0.728743875650135,0.0450667809952894,TRUE,1,"confounded",TRUE,0.001,3000,80,5,5,99,86400,19
"pit_affine_tilt",0.75,0.739421803872374,0.0474731078544626,TRUE,1,"confounded",TRUE,0.001,3000,80,5,5,99,86400,19
"affine_calibrated_sudo",0.75,0.731332769723705,0.0463290416720768,TRUE,1,"confounded",TRUE,0.001,3000,80,5,5,99,86400,19
"direct",0.75,0.667523648973838,0.0414373628857063,FALSE,1,"confounded",TRUE,0.001,3000,80,5,5,99,86400,20
"raw_label",0.75,0.122833604904999,0.00689946233790501,FALSE,1,"confounded",TRUE,0.001,3000,80,5,5,99,86400,20
"index_projection",0.75,0.666414632261828,0.0415968775879021,FALSE,1,"confounded",TRUE,0.001,3000,80,5,5,99,86400,20
"sudo",0.75,0.677973015462317,0.0421895660588151,TRUE,1,"confounded",TRUE,0.001,3000,80,5,5,99,86400,20
"scaled",0.75,0.690271059803503,0.045082862951949,TRUE,1,"confounded",TRUE,0.001,3000,80,5,5,99,86400,20
"orthogonal",0.75,0.742219641028326,0.0526434859216429,TRUE,1,"confounded",TRUE,0.001,3000,80,5,5,99,86400,20
"targeted_projection",0.75,0.736553825715504,0.0486440932186797,TRUE,1,"confounded",TRUE,0.001,3000,80,5,5,99,86400,20
"targeted_sudo",0.75,0.721793399835957,0.0470735085803039,TRUE,1,"confounded",TRUE,0.001,3000,80,5,5,99,86400,20
"pit_intercept_tilt",0.75,0.736547411047351,0.0486455479639186,TRUE,1,"confounded",TRUE,0.001,3000,80,5,5,99,86400,20
"pit_affine_tilt",0.75,0.739349488303486,0.0507061083796157,TRUE,1,"confounded",TRUE,0.001,3000,80,5,5,99,86400,20
"affine_calibrated_sudo",0.75,0.742148833583741,0.0510526358972026,TRUE,1,"confounded",TRUE,0.001,3000,80,5,5,99,86400,20
"direct",0.75,0.678191101981472,0.0432911172017749,TRUE,1,"confounded",TRUE,0.001,3000,80,5,5,99,86400,21
"raw_label",0.75,0.129792984710411,0.00709551127760561,FALSE,1,"confounded",TRUE,0.001,3000,80,5,5,99,86400,21
"index_projection",0.75,0.67781342832545,0.0428929504832315,TRUE,1,"confounded",TRUE,0.001,3000,80,5,5,99,86400,21
"sudo",0.75,0.691028621724203,0.0426509594494082,TRUE,1,"confounded",TRUE,0.001,3000,80,5,5,99,86400,21
"scaled",0.75,0.704427382138191,0.0438114050348376,TRUE,1,"confounded",TRUE,0.001,3000,80,5,5,99,86400,21
"orthogonal",0.75,0.757901315869783,0.0482525466138671,TRUE,1,"confounded",TRUE,0.001,3000,80,5,5,99,86400,21
"targeted_projection",0.75,0.744349047626507,0.0497154885923166,TRUE,1,"confounded",TRUE,0.001,3000,80,5,5,99,86400,21
"targeted_sudo",0.75,0.728610067855131,0.0478722711841397,TRUE,1,"confounded",TRUE,0.001,3000,80,5,5,99,86400,21
"pit_intercept_tilt",0.75,0.744396151169646,0.0497239021524476,TRUE,1,"confounded",TRUE,0.001,3000,80,5,5,99,86400,21
"pit_affine_tilt",0.75,0.747700337293692,0.0514973680627224,TRUE,1,"confounded",TRUE,0.001,3000,80,5,5,99,86400,21
"affine_calibrated_sudo",0.75,0.751244727407167,0.0500304759952868,TRUE,1,"confounded",TRUE,0.001,3000,80,5,5,99,86400,21
"direct",0.75,0.677162653655132,0.0411363113149632,TRUE,1,"confounded",TRUE,0.001,3000,80,5,5,99,86400,22
"raw_label",0.75,0.130542956564389,0.00740611272338553,FALSE,1,"confounded",TRUE,0.001,3000,80,5,5,99,86400,22
"index_projection",0.75,0.675699445120121,0.0412758259839906,TRUE,1,"confounded",TRUE,0.001,3000,80,5,5,99,86400,22
"sudo",0.75,0.696685388358175,0.0429765765662542,TRUE,1,"confounded",TRUE,0.001,3000,80,5,5,99,86400,22
"scaled",0.75,0.718688822517004,0.0468868463596835,TRUE,1,"confounded",TRUE,0.001,3000,80,5,5,99,86400,22
"orthogonal",0.75,0.772058269518558,0.0502689344544799,TRUE,1,"confounded",TRUE,0.001,3000,80,5,5,99,86400,22
"targeted_projection",0.75,0.761378302955272,0.0496331063694432,TRUE,1,"confounded",TRUE,0.001,3000,80,5,5,99,86400,22
"targeted_sudo",0.75,0.746619141809111,0.0481334958607158,TRUE,1,"confounded",TRUE,0.001,3000,80,5,5,99,86400,22
"pit_intercept_tilt",0.75,0.761406453036545,0.0496312130870891,TRUE,1,"confounded",TRUE,0.001,3000,80,5,5,99,86400,22
"pit_affine_tilt",0.75,0.762156326807478,0.0510314826830531,TRUE,1,"confounded",TRUE,0.001,3000,80,5,5,99,86400,22
"affine_calibrated_sudo",0.75,0.761934700154543,0.0508424164481064,TRUE,1,"confounded",TRUE,0.001,3000,80,5,5,99,86400,22
"direct",0.75,0.590926981172896,0.0416468191085493,FALSE,1,"confounded",TRUE,0.001,3000,80,5,5,99,86400,23
"raw_label",0.75,0.114309085878731,0.00769726796138411,FALSE,1,"confounded",TRUE,0.001,3000,80,5,5,99,86400,23
"index_projection",0.75,0.588411924791675,0.0417857852692856,FALSE,1,"confounded",TRUE,0.001,3000,80,5,5,99,86400,23
"sudo",0.75,0.600661393335467,0.04285690435883,FALSE,1,"confounded",TRUE,0.001,3000,80,5,5,99,86400,23
"scaled",0.75,0.612254546928361,0.0457543226822262,FALSE,1,"confounded",TRUE,0.001,3000,80,5,5,99,86400,23
"orthogonal",0.75,0.643144560796744,0.0515388242605904,FALSE,1,"confounded",TRUE,0.001,3000,80,5,5,99,86400,23
"targeted_projection",0.75,0.650861495840544,0.0482037853663561,FALSE,1,"confounded",TRUE,0.001,3000,80,5,5,99,86400,23
"targeted_sudo",0.75,0.63678897827795,0.0473389977440125,FALSE,1,"confounded",TRUE,0.001,3000,80,5,5,99,86400,23
"pit_intercept_tilt",0.75,0.650859275456806,0.0482043328728008,FALSE,1,"confounded",TRUE,0.001,3000,80,5,5,99,86400,23
"pit_affine_tilt",0.75,0.655519496659987,0.0500499261969059,TRUE,1,"confounded",TRUE,0.001,3000,80,5,5,99,86400,23
"affine_calibrated_sudo",0.75,0.649525815754406,0.049539227210755,FALSE,1,"confounded",TRUE,0.001,3000,80,5,5,99,86400,23
"direct",0.75,0.690033547598466,0.0435105602330572,TRUE,1,"confounded",TRUE,0.001,3000,80,5,5,99,86400,24
"raw_label",0.75,0.130049052648293,0.00743477554197511,FALSE,1,"confounded",TRUE,0.001,3000,80,5,5,99,86400,24
"index_projection",0.75,0.691068036561233,0.0437471178149089,TRUE,1,"confounded",TRUE,0.001,3000,80,5,5,99,86400,24
"sudo",0.75,0.702154397371033,0.0434119514740506,TRUE,1,"confounded",TRUE,0.001,3000,80,5,5,99,86400,24
"scaled",0.75,0.713823559219634,0.0450842381319994,TRUE,1,"confounded",TRUE,0.001,3000,80,5,5,99,86400,24
"orthogonal",0.75,0.74258517978804,0.0546024813574885,TRUE,1,"confounded",TRUE,0.001,3000,80,5,5,99,86400,24
"targeted_projection",0.75,0.758234625094123,0.0504053816883326,TRUE,1,"confounded",TRUE,0.001,3000,80,5,5,99,86400,24
"targeted_sudo",0.75,0.744593481810711,0.0486796199547823,TRUE,1,"confounded",TRUE,0.001,3000,80,5,5,99,86400,24
"pit_intercept_tilt",0.75,0.75821667911452,0.0504062670690632,TRUE,1,"confounded",TRUE,0.001,3000,80,5,5,99,86400,24
"pit_affine_tilt",0.75,0.758545024859602,0.0519012664381591,TRUE,1,"confounded",TRUE,0.001,3000,80,5,5,99,86400,24
"affine_calibrated_sudo",0.75,0.76027269817586,0.0515471595344667,TRUE,1,"confounded",TRUE,0.001,3000,80,5,5,99,86400,24
"direct",0.75,0.616263888652642,0.0406088539296123,FALSE,1,"confounded",TRUE,0.001,3000,80,5,5,99,86400,25
"raw_label",0.75,0.116864104200666,0.00703324336908777,FALSE,1,"confounded",TRUE,0.001,3000,80,5,5,99,86400,25
"index_projection",0.75,0.615793141722289,0.0407142646117442,FALSE,1,"confounded",TRUE,0.001,3000,80,5,5,99,86400,25
"sudo",0.75,0.624212144286911,0.0408431937966948,FALSE,1,"confounded",TRUE,0.001,3000,80,5,5,99,86400,25
"scaled",0.75,0.632549114867727,0.0436981399567678,FALSE,1,"confounded",TRUE,0.001,3000,80,5,5,99,86400,25
"orthogonal",0.75,0.640718240408642,0.0599859805872668,TRUE,1,"confounded",TRUE,0.001,3000,80,5,5,99,86400,25
"targeted_projection",0.75,0.684399015499052,0.0458589193866222,TRUE,1,"confounded",TRUE,0.001,3000,80,5,5,99,86400,25
"targeted_sudo",0.75,0.663546620547349,0.0446463195230336,TRUE,1,"confounded",TRUE,0.001,3000,80,5,5,99,86400,25
"pit_intercept_tilt",0.75,0.684398918089359,0.0458592433573821,TRUE,1,"confounded",TRUE,0.001,3000,80,5,5,99,86400,25
"pit_affine_tilt",0.75,0.684115179272794,0.04722793630488,TRUE,1,"confounded",TRUE,0.001,3000,80,5,5,99,86400,25
"affine_calibrated_sudo",0.75,0.679213546377726,0.0471017608408166,TRUE,1,"confounded",TRUE,0.001,3000,80,5,5,99,86400,25
"direct",0.75,0.65992401562849,0.043052187117111,FALSE,1,"confounded",TRUE,0.001,3000,80,5,5,99,86400,26
"raw_label",0.75,0.126254677468618,0.00733384129188315,FALSE,1,"confounded",TRUE,0.001,3000,80,5,5,99,86400,26
"index_projection",0.75,0.661436304169746,0.0431782179090507,FALSE,1,"confounded",TRUE,0.001,3000,80,5,5,99,86400,26
"sudo",0.75,0.671694354089813,0.0423948594710837,TRUE,1,"confounded",TRUE,0.001,3000,80,5,5,99,86400,26
"scaled",0.75,0.682243599328184,0.0438054909174276,TRUE,1,"confounded",TRUE,0.001,3000,80,5,5,99,86400,26
"orthogonal",0.75,0.738218501223057,0.0473194242725814,TRUE,1,"confounded",TRUE,0.001,3000,80,5,5,99,86400,26
"targeted_projection",0.75,0.72084497372156,0.0478598980089363,TRUE,1,"confounded",TRUE,0.001,3000,80,5,5,99,86400,26
"targeted_sudo",0.75,0.708554994086655,0.0464452362572448,TRUE,1,"confounded",TRUE,0.001,3000,80,5,5,99,86400,26
"pit_intercept_tilt",0.75,0.720903004076656,0.0478548062036858,TRUE,1,"confounded",TRUE,0.001,3000,80,5,5,99,86400,26
"pit_affine_tilt",0.75,0.723619025551031,0.0497646820168882,TRUE,1,"confounded",TRUE,0.001,3000,80,5,5,99,86400,26
"affine_calibrated_sudo",0.75,0.726242495162448,0.0483379211088912,TRUE,1,"confounded",TRUE,0.001,3000,80,5,5,99,86400,26
"direct",0.75,0.585070648982403,0.038842899738956,FALSE,1,"confounded",TRUE,0.001,3000,80,5,5,99,86400,27
"raw_label",0.75,0.115162710020965,0.00731461153599878,FALSE,1,"confounded",TRUE,0.001,3000,80,5,5,99,86400,27
"index_projection",0.75,0.58597842179995,0.0386610760146355,FALSE,1,"confounded",TRUE,0.001,3000,80,5,5,99,86400,27
"sudo",0.75,0.595769122590037,0.038828796097652,FALSE,1,"confounded",TRUE,0.001,3000,80,5,5,99,86400,27
"scaled",0.75,0.604793997408613,0.0407491789215181,FALSE,1,"confounded",TRUE,0.001,3000,80,5,5,99,86400,27
"orthogonal",0.75,0.627683234039659,0.0428228253947011,FALSE,1,"confounded",TRUE,0.001,3000,80,5,5,99,86400,27
"targeted_projection",0.75,0.639256289540128,0.0431371886870079,FALSE,1,"confounded",TRUE,0.001,3000,80,5,5,99,86400,27
"targeted_sudo",0.75,0.625017063515992,0.0418601106047493,FALSE,1,"confounded",TRUE,0.001,3000,80,5,5,99,86400,27
"pit_intercept_tilt",0.75,0.63924570352274,0.0431404517748669,FALSE,1,"confounded",TRUE,0.001,3000,80,5,5,99,86400,27
"pit_affine_tilt",0.75,0.641037841472642,0.0445831971706424,FALSE,1,"confounded",TRUE,0.001,3000,80,5,5,99,86400,27
"affine_calibrated_sudo",0.75,0.641393629267817,0.0440537475631037,FALSE,1,"confounded",TRUE,0.001,3000,80,5,5,99,86400,27
"direct",0.75,0.726645518428156,0.040291316768998,TRUE,1,"confounded",TRUE,0.001,3000,80,5,5,99,86400,28
"raw_label",0.75,0.135125847023962,0.00664529391055405,FALSE,1,"confounded",TRUE,0.001,3000,80,5,5,99,86400,28
"index_projection",0.75,0.72654521346447,0.040531160937655,TRUE,1,"confounded",TRUE,0.001,3000,80,5,5,99,86400,28
"sudo",0.75,0.736181315004132,0.0397718803717447,TRUE,1,"confounded",TRUE,0.001,3000,80,5,5,99,86400,28
"scaled",0.75,0.746741011852539,0.0410325184742368,TRUE,1,"confounded",TRUE,0.001,3000,80,5,5,99,86400,28
"orthogonal",0.75,0.809399581963633,0.0464986442820844,TRUE,1,"confounded",TRUE,0.001,3000,80,5,5,99,86400,28
"targeted_projection",0.75,0.801108227949629,0.0457601872254292,TRUE,1,"confounded",TRUE,0.001,3000,80,5,5,99,86400,28
"targeted_sudo",0.75,0.78506746045467,0.0443172258445985,TRUE,1,"confounded",TRUE,0.001,3000,80,5,5,99,86400,28
"pit_intercept_tilt",0.75,0.801126977519867,0.0457603406960018,TRUE,1,"confounded",TRUE,0.001,3000,80,5,5,99,86400,28
"pit_affine_tilt",0.75,0.80256070946464,0.0470868422320495,TRUE,1,"confounded",TRUE,0.001,3000,80,5,5,99,86400,28
"affine_calibrated_sudo",0.75,0.803515060877336,0.0461016838933543,TRUE,1,"confounded",TRUE,0.001,3000,80,5,5,99,86400,28
"direct",0.75,0.661302282607962,0.0411254967013639,FALSE,1,"confounded",TRUE,0.001,3000,80,5,5,99,86400,29
"raw_label",0.75,0.125401917871473,0.00682377399243425,FALSE,1,"confounded",TRUE,0.001,3000,80,5,5,99,86400,29
"index_projection",0.75,0.66115079266893,0.0409920773098014,FALSE,1,"confounded",TRUE,0.001,3000,80,5,5,99,86400,29
"sudo",0.75,0.671780918539612,0.0405608342458886,TRUE,1,"confounded",TRUE,0.001,3000,80,5,5,99,86400,29
"scaled",0.75,0.682656657441627,0.0418624348327432,TRUE,1,"confounded",TRUE,0.001,3000,80,5,5,99,86400,29
"orthogonal",0.75,0.709383140379156,0.0484279425264883,TRUE,1,"confounded",TRUE,0.001,3000,80,5,5,99,86400,29
"targeted_projection",0.75,0.720697044416517,0.0457273775699192,TRUE,1,"confounded",TRUE,0.001,3000,80,5,5,99,86400,29
"targeted_sudo",0.75,0.70587017813681,0.044297223875004,TRUE,1,"confounded",TRUE,0.001,3000,80,5,5,99,86400,29
"pit_intercept_tilt",0.75,0.720721477207383,0.0457297285867497,TRUE,1,"confounded",TRUE,0.001,3000,80,5,5,99,86400,29
"pit_affine_tilt",0.75,0.721309009063537,0.0474671515682334,TRUE,1,"confounded",TRUE,0.001,3000,80,5,5,99,86400,29
"affine_calibrated_sudo",0.75,0.721811047832644,0.0469880522735539,TRUE,1,"confounded",TRUE,0.001,3000,80,5,5,99,86400,29
"direct",0.75,0.603100578698267,0.0462852735058057,FALSE,1,"confounded",TRUE,0.001,3000,80,5,5,99,86400,30
"raw_label",0.75,0.113825050811681,0.00783818962295852,FALSE,1,"confounded",TRUE,0.001,3000,80,5,5,99,86400,30
"index_projection",0.75,0.603878887057722,0.046202432840339,FALSE,1,"confounded",TRUE,0.001,3000,80,5,5,99,86400,30
"sudo",0.75,0.615180581238409,0.0457859867870379,FALSE,1,"confounded",TRUE,0.001,3000,80,5,5,99,86400,30
"scaled",0.75,0.626575554927442,0.0471461159918629,FALSE,1,"confounded",TRUE,0.001,3000,80,5,5,99,86400,30
"orthogonal",0.75,0.65283290812692,0.0560001676178528,TRUE,1,"confounded",TRUE,0.001,3000,80,5,5,99,86400,30
"targeted_projection",0.75,0.674363045201568,0.0541584305768362,TRUE,1,"confounded",TRUE,0.001,3000,80,5,5,99,86400,30
"targeted_sudo",0.75,0.658029014508063,0.0516656900141522,TRUE,1,"confounded",TRUE,0.001,3000,80,5,5,99,86400,30
"pit_intercept_tilt",0.75,0.674395911374214,0.0541575259410643,TRUE,1,"confounded",TRUE,0.001,3000,80,5,5,99,86400,30
"pit_affine_tilt",0.75,0.675355639541886,0.0562052440338248,TRUE,1,"confounded",TRUE,0.001,3000,80,5,5,99,86400,30
"affine_calibrated_sudo",0.75,0.674845026383108,0.0545801660712909,TRUE,1,"confounded",TRUE,0.001,3000,80,5,5,99,86400,30
"direct",0.75,0.650895928516032,0.0457325603710186,FALSE,1,"confounded",TRUE,0.001,3000,80,5,5,99,86400,31
"raw_label",0.75,0.123850022863183,0.00770893596308992,FALSE,1,"confounded",TRUE,0.001,3000,80,5,5,99,86400,31
"index_projection",0.75,0.648469673748682,0.0461321321844949,FALSE,1,"confounded",TRUE,0.001,3000,80,5,5,99,86400,31
"sudo",0.75,0.665277158727183,0.0461041201142304,TRUE,1,"confounded",TRUE,0.001,3000,80,5,5,99,86400,31
"scaled",0.75,0.682454992970447,0.0484319674064429,TRUE,1,"confounded",TRUE,0.001,3000,80,5,5,99,86400,31
"orthogonal",0.75,0.737869115463053,0.0520083796238763,TRUE,1,"confounded",TRUE,0.001,3000,80,5,5,99,86400,31
"targeted_projection",0.75,0.72680291308958,0.0520026858738048,TRUE,1,"confounded",TRUE,0.001,3000,80,5,5,99,86400,31
"targeted_sudo",0.75,0.71244208954921,0.0503525764782848,TRUE,1,"confounded",TRUE,0.001,3000,80,5,5,99,86400,31
"pit_intercept_tilt",0.75,0.726801975856216,0.0520020444555112,TRUE,1,"confounded",TRUE,0.001,3000,80,5,5,99,86400,31
"pit_affine_tilt",0.75,0.726607963149041,0.0532662103976426,TRUE,1,"confounded",TRUE,0.001,3000,80,5,5,99,86400,31
"affine_calibrated_sudo",0.75,0.72656663730843,0.0536441184987378,TRUE,1,"confounded",TRUE,0.001,3000,80,5,5,99,86400,31
"direct",0.75,0.75030780665118,0.037598136767447,TRUE,1,"confounded",TRUE,0.001,3000,80,5,5,99,86400,32
"raw_label",0.75,0.141320335471966,0.00683392171937711,FALSE,1,"confounded",TRUE,0.001,3000,80,5,5,99,86400,32
"index_projection",0.75,0.749331647433223,0.0375750950540119,TRUE,1,"confounded",TRUE,0.001,3000,80,5,5,99,86400,32
"sudo",0.75,0.765210363551006,0.0381942335197868,TRUE,1,"confounded",TRUE,0.001,3000,80,5,5,99,86400,32
"scaled",0.75,0.782700195239199,0.0412731345884118,TRUE,1,"confounded",TRUE,0.001,3000,80,5,5,99,86400,32
"orthogonal",0.75,0.838220756295631,0.0414326596161081,FALSE,1,"confounded",TRUE,0.001,3000,80,5,5,99,86400,32
"targeted_projection",0.75,0.833073194763857,0.0452347869822933,TRUE,1,"confounded",TRUE,0.001,3000,80,5,5,99,86400,32
"targeted_sudo",0.75,0.815733137133743,0.043544830245557,TRUE,1,"confounded",TRUE,0.001,3000,80,5,5,99,86400,32
"pit_intercept_tilt",0.75,0.833068632784878,0.0452385506802599,TRUE,1,"confounded",TRUE,0.001,3000,80,5,5,99,86400,32
"pit_affine_tilt",0.75,0.835699570446116,0.0462523263603386,TRUE,1,"confounded",TRUE,0.001,3000,80,5,5,99,86400,32
"affine_calibrated_sudo",0.75,0.839106248328438,0.045488769640819,TRUE,1,"confounded",TRUE,0.001,3000,80,5,5,99,86400,32
"direct",0.75,0.620756195429397,0.0465563346294407,FALSE,1,"confounded",TRUE,0.001,3000,80,5,5,99,86400,33
"raw_label",0.75,0.11866137383061,0.00839709940785771,FALSE,1,"confounded",TRUE,0.001,3000,80,5,5,99,86400,33
"index_projection",0.75,0.620163649703382,0.0466859594768382,FALSE,1,"confounded",TRUE,0.001,3000,80,5,5,99,86400,33
"sudo",0.75,0.63371685912623,0.047055876875503,FALSE,1,"confounded",TRUE,0.001,3000,80,5,5,99,86400,33
"scaled",0.75,0.647294373770904,0.0490222974549367,FALSE,1,"confounded",TRUE,0.001,3000,80,5,5,99,86400,33
"orthogonal",0.75,0.678906309983667,0.0569451795778756,TRUE,1,"confounded",TRUE,0.001,3000,80,5,5,99,86400,33
"targeted_projection",0.75,0.688062893117726,0.0534849251730147,TRUE,1,"confounded",TRUE,0.001,3000,80,5,5,99,86400,33
"targeted_sudo",0.75,0.674394778009987,0.0519223602519048,TRUE,1,"confounded",TRUE,0.001,3000,80,5,5,99,86400,33
"pit_intercept_tilt",0.75,0.68806082122585,0.0534880804988415,TRUE,1,"confounded",TRUE,0.001,3000,80,5,5,99,86400,33
"pit_affine_tilt",0.75,0.690531998538576,0.0549780482141497,TRUE,1,"confounded",TRUE,0.001,3000,80,5,5,99,86400,33
"affine_calibrated_sudo",0.75,0.688349825669818,0.0542506374868327,TRUE,1,"confounded",TRUE,0.001,3000,80,5,5,99,86400,33
"direct",0.75,0.6454578578981,0.0426923634983863,FALSE,1,"confounded",TRUE,0.001,3000,80,5,5,99,86400,34
"raw_label",0.75,0.119461509568661,0.00706964634179067,FALSE,1,"confounded",TRUE,0.001,3000,80,5,5,99,86400,34
"index_projection",0.75,0.645959217490474,0.0427405268423763,FALSE,1,"confounded",TRUE,0.001,3000,80,5,5,99,86400,34
"sudo",0.75,0.650861090682828,0.042319655080624,FALSE,1,"confounded",TRUE,0.001,3000,80,5,5,99,86400,34
"scaled",0.75,0.655969871008028,0.0435285611367009,FALSE,1,"confounded",TRUE,0.001,3000,80,5,5,99,86400,34
"orthogonal",0.75,0.663471165661632,0.048931915679297,TRUE,1,"confounded",TRUE,0.001,3000,80,5,5,99,86400,34
"targeted_projection",0.75,0.712860700276293,0.0484817249804842,TRUE,1,"confounded",TRUE,0.001,3000,80,5,5,99,86400,34
"targeted_sudo",0.75,0.691208708749342,0.0467198443991662,TRUE,1,"confounded",TRUE,0.001,3000,80,5,5,99,86400,34
"pit_intercept_tilt",0.75,0.712880967225662,0.0484783229583459,TRUE,1,"confounded",TRUE,0.001,3000,80,5,5,99,86400,34
"pit_affine_tilt",0.75,0.716529983059515,0.0511427799111804,TRUE,1,"confounded",TRUE,0.001,3000,80,5,5,99,86400,34
"affine_calibrated_sudo",0.75,0.712525150729142,0.0496124499548141,TRUE,1,"confounded",TRUE,0.001,3000,80,5,5,99,86400,34
"direct",0.75,0.675175640206867,0.0493628145442762,TRUE,1,"confounded",TRUE,0.001,3000,80,5,5,99,86400,35
"raw_label",0.75,0.123392995483695,0.00817522019526424,FALSE,1,"confounded",TRUE,0.001,3000,80,5,5,99,86400,35
"index_projection",0.75,0.675950196887191,0.0495120177906697,TRUE,1,"confounded",TRUE,0.001,3000,80,5,5,99,86400,35
"sudo",0.75,0.684232002106214,0.049329639613291,TRUE,1,"confounded",TRUE,0.001,3000,80,5,5,99,86400,35
"scaled",0.75,0.693234213688559,0.0508121138185817,TRUE,1,"confounded",TRUE,0.001,3000,80,5,5,99,86400,35
"orthogonal",0.75,0.676098689783423,0.0634444964302806,TRUE,1,"confounded",TRUE,0.001,3000,80,5,5,99,86400,35
"targeted_projection",0.75,0.75223198381544,0.0559230660332098,TRUE,1,"confounded",TRUE,0.001,3000,80,5,5,99,86400,35
"targeted_sudo",0.75,0.72895765248562,0.0548463842342662,TRUE,1,"confounded",TRUE,0.001,3000,80,5,5,99,86400,35
"pit_intercept_tilt",0.75,0.752239667687173,0.055927207704168,TRUE,1,"confounded",TRUE,0.001,3000,80,5,5,99,86400,35
"pit_affine_tilt",0.75,0.759872579593251,0.0581255221239998,TRUE,1,"confounded",TRUE,0.001,3000,80,5,5,99,86400,35
"affine_calibrated_sudo",0.75,0.753754356088321,0.0578115824003125,TRUE,1,"confounded",TRUE,0.001,3000,80,5,5,99,86400,35
"direct",0.75,0.729131570253226,0.0388471851313328,TRUE,1,"confounded",TRUE,0.001,3000,80,5,5,99,86400,36
"raw_label",0.75,0.135139700228746,0.00616722221567814,FALSE,1,"confounded",TRUE,0.001,3000,80,5,5,99,86400,36
"index_projection",0.75,0.726132630216422,0.038487829188211,TRUE,1,"confounded",TRUE,0.001,3000,80,5,5,99,86400,36
"sudo",0.75,0.742967559644802,0.0374365809623535,TRUE,1,"confounded",TRUE,0.001,3000,80,5,5,99,86400,36
"scaled",0.75,0.761979716332103,0.0386189677749709,TRUE,1,"confounded",TRUE,0.001,3000,80,5,5,99,86400,36
"orthogonal",0.75,0.811862499894827,0.0426842071341909,TRUE,1,"confounded",TRUE,0.001,3000,80,5,5,99,86400,36
"targeted_projection",0.75,0.812356563557579,0.0445075153207688,TRUE,1,"confounded",TRUE,0.001,3000,80,5,5,99,86400,36
"targeted_sudo",0.75,0.7943280993029,0.0429317747500226,TRUE,1,"confounded",TRUE,0.001,3000,80,5,5,99,86400,36
"pit_intercept_tilt",0.75,0.812341294062562,0.0445061377899193,TRUE,1,"confounded",TRUE,0.001,3000,80,5,5,99,86400,36
"pit_affine_tilt",0.75,0.813881376444464,0.046232327273219,TRUE,1,"confounded",TRUE,0.001,3000,80,5,5,99,86400,36
"affine_calibrated_sudo",0.75,0.814238474001781,0.0445826368690111,TRUE,1,"confounded",TRUE,0.001,3000,80,5,5,99,86400,36
"direct",0.75,0.69752675573244,0.0440400337359633,TRUE,1,"confounded",TRUE,0.001,3000,80,5,5,99,86400,37
"raw_label",0.75,0.134661880111887,0.00769119981463488,FALSE,1,"confounded",TRUE,0.001,3000,80,5,5,99,86400,37
"index_projection",0.75,0.697262371897391,0.0439937026030377,TRUE,1,"confounded",TRUE,0.001,3000,80,5,5,99,86400,37
"sudo",0.75,0.712526645358707,0.0439680302328679,TRUE,1,"confounded",TRUE,0.001,3000,80,5,5,99,86400,37
"scaled",0.75,0.728084583162023,0.0458563948166423,TRUE,1,"confounded",TRUE,0.001,3000,80,5,5,99,86400,37
"orthogonal",0.75,0.745719659378081,0.0503457439833304,TRUE,1,"confounded",TRUE,0.001,3000,80,5,5,99,86400,37
"targeted_projection",0.75,0.780112345895762,0.0507978811160715,TRUE,1,"confounded",TRUE,0.001,3000,80,5,5,99,86400,37
"targeted_sudo",0.75,0.758067094457814,0.0492596009422594,TRUE,1,"confounded",TRUE,0.001,3000,80,5,5,99,86400,37
"pit_intercept_tilt",0.75,0.780105553699426,0.0508030992040126,TRUE,1,"confounded",TRUE,0.001,3000,80,5,5,99,86400,37
"pit_affine_tilt",0.75,0.784711517543358,0.0527511565856377,TRUE,1,"confounded",TRUE,0.001,3000,80,5,5,99,86400,37
"affine_calibrated_sudo",0.75,0.782560576408313,0.0514688866882599,TRUE,1,"confounded",TRUE,0.001,3000,80,5,5,99,86400,37
"direct",0.75,0.68854066738941,0.0402900616488391,TRUE,1,"confounded",TRUE,0.001,3000,80,5,5,99,86400,38
"raw_label",0.75,0.127232113172953,0.00708482406415895,FALSE,1,"confounded",TRUE,0.001,3000,80,5,5,99,86400,38
"index_projection",0.75,0.689907053765041,0.0400563118575002,TRUE,1,"confounded",TRUE,0.001,3000,80,5,5,99,86400,38
"sudo",0.75,0.698866139225009,0.0409895452681659,TRUE,1,"confounded",TRUE,0.001,3000,80,5,5,99,86400,38
"scaled",0.75,0.70862184957823,0.0440188283813771,TRUE,1,"confounded",TRUE,0.001,3000,80,5,5,99,86400,38
"orthogonal",0.75,0.739682950075529,0.0524909832605378,TRUE,1,"confounded",TRUE,0.001,3000,80,5,5,99,86400,38
"targeted_projection",0.75,0.763164466665932,0.045859316684061,TRUE,1,"confounded",TRUE,0.001,3000,80,5,5,99,86400,38
"targeted_sudo",0.75,0.744990334716864,0.0451311261018446,TRUE,1,"confounded",TRUE,0.001,3000,80,5,5,99,86400,38
"pit_intercept_tilt",0.75,0.763164185352393,0.0458641008888806,TRUE,1,"confounded",TRUE,0.001,3000,80,5,5,99,86400,38
"pit_affine_tilt",0.75,0.766061533946163,0.0476332041547696,TRUE,1,"confounded",TRUE,0.001,3000,80,5,5,99,86400,38
"affine_calibrated_sudo",0.75,0.763946923175161,0.0473033468915431,TRUE,1,"confounded",TRUE,0.001,3000,80,5,5,99,86400,38
"direct",0.75,0.704413152454067,0.0436466336296452,TRUE,1,"confounded",TRUE,0.001,3000,80,5,5,99,86400,39
"raw_label",0.75,0.133206085096324,0.0076667153602946,FALSE,1,"confounded",TRUE,0.001,3000,80,5,5,99,86400,39
"index_projection",0.75,0.704636144924514,0.0435948821972809,TRUE,1,"confounded",TRUE,0.001,3000,80,5,5,99,86400,39
"sudo",0.75,0.719651314649215,0.0447927822105843,TRUE,1,"confounded",TRUE,0.001,3000,80,5,5,99,86400,39
"scaled",0.75,0.735561013347818,0.0478296904166944,TRUE,1,"confounded",TRUE,0.001,3000,80,5,5,99,86400,39
"orthogonal",0.75,0.776623016543671,0.0555817358686744,TRUE,1,"confounded",TRUE,0.001,3000,80,5,5,99,86400,39
"targeted_projection",0.75,0.784686995530838,0.0517492409624609,TRUE,1,"confounded",TRUE,0.001,3000,80,5,5,99,86400,39
"targeted_sudo",0.75,0.767615161456085,0.050464511054473,TRUE,1,"confounded",TRUE,0.001,3000,80,5,5,99,86400,39
"pit_intercept_tilt",0.75,0.784699537216704,0.0517470988846562,TRUE,1,"confounded",TRUE,0.001,3000,80,5,5,99,86400,39
"pit_affine_tilt",0.75,0.791261373664576,0.0540597633095561,TRUE,1,"confounded",TRUE,0.001,3000,80,5,5,99,86400,39
"affine_calibrated_sudo",0.75,0.78998899112335,0.05402858433054,TRUE,1,"confounded",TRUE,0.001,3000,80,5,5,99,86400,39
"direct",0.75,0.627043378999837,0.0399655930041361,FALSE,1,"confounded",TRUE,0.001,3000,80,5,5,99,86400,40
"raw_label",0.75,0.118515648774325,0.00767364827443276,FALSE,1,"confounded",TRUE,0.001,3000,80,5,5,99,86400,40
"index_projection",0.75,0.625712587381498,0.0398873780555442,FALSE,1,"confounded",TRUE,0.001,3000,80,5,5,99,86400,40
"sudo",0.75,0.642366669776462,0.0421020741578107,FALSE,1,"confounded",TRUE,0.001,3000,80,5,5,99,86400,40
"scaled",0.75,0.659142464525543,0.0463687692180133,TRUE,1,"confounded",TRUE,0.001,3000,80,5,5,99,86400,40
"orthogonal",0.75,0.706477006894047,0.0514701118303135,TRUE,1,"confounded",TRUE,0.001,3000,80,5,5,99,86400,40
"targeted_projection",0.75,0.698424566605157,0.0476699230975592,TRUE,1,"confounded",TRUE,0.001,3000,80,5,5,99,86400,40
"targeted_sudo",0.75,0.683009345357351,0.0469892669141493,TRUE,1,"confounded",TRUE,0.001,3000,80,5,5,99,86400,40
"pit_intercept_tilt",0.75,0.698452197827965,0.0476741334976448,TRUE,1,"confounded",TRUE,0.001,3000,80,5,5,99,86400,40
"pit_affine_tilt",0.75,0.704558829172087,0.0490423173454493,TRUE,1,"confounded",TRUE,0.001,3000,80,5,5,99,86400,40
"affine_calibrated_sudo",0.75,0.707414601350207,0.0493022532017898,TRUE,1,"confounded",TRUE,0.001,3000,80,5,5,99,86400,40
"direct",0.75,0.684845070929259,0.0415523123255737,TRUE,1,"confounded",TRUE,0.001,3000,80,5,5,99,86400,41
"raw_label",0.75,0.129171600253231,0.00684954017385991,FALSE,1,"confounded",TRUE,0.001,3000,80,5,5,99,86400,41
"index_projection",0.75,0.685280025122807,0.0418538138303299,TRUE,1,"confounded",TRUE,0.001,3000,80,5,5,99,86400,41
"sudo",0.75,0.694183353740522,0.0410956815176481,TRUE,1,"confounded",TRUE,0.001,3000,80,5,5,99,86400,41
"scaled",0.75,0.703468426281952,0.0426070453847803,TRUE,1,"confounded",TRUE,0.001,3000,80,5,5,99,86400,41
"orthogonal",0.75,0.723649304319104,0.0463692655587683,TRUE,1,"confounded",TRUE,0.001,3000,80,5,5,99,86400,41
"targeted_projection",0.75,0.762492943192745,0.0480329553816227,TRUE,1,"confounded",TRUE,0.001,3000,80,5,5,99,86400,41
"targeted_sudo",0.75,0.741209607475314,0.0461509747293997,TRUE,1,"confounded",TRUE,0.001,3000,80,5,5,99,86400,41
"pit_intercept_tilt",0.75,0.762504940871656,0.048035507061233,TRUE,1,"confounded",TRUE,0.001,3000,80,5,5,99,86400,41
"pit_affine_tilt",0.75,0.764772625218886,0.0495228476383591,TRUE,1,"confounded",TRUE,0.001,3000,80,5,5,99,86400,41
"affine_calibrated_sudo",0.75,0.759089103180939,0.0489608595261481,TRUE,1,"confounded",TRUE,0.001,3000,80,5,5,99,86400,41
"direct",0.75,0.560636363876038,0.0406608840527164,FALSE,1,"confounded",TRUE,0.001,3000,80,5,5,99,86400,42
"raw_label",0.75,0.109883077211482,0.00733997121951662,FALSE,1,"confounded",TRUE,0.001,3000,80,5,5,99,86400,42
"index_projection",0.75,0.562080426818555,0.0410484123468686,FALSE,1,"confounded",TRUE,0.001,3000,80,5,5,99,86400,42
"sudo",0.75,0.572156676929862,0.0411554048786095,FALSE,1,"confounded",TRUE,0.001,3000,80,5,5,99,86400,42
"scaled",0.75,0.581600183790609,0.0429831989806321,FALSE,1,"confounded",TRUE,0.001,3000,80,5,5,99,86400,42
"orthogonal",0.75,0.611174390043845,0.0482860758488719,FALSE,1,"confounded",TRUE,0.001,3000,80,5,5,99,86400,42
"targeted_projection",0.75,0.61343379687249,0.0458068773862358,FALSE,1,"confounded",TRUE,0.001,3000,80,5,5,99,86400,42
"targeted_sudo",0.75,0.603263763702771,0.0445478962127195,FALSE,1,"confounded",TRUE,0.001,3000,80,5,5,99,86400,42
"pit_intercept_tilt",0.75,0.613437304906093,0.045811398741612,FALSE,1,"confounded",TRUE,0.001,3000,80,5,5,99,86400,42
"pit_affine_tilt",0.75,0.614018572258821,0.0470871990905484,FALSE,1,"confounded",TRUE,0.001,3000,80,5,5,99,86400,42
"affine_calibrated_sudo",0.75,0.61552129394267,0.0467520560701106,FALSE,1,"confounded",TRUE,0.001,3000,80,5,5,99,86400,42
"direct",0.75,0.650546560897983,0.0409043916317672,FALSE,1,"confounded",TRUE,0.001,3000,80,5,5,99,86400,43
"raw_label",0.75,0.122501734248192,0.00803630936369192,FALSE,1,"confounded",TRUE,0.001,3000,80,5,5,99,86400,43
"index_projection",0.75,0.649549313492702,0.0411831816501301,FALSE,1,"confounded",TRUE,0.001,3000,80,5,5,99,86400,43
"sudo",0.75,0.663482902707624,0.043035683145616,FALSE,1,"confounded",TRUE,0.001,3000,80,5,5,99,86400,43
"scaled",0.75,0.677754381786692,0.0470739797398068,TRUE,1,"confounded",TRUE,0.001,3000,80,5,5,99,86400,43
"orthogonal",0.75,0.724886747403416,0.052707494048805,TRUE,1,"confounded",TRUE,0.001,3000,80,5,5,99,86400,43
"targeted_projection",0.75,0.719246872913548,0.0475396644292186,TRUE,1,"confounded",TRUE,0.001,3000,80,5,5,99,86400,43
"targeted_sudo",0.75,0.703167531372448,0.04665247160162,TRUE,1,"confounded",TRUE,0.001,3000,80,5,5,99,86400,43
"pit_intercept_tilt",0.75,0.719243581831559,0.0475409286802577,TRUE,1,"confounded",TRUE,0.001,3000,80,5,5,99,86400,43
"pit_affine_tilt",0.75,0.723077952287757,0.0492739604288861,TRUE,1,"confounded",TRUE,0.001,3000,80,5,5,99,86400,43
"affine_calibrated_sudo",0.75,0.726701086054737,0.0501308567654637,TRUE,1,"confounded",TRUE,0.001,3000,80,5,5,99,86400,43
"direct",0.75,0.712896079964903,0.0435412420736873,TRUE,1,"confounded",TRUE,0.001,3000,80,5,5,99,86400,44
"raw_label",0.75,0.136837213558117,0.00773823998642299,FALSE,1,"confounded",TRUE,0.001,3000,80,5,5,99,86400,44
"index_projection",0.75,0.713512595752452,0.0438198540316448,TRUE,1,"confounded",TRUE,0.001,3000,80,5,5,99,86400,44
"sudo",0.75,0.728626197008101,0.0449283029391999,TRUE,1,"confounded",TRUE,0.001,3000,80,5,5,99,86400,44
"scaled",0.75,0.744403325597074,0.0478402670070319,TRUE,1,"confounded",TRUE,0.001,3000,80,5,5,99,86400,44
"orthogonal",0.75,0.775209087757847,0.0517641971689777,TRUE,1,"confounded",TRUE,0.001,3000,80,5,5,99,86400,44
"targeted_projection",0.75,0.793309725782949,0.0515568454114799,TRUE,1,"confounded",TRUE,0.001,3000,80,5,5,99,86400,44
"targeted_sudo",0.75,0.774255502539928,0.0499326434877215,TRUE,1,"confounded",TRUE,0.001,3000,80,5,5,99,86400,44
"pit_intercept_tilt",0.75,0.793300841154467,0.0515533236500081,TRUE,1,"confounded",TRUE,0.001,3000,80,5,5,99,86400,44
"pit_affine_tilt",0.75,0.799151073901743,0.0535992443839943,TRUE,1,"confounded",TRUE,0.001,3000,80,5,5,99,86400,44
"affine_calibrated_sudo",0.75,0.802052428793528,0.0534107795195173,TRUE,1,"confounded",TRUE,0.001,3000,80,5,5,99,86400,44
"direct",0.75,0.664193639815562,0.0394429846496765,FALSE,1,"confounded",TRUE,0.001,3000,80,5,5,99,86400,45
"raw_label",0.75,0.127310947306517,0.007363217618539,FALSE,1,"confounded",TRUE,0.001,3000,80,5,5,99,86400,45
"index_projection",0.75,0.665752357661438,0.0392279349386579,FALSE,1,"confounded",TRUE,0.001,3000,80,5,5,99,86400,45
"sudo",0.75,0.679071443140448,0.0400347957305948,TRUE,1,"confounded",TRUE,0.001,3000,80,5,5,99,86400,45
"scaled",0.75,0.692476772572828,0.0428442589736501,TRUE,1,"confounded",TRUE,0.001,3000,80,5,5,99,86400,45
"orthogonal",0.75,0.717586312235597,0.0487329074700962,TRUE,1,"confounded",TRUE,0.001,3000,80,5,5,99,86400,45
"targeted_projection",0.75,0.735792486508815,0.0465330655017499,TRUE,1,"confounded",TRUE,0.001,3000,80,5,5,99,86400,45
"targeted_sudo",0.75,0.718642141290402,0.0455189399387269,TRUE,1,"confounded",TRUE,0.001,3000,80,5,5,99,86400,45
"pit_intercept_tilt",0.75,0.735794009772344,0.0465280048221001,TRUE,1,"confounded",TRUE,0.001,3000,80,5,5,99,86400,45
"pit_affine_tilt",0.75,0.740134103507555,0.0484855577749075,TRUE,1,"confounded",TRUE,0.001,3000,80,5,5,99,86400,45
"affine_calibrated_sudo",0.75,0.740065736873684,0.0474114045872405,TRUE,1,"confounded",TRUE,0.001,3000,80,5,5,99,86400,45
"direct",0.75,0.617944285495341,0.0453368346554993,FALSE,1,"confounded",TRUE,0.001,3000,80,5,5,99,86400,46
"raw_label",0.75,0.118168452153244,0.00792407632770855,FALSE,1,"confounded",TRUE,0.001,3000,80,5,5,99,86400,46
"index_projection",0.75,0.616807118159789,0.0454625585604692,FALSE,1,"confounded",TRUE,0.001,3000,80,5,5,99,86400,46
"sudo",0.75,0.62321001840717,0.0439298023771609,FALSE,1,"confounded",TRUE,0.001,3000,80,5,5,99,86400,46
"scaled",0.75,0.629449872515804,0.0441757509316751,FALSE,1,"confounded",TRUE,0.001,3000,80,5,5,99,86400,46
"orthogonal",0.75,0.655989658847038,0.0500507725133569,TRUE,1,"confounded",TRUE,0.001,3000,80,5,5,99,86400,46
"targeted_projection",0.75,0.671561432950448,0.0498725373912335,TRUE,1,"confounded",TRUE,0.001,3000,80,5,5,99,86400,46
"targeted_sudo",0.75,0.656166289212262,0.0482203586930812,TRUE,1,"confounded",TRUE,0.001,3000,80,5,5,99,86400,46
"pit_intercept_tilt",0.75,0.671543924327935,0.0498744954710822,TRUE,1,"confounded",TRUE,0.001,3000,80,5,5,99,86400,46
"pit_affine_tilt",0.75,0.676129963147641,0.0513194776407762,TRUE,1,"confounded",TRUE,0.001,3000,80,5,5,99,86400,46
"affine_calibrated_sudo",0.75,0.673185535114018,0.0500253695643779,TRUE,1,"confounded",TRUE,0.001,3000,80,5,5,99,86400,46
"direct",0.75,0.683528558507449,0.0415880914963982,TRUE,1,"confounded",TRUE,0.001,3000,80,5,5,99,86400,47
"raw_label",0.75,0.125624029538383,0.0074974917114379,FALSE,1,"confounded",TRUE,0.001,3000,80,5,5,99,86400,47
"index_projection",0.75,0.68376151837314,0.0415162613872987,TRUE,1,"confounded",TRUE,0.001,3000,80,5,5,99,86400,47
"sudo",0.75,0.692498365453259,0.0436412026397536,TRUE,1,"confounded",TRUE,0.001,3000,80,5,5,99,86400,47
"scaled",0.75,0.701883572292017,0.0479604855061369,TRUE,1,"confounded",TRUE,0.001,3000,80,5,5,99,86400,47
"orthogonal",0.75,0.756140027998059,0.0540780623078187,TRUE,1,"confounded",TRUE,0.001,3000,80,5,5,99,86400,47
"targeted_projection",0.75,0.760202571906217,0.0503451170940821,TRUE,1,"confounded",TRUE,0.001,3000,80,5,5,99,86400,47
"targeted_sudo",0.75,0.742295214433404,0.048961758860115,TRUE,1,"confounded",TRUE,0.001,3000,80,5,5,99,86400,47
"pit_intercept_tilt",0.75,0.76022377787689,0.0503472626375259,TRUE,1,"confounded",TRUE,0.001,3000,80,5,5,99,86400,47
"pit_affine_tilt",0.75,0.765059325991585,0.0526579370022154,TRUE,1,"confounded",TRUE,0.001,3000,80,5,5,99,86400,47
"affine_calibrated_sudo",0.75,0.760888407323894,0.0532267555540583,TRUE,1,"confounded",TRUE,0.001,3000,80,5,5,99,86400,47
"direct",0.75,0.67870854911348,0.0402692338418415,TRUE,1,"confounded",TRUE,0.001,3000,80,5,5,99,86400,48
"raw_label",0.75,0.126246589892382,0.00677190368968963,FALSE,1,"confounded",TRUE,0.001,3000,80,5,5,99,86400,48
"index_projection",0.75,0.676266835691597,0.0400558432370568,TRUE,1,"confounded",TRUE,0.001,3000,80,5,5,99,86400,48
"sudo",0.75,0.692109992116928,0.0404935466427347,TRUE,1,"confounded",TRUE,0.001,3000,80,5,5,99,86400,48
"scaled",0.75,0.708893995119146,0.0434250263562816,TRUE,1,"confounded",TRUE,0.001,3000,80,5,5,99,86400,48
"orthogonal",0.75,0.746003824670356,0.0545416425631482,TRUE,1,"confounded",TRUE,0.001,3000,80,5,5,99,86400,48
"targeted_projection",0.75,0.758421178180658,0.0464566005172134,TRUE,1,"confounded",TRUE,0.001,3000,80,5,5,99,86400,48
"targeted_sudo",0.75,0.739334674913833,0.0452125776659756,TRUE,1,"confounded",TRUE,0.001,3000,80,5,5,99,86400,48
"pit_intercept_tilt",0.75,0.758460202933466,0.0464610250302694,TRUE,1,"confounded",TRUE,0.001,3000,80,5,5,99,86400,48
"pit_affine_tilt",0.75,0.768220956561273,0.0479479409816854,TRUE,1,"confounded",TRUE,0.001,3000,80,5,5,99,86400,48
"affine_calibrated_sudo",0.75,0.763636198712807,0.0487117546237729,TRUE,1,"confounded",TRUE,0.001,3000,80,5,5,99,86400,48
"direct",0.75,0.650333964486078,0.0401403657939754,FALSE,1,"confounded",TRUE,0.001,3000,80,5,5,99,86400,49
"raw_label",0.75,0.124394775476187,0.00695910624776073,FALSE,1,"confounded",TRUE,0.001,3000,80,5,5,99,86400,49
"index_projection",0.75,0.649698415717149,0.0404138635584293,FALSE,1,"confounded",TRUE,0.001,3000,80,5,5,99,86400,49
"sudo",0.75,0.666654325862864,0.0401823014333053,FALSE,1,"confounded",TRUE,0.001,3000,80,5,5,99,86400,49
"scaled",0.75,0.684104479725375,0.0418241713096947,TRUE,1,"confounded",TRUE,0.001,3000,80,5,5,99,86400,49
"orthogonal",0.75,0.727319751403714,0.0460747617206117,TRUE,1,"confounded",TRUE,0.001,3000,80,5,5,99,86400,49
"targeted_projection",0.75,0.724077827458667,0.0453361935895115,TRUE,1,"confounded",TRUE,0.001,3000,80,5,5,99,86400,49
"targeted_sudo",0.75,0.708509381744023,0.0439667401415054,TRUE,1,"confounded",TRUE,0.001,3000,80,5,5,99,86400,49
"pit_intercept_tilt",0.75,0.724071204232661,0.0453374496912207,TRUE,1,"confounded",TRUE,0.001,3000,80,5,5,99,86400,49
"pit_affine_tilt",0.75,0.728087029779276,0.0469188493496684,TRUE,1,"confounded",TRUE,0.001,3000,80,5,5,99,86400,49
"affine_calibrated_sudo",0.75,0.728492059747946,0.0469706401508952,TRUE,1,"confounded",TRUE,0.001,3000,80,5,5,99,86400,49
"direct",0.75,0.68012512855008,0.0410566195639744,TRUE,1,"confounded",TRUE,0.001,3000,80,5,5,99,86400,50
"raw_label",0.75,0.126198383652529,0.00712129293127364,FALSE,1,"confounded",TRUE,0.001,3000,80,5,5,99,86400,50
"index_projection",0.75,0.680733082489643,0.0408970146029142,TRUE,1,"confounded",TRUE,0.001,3000,80,5,5,99,86400,50
"sudo",0.75,0.692438589980762,0.041024526305758,TRUE,1,"confounded",TRUE,0.001,3000,80,5,5,99,86400,50
"scaled",0.75,0.704826952976542,0.0439494896836363,TRUE,1,"confounded",TRUE,0.001,3000,80,5,5,99,86400,50
"orthogonal",0.75,0.743401690561079,0.0544228736194428,TRUE,1,"confounded",TRUE,0.001,3000,80,5,5,99,86400,50
"targeted_projection",0.75,0.757684436839962,0.047103157408813,TRUE,1,"confounded",TRUE,0.001,3000,80,5,5,99,86400,50
"targeted_sudo",0.75,0.741347740783942,0.0457486861685268,TRUE,1,"confounded",TRUE,0.001,3000,80,5,5,99,86400,50
"pit_intercept_tilt",0.75,0.757839482412017,0.0470925256377855,TRUE,1,"confounded",TRUE,0.001,3000,80,5,5,99,86400,50
"pit_affine_tilt",0.75,0.764813693480153,0.0488405500376963,TRUE,1,"confounded",TRUE,0.001,3000,80,5,5,99,86400,50
"affine_calibrated_sudo",0.75,0.761787694557247,0.0487603597439971,TRUE,1,"confounded",TRUE,0.001,3000,80,5,5,99,86400,50
"direct",0.75,0.687143362486212,0.0237600244960694,FALSE,1,"high_signal",TRUE,0.001,3000,80,5,5,99,86400,1
"raw_label",0.75,0.125266471760039,0.00328635686931221,FALSE,1,"high_signal",TRUE,0.001,3000,80,5,5,99,86400,1
"index_projection",0.75,0.68740074385933,0.0238650536747359,FALSE,1,"high_signal",TRUE,0.001,3000,80,5,5,99,86400,1
"sudo",0.75,0.7118654780295,0.0243331182585008,TRUE,1,"high_signal",TRUE,0.001,3000,80,5,5,99,86400,1
"scaled",0.75,0.756307800516545,0.0292535927445965,TRUE,1,"high_signal",TRUE,0.001,3000,80,5,5,99,86400,1
"orthogonal",0.75,0.782161125847234,0.031772481756717,TRUE,1,"high_signal",TRUE,0.001,3000,80,5,5,99,86400,1
"targeted_projection",0.75,0.810590973105543,0.033319863822488,TRUE,1,"high_signal",TRUE,0.001,3000,80,5,5,99,86400,1
"targeted_sudo",0.75,0.796955140504025,0.0329178448591709,TRUE,1,"high_signal",TRUE,0.001,3000,80,5,5,99,86400,1
"pit_intercept_tilt",0.75,0.810631883060986,0.0333189980911835,TRUE,1,"high_signal",TRUE,0.001,3000,80,5,5,99,86400,1
"pit_affine_tilt",0.75,0.825189473600815,0.0356322845383051,FALSE,1,"high_signal",TRUE,0.001,3000,80,5,5,99,86400,1
"affine_calibrated_sudo",0.75,0.823953478997902,0.0352860974276911,FALSE,1,"high_signal",TRUE,0.001,3000,80,5,5,99,86400,1
"direct",0.75,0.594294348318935,0.0206545150922409,FALSE,1,"high_signal",TRUE,0.001,3000,80,5,5,99,86400,2
"raw_label",0.75,0.110214231129485,0.00328593855981018,FALSE,1,"high_signal",TRUE,0.001,3000,80,5,5,99,86400,2
"index_projection",0.75,0.594936864736153,0.020794489672895,FALSE,1,"high_signal",TRUE,0.001,3000,80,5,5,99,86400,2
"sudo",0.75,0.612782303345194,0.0223977535322303,FALSE,1,"high_signal",TRUE,0.001,3000,80,5,5,99,86400,2
"scaled",0.75,0.641580242347746,0.0274413703287566,FALSE,1,"high_signal",TRUE,0.001,3000,80,5,5,99,86400,2
"orthogonal",0.75,0.666999781408679,0.0303585847407771,FALSE,1,"high_signal",TRUE,0.001,3000,80,5,5,99,86400,2
"targeted_projection",0.75,0.692043790776448,0.0286357890752132,FALSE,1,"high_signal",TRUE,0.001,3000,80,5,5,99,86400,2
"targeted_sudo",0.75,0.679532705505234,0.0283046869119778,FALSE,1,"high_signal",TRUE,0.001,3000,80,5,5,99,86400,2
"pit_intercept_tilt",0.75,0.692041508192765,0.0286338221413577,FALSE,1,"high_signal",TRUE,0.001,3000,80,5,5,99,86400,2
"pit_affine_tilt",0.75,0.698318222430515,0.030294681939749,TRUE,1,"high_signal",TRUE,0.001,3000,80,5,5,99,86400,2
"affine_calibrated_sudo",0.75,0.696806632267202,0.0312978803335599,TRUE,1,"high_signal",TRUE,0.001,3000,80,5,5,99,86400,2
"direct",0.75,0.617370459994014,0.020172948303856,FALSE,1,"high_signal",TRUE,0.001,3000,80,5,5,99,86400,3
"raw_label",0.75,0.116376494137845,0.00362553699720807,FALSE,1,"high_signal",TRUE,0.001,3000,80,5,5,99,86400,3
"index_projection",0.75,0.618890616486853,0.0208010637754775,FALSE,1,"high_signal",TRUE,0.001,3000,80,5,5,99,86400,3
"sudo",0.75,0.643385084840383,0.0218698203023808,FALSE,1,"high_signal",TRUE,0.001,3000,80,5,5,99,86400,3
"scaled",0.75,0.679832755360181,0.0264146273275786,FALSE,1,"high_signal",TRUE,0.001,3000,80,5,5,99,86400,3
"orthogonal",0.75,0.719519045140218,0.0300235808573511,TRUE,1,"high_signal",TRUE,0.001,3000,80,5,5,99,86400,3
"targeted_projection",0.75,0.716333602912347,0.025998752561655,TRUE,1,"high_signal",TRUE,0.001,3000,80,5,5,99,86400,3
"targeted_sudo",0.75,0.70689999976142,0.0257848378498023,TRUE,1,"high_signal",TRUE,0.001,3000,80,5,5,99,86400,3
"pit_intercept_tilt",0.75,0.716331622943704,0.0260009512019976,TRUE,1,"high_signal",TRUE,0.001,3000,80,5,5,99,86400,3
"pit_affine_tilt",0.75,0.73204039815662,0.0275754324920572,TRUE,1,"high_signal",TRUE,0.001,3000,80,5,5,99,86400,3
"affine_calibrated_sudo",0.75,0.734255823883755,0.0280789270656344,TRUE,1,"high_signal",TRUE,0.001,3000,80,5,5,99,86400,3
"direct",0.75,0.625333492714328,0.0216395591376255,FALSE,1,"high_signal",TRUE,0.001,3000,80,5,5,99,86400,4
"raw_label",0.75,0.116849817176441,0.00358803892755755,FALSE,1,"high_signal",TRUE,0.001,3000,80,5,5,99,86400,4
"index_projection",0.75,0.624635585838952,0.0219700423405525,FALSE,1,"high_signal",TRUE,0.001,3000,80,5,5,99,86400,4
"sudo",0.75,0.64833885801188,0.0228616932263972,FALSE,1,"high_signal",TRUE,0.001,3000,80,5,5,99,86400,4
"scaled",0.75,0.685209993105102,0.0271643826606544,FALSE,1,"high_signal",TRUE,0.001,3000,80,5,5,99,86400,4
"orthogonal",0.75,0.698955887654425,0.0311441593536463,TRUE,1,"high_signal",TRUE,0.001,3000,80,5,5,99,86400,4
"targeted_projection",0.75,0.721925149450487,0.0284473711521469,TRUE,1,"high_signal",TRUE,0.001,3000,80,5,5,99,86400,4
"targeted_sudo",0.75,0.711099800334606,0.027908805166091,TRUE,1,"high_signal",TRUE,0.001,3000,80,5,5,99,86400,4
"pit_intercept_tilt",0.75,0.721938128775966,0.0284499953365571,TRUE,1,"high_signal",TRUE,0.001,3000,80,5,5,99,86400,4
"pit_affine_tilt",0.75,0.736549053475585,0.0304305277111391,TRUE,1,"high_signal",TRUE,0.001,3000,80,5,5,99,86400,4
"affine_calibrated_sudo",0.75,0.735908021166199,0.030442871273343,TRUE,1,"high_signal",TRUE,0.001,3000,80,5,5,99,86400,4
"direct",0.75,0.633411069924983,0.0188924505310254,FALSE,1,"high_signal",TRUE,0.001,3000,80,5,5,99,86400,5
"raw_label",0.75,0.117638367437708,0.0028916890103393,FALSE,1,"high_signal",TRUE,0.001,3000,80,5,5,99,86400,5
"index_projection",0.75,0.634071474566519,0.0192246395381512,FALSE,1,"high_signal",TRUE,0.001,3000,80,5,5,99,86400,5
"sudo",0.75,0.657863061644292,0.0199277609955752,FALSE,1,"high_signal",TRUE,0.001,3000,80,5,5,99,86400,5
"scaled",0.75,0.696380451957616,0.0243132458932305,FALSE,1,"high_signal",TRUE,0.001,3000,80,5,5,99,86400,5
"orthogonal",0.75,0.744509270719723,0.0254947854790329,TRUE,1,"high_signal",TRUE,0.001,3000,80,5,5,99,86400,5
"targeted_projection",0.75,0.736144897981391,0.0267677237235326,TRUE,1,"high_signal",TRUE,0.001,3000,80,5,5,99,86400,5
"targeted_sudo",0.75,0.726610661358111,0.0263236676627952,TRUE,1,"high_signal",TRUE,0.001,3000,80,5,5,99,86400,5
"pit_intercept_tilt",0.75,0.736143332047265,0.0267672161598923,TRUE,1,"high_signal",TRUE,0.001,3000,80,5,5,99,86400,5
"pit_affine_tilt",0.75,0.75035407551184,0.0283089301196586,TRUE,1,"high_signal",TRUE,0.001,3000,80,5,5,99,86400,5
"affine_calibrated_sudo",0.75,0.753158817500763,0.028212435009814,TRUE,1,"high_signal",TRUE,0.001,3000,80,5,5,99,86400,5
"direct",0.75,0.622370687187167,0.0220684702661027,FALSE,1,"high_signal",TRUE,0.001,3000,80,5,5,99,86400,6
"raw_label",0.75,0.113383712304048,0.00324044157940099,FALSE,1,"high_signal",TRUE,0.001,3000,80,5,5,99,86400,6
"index_projection",0.75,0.625061890646089,0.0224769799991455,FALSE,1,"high_signal",TRUE,0.001,3000,80,5,5,99,86400,6
"sudo",0.75,0.644146473737461,0.0228113710201912,FALSE,1,"high_signal",TRUE,0.001,3000,80,5,5,99,86400,6
"scaled",0.75,0.676945353215893,0.0265226418100442,FALSE,1,"high_signal",TRUE,0.001,3000,80,5,5,99,86400,6
"orthogonal",0.75,0.712830823295177,0.0285954005119786,TRUE,1,"high_signal",TRUE,0.001,3000,80,5,5,99,86400,6
"targeted_projection",0.75,0.732009793255532,0.0297725664568457,TRUE,1,"high_signal",TRUE,0.001,3000,80,5,5,99,86400,6
"targeted_sudo",0.75,0.719029116264637,0.0292422954332626,TRUE,1,"high_signal",TRUE,0.001,3000,80,5,5,99,86400,6
"pit_intercept_tilt",0.75,0.732012347976129,0.0297807739796333,TRUE,1,"high_signal",TRUE,0.001,3000,80,5,5,99,86400,6
"pit_affine_tilt",0.75,0.740483382624765,0.0316911388182579,TRUE,1,"high_signal",TRUE,0.001,3000,80,5,5,99,86400,6
"affine_calibrated_sudo",0.75,0.742905704348478,0.0314914470520432,TRUE,1,"high_signal",TRUE,0.001,3000,80,5,5,99,86400,6
"direct",0.75,0.60903557462418,0.0192103194420009,FALSE,1,"high_signal",TRUE,0.001,3000,80,5,5,99,86400,7
"raw_label",0.75,0.114914063970649,0.00298258055128538,FALSE,1,"high_signal",TRUE,0.001,3000,80,5,5,99,86400,7
"index_projection",0.75,0.609419592496662,0.0195494866439242,FALSE,1,"high_signal",TRUE,0.001,3000,80,5,5,99,86400,7
"sudo",0.75,0.63395287993934,0.0209341325323494,FALSE,1,"high_signal",TRUE,0.001,3000,80,5,5,99,86400,7
"scaled",0.75,0.672821207811874,0.0262003512962506,FALSE,1,"high_signal",TRUE,0.001,3000,80,5,5,99,86400,7
"orthogonal",0.75,0.714851203502684,0.0271898033025895,TRUE,1,"high_signal",TRUE,0.001,3000,80,5,5,99,86400,7
"targeted_projection",0.75,0.710651811026338,0.0252637961177188,TRUE,1,"high_signal",TRUE,0.001,3000,80,5,5,99,86400,7
"targeted_sudo",0.75,0.700925784079248,0.0250006990076978,FALSE,1,"high_signal",TRUE,0.001,3000,80,5,5,99,86400,7
"pit_intercept_tilt",0.75,0.710649477731912,0.0252631258347366,TRUE,1,"high_signal",TRUE,0.001,3000,80,5,5,99,86400,7
"pit_affine_tilt",0.75,0.720794395101916,0.0267566621216315,TRUE,1,"high_signal",TRUE,0.001,3000,80,5,5,99,86400,7
"affine_calibrated_sudo",0.75,0.723007022614954,0.027690796933502,TRUE,1,"high_signal",TRUE,0.001,3000,80,5,5,99,86400,7
"direct",0.75,0.625191013213852,0.0202922533610974,FALSE,1,"high_signal",TRUE,0.001,3000,80,5,5,99,86400,8
"raw_label",0.75,0.115943119704812,0.00314437525624385,FALSE,1,"high_signal",TRUE,0.001,3000,80,5,5,99,86400,8
"index_projection",0.75,0.627622613266851,0.0203954180898863,FALSE,1,"high_signal",TRUE,0.001,3000,80,5,5,99,86400,8
"sudo",0.75,0.649764650154538,0.0211279179444013,FALSE,1,"high_signal",TRUE,0.001,3000,80,5,5,99,86400,8
"scaled",0.75,0.684094180128281,0.0253431944599994,FALSE,1,"high_signal",TRUE,0.001,3000,80,5,5,99,86400,8
"orthogonal",0.75,0.701576605161267,0.0365372756091628,TRUE,1,"high_signal",TRUE,0.001,3000,80,5,5,99,86400,8
"targeted_projection",0.75,0.728510615860169,0.0276630844194816,TRUE,1,"high_signal",TRUE,0.001,3000,80,5,5,99,86400,8
"targeted_sudo",0.75,0.716801871049297,0.0273452291660418,TRUE,1,"high_signal",TRUE,0.001,3000,80,5,5,99,86400,8
"pit_intercept_tilt",0.75,0.728515462851143,0.0276644672086013,TRUE,1,"high_signal",TRUE,0.001,3000,80,5,5,99,86400,8
"pit_affine_tilt",0.75,0.74652739902416,0.0291744285183825,TRUE,1,"high_signal",TRUE,0.001,3000,80,5,5,99,86400,8
"affine_calibrated_sudo",0.75,0.750095547988217,0.0285993025066057,TRUE,1,"high_signal",TRUE,0.001,3000,80,5,5,99,86400,8
"direct",0.75,0.65294893824222,0.0225876273039531,FALSE,1,"high_signal",TRUE,0.001,3000,80,5,5,99,86400,9
"raw_label",0.75,0.11899052371142,0.00389337425329594,FALSE,1,"high_signal",TRUE,0.001,3000,80,5,5,99,86400,9
"index_projection",0.75,0.652841400468875,0.0234324991673752,FALSE,1,"high_signal",TRUE,0.001,3000,80,5,5,99,86400,9
"sudo",0.75,0.678243735808223,0.0256840710513305,FALSE,1,"high_signal",TRUE,0.001,3000,80,5,5,99,86400,9
"scaled",0.75,0.721707507562049,0.0324038175331664,TRUE,1,"high_signal",TRUE,0.001,3000,80,5,5,99,86400,9
"orthogonal",0.75,0.757112185352211,0.0339688325365755,TRUE,1,"high_signal",TRUE,0.001,3000,80,5,5,99,86400,9
"targeted_projection",0.75,0.765622792802485,0.0326002684559033,TRUE,1,"high_signal",TRUE,0.001,3000,80,5,5,99,86400,9
"targeted_sudo",0.75,0.75451227588455,0.0326598926699723,TRUE,1,"high_signal",TRUE,0.001,3000,80,5,5,99,86400,9
"pit_intercept_tilt",0.75,0.765621727692967,0.0326029603858055,TRUE,1,"high_signal",TRUE,0.001,3000,80,5,5,99,86400,9
"pit_affine_tilt",0.75,0.778756389535197,0.0335685210626783,TRUE,1,"high_signal",TRUE,0.001,3000,80,5,5,99,86400,9
"affine_calibrated_sudo",0.75,0.783791664261976,0.0354551931470101,TRUE,1,"high_signal",TRUE,0.001,3000,80,5,5,99,86400,9
"direct",0.75,0.633764419224269,0.0228708945815869,FALSE,1,"high_signal",TRUE,0.001,3000,80,5,5,99,86400,10
"raw_label",0.75,0.115219924110673,0.00323760522463008,FALSE,1,"high_signal",TRUE,0.001,3000,80,5,5,99,86400,10
"index_projection",0.75,0.634030765596841,0.0229199997473593,FALSE,1,"high_signal",TRUE,0.001,3000,80,5,5,99,86400,10
"sudo",0.75,0.656191408137765,0.0239501162517144,FALSE,1,"high_signal",TRUE,0.001,3000,80,5,5,99,86400,10
"scaled",0.75,0.692439840731601,0.02853552800339,FALSE,1,"high_signal",TRUE,0.001,3000,80,5,5,99,86400,10
"orthogonal",0.75,0.715589905153474,0.0314066627322436,TRUE,1,"high_signal",TRUE,0.001,3000,80,5,5,99,86400,10
"targeted_projection",0.75,0.744957213701846,0.0320613742722658,TRUE,1,"high_signal",TRUE,0.001,3000,80,5,5,99,86400,10
"targeted_sudo",0.75,0.730700656726906,0.0313621585438374,TRUE,1,"high_signal",TRUE,0.001,3000,80,5,5,99,86400,10
"pit_intercept_tilt",0.75,0.74495814626122,0.0320663257915296,TRUE,1,"high_signal",TRUE,0.001,3000,80,5,5,99,86400,10
"pit_affine_tilt",0.75,0.758758053965932,0.0339036213725741,TRUE,1,"high_signal",TRUE,0.001,3000,80,5,5,99,86400,10
"affine_calibrated_sudo",0.75,0.757978338089796,0.0335525789384283,TRUE,1,"high_signal",TRUE,0.001,3000,80,5,5,99,86400,10
"direct",0.75,0.630110799321043,0.0234912208788159,FALSE,1,"high_signal",TRUE,0.001,3000,80,5,5,99,86400,11
"raw_label",0.75,0.114975520370382,0.00309149595730398,FALSE,1,"high_signal",TRUE,0.001,3000,80,5,5,99,86400,11
"index_projection",0.75,0.631304156555336,0.0233754054218142,FALSE,1,"high_signal",TRUE,0.001,3000,80,5,5,99,86400,11
"sudo",0.75,0.653571351723131,0.0242419177832767,FALSE,1,"high_signal",TRUE,0.001,3000,80,5,5,99,86400,11
"scaled",0.75,0.690673092791181,0.0285083115237027,FALSE,1,"high_signal",TRUE,0.001,3000,80,5,5,99,86400,11
"orthogonal",0.75,0.719423063947917,0.0331246329841132,TRUE,1,"high_signal",TRUE,0.001,3000,80,5,5,99,86400,11
"targeted_projection",0.75,0.736490355241746,0.0321225339163803,TRUE,1,"high_signal",TRUE,0.001,3000,80,5,5,99,86400,11
"targeted_sudo",0.75,0.725347633319483,0.0317287503057375,TRUE,1,"high_signal",TRUE,0.001,3000,80,5,5,99,86400,11
"pit_intercept_tilt",0.75,0.736507922195106,0.0321266140453097,TRUE,1,"high_signal",TRUE,0.001,3000,80,5,5,99,86400,11
"pit_affine_tilt",0.75,0.749537895513184,0.0338614621894072,TRUE,1,"high_signal",TRUE,0.001,3000,80,5,5,99,86400,11
"affine_calibrated_sudo",0.75,0.752864403885471,0.0337928548479082,TRUE,1,"high_signal",TRUE,0.001,3000,80,5,5,99,86400,11
"direct",0.75,0.594125075883528,0.0233103440256183,FALSE,1,"high_signal",TRUE,0.001,3000,80,5,5,99,86400,12
"raw_label",0.75,0.112534417038976,0.00339018259522014,FALSE,1,"high_signal",TRUE,0.001,3000,80,5,5,99,86400,12
"index_projection",0.75,0.59323721662182,0.0235867066831474,FALSE,1,"high_signal",TRUE,0.001,3000,80,5,5,99,86400,12
"sudo",0.75,0.614366723783924,0.0239771079406169,FALSE,1,"high_signal",TRUE,0.001,3000,80,5,5,99,86400,12
"scaled",0.75,0.646379036543135,0.0269820784739623,FALSE,1,"high_signal",TRUE,0.001,3000,80,5,5,99,86400,12
"orthogonal",0.75,0.665391002809462,0.0328754231595555,FALSE,1,"high_signal",TRUE,0.001,3000,80,5,5,99,86400,12
"targeted_projection",0.75,0.682472398862047,0.0321295856003847,FALSE,1,"high_signal",TRUE,0.001,3000,80,5,5,99,86400,12
"targeted_sudo",0.75,0.672833380766459,0.0314827848854742,FALSE,1,"high_signal",TRUE,0.001,3000,80,5,5,99,86400,12
"pit_intercept_tilt",0.75,0.682552620800079,0.0321457577911061,FALSE,1,"high_signal",TRUE,0.001,3000,80,5,5,99,86400,12
"pit_affine_tilt",0.75,0.692374248201661,0.033625838482914,TRUE,1,"high_signal",TRUE,0.001,3000,80,5,5,99,86400,12
"affine_calibrated_sudo",0.75,0.688955875064206,0.0327159666189045,TRUE,1,"high_signal",TRUE,0.001,3000,80,5,5,99,86400,12
"direct",0.75,0.643892092420829,0.0220760740310682,FALSE,1,"high_signal",TRUE,0.001,3000,80,5,5,99,86400,13
"raw_label",0.75,0.119623076310149,0.00304689484785061,FALSE,1,"high_signal",TRUE,0.001,3000,80,5,5,99,86400,13
"index_projection",0.75,0.64273128365156,0.0224402443659214,FALSE,1,"high_signal",TRUE,0.001,3000,80,5,5,99,86400,13
"sudo",0.75,0.66790711007871,0.0236231268566627,FALSE,1,"high_signal",TRUE,0.001,3000,80,5,5,99,86400,13
"scaled",0.75,0.70999885541074,0.0285700169916748,TRUE,1,"high_signal",TRUE,0.001,3000,80,5,5,99,86400,13
"orthogonal",0.75,0.740933491773421,0.0302514713452168,TRUE,1,"high_signal",TRUE,0.001,3000,80,5,5,99,86400,13
"targeted_projection",0.75,0.751161384130792,0.0318247689442716,TRUE,1,"high_signal",TRUE,0.001,3000,80,5,5,99,86400,13
"targeted_sudo",0.75,0.740495760753637,0.0313730758113429,TRUE,1,"high_signal",TRUE,0.001,3000,80,5,5,99,86400,13
"pit_intercept_tilt",0.75,0.751228994536149,0.031830480213726,TRUE,1,"high_signal",TRUE,0.001,3000,80,5,5,99,86400,13
"pit_affine_tilt",0.75,0.762027778585407,0.0332367150230282,TRUE,1,"high_signal",TRUE,0.001,3000,80,5,5,99,86400,13
"affine_calibrated_sudo",0.75,0.763591122325257,0.0332532667345717,TRUE,1,"high_signal",TRUE,0.001,3000,80,5,5,99,86400,13
"direct",0.75,0.665097929772746,0.0260453346954414,FALSE,1,"high_signal",TRUE,0.001,3000,80,5,5,99,86400,14
"raw_label",0.75,0.120290168802059,0.00323679670625092,FALSE,1,"high_signal",TRUE,0.001,3000,80,5,5,99,86400,14
"index_projection",0.75,0.665317131391197,0.0261818556959884,FALSE,1,"high_signal",TRUE,0.001,3000,80,5,5,99,86400,14
"sudo",0.75,0.687563577393194,0.0268468876252647,FALSE,1,"high_signal",TRUE,0.001,3000,80,5,5,99,86400,14
"scaled",0.75,0.728682154075504,0.0315564069555174,TRUE,1,"high_signal",TRUE,0.001,3000,80,5,5,99,86400,14
"orthogonal",0.75,0.752524688421163,0.0355599415784416,TRUE,1,"high_signal",TRUE,0.001,3000,80,5,5,99,86400,14
"targeted_projection",0.75,0.781597305307188,0.0355831143016382,TRUE,1,"high_signal",TRUE,0.001,3000,80,5,5,99,86400,14
"targeted_sudo",0.75,0.768611478403954,0.035316094402773,TRUE,1,"high_signal",TRUE,0.001,3000,80,5,5,99,86400,14
"pit_intercept_tilt",0.75,0.781604285593625,0.0355877963374958,TRUE,1,"high_signal",TRUE,0.001,3000,80,5,5,99,86400,14
"pit_affine_tilt",0.75,0.791737846248839,0.0377087421508298,TRUE,1,"high_signal",TRUE,0.001,3000,80,5,5,99,86400,14
"affine_calibrated_sudo",0.75,0.791590062702117,0.0373884999006859,TRUE,1,"high_signal",TRUE,0.001,3000,80,5,5,99,86400,14
"direct",0.75,0.65617096801864,0.0214345394469698,FALSE,1,"high_signal",TRUE,0.001,3000,80,5,5,99,86400,15
"raw_label",0.75,0.121384879304456,0.00310261087460119,FALSE,1,"high_signal",TRUE,0.001,3000,80,5,5,99,86400,15
"index_projection",0.75,0.658188890635153,0.0213440672818053,FALSE,1,"high_signal",TRUE,0.001,3000,80,5,5,99,86400,15
"sudo",0.75,0.681124749804656,0.0222620507878753,FALSE,1,"high_signal",TRUE,0.001,3000,80,5,5,99,86400,15
"scaled",0.75,0.720286677128448,0.0273178387972238,TRUE,1,"high_signal",TRUE,0.001,3000,80,5,5,99,86400,15
"orthogonal",0.75,0.745109811059623,0.0329650328207066,TRUE,1,"high_signal",TRUE,0.001,3000,80,5,5,99,86400,15
"targeted_projection",0.75,0.76645794982258,0.0300128129935742,TRUE,1,"high_signal",TRUE,0.001,3000,80,5,5,99,86400,15
"targeted_sudo",0.75,0.755563519110029,0.0296156375371778,TRUE,1,"high_signal",TRUE,0.001,3000,80,5,5,99,86400,15
"pit_intercept_tilt",0.75,0.766464612645935,0.0300167179793755,TRUE,1,"high_signal",TRUE,0.001,3000,80,5,5,99,86400,15
"pit_affine_tilt",0.75,0.782169966395063,0.0322889995711978,TRUE,1,"high_signal",TRUE,0.001,3000,80,5,5,99,86400,15
"affine_calibrated_sudo",0.75,0.783310526300097,0.0323050899800088,TRUE,1,"high_signal",TRUE,0.001,3000,80,5,5,99,86400,15
"direct",0.75,0.647888699192394,0.0234981014832981,FALSE,1,"high_signal",TRUE,0.001,3000,80,5,5,99,86400,16
"raw_label",0.75,0.119081135774278,0.00324434241975806,FALSE,1,"high_signal",TRUE,0.001,3000,80,5,5,99,86400,16
"index_projection",0.75,0.647545684107868,0.0244240311806565,FALSE,1,"high_signal",TRUE,0.001,3000,80,5,5,99,86400,16
"sudo",0.75,0.670911784600566,0.0250020482052251,FALSE,1,"high_signal",TRUE,0.001,3000,80,5,5,99,86400,16
"scaled",0.75,0.710384961813541,0.0292269518036817,TRUE,1,"high_signal",TRUE,0.001,3000,80,5,5,99,86400,16
"orthogonal",0.75,0.729971904510422,0.0334377612125263,TRUE,1,"high_signal",TRUE,0.001,3000,80,5,5,99,86400,16
"targeted_projection",0.75,0.758286401831577,0.03271794328329,TRUE,1,"high_signal",TRUE,0.001,3000,80,5,5,99,86400,16
"targeted_sudo",0.75,0.745808961054032,0.032183119451519,TRUE,1,"high_signal",TRUE,0.001,3000,80,5,5,99,86400,16
"pit_intercept_tilt",0.75,0.758289094493737,0.0327197514076662,TRUE,1,"high_signal",TRUE,0.001,3000,80,5,5,99,86400,16
"pit_affine_tilt",0.75,0.771547825348222,0.0342679010939163,TRUE,1,"high_signal",TRUE,0.001,3000,80,5,5,99,86400,16
"affine_calibrated_sudo",0.75,0.76897459259002,0.0347496436672929,TRUE,1,"high_signal",TRUE,0.001,3000,80,5,5,99,86400,16
"direct",0.75,0.593781558582346,0.021835128371428,FALSE,1,"high_signal",TRUE,0.001,3000,80,5,5,99,86400,17
"raw_label",0.75,0.112452517222045,0.00347247554177521,FALSE,1,"high_signal",TRUE,0.001,3000,80,5,5,99,86400,17
"index_projection",0.75,0.595365695746539,0.0224564506865738,FALSE,1,"high_signal",TRUE,0.001,3000,80,5,5,99,86400,17
"sudo",0.75,0.615678534380617,0.0232097481829415,FALSE,1,"high_signal",TRUE,0.001,3000,80,5,5,99,86400,17
"scaled",0.75,0.646685231831792,0.0271251120244773,FALSE,1,"high_signal",TRUE,0.001,3000,80,5,5,99,86400,17
"orthogonal",0.75,0.659152730504254,0.0307687631571698,FALSE,1,"high_signal",TRUE,0.001,3000,80,5,5,99,86400,17
"targeted_projection",0.75,0.688253929824503,0.0280284712753006,FALSE,1,"high_signal",TRUE,0.001,3000,80,5,5,99,86400,17
"targeted_sudo",0.75,0.67633188502717,0.0278983752873198,FALSE,1,"high_signal",TRUE,0.001,3000,80,5,5,99,86400,17
"pit_intercept_tilt",0.75,0.688250025151134,0.0280314444268119,FALSE,1,"high_signal",TRUE,0.001,3000,80,5,5,99,86400,17
"pit_affine_tilt",0.75,0.700520181335417,0.0297359773602245,TRUE,1,"high_signal",TRUE,0.001,3000,80,5,5,99,86400,17
"affine_calibrated_sudo",0.75,0.699894860925172,0.0304286436686713,TRUE,1,"high_signal",TRUE,0.001,3000,80,5,5,99,86400,17
"direct",0.75,0.61528577519342,0.0245277242836177,FALSE,1,"high_signal",TRUE,0.001,3000,80,5,5,99,86400,18
"raw_label",0.75,0.115323269015994,0.00387311403731124,FALSE,1,"high_signal",TRUE,0.001,3000,80,5,5,99,86400,18
"index_projection",0.75,0.616958758238119,0.0248413259056678,FALSE,1,"high_signal",TRUE,0.001,3000,80,5,5,99,86400,18
"sudo",0.75,0.635615746244597,0.0253948542567509,FALSE,1,"high_signal",TRUE,0.001,3000,80,5,5,99,86400,18
"scaled",0.75,0.665764155464986,0.029286682582414,FALSE,1,"high_signal",TRUE,0.001,3000,80,5,5,99,86400,18
"orthogonal",0.75,0.670099576969064,0.0315189071887746,FALSE,1,"high_signal",TRUE,0.001,3000,80,5,5,99,86400,18
"targeted_projection",0.75,0.708118920451384,0.0315470919160408,TRUE,1,"high_signal",TRUE,0.001,3000,80,5,5,99,86400,18
"targeted_sudo",0.75,0.697043154353039,0.0310086029661626,TRUE,1,"high_signal",TRUE,0.001,3000,80,5,5,99,86400,18
"pit_intercept_tilt",0.75,0.70811913475902,0.0315475100849654,TRUE,1,"high_signal",TRUE,0.001,3000,80,5,5,99,86400,18
"pit_affine_tilt",0.75,0.715428916445774,0.0325942972635235,TRUE,1,"high_signal",TRUE,0.001,3000,80,5,5,99,86400,18
"affine_calibrated_sudo",0.75,0.715740146347636,0.0327256982271749,TRUE,1,"high_signal",TRUE,0.001,3000,80,5,5,99,86400,18
"direct",0.75,0.597029961997105,0.022186677554252,FALSE,1,"high_signal",TRUE,0.001,3000,80,5,5,99,86400,19
"raw_label",0.75,0.111192455038527,0.00313394969353386,FALSE,1,"high_signal",TRUE,0.001,3000,80,5,5,99,86400,19
"index_projection",0.75,0.596212466974767,0.0222318974455714,FALSE,1,"high_signal",TRUE,0.001,3000,80,5,5,99,86400,19
"sudo",0.75,0.619287799699157,0.0225299456527938,FALSE,1,"high_signal",TRUE,0.001,3000,80,5,5,99,86400,19
"scaled",0.75,0.655032415485604,0.0256051438088803,FALSE,1,"high_signal",TRUE,0.001,3000,80,5,5,99,86400,19
"orthogonal",0.75,0.683249730665069,0.0284035295664637,FALSE,1,"high_signal",TRUE,0.001,3000,80,5,5,99,86400,19
"targeted_projection",0.75,0.700626986992177,0.0301594468725688,TRUE,1,"high_signal",TRUE,0.001,3000,80,5,5,99,86400,19
"targeted_sudo",0.75,0.688493518958997,0.029461070664291,FALSE,1,"high_signal",TRUE,0.001,3000,80,5,5,99,86400,19
"pit_intercept_tilt",0.75,0.700625511060703,0.0301593901399067,TRUE,1,"high_signal",TRUE,0.001,3000,80,5,5,99,86400,19
"pit_affine_tilt",0.75,0.714112242435805,0.0317277840850839,TRUE,1,"high_signal",TRUE,0.001,3000,80,5,5,99,86400,19
"affine_calibrated_sudo",0.75,0.711631822116071,0.0309749713927512,TRUE,1,"high_signal",TRUE,0.001,3000,80,5,5,99,86400,19
"direct",0.75,0.627971794173328,0.0225296262422193,FALSE,1,"high_signal",TRUE,0.001,3000,80,5,5,99,86400,20
"raw_label",0.75,0.115858945401868,0.00322571732558074,FALSE,1,"high_signal",TRUE,0.001,3000,80,5,5,99,86400,20
"index_projection",0.75,0.630047859111468,0.0225800185059056,FALSE,1,"high_signal",TRUE,0.001,3000,80,5,5,99,86400,20
"sudo",0.75,0.650013037362374,0.0229580481881085,FALSE,1,"high_signal",TRUE,0.001,3000,80,5,5,99,86400,20
"scaled",0.75,0.684189767912857,0.0276127608508145,FALSE,1,"high_signal",TRUE,0.001,3000,80,5,5,99,86400,20
"orthogonal",0.75,0.701243822843827,0.0327365515889058,TRUE,1,"high_signal",TRUE,0.001,3000,80,5,5,99,86400,20
"targeted_projection",0.75,0.732516240400984,0.0302582192303123,TRUE,1,"high_signal",TRUE,0.001,3000,80,5,5,99,86400,20
"targeted_sudo",0.75,0.720699687086892,0.029875645850991,TRUE,1,"high_signal",TRUE,0.001,3000,80,5,5,99,86400,20
"pit_intercept_tilt",0.75,0.732516680738631,0.0302595340019306,TRUE,1,"high_signal",TRUE,0.001,3000,80,5,5,99,86400,20
"pit_affine_tilt",0.75,0.743723708176804,0.0321170988662599,TRUE,1,"high_signal",TRUE,0.001,3000,80,5,5,99,86400,20
"affine_calibrated_sudo",0.75,0.743764971377001,0.031761798211385,TRUE,1,"high_signal",TRUE,0.001,3000,80,5,5,99,86400,20
"direct",0.75,0.616655830737612,0.0233099692025509,FALSE,1,"high_signal",TRUE,0.001,3000,80,5,5,99,86400,21
"raw_label",0.75,0.114484477160741,0.0033393266120462,FALSE,1,"high_signal",TRUE,0.001,3000,80,5,5,99,86400,21
"index_projection",0.75,0.617558608080645,0.0237683924602732,FALSE,1,"high_signal",TRUE,0.001,3000,80,5,5,99,86400,21
"sudo",0.75,0.639118059095399,0.0239549946693499,FALSE,1,"high_signal",TRUE,0.001,3000,80,5,5,99,86400,21
"scaled",0.75,0.674839078195094,0.0272624298762966,FALSE,1,"high_signal",TRUE,0.001,3000,80,5,5,99,86400,21
"orthogonal",0.75,0.704156367417747,0.0284474855969356,TRUE,1,"high_signal",TRUE,0.001,3000,80,5,5,99,86400,21
"targeted_projection",0.75,0.720581956202462,0.0308833843610651,TRUE,1,"high_signal",TRUE,0.001,3000,80,5,5,99,86400,21
"targeted_sudo",0.75,0.708507429067176,0.0301483683093611,TRUE,1,"high_signal",TRUE,0.001,3000,80,5,5,99,86400,21
"pit_intercept_tilt",0.75,0.720601385027082,0.0308878891118896,TRUE,1,"high_signal",TRUE,0.001,3000,80,5,5,99,86400,21
"pit_affine_tilt",0.75,0.727020131075848,0.0323166905982537,TRUE,1,"high_signal",TRUE,0.001,3000,80,5,5,99,86400,21
"affine_calibrated_sudo",0.75,0.727054841154101,0.0318861304989178,TRUE,1,"high_signal",TRUE,0.001,3000,80,5,5,99,86400,21
"direct",0.75,0.611752330136304,0.0226793217170622,FALSE,1,"high_signal",TRUE,0.001,3000,80,5,5,99,86400,22
"raw_label",0.75,0.115065423906788,0.00319641957993456,FALSE,1,"high_signal",TRUE,0.001,3000,80,5,5,99,86400,22
"index_projection",0.75,0.611777951866053,0.0230104626237524,FALSE,1,"high_signal",TRUE,0.001,3000,80,5,5,99,86400,22
"sudo",0.75,0.633719180100224,0.0241245173334141,FALSE,1,"high_signal",TRUE,0.001,3000,80,5,5,99,86400,22
"scaled",0.75,0.668834613007072,0.0287363484253973,FALSE,1,"high_signal",TRUE,0.001,3000,80,5,5,99,86400,22
"orthogonal",0.75,0.68513448916915,0.0309453692280968,FALSE,1,"high_signal",TRUE,0.001,3000,80,5,5,99,86400,22
"targeted_projection",0.75,0.712010350158635,0.0302369699023691,TRUE,1,"high_signal",TRUE,0.001,3000,80,5,5,99,86400,22
"targeted_sudo",0.75,0.699605289008753,0.029752104658446,TRUE,1,"high_signal",TRUE,0.001,3000,80,5,5,99,86400,22
"pit_intercept_tilt",0.75,0.712009412444146,0.0302377559841243,TRUE,1,"high_signal",TRUE,0.001,3000,80,5,5,99,86400,22
"pit_affine_tilt",0.75,0.720406139296067,0.031400097504227,TRUE,1,"high_signal",TRUE,0.001,3000,80,5,5,99,86400,22
"affine_calibrated_sudo",0.75,0.718791986036847,0.0320212182285503,TRUE,1,"high_signal",TRUE,0.001,3000,80,5,5,99,86400,22
"direct",0.75,0.632112646816157,0.0221305112898016,FALSE,1,"high_signal",TRUE,0.001,3000,80,5,5,99,86400,23
"raw_label",0.75,0.118184052275421,0.00337323853737596,FALSE,1,"high_signal",TRUE,0.001,3000,80,5,5,99,86400,23
"index_projection",0.75,0.632702537699993,0.0224949818372909,FALSE,1,"high_signal",TRUE,0.001,3000,80,5,5,99,86400,23
"sudo",0.75,0.655301013581323,0.0233013007707966,FALSE,1,"high_signal",TRUE,0.001,3000,80,5,5,99,86400,23
"scaled",0.75,0.690994529376533,0.0271122771596444,FALSE,1,"high_signal",TRUE,0.001,3000,80,5,5,99,86400,23
"orthogonal",0.75,0.720235133830064,0.0300988804676529,TRUE,1,"high_signal",TRUE,0.001,3000,80,5,5,99,86400,23
"targeted_projection",0.75,0.731839869711425,0.0297763470933631,TRUE,1,"high_signal",TRUE,0.001,3000,80,5,5,99,86400,23
"targeted_sudo",0.75,0.720153883911502,0.0292928532420153,TRUE,1,"high_signal",TRUE,0.001,3000,80,5,5,99,86400,23
"pit_intercept_tilt",0.75,0.731846989022141,0.0297794062092947,TRUE,1,"high_signal",TRUE,0.001,3000,80,5,5,99,86400,23
"pit_affine_tilt",0.75,0.742884425755671,0.0313509957107248,TRUE,1,"high_signal",TRUE,0.001,3000,80,5,5,99,86400,23
"affine_calibrated_sudo",0.75,0.74196028945423,0.0314512085084668,TRUE,1,"high_signal",TRUE,0.001,3000,80,5,5,99,86400,23
"direct",0.75,0.619339372379424,0.023011937702561,FALSE,1,"high_signal",TRUE,0.001,3000,80,5,5,99,86400,24
"raw_label",0.75,0.116171606560377,0.00361829229077588,FALSE,1,"high_signal",TRUE,0.001,3000,80,5,5,99,86400,24
"index_projection",0.75,0.62210222343565,0.0229500500283026,FALSE,1,"high_signal",TRUE,0.001,3000,80,5,5,99,86400,24
"sudo",0.75,0.642483386393021,0.0244640131837124,FALSE,1,"high_signal",TRUE,0.001,3000,80,5,5,99,86400,24
"scaled",0.75,0.67459551897891,0.0294219138568958,FALSE,1,"high_signal",TRUE,0.001,3000,80,5,5,99,86400,24
"orthogonal",0.75,0.707810641024255,0.032070374140785,TRUE,1,"high_signal",TRUE,0.001,3000,80,5,5,99,86400,24
"targeted_projection",0.75,0.714635495558029,0.0311621301686657,TRUE,1,"high_signal",TRUE,0.001,3000,80,5,5,99,86400,24
"targeted_sudo",0.75,0.704844119588049,0.0307053565948442,TRUE,1,"high_signal",TRUE,0.001,3000,80,5,5,99,86400,24
"pit_intercept_tilt",0.75,0.71464225046556,0.03116248129239,TRUE,1,"high_signal",TRUE,0.001,3000,80,5,5,99,86400,24
"pit_affine_tilt",0.75,0.72116776453557,0.0324839417019483,TRUE,1,"high_signal",TRUE,0.001,3000,80,5,5,99,86400,24
"affine_calibrated_sudo",0.75,0.722663944627771,0.0327192716514731,TRUE,1,"high_signal",TRUE,0.001,3000,80,5,5,99,86400,24
"direct",0.75,0.628733662322932,0.0243737039864336,FALSE,1,"high_signal",TRUE,0.001,3000,80,5,5,99,86400,25
"raw_label",0.75,0.117103579418566,0.00366878104160696,FALSE,1,"high_signal",TRUE,0.001,3000,80,5,5,99,86400,25
"index_projection",0.75,0.628215787614116,0.0242859864794067,FALSE,1,"high_signal",TRUE,0.001,3000,80,5,5,99,86400,25
"sudo",0.75,0.652708046686661,0.0251866899759031,FALSE,1,"high_signal",TRUE,0.001,3000,80,5,5,99,86400,25
"scaled",0.75,0.691900787632252,0.0292272252673906,FALSE,1,"high_signal",TRUE,0.001,3000,80,5,5,99,86400,25
"orthogonal",0.75,0.719791998129397,0.0310770894716215,TRUE,1,"high_signal",TRUE,0.001,3000,80,5,5,99,86400,25
"targeted_projection",0.75,0.735747314530994,0.0330863829662666,TRUE,1,"high_signal",TRUE,0.001,3000,80,5,5,99,86400,25
"targeted_sudo",0.75,0.722750336995049,0.0325130010818737,TRUE,1,"high_signal",TRUE,0.001,3000,80,5,5,99,86400,25
"pit_intercept_tilt",0.75,0.735761006161061,0.0330883483282904,TRUE,1,"high_signal",TRUE,0.001,3000,80,5,5,99,86400,25
"pit_affine_tilt",0.75,0.748714661800376,0.0348231911685608,TRUE,1,"high_signal",TRUE,0.001,3000,80,5,5,99,86400,25
"affine_calibrated_sudo",0.75,0.746947526313136,0.0340901476346257,TRUE,1,"high_signal",TRUE,0.001,3000,80,5,5,99,86400,25
"direct",0.75,0.626420600670752,0.0225944099541617,FALSE,1,"high_signal",TRUE,0.001,3000,80,5,5,99,86400,26
"raw_label",0.75,0.115143173517266,0.0033911605829179,FALSE,1,"high_signal",TRUE,0.001,3000,80,5,5,99,86400,26
"index_projection",0.75,0.628091908236693,0.0225536838219855,FALSE,1,"high_signal",TRUE,0.001,3000,80,5,5,99,86400,26
"sudo",0.75,0.646915335483598,0.0232505694978099,FALSE,1,"high_signal",TRUE,0.001,3000,80,5,5,99,86400,26
"scaled",0.75,0.678488229141376,0.0272222425275463,FALSE,1,"high_signal",TRUE,0.001,3000,80,5,5,99,86400,26
"orthogonal",0.75,0.683517787309196,0.0368608346253537,TRUE,1,"high_signal",TRUE,0.001,3000,80,5,5,99,86400,26
"targeted_projection",0.75,0.735774231463481,0.0304678761189646,TRUE,1,"high_signal",TRUE,0.001,3000,80,5,5,99,86400,26
"targeted_sudo",0.75,0.721735894095168,0.0301285843620094,TRUE,1,"high_signal",TRUE,0.001,3000,80,5,5,99,86400,26
"pit_intercept_tilt",0.75,0.735808279923192,0.0304730764703173,TRUE,1,"high_signal",TRUE,0.001,3000,80,5,5,99,86400,26
"pit_affine_tilt",0.75,0.745992748559258,0.0315640219354119,TRUE,1,"high_signal",TRUE,0.001,3000,80,5,5,99,86400,26
"affine_calibrated_sudo",0.75,0.745770666455161,0.031250014856768,TRUE,1,"high_signal",TRUE,0.001,3000,80,5,5,99,86400,26
"direct",0.75,0.588673408685038,0.0227415847307235,FALSE,1,"high_signal",TRUE,0.001,3000,80,5,5,99,86400,27
"raw_label",0.75,0.111437134075004,0.00359099551084676,FALSE,1,"high_signal",TRUE,0.001,3000,80,5,5,99,86400,27
"index_projection",0.75,0.589719016771985,0.0228557660425587,FALSE,1,"high_signal",TRUE,0.001,3000,80,5,5,99,86400,27
"sudo",0.75,0.610863972478678,0.0243121689127592,FALSE,1,"high_signal",TRUE,0.001,3000,80,5,5,99,86400,27
"scaled",0.75,0.641786840332822,0.0286515692480229,FALSE,1,"high_signal",TRUE,0.001,3000,80,5,5,99,86400,27
"orthogonal",0.75,0.666944942697927,0.0317410581554116,FALSE,1,"high_signal",TRUE,0.001,3000,80,5,5,99,86400,27
"targeted_projection",0.75,0.678987546764069,0.0302239101879677,FALSE,1,"high_signal",TRUE,0.001,3000,80,5,5,99,86400,27
"targeted_sudo",0.75,0.668375000520447,0.0298906804565066,FALSE,1,"high_signal",TRUE,0.001,3000,80,5,5,99,86400,27
"pit_intercept_tilt",0.75,0.678994533133033,0.030229453897377,FALSE,1,"high_signal",TRUE,0.001,3000,80,5,5,99,86400,27
"pit_affine_tilt",0.75,0.687853395527299,0.0316910032524017,FALSE,1,"high_signal",TRUE,0.001,3000,80,5,5,99,86400,27
"affine_calibrated_sudo",0.75,0.690224885250885,0.0321170753194369,TRUE,1,"high_signal",TRUE,0.001,3000,80,5,5,99,86400,27
"direct",0.75,0.618388773653381,0.021335486900531,FALSE,1,"high_signal",TRUE,0.001,3000,80,5,5,99,86400,28
"raw_label",0.75,0.116344542543776,0.00298389484694477,FALSE,1,"high_signal",TRUE,0.001,3000,80,5,5,99,86400,28
"index_projection",0.75,0.618399624661814,0.0213692887768648,FALSE,1,"high_signal",TRUE,0.001,3000,80,5,5,99,86400,28
"sudo",0.75,0.64048943033236,0.0220002186304127,FALSE,1,"high_signal",TRUE,0.001,3000,80,5,5,99,86400,28
"scaled",0.75,0.675011609327737,0.0256408347850297,FALSE,1,"high_signal",TRUE,0.001,3000,80,5,5,99,86400,28
"orthogonal",0.75,0.699009347721644,0.0280451879803291,TRUE,1,"high_signal",TRUE,0.001,3000,80,5,5,99,86400,28
"targeted_projection",0.75,0.715527503317978,0.0286264636499032,TRUE,1,"high_signal",TRUE,0.001,3000,80,5,5,99,86400,28
"targeted_sudo",0.75,0.703487599541692,0.0281910201437818,TRUE,1,"high_signal",TRUE,0.001,3000,80,5,5,99,86400,28
"pit_intercept_tilt",0.75,0.715520583156167,0.0286234825151024,TRUE,1,"high_signal",TRUE,0.001,3000,80,5,5,99,86400,28
"pit_affine_tilt",0.75,0.726498310656907,0.0303008458712701,TRUE,1,"high_signal",TRUE,0.001,3000,80,5,5,99,86400,28
"affine_calibrated_sudo",0.75,0.725757254669797,0.0302673725704539,TRUE,1,"high_signal",TRUE,0.001,3000,80,5,5,99,86400,28
"direct",0.75,0.644258887618426,0.020524542213517,FALSE,1,"high_signal",TRUE,0.001,3000,80,5,5,99,86400,29
"raw_label",0.75,0.115830723268885,0.00334594789222882,FALSE,1,"high_signal",TRUE,0.001,3000,80,5,5,99,86400,29
"index_projection",0.75,0.647290462762341,0.0208050971931108,FALSE,1,"high_signal",TRUE,0.001,3000,80,5,5,99,86400,29
"sudo",0.75,0.669845985562754,0.0219040175015823,FALSE,1,"high_signal",TRUE,0.001,3000,80,5,5,99,86400,29
"scaled",0.75,0.707613265666143,0.0266503264303188,TRUE,1,"high_signal",TRUE,0.001,3000,80,5,5,99,86400,29
"orthogonal",0.75,0.767576929541339,0.025600763814107,TRUE,1,"high_signal",TRUE,0.001,3000,80,5,5,99,86400,29
"targeted_projection",0.75,0.752100002316363,0.0289273600449577,TRUE,1,"high_signal",TRUE,0.001,3000,80,5,5,99,86400,29
"targeted_sudo",0.75,0.742567126647535,0.0281045496127281,TRUE,1,"high_signal",TRUE,0.001,3000,80,5,5,99,86400,29
"pit_intercept_tilt",0.75,0.752093882897373,0.0289315170279344,TRUE,1,"high_signal",TRUE,0.001,3000,80,5,5,99,86400,29
"pit_affine_tilt",0.75,0.768138320046234,0.0310439583523963,TRUE,1,"high_signal",TRUE,0.001,3000,80,5,5,99,86400,29
"affine_calibrated_sudo",0.75,0.776216945879204,0.0311823470601043,TRUE,1,"high_signal",TRUE,0.001,3000,80,5,5,99,86400,29
"direct",0.75,0.649670171331351,0.020265333278745,FALSE,1,"high_signal",TRUE,0.001,3000,80,5,5,99,86400,30
"raw_label",0.75,0.118331029601342,0.00334897460689044,FALSE,1,"high_signal",TRUE,0.001,3000,80,5,5,99,86400,30
"index_projection",0.75,0.648468345519226,0.0203422774472543,FALSE,1,"high_signal",TRUE,0.001,3000,80,5,5,99,86400,30
"sudo",0.75,0.673545788422463,0.0223160816628693,FALSE,1,"high_signal",TRUE,0.001,3000,80,5,5,99,86400,30
"scaled",0.75,0.716507949377975,0.0288052431297474,TRUE,1,"high_signal",TRUE,0.001,3000,80,5,5,99,86400,30
"orthogonal",0.75,0.7653989333172,0.0274562780305806,TRUE,1,"high_signal",TRUE,0.001,3000,80,5,5,99,86400,30
"targeted_projection",0.75,0.767823807410806,0.0293629937839661,TRUE,1,"high_signal",TRUE,0.001,3000,80,5,5,99,86400,30
"targeted_sudo",0.75,0.75734249831848,0.029038678985547,TRUE,1,"high_signal",TRUE,0.001,3000,80,5,5,99,86400,30
"pit_intercept_tilt",0.75,0.767853213243888,0.0293690764980318,TRUE,1,"high_signal",TRUE,0.001,3000,80,5,5,99,86400,30
"pit_affine_tilt",0.75,0.785262958052482,0.0306656431907195,TRUE,1,"high_signal",TRUE,0.001,3000,80,5,5,99,86400,30
"affine_calibrated_sudo",0.75,0.783214394321745,0.031624948762232,TRUE,1,"high_signal",TRUE,0.001,3000,80,5,5,99,86400,30
"direct",0.75,0.621033832003029,0.0218598984844313,FALSE,1,"high_signal",TRUE,0.001,3000,80,5,5,99,86400,31
"raw_label",0.75,0.11763972342934,0.00363868157507799,FALSE,1,"high_signal",TRUE,0.001,3000,80,5,5,99,86400,31
"index_projection",0.75,0.619595359016784,0.0218313963116027,FALSE,1,"high_signal",TRUE,0.001,3000,80,5,5,99,86400,31
"sudo",0.75,0.64317961438456,0.0230276728006442,FALSE,1,"high_signal",TRUE,0.001,3000,80,5,5,99,86400,31
"scaled",0.75,0.679481644859076,0.0277465524678736,FALSE,1,"high_signal",TRUE,0.001,3000,80,5,5,99,86400,31
"orthogonal",0.75,0.708954742126915,0.0287517205163975,TRUE,1,"high_signal",TRUE,0.001,3000,80,5,5,99,86400,31
"targeted_projection",0.75,0.719874377859473,0.0285886787497401,TRUE,1,"high_signal",TRUE,0.001,3000,80,5,5,99,86400,31
"targeted_sudo",0.75,0.708677773483403,0.0283315696781937,TRUE,1,"high_signal",TRUE,0.001,3000,80,5,5,99,86400,31
"pit_intercept_tilt",0.75,0.719874910619796,0.0285908258213268,TRUE,1,"high_signal",TRUE,0.001,3000,80,5,5,99,86400,31
"pit_affine_tilt",0.75,0.73245281360291,0.0296459633035059,TRUE,1,"high_signal",TRUE,0.001,3000,80,5,5,99,86400,31
"affine_calibrated_sudo",0.75,0.730653380427697,0.0296192552975759,TRUE,1,"high_signal",TRUE,0.001,3000,80,5,5,99,86400,31
"direct",0.75,0.614906599524444,0.0231805434913786,FALSE,1,"high_signal",TRUE,0.001,3000,80,5,5,99,86400,32
"raw_label",0.75,0.112850181863358,0.0032828647184469,FALSE,1,"high_signal",TRUE,0.001,3000,80,5,5,99,86400,32
"index_projection",0.75,0.614997768418912,0.0235103972696973,FALSE,1,"high_signal",TRUE,0.001,3000,80,5,5,99,86400,32
"sudo",0.75,0.632667872229427,0.0242203953521802,FALSE,1,"high_signal",TRUE,0.001,3000,80,5,5,99,86400,32
"scaled",0.75,0.661455215863285,0.0289782842874261,FALSE,1,"high_signal",TRUE,0.001,3000,80,5,5,99,86400,32
"orthogonal",0.75,0.694484032696692,0.029422971904241,TRUE,1,"high_signal",TRUE,0.001,3000,80,5,5,99,86400,32
"targeted_projection",0.75,0.717966613633019,0.0310610633590082,TRUE,1,"high_signal",TRUE,0.001,3000,80,5,5,99,86400,32
"targeted_sudo",0.75,0.705452020818057,0.0304359679674296,TRUE,1,"high_signal",TRUE,0.001,3000,80,5,5,99,86400,32
"pit_intercept_tilt",0.75,0.717969247350428,0.031061762211928,TRUE,1,"high_signal",TRUE,0.001,3000,80,5,5,99,86400,32
"pit_affine_tilt",0.75,0.730802183110235,0.0328171742689481,TRUE,1,"high_signal",TRUE,0.001,3000,80,5,5,99,86400,32
"affine_calibrated_sudo",0.75,0.726679657543285,0.0328989146186033,TRUE,1,"high_signal",TRUE,0.001,3000,80,5,5,99,86400,32
"direct",0.75,0.580951721571136,0.0219197121149686,FALSE,1,"high_signal",TRUE,0.001,3000,80,5,5,99,86400,33
"raw_label",0.75,0.110874262857305,0.00335754449127818,FALSE,1,"high_signal",TRUE,0.001,3000,80,5,5,99,86400,33
"index_projection",0.75,0.580907587210523,0.0223258188863901,FALSE,1,"high_signal",TRUE,0.001,3000,80,5,5,99,86400,33
"sudo",0.75,0.602258655347553,0.0239382670579596,FALSE,1,"high_signal",TRUE,0.001,3000,80,5,5,99,86400,33
"scaled",0.75,0.633730777670809,0.0288125865031153,FALSE,1,"high_signal",TRUE,0.001,3000,80,5,5,99,86400,33
"orthogonal",0.75,0.673483361536778,0.0290140171695414,FALSE,1,"high_signal",TRUE,0.001,3000,80,5,5,99,86400,33
"targeted_projection",0.75,0.667262947769663,0.0295572853265754,FALSE,1,"high_signal",TRUE,0.001,3000,80,5,5,99,86400,33
"targeted_sudo",0.75,0.658941387883902,0.0290853144475597,FALSE,1,"high_signal",TRUE,0.001,3000,80,5,5,99,86400,33
"pit_intercept_tilt",0.75,0.667304350588351,0.0295647077980584,FALSE,1,"high_signal",TRUE,0.001,3000,80,5,5,99,86400,33
"pit_affine_tilt",0.75,0.676442817367556,0.0313886236649108,FALSE,1,"high_signal",TRUE,0.001,3000,80,5,5,99,86400,33
"affine_calibrated_sudo",0.75,0.675646005081332,0.0318342839895036,FALSE,1,"high_signal",TRUE,0.001,3000,80,5,5,99,86400,33
"direct",0.75,0.664046933108352,0.0217452083198402,FALSE,1,"high_signal",TRUE,0.001,3000,80,5,5,99,86400,34
"raw_label",0.75,0.122957464993793,0.00322718356027265,FALSE,1,"high_signal",TRUE,0.001,3000,80,5,5,99,86400,34
"index_projection",0.75,0.66403188036297,0.0220531624413494,FALSE,1,"high_signal",TRUE,0.001,3000,80,5,5,99,86400,34
"sudo",0.75,0.687214195580699,0.0231160705493071,FALSE,1,"high_signal",TRUE,0.001,3000,80,5,5,99,86400,34
"scaled",0.75,0.726569119168912,0.0281079424800772,TRUE,1,"high_signal",TRUE,0.001,3000,80,5,5,99,86400,34
"orthogonal",0.75,0.736873755151321,0.0366279072076721,TRUE,1,"high_signal",TRUE,0.001,3000,80,5,5,99,86400,34
"targeted_projection",0.75,0.77880675685192,0.0307492491619432,TRUE,1,"high_signal",TRUE,0.001,3000,80,5,5,99,86400,34
"targeted_sudo",0.75,0.765105519829619,0.0305226687868141,TRUE,1,"high_signal",TRUE,0.001,3000,80,5,5,99,86400,34
"pit_intercept_tilt",0.75,0.778809584569961,0.0307563715732092,TRUE,1,"high_signal",TRUE,0.001,3000,80,5,5,99,86400,34
"pit_affine_tilt",0.75,0.789572594561081,0.0314881177436808,TRUE,1,"high_signal",TRUE,0.001,3000,80,5,5,99,86400,34
"affine_calibrated_sudo",0.75,0.790710256972913,0.0318523594301932,TRUE,1,"high_signal",TRUE,0.001,3000,80,5,5,99,86400,34
"direct",0.75,0.656142965360451,0.0181742248545473,FALSE,1,"high_signal",TRUE,0.001,3000,80,5,5,99,86400,35
"raw_label",0.75,0.120328363896973,0.00277697441822942,FALSE,1,"high_signal",TRUE,0.001,3000,80,5,5,99,86400,35
"index_projection",0.75,0.659512278112006,0.0179786812170757,FALSE,1,"high_signal",TRUE,0.001,3000,80,5,5,99,86400,35
"sudo",0.75,0.68038932691682,0.0184634738887494,FALSE,1,"high_signal",TRUE,0.001,3000,80,5,5,99,86400,35
"scaled",0.75,0.715983096627518,0.0224347601463315,TRUE,1,"high_signal",TRUE,0.001,3000,80,5,5,99,86400,35
"orthogonal",0.75,0.736071044126535,0.0237582293858284,TRUE,1,"high_signal",TRUE,0.001,3000,80,5,5,99,86400,35
"targeted_projection",0.75,0.776203145083411,0.0241381253810713,TRUE,1,"high_signal",TRUE,0.001,3000,80,5,5,99,86400,35
"targeted_sudo",0.75,0.760201437281984,0.0236767834460126,TRUE,1,"high_signal",TRUE,0.001,3000,80,5,5,99,86400,35
"pit_intercept_tilt",0.75,0.776221202596745,0.0241436063839465,TRUE,1,"high_signal",TRUE,0.001,3000,80,5,5,99,86400,35
"pit_affine_tilt",0.75,0.794893072812491,0.025794551526277,TRUE,1,"high_signal",TRUE,0.001,3000,80,5,5,99,86400,35
"affine_calibrated_sudo",0.75,0.797449622756194,0.0252807330125392,TRUE,1,"high_signal",TRUE,0.001,3000,80,5,5,99,86400,35
"direct",0.75,0.640432659989765,0.0224264323492764,FALSE,1,"high_signal",TRUE,0.001,3000,80,5,5,99,86400,36
"raw_label",0.75,0.11708497658804,0.00299777787130177,FALSE,1,"high_signal",TRUE,0.001,3000,80,5,5,99,86400,36
"index_projection",0.75,0.64068538122475,0.0224655849955164,FALSE,1,"high_signal",TRUE,0.001,3000,80,5,5,99,86400,36
"sudo",0.75,0.662710132418026,0.0224081989489006,FALSE,1,"high_signal",TRUE,0.001,3000,80,5,5,99,86400,36
"scaled",0.75,0.698710803683169,0.0257700828919872,FALSE,1,"high_signal",TRUE,0.001,3000,80,5,5,99,86400,36
"orthogonal",0.75,0.733930846591136,0.0290985793007395,TRUE,1,"high_signal",TRUE,0.001,3000,80,5,5,99,86400,36
"targeted_projection",0.75,0.751242011806979,0.0294518569524009,TRUE,1,"high_signal",TRUE,0.001,3000,80,5,5,99,86400,36
"targeted_sudo",0.75,0.738585684357208,0.0289010741393229,TRUE,1,"high_signal",TRUE,0.001,3000,80,5,5,99,86400,36
"pit_intercept_tilt",0.75,0.751254475547013,0.0294588301622616,TRUE,1,"high_signal",TRUE,0.001,3000,80,5,5,99,86400,36
"pit_affine_tilt",0.75,0.768697112020734,0.0318614155566765,TRUE,1,"high_signal",TRUE,0.001,3000,80,5,5,99,86400,36
"affine_calibrated_sudo",0.75,0.766477742198833,0.0313982151238037,TRUE,1,"high_signal",TRUE,0.001,3000,80,5,5,99,86400,36
"direct",0.75,0.609419071921502,0.0216532608838377,FALSE,1,"high_signal",TRUE,0.001,3000,80,5,5,99,86400,37
"raw_label",0.75,0.113590576628434,0.00343834442029005,FALSE,1,"high_signal",TRUE,0.001,3000,80,5,5,99,86400,37
"index_projection",0.75,0.609881696506112,0.0217346644648089,FALSE,1,"high_signal",TRUE,0.001,3000,80,5,5,99,86400,37
"sudo",0.75,0.63006691973474,0.0228601050222252,FALSE,1,"high_signal",TRUE,0.001,3000,80,5,5,99,86400,37
"scaled",0.75,0.663698995085119,0.027580823366687,FALSE,1,"high_signal",TRUE,0.001,3000,80,5,5,99,86400,37
"orthogonal",0.75,0.68689054331628,0.030662378250417,FALSE,1,"high_signal",TRUE,0.001,3000,80,5,5,99,86400,37
"targeted_projection",0.75,0.704527746050982,0.0289096916137667,TRUE,1,"high_signal",TRUE,0.001,3000,80,5,5,99,86400,37
"targeted_sudo",0.75,0.6949607818876,0.0285070555305865,TRUE,1,"high_signal",TRUE,0.001,3000,80,5,5,99,86400,37
"pit_intercept_tilt",0.75,0.704527044916299,0.0289089186343691,TRUE,1,"high_signal",TRUE,0.001,3000,80,5,5,99,86400,37
"pit_affine_tilt",0.75,0.710895035123423,0.0299106204695073,TRUE,1,"high_signal",TRUE,0.001,3000,80,5,5,99,86400,37
"affine_calibrated_sudo",0.75,0.711029863891502,0.0298328952796323,TRUE,1,"high_signal",TRUE,0.001,3000,80,5,5,99,86400,37
"direct",0.75,0.627733976074312,0.0231336172349284,FALSE,1,"high_signal",TRUE,0.001,3000,80,5,5,99,86400,38
"raw_label",0.75,0.117631679833945,0.00319272229244007,FALSE,1,"high_signal",TRUE,0.001,3000,80,5,5,99,86400,38
"index_projection",0.75,0.627208523771109,0.02330988784115,FALSE,1,"high_signal",TRUE,0.001,3000,80,5,5,99,86400,38
"sudo",0.75,0.651443769629727,0.0238059438979732,FALSE,1,"high_signal",TRUE,0.001,3000,80,5,5,99,86400,38
"scaled",0.75,0.690721799367722,0.0281400155058053,FALSE,1,"high_signal",TRUE,0.001,3000,80,5,5,99,86400,38
"orthogonal",0.75,0.726444899359102,0.0293617157641796,TRUE,1,"high_signal",TRUE,0.001,3000,80,5,5,99,86400,38
"targeted_projection",0.75,0.726776549544432,0.0304975964066216,TRUE,1,"high_signal",TRUE,0.001,3000,80,5,5,99,86400,38
"targeted_sudo",0.75,0.717668823987699,0.0297810628688675,TRUE,1,"high_signal",TRUE,0.001,3000,80,5,5,99,86400,38
"pit_intercept_tilt",0.75,0.726777326624963,0.0305019476704203,TRUE,1,"high_signal",TRUE,0.001,3000,80,5,5,99,86400,38
"pit_affine_tilt",0.75,0.740240945589117,0.0319327712800665,TRUE,1,"high_signal",TRUE,0.001,3000,80,5,5,99,86400,38
"affine_calibrated_sudo",0.75,0.739993501660679,0.0319766106100664,TRUE,1,"high_signal",TRUE,0.001,3000,80,5,5,99,86400,38
"direct",0.75,0.619244772814863,0.019858560650068,FALSE,1,"high_signal",TRUE,0.001,3000,80,5,5,99,86400,39
"raw_label",0.75,0.114259952858108,0.00303187085732883,FALSE,1,"high_signal",TRUE,0.001,3000,80,5,5,99,86400,39
"index_projection",0.75,0.621468891328975,0.0196851059806673,FALSE,1,"high_signal",TRUE,0.001,3000,80,5,5,99,86400,39
"sudo",0.75,0.642440178466558,0.0202519364470589,FALSE,1,"high_signal",TRUE,0.001,3000,80,5,5,99,86400,39
"scaled",0.75,0.676820947481913,0.023978158168825,FALSE,1,"high_signal",TRUE,0.001,3000,80,5,5,99,86400,39
"orthogonal",0.75,0.704210365751087,0.0278284042694058,TRUE,1,"high_signal",TRUE,0.001,3000,80,5,5,99,86400,39
"targeted_projection",0.75,0.720020496706858,0.0266904549833308,TRUE,1,"high_signal",TRUE,0.001,3000,80,5,5,99,86400,39
"targeted_sudo",0.75,0.709261405734659,0.0261591408322231,TRUE,1,"high_signal",TRUE,0.001,3000,80,5,5,99,86400,39
"pit_intercept_tilt",0.75,0.720039410224273,0.0266890254724055,TRUE,1,"high_signal",TRUE,0.001,3000,80,5,5,99,86400,39
"pit_affine_tilt",0.75,0.728371661430685,0.0284728813274215,TRUE,1,"high_signal",TRUE,0.001,3000,80,5,5,99,86400,39
"affine_calibrated_sudo",0.75,0.731240402334679,0.0278642909973048,TRUE,1,"high_signal",TRUE,0.001,3000,80,5,5,99,86400,39
"direct",0.75,0.610802723780742,0.0211314589774358,FALSE,1,"high_signal",TRUE,0.001,3000,80,5,5,99,86400,40
"raw_label",0.75,0.116232580691466,0.00328465359125502,FALSE,1,"high_signal",TRUE,0.001,3000,80,5,5,99,86400,40
"index_projection",0.75,0.609116186202831,0.0211484229491417,FALSE,1,"high_signal",TRUE,0.001,3000,80,5,5,99,86400,40
"sudo",0.75,0.63182004793856,0.0221042936343726,FALSE,1,"high_signal",TRUE,0.001,3000,80,5,5,99,86400,40
"scaled",0.75,0.666368213135863,0.0259451624440016,FALSE,1,"high_signal",TRUE,0.001,3000,80,5,5,99,86400,40
"orthogonal",0.75,0.673832130969499,0.0290960516040248,FALSE,1,"high_signal",TRUE,0.001,3000,80,5,5,99,86400,40
"targeted_projection",0.75,0.70236879837719,0.0277430984684163,TRUE,1,"high_signal",TRUE,0.001,3000,80,5,5,99,86400,40
"targeted_sudo",0.75,0.691687947850594,0.0272378100508139,FALSE,1,"high_signal",TRUE,0.001,3000,80,5,5,99,86400,40
"pit_intercept_tilt",0.75,0.702366269171412,0.0277405962651783,TRUE,1,"high_signal",TRUE,0.001,3000,80,5,5,99,86400,40
"pit_affine_tilt",0.75,0.71301875423868,0.0295844413425217,TRUE,1,"high_signal",TRUE,0.001,3000,80,5,5,99,86400,40
"affine_calibrated_sudo",0.75,0.71042802292968,0.029275704148397,TRUE,1,"high_signal",TRUE,0.001,3000,80,5,5,99,86400,40
"direct",0.75,0.633541692591371,0.024676375416719,FALSE,1,"high_signal",TRUE,0.001,3000,80,5,5,99,86400,41
"raw_label",0.75,0.11488658750664,0.00359218743280588,FALSE,1,"high_signal",TRUE,0.001,3000,80,5,5,99,86400,41
"index_projection",0.75,0.634712833834526,0.0243962615336934,FALSE,1,"high_signal",TRUE,0.001,3000,80,5,5,99,86400,41
"sudo",0.75,0.657404291906754,0.0251986482209975,FALSE,1,"high_signal",TRUE,0.001,3000,80,5,5,99,86400,41
"scaled",0.75,0.694971141982295,0.0292484175057585,TRUE,1,"high_signal",TRUE,0.001,3000,80,5,5,99,86400,41
"orthogonal",0.75,0.747935047376554,0.0321935949300916,TRUE,1,"high_signal",TRUE,0.001,3000,80,5,5,99,86400,41
"targeted_projection",0.75,0.742177582358426,0.034037281869177,TRUE,1,"high_signal",TRUE,0.001,3000,80,5,5,99,86400,41
"targeted_sudo",0.75,0.73255427790071,0.0333514928569467,TRUE,1,"high_signal",TRUE,0.001,3000,80,5,5,99,86400,41
"pit_intercept_tilt",0.75,0.742172401897746,0.0340392842037936,TRUE,1,"high_signal",TRUE,0.001,3000,80,5,5,99,86400,41
"pit_affine_tilt",0.75,0.750805806601974,0.0363434310172994,TRUE,1,"high_signal",TRUE,0.001,3000,80,5,5,99,86400,41
"affine_calibrated_sudo",0.75,0.754358533370257,0.0352595808859535,TRUE,1,"high_signal",TRUE,0.001,3000,80,5,5,99,86400,41
"direct",0.75,0.654426430578925,0.0218856223126729,FALSE,1,"high_signal",TRUE,0.001,3000,80,5,5,99,86400,42
"raw_label",0.75,0.120714127258635,0.00337614197163408,FALSE,1,"high_signal",TRUE,0.001,3000,80,5,5,99,86400,42
"index_projection",0.75,0.654897564576169,0.0221910058316462,FALSE,1,"high_signal",TRUE,0.001,3000,80,5,5,99,86400,42
"sudo",0.75,0.677944048521676,0.022693638487558,FALSE,1,"high_signal",TRUE,0.001,3000,80,5,5,99,86400,42
"scaled",0.75,0.716879749457268,0.0262981233354221,TRUE,1,"high_signal",TRUE,0.001,3000,80,5,5,99,86400,42
"orthogonal",0.75,0.735174512383154,0.0321804648234996,TRUE,1,"high_signal",TRUE,0.001,3000,80,5,5,99,86400,42
"targeted_projection",0.75,0.762688780199475,0.0288749553164906,TRUE,1,"high_signal",TRUE,0.001,3000,80,5,5,99,86400,42
"targeted_sudo",0.75,0.751321575146635,0.028540311916025,TRUE,1,"high_signal",TRUE,0.001,3000,80,5,5,99,86400,42
"pit_intercept_tilt",0.75,0.762689531395355,0.0288747050551996,TRUE,1,"high_signal",TRUE,0.001,3000,80,5,5,99,86400,42
"pit_affine_tilt",0.75,0.775816145232735,0.0306096695362305,TRUE,1,"high_signal",TRUE,0.001,3000,80,5,5,99,86400,42
"affine_calibrated_sudo",0.75,0.776210164767481,0.0306017656615806,TRUE,1,"high_signal",TRUE,0.001,3000,80,5,5,99,86400,42
"direct",0.75,0.61012171884202,0.0203467834506312,FALSE,1,"high_signal",TRUE,0.001,3000,80,5,5,99,86400,43
"raw_label",0.75,0.113770408304316,0.00336479408352986,FALSE,1,"high_signal",TRUE,0.001,3000,80,5,5,99,86400,43
"index_projection",0.75,0.611461699145625,0.0204924113962959,FALSE,1,"high_signal",TRUE,0.001,3000,80,5,5,99,86400,43
"sudo",0.75,0.634649062156149,0.0207752731170832,FALSE,1,"high_signal",TRUE,0.001,3000,80,5,5,99,86400,43
"scaled",0.75,0.671068048365394,0.0237384550514816,FALSE,1,"high_signal",TRUE,0.001,3000,80,5,5,99,86400,43
"orthogonal",0.75,0.699288866368939,0.0259461089295272,TRUE,1,"high_signal",TRUE,0.001,3000,80,5,5,99,86400,43
"targeted_projection",0.75,0.708852468410195,0.0259978994248148,TRUE,1,"high_signal",TRUE,0.001,3000,80,5,5,99,86400,43
"targeted_sudo",0.75,0.697491440329867,0.0254816801503487,FALSE,1,"high_signal",TRUE,0.001,3000,80,5,5,99,86400,43
"pit_intercept_tilt",0.75,0.708879616046616,0.0259945114768421,TRUE,1,"high_signal",TRUE,0.001,3000,80,5,5,99,86400,43
"pit_affine_tilt",0.75,0.71973934128506,0.0271893152616754,TRUE,1,"high_signal",TRUE,0.001,3000,80,5,5,99,86400,43
"affine_calibrated_sudo",0.75,0.725442076493491,0.0268608005227436,TRUE,1,"high_signal",TRUE,0.001,3000,80,5,5,99,86400,43
"direct",0.75,0.605547127140978,0.019377166723986,FALSE,1,"high_signal",TRUE,0.001,3000,80,5,5,99,86400,44
"raw_label",0.75,0.112638367775573,0.00284219035078098,FALSE,1,"high_signal",TRUE,0.001,3000,80,5,5,99,86400,44
"index_projection",0.75,0.60611049048346,0.0195524964054757,FALSE,1,"high_signal",TRUE,0.001,3000,80,5,5,99,86400,44
"sudo",0.75,0.627756496310455,0.0202734153125296,FALSE,1,"high_signal",TRUE,0.001,3000,80,5,5,99,86400,44
"scaled",0.75,0.662523217322706,0.0245847880063106,FALSE,1,"high_signal",TRUE,0.001,3000,80,5,5,99,86400,44
"orthogonal",0.75,0.696353751909764,0.0279667242689817,TRUE,1,"high_signal",TRUE,0.001,3000,80,5,5,99,86400,44
"targeted_projection",0.75,0.704423139229137,0.0266042989146227,TRUE,1,"high_signal",TRUE,0.001,3000,80,5,5,99,86400,44
"targeted_sudo",0.75,0.694579803349409,0.026178593427202,FALSE,1,"high_signal",TRUE,0.001,3000,80,5,5,99,86400,44
"pit_intercept_tilt",0.75,0.704417286476186,0.0266076541748863,TRUE,1,"high_signal",TRUE,0.001,3000,80,5,5,99,86400,44
"pit_affine_tilt",0.75,0.712066898254787,0.0283484468657331,TRUE,1,"high_signal",TRUE,0.001,3000,80,5,5,99,86400,44
"affine_calibrated_sudo",0.75,0.710512983877758,0.028635548661171,TRUE,1,"high_signal",TRUE,0.001,3000,80,5,5,99,86400,44
"direct",0.75,0.603370537846909,0.0240703195025348,FALSE,1,"high_signal",TRUE,0.001,3000,80,5,5,99,86400,45
"raw_label",0.75,0.112952189286172,0.00363989547175666,FALSE,1,"high_signal",TRUE,0.001,3000,80,5,5,99,86400,45
"index_projection",0.75,0.604385672508992,0.0241054104077587,FALSE,1,"high_signal",TRUE,0.001,3000,80,5,5,99,86400,45
"sudo",0.75,0.626272798891527,0.0246698000434451,FALSE,1,"high_signal",TRUE,0.001,3000,80,5,5,99,86400,45
"scaled",0.75,0.66044510563108,0.0281151669074985,FALSE,1,"high_signal",TRUE,0.001,3000,80,5,5,99,86400,45
"orthogonal",0.75,0.683537355887135,0.032122194249923,FALSE,1,"high_signal",TRUE,0.001,3000,80,5,5,99,86400,45
"targeted_projection",0.75,0.707474491164888,0.0325796335373223,TRUE,1,"high_signal",TRUE,0.001,3000,80,5,5,99,86400,45
"targeted_sudo",0.75,0.694461996663439,0.032067643507664,TRUE,1,"high_signal",TRUE,0.001,3000,80,5,5,99,86400,45
"pit_intercept_tilt",0.75,0.707476496950554,0.0325774951060443,TRUE,1,"high_signal",TRUE,0.001,3000,80,5,5,99,86400,45
"pit_affine_tilt",0.75,0.718191678282948,0.0342088294321147,TRUE,1,"high_signal",TRUE,0.001,3000,80,5,5,99,86400,45
"affine_calibrated_sudo",0.75,0.719425371732569,0.0335311782714738,TRUE,1,"high_signal",TRUE,0.001,3000,80,5,5,99,86400,45
"direct",0.75,0.614555916290204,0.0219090809637916,FALSE,1,"high_signal",TRUE,0.001,3000,80,5,5,99,86400,46
"raw_label",0.75,0.115919455936582,0.0033814637755465,FALSE,1,"high_signal",TRUE,0.001,3000,80,5,5,99,86400,46
"index_projection",0.75,0.614053080237628,0.0216246132564755,FALSE,1,"high_signal",TRUE,0.001,3000,80,5,5,99,86400,46
"sudo",0.75,0.637581167191434,0.0221311611197369,FALSE,1,"high_signal",TRUE,0.001,3000,80,5,5,99,86400,46
"scaled",0.75,0.673266105301111,0.0257055797875578,FALSE,1,"high_signal",TRUE,0.001,3000,80,5,5,99,86400,46
"orthogonal",0.75,0.718003209988404,0.0260113130997325,TRUE,1,"high_signal",TRUE,0.001,3000,80,5,5,99,86400,46
"targeted_projection",0.75,0.709241169834177,0.0292721776170567,TRUE,1,"high_signal",TRUE,0.001,3000,80,5,5,99,86400,46
"targeted_sudo",0.75,0.699661683685999,0.0283541661901911,TRUE,1,"high_signal",TRUE,0.001,3000,80,5,5,99,86400,46
"pit_intercept_tilt",0.75,0.709247531102498,0.0292741774495745,TRUE,1,"high_signal",TRUE,0.001,3000,80,5,5,99,86400,46
"pit_affine_tilt",0.75,0.720387759710935,0.030921171713735,TRUE,1,"high_signal",TRUE,0.001,3000,80,5,5,99,86400,46
"affine_calibrated_sudo",0.75,0.720750902649956,0.0301084008892105,TRUE,1,"high_signal",TRUE,0.001,3000,80,5,5,99,86400,46
"direct",0.75,0.61900419231946,0.021888516892291,FALSE,1,"high_signal",TRUE,0.001,3000,80,5,5,99,86400,47
"raw_label",0.75,0.113858460556054,0.00297647587628375,FALSE,1,"high_signal",TRUE,0.001,3000,80,5,5,99,86400,47
"index_projection",0.75,0.617975514970873,0.021886611489808,FALSE,1,"high_signal",TRUE,0.001,3000,80,5,5,99,86400,47
"sudo",0.75,0.642002691953252,0.0218062097006514,FALSE,1,"high_signal",TRUE,0.001,3000,80,5,5,99,86400,47
"scaled",0.75,0.680950663535775,0.0248374575242183,FALSE,1,"high_signal",TRUE,0.001,3000,80,5,5,99,86400,47
"orthogonal",0.75,0.724009369930289,0.0263098066555388,TRUE,1,"high_signal",TRUE,0.001,3000,80,5,5,99,86400,47
"targeted_projection",0.75,0.725765996667076,0.0278541120718917,TRUE,1,"high_signal",TRUE,0.001,3000,80,5,5,99,86400,47
"targeted_sudo",0.75,0.714783931251815,0.0272000604861906,TRUE,1,"high_signal",TRUE,0.001,3000,80,5,5,99,86400,47
"pit_intercept_tilt",0.75,0.725745606714669,0.0278513416247216,TRUE,1,"high_signal",TRUE,0.001,3000,80,5,5,99,86400,47
"pit_affine_tilt",0.75,0.740740110243899,0.0298771062512173,TRUE,1,"high_signal",TRUE,0.001,3000,80,5,5,99,86400,47
"affine_calibrated_sudo",0.75,0.741447436728078,0.0297177331823143,TRUE,1,"high_signal",TRUE,0.001,3000,80,5,5,99,86400,47
"direct",0.75,0.630420954396343,0.0218350958254479,FALSE,1,"high_signal",TRUE,0.001,3000,80,5,5,99,86400,48
"raw_label",0.75,0.119698728601032,0.00348566646253825,FALSE,1,"high_signal",TRUE,0.001,3000,80,5,5,99,86400,48
"index_projection",0.75,0.633222481135465,0.0213975546201215,FALSE,1,"high_signal",TRUE,0.001,3000,80,5,5,99,86400,48
"sudo",0.75,0.655212300045039,0.0230430164297547,FALSE,1,"high_signal",TRUE,0.001,3000,80,5,5,99,86400,48
"scaled",0.75,0.690238662920625,0.0285355693151969,FALSE,1,"high_signal",TRUE,0.001,3000,80,5,5,99,86400,48
"orthogonal",0.75,0.700464280131581,0.0329271059544082,TRUE,1,"high_signal",TRUE,0.001,3000,80,5,5,99,86400,48
"targeted_projection",0.75,0.732390506532496,0.0299692537559867,TRUE,1,"high_signal",TRUE,0.001,3000,80,5,5,99,86400,48
"targeted_sudo",0.75,0.719879583528325,0.0295042251658619,TRUE,1,"high_signal",TRUE,0.001,3000,80,5,5,99,86400,48
"pit_intercept_tilt",0.75,0.732407431718701,0.0299738804515386,TRUE,1,"high_signal",TRUE,0.001,3000,80,5,5,99,86400,48
"pit_affine_tilt",0.75,0.744727863601856,0.0316745408169718,TRUE,1,"high_signal",TRUE,0.001,3000,80,5,5,99,86400,48
"affine_calibrated_sudo",0.75,0.745678188861181,0.0322639501802095,TRUE,1,"high_signal",TRUE,0.001,3000,80,5,5,99,86400,48
"direct",0.75,0.649058655275629,0.0212621269534666,FALSE,1,"high_signal",TRUE,0.001,3000,80,5,5,99,86400,49
"raw_label",0.75,0.118923477095016,0.00303707081065882,FALSE,1,"high_signal",TRUE,0.001,3000,80,5,5,99,86400,49
"index_projection",0.75,0.650737702526731,0.0220692072805039,FALSE,1,"high_signal",TRUE,0.001,3000,80,5,5,99,86400,49
"sudo",0.75,0.674088312796479,0.0226670259796216,FALSE,1,"high_signal",TRUE,0.001,3000,80,5,5,99,86400,49
"scaled",0.75,0.713469778561826,0.0268178157520331,TRUE,1,"high_signal",TRUE,0.001,3000,80,5,5,99,86400,49
"orthogonal",0.75,0.756596998212112,0.0291758919681538,TRUE,1,"high_signal",TRUE,0.001,3000,80,5,5,99,86400,49
"targeted_projection",0.75,0.763166155363555,0.0294592455673944,TRUE,1,"high_signal",TRUE,0.001,3000,80,5,5,99,86400,49
"targeted_sudo",0.75,0.751276993890525,0.0290157556777326,TRUE,1,"high_signal",TRUE,0.001,3000,80,5,5,99,86400,49
"pit_intercept_tilt",0.75,0.763270821559401,0.0294735969626624,TRUE,1,"high_signal",TRUE,0.001,3000,80,5,5,99,86400,49
"pit_affine_tilt",0.75,0.781114483568612,0.0314156312648103,TRUE,1,"high_signal",TRUE,0.001,3000,80,5,5,99,86400,49
"affine_calibrated_sudo",0.75,0.783454711031467,0.031981168779551,TRUE,1,"high_signal",TRUE,0.001,3000,80,5,5,99,86400,49
"direct",0.75,0.594813238117371,0.0228703945626521,FALSE,1,"high_signal",TRUE,0.001,3000,80,5,5,99,86400,50
"raw_label",0.75,0.115430299003349,0.00356572446990786,FALSE,1,"high_signal",TRUE,0.001,3000,80,5,5,99,86400,50
"index_projection",0.75,0.591721284854717,0.022974197508611,FALSE,1,"high_signal",TRUE,0.001,3000,80,5,5,99,86400,50
"sudo",0.75,0.615905177471414,0.0242029350150039,FALSE,1,"high_signal",TRUE,0.001,3000,80,5,5,99,86400,50
"scaled",0.75,0.651280195462887,0.0289780888247592,FALSE,1,"high_signal",TRUE,0.001,3000,80,5,5,99,86400,50
"orthogonal",0.75,0.676864794232225,0.0299735515771215,FALSE,1,"high_signal",TRUE,0.001,3000,80,5,5,99,86400,50
"targeted_projection",0.75,0.68612930517086,0.0300563032209142,FALSE,1,"high_signal",TRUE,0.001,3000,80,5,5,99,86400,50
"targeted_sudo",0.75,0.67499926760185,0.0297005337188837,FALSE,1,"high_signal",TRUE,0.001,3000,80,5,5,99,86400,50
"pit_intercept_tilt",0.75,0.686129665085756,0.0300526720929725,FALSE,1,"high_signal",TRUE,0.001,3000,80,5,5,99,86400,50
"pit_affine_tilt",0.75,0.69796939363365,0.0312357895208404,TRUE,1,"high_signal",TRUE,0.001,3000,80,5,5,99,86400,50
"affine_calibrated_sudo",0.75,0.695882638843246,0.0317879358267999,TRUE,1,"high_signal",TRUE,0.001,3000,80,5,5,99,86400,50
