"seed","selection","truth","direct","raw_label","index_projection","sudo","scaled","orthogonal","targeted_projection","targeted_sudo","correction","kappa","clipping_rate","max_inverse_information","direct_contrast_spread","target_failure","index_rmse","index_correlation","oracle_sudo","oracle_orthogonal","sample_signature","fold_signature","error","cell","primary","clip","cell_n","cell_p","outer_folds","inner_folds","replication"
1613001,"min",0.75,0.665040153187347,0.14230591520546,0.668048567078221,0.700159274420726,0.729257004810557,0.770306152974203,0.736566452157778,0.731517069504411,0.0321107073425048,0.475387568574701,0,301.135782936315,8.43769498715119e-15,0,0.424751388794756,0.979463267679904,0.761072850555249,0.799677448838064,2198743,13528609,NA,"randomized",TRUE,0.001,3000,80,5,5,1
1613001,"one_se",0.75,0.608878162264857,0.14230591520546,0.610015183031514,0.660817432037837,0.702532201377705,0.741139137334724,0.728693064730555,0.715154897590702,0.0508022490063234,0.450887524106911,0,89.1682793538166,3.5527136788005e-15,0,0.560230005128141,0.977482505882345,0.761072850555249,0.799677448838064,2198743,13528609,NA,"randomized",TRUE,0.001,3000,80,5,5,1
1613002,"min",0.75,0.646419559467418,0.130176266996228,0.646324472871416,0.66931466460463,0.691591726201784,0.699621945554124,0.718895068952264,0.708830222450935,0.022990191733214,0.492123112364967,0.000333333333333327,1001.001001001,8.43769498715119e-15,0,0.337633242695956,0.978775021616088,0.731174654311913,0.704616272591508,2224984,13461851,NA,"randomized",TRUE,0.001,3000,80,5,5,2
1613002,"one_se",0.75,0.594290795469249,0.130176266996228,0.595962464588675,0.632469008737626,0.664389456522481,0.687623947143146,0.710029153680595,0.691541201719901,0.0365065441489509,0.466489127795269,0.000333333333333327,1001.001001001,4.66293670342566e-15,0,0.407950629216874,0.986692951637468,0.731174654311913,0.704616272591508,2224984,13461851,NA,"randomized",TRUE,0.001,3000,80,5,5,2
1613003,"min",0.75,0.653145164209163,0.13679296112477,0.651963018360309,0.680301833300101,0.706179696240763,0.726918797669565,0.720203899100249,0.71345532016961,0.0283388149397916,0.477304474422472,0,191.406434917053,6.88338275267597e-15,0,0.398844887269443,0.979099006804671,0.751848790508774,0.753339343590054,2214340,13492913,NA,"randomized",TRUE,0.001,3000,80,5,5,3
1613003,"one_se",0.75,0.594675368478795,0.13679296112477,0.591752906520945,0.640293060663126,0.680287064959007,0.709514655612943,0.717091769644245,0.700746870625531,0.0485401541421812,0.451735296313463,0,78.1381083959326,3.10862446895044e-15,0,0.5324836769133,0.977776876375947,0.751848790508774,0.753339343590054,2214340,13492913,NA,"randomized",TRUE,0.001,3000,80,5,5,3
1613004,"min",0.75,0.714863021697334,0.143127793639385,0.710979260478584,0.732970539863751,0.753721736769698,0.761957171852813,0.78086571128535,0.77099717526423,0.0219912793851675,0.485493558319191,0.000333333333333339,1001.001001001,1.15463194561016e-14,0,0.352912684133154,0.977842770367056,0.772316482548831,0.794154868407141,2326887,13593038,NA,"randomized",TRUE,0.001,3000,80,5,5,4
1613004,"one_se",0.75,0.649119410786506,0.143127793639385,0.64622686097379,0.688373645278135,0.724397230282604,0.749509021402107,0.764233539454261,0.745981044769129,0.0421467843043452,0.4608342690842,0.000333333333333339,1001.001001001,3.77475828372553e-15,0,0.446749235563283,0.980345925251808,0.772316482548831,0.794154868407141,2326887,13593038,NA,"randomized",TRUE,0.001,3000,80,5,5,4
1613005,"min",0.75,0.736901423131154,0.148927832896823,0.733037586658137,0.764486421864441,0.796372171202796,0.802975607502153,0.821393867710406,0.810240376041173,0.031448835206304,0.503449253951785,0,302.594902546828,5.77315972805081e-15,0,0.338700701121982,0.980130620002495,0.785520642787481,0.797712244639856,2299603,13451103,NA,"randomized",TRUE,0.001,3000,80,5,5,5
1613005,"one_se",0.75,0.674806284834129,0.148927832896823,0.673156715714469,0.721027543542466,0.764843660541109,0.790953433167016,0.807131036448522,0.788400106766621,0.0478708278279975,0.477888286947388,0,141.748051334441,3.99680288865056e-15,0,0.453580064845625,0.976830488548164,0.785520642787481,0.797712244639856,2299603,13451103,NA,"randomized",TRUE,0.001,3000,80,5,5,5
1613006,"min",0.75,0.650026998152723,0.131539733285436,0.650270293691314,0.668225032726133,0.685145056483043,0.682134872248701,0.706804197059687,0.697611372305072,0.017954739034819,0.485165271458792,0,325.613802189368,7.7715611723761e-15,0,0.378146267187034,0.97363689398427,0.731548685886949,0.691175891138081,2158739,13539984,NA,"randomized",TRUE,0.001,3000,80,5,5,6
1613006,"one_se",0.75,0.597731951510752,0.131539733285436,0.599896488352592,0.63335438284002,0.661949488699127,0.679386484707815,0.701885430127119,0.685151027331781,0.0334578944874286,0.460817457647768,0,117.351987127161,6.66133814775094e-15,0,0.440924424018181,0.982655913825731,0.731548685886949,0.691175891138081,2158739,13539984,NA,"randomized",TRUE,0.001,3000,80,5,5,6
1613007,"min",0.75,0.544884605992384,0.115660558872081,0.542873686281929,0.571161610248548,0.594319623966392,0.618863814229449,0.609518386303986,0.60305838383189,0.0282879239666191,0.450142708251934,0,593.822870099921,7.32747196252603e-15,0,0.387258478086767,0.974581273058621,0.68335923904823,0.634941324448315,2202234,13531233,NA,"randomized",TRUE,0.001,3000,80,5,5,7
1613007,"one_se",0.75,0.478862317825551,0.115660558872081,0.476314180333089,0.52809407338219,0.565812792748158,0.6001171788395,0.588857697356065,0.57557313443447,0.0517798930491007,0.421444739176955,0,186.389367783005,3.10862446895044e-15,0,0.501231498499713,0.980793362906994,0.68335923904823,0.634941324448315,2202234,13531233,NA,"randomized",TRUE,0.001,3000,80,5,5,7
1613008,"min",0.75,0.666895583580961,0.132412400401656,0.665245487885176,0.687322566052444,0.70903007475329,0.736060589078593,0.73009916240843,0.722278061798123,0.0220770781672672,0.495779685354419,0.000333333333333348,1001.001001001,7.54951656745106e-15,0,0.318984596316577,0.979290288321181,0.73583372773565,0.751543800390535,2242420,13533619,NA,"randomized",TRUE,0.001,3000,80,5,5,8
1613008,"one_se",0.75,0.609773886583343,0.132412400401656,0.609614907063917,0.646604868390267,0.679433853664886,0.711637990899639,0.722428504871918,0.705089197686056,0.0369899613263498,0.470201669788063,0.000333333333333348,1001.001001001,9.32587340685131e-15,0,0.382341816413432,0.984939709109515,0.73583372773565,0.751543800390535,2242420,13533619,NA,"randomized",TRUE,0.001,3000,80,5,5,8
1613009,"min",0.75,0.659422988433238,0.133209089347472,0.656139750202133,0.67988844606644,0.702189943849372,0.717245283153272,0.728007984185677,0.717331111616878,0.0237486958643074,0.484286731859782,0.000333333333333342,1001.001001001,8.21565038222616e-15,0,0.32363604564414,0.982902311484745,0.743815676881561,0.778222302384723,2197961,13538058,NA,"randomized",TRUE,0.001,3000,80,5,5,9
1613009,"one_se",0.75,0.590630632803459,0.133209089347472,0.588011375225401,0.633195906617439,0.670947669736545,0.700396076608104,0.711203090541068,0.692467287683866,0.0451845313920379,0.455189894142583,0,759.83121674218,3.99680288865056e-15,0,0.439078907974171,0.987556328467851,0.743815676881561,0.778222302384723,2197961,13538058,NA,"randomized",TRUE,0.001,3000,80,5,5,9
1613010,"min",0.75,0.571445099713869,0.118542270319958,0.572071551591261,0.591722135334475,0.609256598596524,0.614251124748168,0.621247793075323,0.616015113815834,0.0196505837432144,0.471546083014678,0,184.074639724752,6.66133814775094e-15,0,0.415373934127768,0.972703156770435,0.69352437069989,0.630050930394519,2261984,13498369,NA,"randomized",TRUE,0.001,3000,80,5,5,10
1613010,"one_se",0.75,0.5153133570643,0.118542270319958,0.517372037795964,0.554485617757501,0.584061860334662,0.607606505891456,0.618252447501048,0.60417700187021,0.0371135799615365,0.443489597831799,0,78.5336203600637,2.88657986402541e-15,0,0.515885784312473,0.980961054453024,0.69352437069989,0.630050930394519,2261984,13498369,NA,"randomized",TRUE,0.001,3000,80,5,5,10
1613011,"min",0.75,0.708063839036342,0.142842498785662,0.711164924129594,0.737330544252548,0.763020055999685,0.811735777007042,0.781203895071408,0.773249772569191,0.0261656201229541,0.495409245347118,0,222.161028028616,7.99360577730113e-15,0,0.355372754088588,0.977989320580145,0.78041305504298,0.83975876662175,2210072,13554262,NA,"randomized",TRUE,0.001,3000,80,5,5,11
1613011,"one_se",0.75,0.639232988141648,0.142842498785662,0.640096742625294,0.687716436632002,0.729327417372086,0.77919646919249,0.768722395581804,0.752587724446206,0.0476196940067084,0.466330450354234,0,89.8757226629127,3.33066907387547e-15,0,0.473054054468718,0.978461192292228,0.78041305504298,0.83975876662175,2210072,13554262,NA,"randomized",TRUE,0.001,3000,80,5,5,11
1613012,"min",0.75,0.659490758879319,0.133626490102854,0.65508457784576,0.682875725196076,0.709083706399939,0.732536361937995,0.72147642613799,0.714846650334031,0.0277911473503158,0.485340817631303,0,971.647640748243,8.88178419700125e-15,0,0.361219155011435,0.979632132729563,0.748176735448028,0.780177972202816,2207734,13591143,NA,"randomized",TRUE,0.001,3000,80,5,5,12
1613012,"one_se",0.75,0.590353770982041,0.133626490102854,0.588755771546841,0.633806223845054,0.671375458304814,0.707216431129323,0.70984795691801,0.692275476653836,0.045050452298213,0.454724968515266,0,254.645182088209,4.2188474935756e-15,0,0.49543110716386,0.98233825967273,0.748176735448028,0.780177972202816,2207734,13591143,NA,"randomized",TRUE,0.001,3000,80,5,5,12
1613013,"min",0.75,0.63567131537789,0.12566410975303,0.63701052687864,0.656111013657392,0.675017675070864,0.692176488678193,0.692507820434721,0.685985226171015,0.0191004867787524,0.497450145900189,0,181.082775601858,9.32587340685131e-15,0,0.364291675165413,0.97673093300563,0.729304144823942,0.721084902653995,2234568,13438849,NA,"randomized",TRUE,0.001,3000,80,5,5,13
1613013,"one_se",0.75,0.57401258572986,0.12566410975303,0.574737649864516,0.61419199551627,0.64846257782161,0.677289136101294,0.686401933393244,0.671209468516871,0.0394543456517543,0.464843890051471,0,71.6782985928833,3.33066907387547e-15,0,0.456936830816469,0.986556237036467,0.729304144823942,0.721084902653995,2234568,13438849,NA,"randomized",TRUE,0.001,3000,80,5,5,13
1613014,"min",0.75,0.743897611907071,0.149271021363848,0.746323106430512,0.771924412856996,0.797469080957131,0.830296293513057,0.818420351086899,0.810395559420569,0.025601306426484,0.499446307095791,0,346.577569161845,1.02140518265514e-14,0,0.308550652713112,0.982814537883088,0.788737167917676,0.834983122881412,2219341,13455032,NA,"randomized",TRUE,0.001,3000,80,5,5,14
1613014,"one_se",0.75,0.679930839599875,0.149271021363848,0.681834165053705,0.726604484882781,0.767009324465279,0.807693829678367,0.810566949064837,0.793944244973412,0.0447703198290765,0.474373512907183,0,153.425499930044,4.66293670342566e-15,0,0.419420028394177,0.981624681328191,0.788737167917676,0.834983122881412,2219341,13455032,NA,"randomized",TRUE,0.001,3000,80,5,5,14
1613015,"min",0.75,0.619787938195945,0.126122863506179,0.622266387342726,0.646302571701537,0.668881233223032,0.695339645910121,0.689677120588272,0.682131477756437,0.0240361843588109,0.484366323541447,0,356.385500930745,6.43929354282591e-15,0,0.305049996497719,0.986779823469896,0.72935319128157,0.719315798561196,2184227,13498268,NA,"randomized",TRUE,0.001,3000,80,5,5,15
1613015,"one_se",0.75,0.562397476906293,0.126122863506179,0.56259331458609,0.605306670711595,0.640902317757293,0.673636396449674,0.682595060561307,0.66613725781746,0.0427133561255052,0.454553698862396,0,129.660325819535,3.21964677141295e-15,0,0.428305487100115,0.994095175453221,0.72935319128157,0.719315798561196,2184227,13498268,NA,"randomized",TRUE,0.001,3000,80,5,5,15
1613016,"min",0.75,0.704416159729428,0.141517078936568,0.704773727944811,0.726865884999616,0.749098238681236,0.780670820968333,0.770188401926219,0.762874958082035,0.0220921570548048,0.50158147968794,0,397.577971638678,9.10382880192628e-15,0,0.345735061139927,0.980971499339249,0.771388650066868,0.823731292917017,2206678,13468540,NA,"randomized",TRUE,0.001,3000,80,5,5,16
1613016,"one_se",0.75,0.642623112462885,0.141517078936568,0.641794826357076,0.683718821464331,0.721587152336936,0.755489114345492,0.762148599453909,0.745075848105924,0.0419239951072549,0.474586126016221,0,216.245382504914,4.66293670342566e-15,0,0.45007721095728,0.983311998429116,0.771388650066868,0.823731292917017,2206678,13468540,NA,"randomized",TRUE,0.001,3000,80,5,5,16
1613017,"min",0.75,0.649963259759206,0.134888059513663,0.648285595719238,0.67107333566186,0.692016883721685,0.704791517779113,0.711099568311905,0.704958606120674,0.0227877399426221,0.478914503013335,0.000333333333333333,1001.001001001,6.43929354282591e-15,0,0.433106307627035,0.970182569128641,0.739137838614626,0.712340859298402,2326398,13573036,NA,"randomized",TRUE,0.001,3000,80,5,5,17
1613017,"one_se",0.75,0.593983239593054,0.134888059513663,0.591722601541088,0.633024371139505,0.667181913292848,0.691253433435218,0.70742441537511,0.692043787809195,0.0413017695984161,0.452661724052193,0,363.087997217961,5.10702591327572e-15,0,0.521253695635821,0.981193524321471,0.739137838614626,0.712340859298402,2326398,13573036,NA,"randomized",TRUE,0.001,3000,80,5,5,17
1613018,"min",0.75,0.737076213937343,0.147259145760494,0.736523158384102,0.76511916365297,0.794126162751015,0.833080594400927,0.812164091415604,0.804602461708671,0.0285960052688682,0.503567468691032,0.000333333333333328,1001.001001001,8.88178419700125e-15,0,0.299063630613423,0.982422540809573,0.780075932343373,0.847821776141485,2190939,13470210,NA,"randomized",TRUE,0.001,3000,80,5,5,18
1613018,"one_se",0.75,0.682159696291415,0.147259145760494,0.683921476491554,0.725651146836415,0.764560950061203,0.812956042774509,0.801046053505498,0.785361314714438,0.0417296703448605,0.482515590719743,0.000333333333333328,1001.001001001,5.32907051820075e-15,0,0.349708409801902,0.988122365040919,0.780075932343373,0.847821776141485,2190939,13470210,NA,"randomized",TRUE,0.001,3000,80,5,5,18
1613019,"min",0.75,0.708044723492956,0.143927137117272,0.70722135995976,0.72747844247546,0.74702283042953,0.756710095342585,0.776438328762528,0.766292364616383,0.0202570825156995,0.491046881519488,0,487.201231202703,6.66133814775094e-15,0,0.344914982520696,0.982590296532874,0.769145683671421,0.769605963926265,2166284,13409047,NA,"randomized",TRUE,0.001,3000,80,5,5,19
1613019,"one_se",0.75,0.650077245678241,0.143927137117272,0.649980394377718,0.689161463225355,0.723447683945488,0.748938411133558,0.773941160238089,0.754874060263366,0.0391810688476367,0.466686887754388,0,190.173028033382,5.99520433297585e-15,0,0.469631232917769,0.979691804194873,0.769145683671421,0.769605963926265,2166284,13409047,NA,"randomized",TRUE,0.001,3000,80,5,5,19
1613020,"min",0.75,0.696393239402385,0.135362365486168,0.696366883911591,0.718882733861082,0.741991026169912,0.727579634142088,0.77269564424136,0.76028925381364,0.0225158499494914,0.506492641066912,0,642.300082544337,8.88178419700125e-15,0,0.259044712224891,0.987896203345282,0.751351447622907,0.715926901147979,2146499,13514968,NA,"randomized",TRUE,0.001,3000,80,5,5,20
1613020,"one_se",0.75,0.635620509795758,0.135362365486168,0.636114545203565,0.674851174983364,0.710543172952472,0.729521146051717,0.764814848607766,0.743779461075821,0.0387366297797981,0.479546634791113,0,209.15706869381,3.99680288865056e-15,0,0.369722733824613,0.987881177386394,0.751351447622907,0.715926901147979,2146499,13514968,NA,"randomized",TRUE,0.001,3000,80,5,5,20
1613021,"min",0.75,0.711945299002439,0.141515910128924,0.707540191612559,0.730923453731499,0.754149627452488,0.78978793078132,0.782433535133733,0.773269276653062,0.02338326211894,0.498314843388254,0,275.297620021729,8.21565038222616e-15,0,0.328960173272356,0.979180313124992,0.771895101911687,0.816903166002783,2259526,13347674,NA,"randomized",TRUE,0.001,3000,80,5,5,21
1613021,"one_se",0.75,0.649929025360814,0.141515910128924,0.649826841482555,0.688396972752019,0.722804136766146,0.766125392679065,0.772199054184059,0.754765675342302,0.0385701312694642,0.471477654528305,0,108.21329921571,3.33066907387547e-15,0,0.427058859365766,0.981178040105037,0.771895101911687,0.816903166002783,2259526,13347674,NA,"randomized",TRUE,0.001,3000,80,5,5,21
1613022,"min",0.75,0.65799347259485,0.132693859692252,0.658582419979776,0.68051188543453,0.702061894648511,0.704226814488233,0.728548757669161,0.716997609466773,0.0219294654547539,0.495636375052087,0,875.080816917957,6.21724893790088e-15,0,0.3499981084312,0.981276297113092,0.735064112602951,0.702056711640349,2197477,13456601,NA,"randomized",TRUE,0.001,3000,80,5,5,22
1613022,"one_se",0.75,0.600534464456819,0.132693859692252,0.601524805630032,0.640814771470269,0.675833986077176,0.695249456371391,0.718986569418389,0.700362797089819,0.039289965840237,0.471263636554519,0,338.63213059832,3.77475828372553e-15,0,0.458375172579566,0.983201188820362,0.735064112602951,0.702056711640349,2197477,13456601,NA,"randomized",TRUE,0.001,3000,80,5,5,22
1613023,"min",0.75,0.67852706999391,0.140038440589809,0.677409979806235,0.701147044842043,0.723669356629495,0.737281381388916,0.743865841389453,0.735964580106615,0.0237370650358081,0.486870194414876,0.000333333333333329,1001.001001001,8.43769498715119e-15,0,0.391664938899103,0.977972887431818,0.758644041085712,0.76235007847511,2363152,13481563,NA,"randomized",TRUE,0.001,3000,80,5,5,23
1613023,"one_se",0.75,0.621971538493545,0.140038440589809,0.620894514433376,0.663868874579201,0.700584764533727,0.730787676639135,0.737909672167631,0.722942764932456,0.0429743601458251,0.460732522589537,0,338.663535190818,4.2188474935756e-15,0,0.498979918296321,0.981411100020455,0.758644041085712,0.76235007847511,2363152,13481563,NA,"randomized",TRUE,0.001,3000,80,5,5,23
1613024,"min",0.75,0.725416313204239,0.14721087764395,0.72583295841822,0.754910773833778,0.78364745162429,0.815769875482885,0.805648339750947,0.798085648024187,0.0290778154155577,0.497049722257098,0.000333333333333328,1001.001001001,7.99360577730113e-15,0,0.337864855892353,0.981083696692969,0.785986109878471,0.854573278203758,2246807,13352557,NA,"randomized",TRUE,0.001,3000,80,5,5,24
1613024,"one_se",0.75,0.66298557088487,0.14721087764395,0.663789982688547,0.709499018804533,0.75028940425569,0.792955572595872,0.793987403271321,0.778063557842728,0.0457090361159869,0.471568303141702,0,357.777454878215,3.77475828372553e-15,0,0.448040266099423,0.982490276002305,0.785986109878471,0.854573278203758,2246807,13352557,NA,"randomized",TRUE,0.001,3000,80,5,5,24
1613025,"min",0.75,0.630666431418001,0.130691950456783,0.626280080534086,0.655842462569524,0.682069716840178,0.716490443771808,0.70082054248665,0.692322713921072,0.0295623820354384,0.470109791122441,0.000333333333333331,1001.001001001,7.99360577730113e-15,0,0.345592846309519,0.981119940312007,0.738592179622985,0.762090816391005,2207899,13534076,NA,"randomized",TRUE,0.001,3000,80,5,5,25
1613025,"one_se",0.75,0.570085277547317,0.130691950456783,0.56615860892597,0.615488109049536,0.654643679897034,0.691091805505354,0.689174218380893,0.672395381777111,0.0493295001235667,0.442510475697107,0,530.02915384785,3.5527136788005e-15,0,0.463802981728563,0.983844028813049,0.738592179622985,0.762090816391005,2207899,13534076,NA,"randomized",TRUE,0.001,3000,80,5,5,25
1613026,"min",0.75,0.649267827633072,0.133484791322017,0.647180987030557,0.67522373892089,0.700977693693111,0.738143488640849,0.717075478077707,0.709933086982895,0.0280427518903325,0.478727349125028,0,291.776474946215,7.32747196252603e-15,0,0.346816317993473,0.981359299430411,0.737086730100177,0.749313776496223,2193552,13376877,NA,"randomized",TRUE,0.001,3000,80,5,5,26
1613026,"one_se",0.75,0.581668837660553,0.133484791322017,0.581462319754284,0.629612130804633,0.669150133994806,0.7093690452983,0.701893171359858,0.685526050996371,0.0481498110503484,0.450895070570734,0,75.5616890308387,3.77475828372553e-15,0,0.46668762584221,0.984772561893375,0.737086730100177,0.749313776496223,2193552,13376877,NA,"randomized",TRUE,0.001,3000,80,5,5,26
1613027,"min",0.75,0.64589544247758,0.130906482127138,0.643823826473584,0.665395331497653,0.685732053014627,0.702714327989496,0.710145432902917,0.701758685822404,0.0215715050240688,0.485268005723357,0,384.843121270226,7.32747196252603e-15,0,0.340903614706789,0.984250875495797,0.736479428183412,0.740730690189087,2231370,13544449,NA,"randomized",TRUE,0.001,3000,80,5,5,27
1613027,"one_se",0.75,0.590077256258859,0.130906482127138,0.589899902022486,0.627179212508764,0.658664434452114,0.690379633794774,0.702696482084505,0.686330938839019,0.0372793104862776,0.457870079689284,0,177.037159634422,3.77475828372553e-15,0,0.457739297371057,0.988618513144199,0.736479428183412,0.740730690189087,2231370,13544449,NA,"randomized",TRUE,0.001,3000,80,5,5,27
1613028,"min",0.75,0.632537363273152,0.125282460649643,0.629963665248478,0.645433840906241,0.660069054256721,0.648388674804895,0.687720400394799,0.673801408575048,0.015470175657763,0.486132676992573,0.000333333333333328,1001.001001001,9.32587340685131e-15,0,0.329677720893824,0.978039225165475,0.720108055854826,0.664802095209897,2307465,13568181,NA,"randomized",TRUE,0.001,3000,80,5,5,28
1613028,"one_se",0.75,0.569461869397045,0.125282460649643,0.567507940568078,0.603167043975143,0.633226674169675,0.645145771295485,0.676639392772161,0.655095712762033,0.0356591034070644,0.457398196026739,0,946.359051253164,3.5527136788005e-15,0,0.417220465823391,0.982777552628254,0.720108055854826,0.664802095209897,2307465,13568181,NA,"randomized",TRUE,0.001,3000,80,5,5,28
1613029,"min",0.75,0.669701808824845,0.135458581155602,0.666099373231403,0.692854855791325,0.717484397665993,0.74629539542347,0.733969664873686,0.726286537756755,0.0267554825599212,0.479313616091014,0,235.620344022174,7.105427357601e-15,0,0.360018915595541,0.97802905327175,0.747534361285692,0.771045352652157,2218396,13570201,NA,"randomized",TRUE,0.001,3000,80,5,5,29
1613029,"one_se",0.75,0.596652663566293,0.135458581155602,0.596001948625501,0.643061198037807,0.681649840885012,0.717640314406088,0.7125058639877,0.695754332773497,0.0470592494123064,0.450549824743871,0,110.92814018727,4.2188474935756e-15,0,0.456046399186752,0.985845787258891,0.747534361285692,0.771045352652157,2218396,13570201,NA,"randomized",TRUE,0.001,3000,80,5,5,29
1613030,"min",0.75,0.664908217487599,0.13557257886923,0.668083685240791,0.692653606009154,0.715499211855395,0.76169430128312,0.728908214022541,0.723345138457398,0.0245699207683627,0.481816980162045,0,227.804432527935,7.32747196252603e-15,0,0.347399061194273,0.981854336211521,0.753967007757378,0.804668673010604,2113049,13472242,NA,"randomized",TRUE,0.001,3000,80,5,5,30
1613030,"one_se",0.75,0.605873882366652,0.13557257886923,0.60802516740805,0.650973132158172,0.68682038589692,0.733673281334601,0.723847958916032,0.708813272015205,0.0429479647501227,0.454941993006989,0,87.8524953523878,3.33066907387547e-15,0,0.455596534356974,0.985671015936597,0.753967007757378,0.804668673010604,2113049,13472242,NA,"randomized",TRUE,0.001,3000,80,5,5,30
1613031,"min",0.75,0.686952110788204,0.137872648651241,0.689727995835589,0.712916187404486,0.735739665039675,0.736848595844127,0.758617652868514,0.748071371464497,0.0231881915688977,0.496036723509296,0,542.343241318882,5.55111512312578e-15,0,0.30383950721721,0.982565849196327,0.751885139447003,0.742997796493694,2243202,13518515,NA,"randomized",TRUE,0.001,3000,80,5,5,31
1613031,"one_se",0.75,0.624817048834745,0.137872648651241,0.626586954692181,0.668759206286177,0.705812854410306,0.72811972576201,0.751246376269604,0.730756720915902,0.0421722515939955,0.467696148052101,0,272.498202803892,3.5527136788005e-15,0,0.413301271795337,0.984901292415551,0.751885139447003,0.742997796493694,2243202,13518515,NA,"randomized",TRUE,0.001,3000,80,5,5,31
1613032,"min",0.75,0.705583340780156,0.13973967188744,0.709072479864643,0.732398164506679,0.755751702511961,0.781145221516738,0.778140923365226,0.769507457738151,0.0233256846420355,0.50029834861923,0.000333333333333328,1001.001001001,6.21724893790088e-15,0,0.324410231450742,0.980483059768492,0.762830986994207,0.794848320830915,2171616,13510132,NA,"randomized",TRUE,0.001,3000,80,5,5,32
1613032,"one_se",0.75,0.641449570165363,0.13973967188744,0.64437376764986,0.686635413386915,0.724642858821214,0.766849195957289,0.764646059399584,0.747733851560573,0.042261645737055,0.47350038326911,0,395.919031934108,4.44089209850063e-15,0,0.416764861209678,0.983083442295494,0.762830986994207,0.794848320830915,2171616,13510132,NA,"randomized",TRUE,0.001,3000,80,5,5,32
1613033,"min",0.75,0.62312025366681,0.126851167261057,0.624895505382609,0.643284593045425,0.660092140859821,0.66235008664732,0.677037646739287,0.671125367261546,0.018389087662816,0.477532797851608,0,317.918299797523,6.88338275267597e-15,0,0.390279154172369,0.973536258043438,0.722320819901996,0.611316787362668,2253660,13501179,NA,"randomized",TRUE,0.001,3000,80,5,5,33
1613033,"one_se",0.75,0.559225700262978,0.126851167261057,0.560363990781095,0.599816427312619,0.631738416215302,0.653683942305216,0.671673424994202,0.656314544451547,0.0394524365315237,0.447246877414218,0,111.012183852198,2.88657986402541e-15,0,0.503879362827498,0.977923065027526,0.722320819901996,0.611316787362668,2253660,13501179,NA,"randomized",TRUE,0.001,3000,80,5,5,33
1613034,"min",0.75,0.635808881913487,0.134923911045348,0.632480688568351,0.660304042080594,0.684081702699701,0.711158714289836,0.69959779587167,0.69473991956282,0.0278233535122433,0.460798319943496,0.000333333333333334,1001.001001001,7.54951656745106e-15,0,0.414459536574819,0.973479367226798,0.738146529464631,0.755805145845586,2217309,13433227,NA,"randomized",TRUE,0.001,3000,80,5,5,34
1613034,"one_se",0.75,0.581660568974662,0.134923911045348,0.580311662773665,0.624434019742028,0.658686485764738,0.694743905933554,0.691956167926116,0.678430192923206,0.0441223569683624,0.437034046336693,0,538.51088842307,3.10862446895044e-15,0,0.512455306394791,0.980415711414104,0.738146529464631,0.755805145845586,2217309,13433227,NA,"randomized",TRUE,0.001,3000,80,5,5,34
1613035,"min",0.75,0.730065809195021,0.144974000281332,0.731264804765485,0.756181830990839,0.781659750797374,0.801923867400327,0.810499234072849,0.799174768791343,0.0249170262253544,0.505564978488369,0,217.796588544318,5.32907051820075e-15,0,0.324178103135152,0.980867480610308,0.7788510316919,0.826871602377828,2253145,13536170,NA,"randomized",TRUE,0.001,3000,80,5,5,35
1613035,"one_se",0.75,0.663795174445194,0.144974000281332,0.664548955653552,0.70821642771682,0.748068361194922,0.781116095205897,0.79775615457063,0.777208294092819,0.0436674720632683,0.477157772134309,0,111.967901556121,3.77475828372553e-15,0,0.441179814847798,0.978993066477783,0.7788510316919,0.826871602377828,2253145,13536170,NA,"randomized",TRUE,0.001,3000,80,5,5,35
1613036,"min",0.75,0.651534648531881,0.133404183949923,0.651648159835298,0.673373423283689,0.693724913723456,0.709177767499016,0.7117674834632,0.704881750371266,0.0217252634483908,0.483675392209738,0.000333333333333343,1001.001001001,5.99520433297585e-15,0,0.418562589474448,0.978739562195115,0.744297577368171,0.728280354604124,2220576,13537158,NA,"randomized",TRUE,0.001,3000,80,5,5,36
1613036,"one_se",0.75,0.597834365220588,0.133404183949923,0.599046659923367,0.635698055958393,0.666827670922707,0.695328129826215,0.704785326867438,0.690235710465879,0.0366513960350254,0.459267492552116,0,937.128495128315,4.2188474935756e-15,0,0.518997742055515,0.984805473934594,0.744297577368171,0.728280354604124,2220576,13537158,NA,"randomized",TRUE,0.001,3000,80,5,5,36
1613037,"min",0.75,0.652567367511958,0.131598990375208,0.655146234870086,0.678170456975749,0.69994772736255,0.7432101832373,0.720500143012374,0.712554240259023,0.023024222105662,0.486083591756794,0,455.812107574562,5.99520433297585e-15,0,0.279435386960964,0.98675487005932,0.739448449475219,0.779058891945904,2255146,13560351,NA,"randomized",TRUE,0.001,3000,80,5,5,37
1613037,"one_se",0.75,0.593570136357545,0.131598990375208,0.596042916197938,0.636562032923613,0.671101975742628,0.721300420742049,0.713973115619055,0.698627249122559,0.0405191167256747,0.460170205016361,0,164.186505404351,4.44089209850063e-15,0,0.382828079810181,0.990560231257709,0.739448449475219,0.779058891945904,2255146,13560351,NA,"randomized",TRUE,0.001,3000,80,5,5,37
1613038,"min",0.75,0.598594614701059,0.123377933292182,0.598651007497332,0.619456998311148,0.6379579454959,0.668499622728211,0.661285424041182,0.65400013646003,0.0208059908138163,0.470678921503005,0,324.945958329352,7.7715611723761e-15,0,0.370921495921344,0.982212972581157,0.715123651518073,0.694010915034979,2168304,13438061,NA,"randomized",TRUE,0.001,3000,80,5,5,38
1613038,"one_se",0.75,0.537364836248214,0.123377933292182,0.536483268899845,0.579283361294731,0.612983768049146,0.647643573244658,0.652491605885026,0.636611088033955,0.0428000923948851,0.440525318516483,0,113.426376993565,3.10862446895044e-15,0,0.504075802650037,0.990635789766444,0.715123651518073,0.694010915034979,2168304,13438061,NA,"randomized",TRUE,0.001,3000,80,5,5,38
1613039,"min",0.75,0.686600984889532,0.136982352320714,0.686004065572279,0.712058062517379,0.737361946690868,0.781028253496545,0.753146662373569,0.747590415387638,0.0260539969451,0.492697198995818,0.000333333333333341,1001.001001001,8.21565038222616e-15,0,0.298374201443897,0.982643151699763,0.755513316553857,0.815982578025172,2223572,13549737,NA,"randomized",TRUE,0.001,3000,80,5,5,39
1613039,"one_se",0.75,0.625656852085892,0.136982352320714,0.625814974245579,0.668882005983274,0.706750475025745,0.753561711257419,0.742407011095657,0.727127331272545,0.0430670317376945,0.46788453370207,0,804.563773777244,3.99680288865056e-15,0,0.384884569401147,0.985534238872663,0.755513316553857,0.815982578025172,2223572,13549737,NA,"randomized",TRUE,0.001,3000,80,5,5,39
1613040,"min",0.75,0.619747390515799,0.1278818150803,0.616419703531563,0.63641257795663,0.654228940992128,0.659540302902894,0.676432899157027,0.666073449654794,0.0199928744250671,0.471217200666381,0.00133333333333333,1001.001001001,7.7715611723761e-15,0,0.365268494556,0.986033806619826,0.726401525514039,0.678899430153635,2201058,13592306,NA,"randomized",TRUE,0.001,3000,80,5,5,40
1613040,"one_se",0.75,0.552461571016779,0.1278818150803,0.55139590382816,0.593563927537158,0.62693043850174,0.648500053058197,0.664761054766474,0.64707944430216,0.0421680237089987,0.441738485697615,0.000333333333333344,1001.001001001,3.5527136788005e-15,0,0.519320774487726,0.989283276349959,0.726401525514039,0.678899430153635,2201058,13592306,NA,"randomized",TRUE,0.001,3000,80,5,5,40
1613041,"min",0.75,0.638508140771664,0.129376941271594,0.639262354376235,0.660124812734018,0.679472364061952,0.680322160708766,0.699397565211488,0.690250938565106,0.020862458357783,0.481162563231271,0,253.194277335775,8.88178419700125e-15,0,0.386344710003626,0.977216501528077,0.733602928665162,0.67899554358333,2076102,13570967,NA,"randomized",TRUE,0.001,3000,80,5,5,41
1613041,"one_se",0.75,0.577586043536052,0.129376941271594,0.578445080313859,0.618549984877764,0.651441023332157,0.673714723350761,0.69270335762251,0.674243690470771,0.0401049045639045,0.450587212033808,0,98.5851682167226,4.44089209850063e-15,0,0.490049850108702,0.985279037179753,0.733602928665162,0.67899554358333,2076102,13570967,NA,"randomized",TRUE,0.001,3000,80,5,5,41
1613042,"min",0.75,0.620444444260616,0.129095102144084,0.620769672288067,0.647508397322283,0.671452454947834,0.691238939798234,0.687083912770178,0.68200367419835,0.0267387250342161,0.47242981480096,0,318.896324070635,6.88338275267597e-15,0,0.353044586050059,0.980112612906276,0.723782945580116,0.718304169743072,2266273,13490496,NA,"randomized",TRUE,0.001,3000,80,5,5,42
1613042,"one_se",0.75,0.558289287376499,0.129095102144084,0.55890000563011,0.604544944702396,0.640950053676125,0.673754847091169,0.672087127063529,0.657571556518872,0.045644939072286,0.443693938525326,0,100.978032191506,3.5527136788005e-15,0,0.462326168392352,0.988039218494725,0.723782945580116,0.718304169743072,2266273,13490496,NA,"randomized",TRUE,0.001,3000,80,5,5,42
1613043,"min",0.75,0.628002025040112,0.129396281901049,0.629493839039855,0.651545409476782,0.671381956382854,0.711920244933272,0.6852764395699,0.680277581947887,0.0220515704369267,0.473560240094865,0.000333333333333333,1001.001001001,6.88338275267597e-15,0,0.370148126004594,0.983229863806914,0.736848142283924,0.745801092976436,2264374,13573004,NA,"randomized",TRUE,0.001,3000,80,5,5,43
1613043,"one_se",0.75,0.56936038545207,0.129396281901049,0.569270752175311,0.612445191731224,0.647155437387679,0.691667881593631,0.68037842413088,0.667121027434811,0.0431744395559124,0.445662013806835,0.000333333333333333,1001.001001001,2.88657986402541e-15,0,0.516135971880308,0.980846885239746,0.736848142283924,0.745801092976436,2264374,13573004,NA,"randomized",TRUE,0.001,3000,80,5,5,43
1613044,"min",0.75,0.620935720627386,0.125186534307867,0.621885046297732,0.644113799059414,0.665197643761206,0.703595578368445,0.68226052415891,0.673467729175837,0.0222287527616823,0.486783197880758,0,262.084071987619,7.99360577730113e-15,0,0.34479611121855,0.980941900018779,0.720094670244289,0.723659690271954,2243708,13581844,NA,"randomized",TRUE,0.001,3000,80,5,5,44
1613044,"one_se",0.75,0.563421678590143,0.125186534307867,0.564105988971283,0.603688702925164,0.637355419336695,0.673901342564611,0.677527762337817,0.659618492334731,0.039582713953881,0.459617450177856,0,121.20263071485,3.99680288865056e-15,0,0.450027052531163,0.986773998264073,0.720094670244289,0.723659690271954,2243708,13581844,NA,"randomized",TRUE,0.001,3000,80,5,5,44
1613045,"min",0.75,0.602723427845327,0.123572628078585,0.602809635466273,0.622692049060397,0.640459174621014,0.648791052211187,0.646216472753153,0.643571320636514,0.0198824135941243,0.471908181600663,0,305.572386866841,7.7715611723761e-15,0,0.405440204201737,0.972115618840111,0.707441641589217,0.663024253682817,2183566,13557335,NA,"randomized",TRUE,0.001,3000,80,5,5,45
1613045,"one_se",0.75,0.547137578178484,0.123572628078585,0.54742598128796,0.584758493520962,0.614701545435095,0.639068004046023,0.64570533934167,0.632066942241544,0.0373325122330022,0.445080651403325,0,110.287523533783,4.2188474935756e-15,0,0.487453716057472,0.983160692549123,0.707441641589217,0.663024253682817,2183566,13557335,NA,"randomized",TRUE,0.001,3000,80,5,5,45
1613046,"min",0.75,0.649074883517082,0.134082964491222,0.653073403829542,0.67869972305503,0.702404836040613,0.749027229217141,0.71435102596941,0.710060537583748,0.0256263192254883,0.480527564741217,0,704.830826806077,6.66133814775094e-15,0,0.317252866220506,0.985859274085415,0.743661839938553,0.784822538691316,2213051,13414177,NA,"randomized",TRUE,0.001,3000,80,5,5,46
1613046,"one_se",0.75,0.594373294270975,0.134082964491222,0.597850943673658,0.639568405223772,0.674383258530532,0.724296035926745,0.709271654977381,0.696365701137412,0.0417174615501147,0.454903962749179,0,240.557136718051,4.44089209850063e-15,0,0.436278528442413,0.989487667085985,0.743661839938553,0.784822538691316,2213051,13414177,NA,"randomized",TRUE,0.001,3000,80,5,5,46
1613047,"min",0.75,0.711595111468852,0.145457498366089,0.713315261612066,0.740264388707945,0.766498175467838,0.77373109477326,0.786228869720748,0.775469550482342,0.0269491270958792,0.493274716594824,0,326.743532887084,7.7715611723761e-15,0,0.341518248560064,0.977849979640733,0.764914738678158,0.753785187183272,2246495,13436409,NA,"randomized",TRUE,0.001,3000,80,5,5,47
1613047,"one_se",0.75,0.652602463437382,0.145457498366089,0.654218828220922,0.698671031914097,0.737898474256855,0.759100174732427,0.778681221724469,0.759020379327223,0.0444522036931743,0.46878116962772,0,137.071968143883,3.33066907387547e-15,0,0.434616376334293,0.980486485676737,0.764914738678158,0.753785187183272,2246495,13436409,NA,"randomized",TRUE,0.001,3000,80,5,5,47
1613048,"min",0.75,0.700140861569095,0.138574759924784,0.699963357445343,0.72338362174194,0.747331653214673,0.754977036364288,0.778090637002789,0.765207596212111,0.0234202642965966,0.50557089048239,0,177.143388595967,7.32747196252603e-15,0,0.298796211855561,0.98409925618568,0.758569800126215,0.760888405027929,2157328,13535881,NA,"randomized",TRUE,0.001,3000,80,5,5,48
1613048,"one_se",0.75,0.640997107103304,0.138574759924784,0.641095278100754,0.681802615937761,0.719035597804369,0.74655484629621,0.773172777538227,0.75214513143231,0.0407073378370072,0.477711433673794,0,76.7257451886218,3.21964677141295e-15,0,0.402270996488996,0.986540792524618,0.758569800126215,0.760888405027929,2157328,13535881,NA,"randomized",TRUE,0.001,3000,80,5,5,48
1613049,"min",0.75,0.633539361403714,0.131372607764989,0.633427178803046,0.658614287917591,0.681193858796104,0.705857270034837,0.696492518553477,0.690039418004334,0.0251871091145445,0.472705469205625,0,661.186351037186,8.43769498715119e-15,0,0.377287816687217,0.979969716445106,0.73242494100035,0.719832423444951,2179471,13369402,NA,"randomized",TRUE,0.001,3000,80,5,5,49
1613049,"one_se",0.75,0.562851644522816,0.131372607764989,0.561873113310348,0.610265767772112,0.648651621464844,0.678311230740346,0.681113021652839,0.664776315063766,0.0483926544617642,0.442342862410031,0,214.120661731944,3.77475828372553e-15,0,0.503957837052408,0.98483271077445,0.73242494100035,0.719832423444951,2179471,13369402,NA,"randomized",TRUE,0.001,3000,80,5,5,49
1613050,"min",0.75,0.636911598232378,0.128830886086377,0.637883223008258,0.658524019162583,0.678294973748958,0.695972251433227,0.699535137161492,0.691571636686241,0.0206407961543242,0.489237764363019,0.000333333333333338,1001.001001001,8.43769498715119e-15,0,0.353963151050246,0.976849419608097,0.730928709529925,0.740916630417443,2231309,13518048,NA,"randomized",TRUE,0.001,3000,80,5,5,50
1613050,"one_se",0.75,0.57611149598122,0.128830886086377,0.577517041382633,0.616887393183188,0.65047483840376,0.683297828497994,0.694983771123315,0.678105097595747,0.0393703518005554,0.460368138731563,0,573.957795679233,3.5527136788005e-15,0,0.465264571326423,0.977331384318328,0.730928709529925,0.740916630417443,2231309,13518048,NA,"randomized",TRUE,0.001,3000,80,5,5,50
1613051,"min",0.75,0.697283028761151,0.140193141811891,0.695572199567644,0.716930932182666,0.73851339017357,0.753899492703728,0.774863816323514,0.765446586194235,0.021358732615022,0.502605020642481,0.000333333333333326,1001.001001001,1.15463194561016e-14,0,0.363529876975318,0.979465068769256,0.77458474060996,0.773152356837436,2229276,13573064,NA,"randomized",TRUE,0.001,3000,80,5,5,51
1613051,"one_se",0.75,0.651378724780821,0.140193141811891,0.650468007785989,0.683283212027203,0.713461328911908,0.741981149603041,0.773757635698396,0.757253532776184,0.0328152042412134,0.479068516238121,0,476.23245836255,5.32907051820075e-15,0,0.452253181888734,0.984075173333105,0.77458474060996,0.773152356837436,2229276,13573064,NA,"randomized",TRUE,0.001,3000,80,5,5,51
1613052,"min",0.75,0.701621128791722,0.141875239787997,0.702307933348156,0.723293085125598,0.743575403638141,0.753106452251436,0.766303154008696,0.757159181449283,0.0209851517774418,0.491484415449268,0.000333333333333333,1001.001001001,7.54951656745106e-15,0,0.338630547145081,0.978849671903228,0.763454308919738,0.782273725374751,2282382,13603295,NA,"randomized",TRUE,0.001,3000,80,5,5,52
1613052,"one_se",0.75,0.634271749007102,0.141875239787997,0.634053301826984,0.677107006488877,0.714002169715874,0.736915705732769,0.759163212018672,0.739235385482367,0.0430537046618931,0.461484498795816,0,310.984496780241,4.88498130835069e-15,0,0.454923630251132,0.980290549185656,0.763454308919738,0.782273725374751,2282382,13603295,NA,"randomized",TRUE,0.001,3000,80,5,5,52
1613053,"min",0.75,0.64635426858042,0.132181508209876,0.645827528736367,0.666328740916979,0.685021715244403,0.66890697443026,0.713383335971651,0.701096972790325,0.0205012121806122,0.476932320654018,0.000333333333333344,1001.001001001,8.21565038222616e-15,0,0.366078925047837,0.976838170000243,0.731257998205894,0.682199991307469,2236587,13499253,NA,"randomized",TRUE,0.001,3000,80,5,5,53
1613053,"one_se",0.75,0.586944812852658,0.132181508209876,0.586670658190997,0.625127021390512,0.65667524757641,0.665420497412425,0.705100739329149,0.683946049870127,0.0384563631995152,0.45065939908894,0.000333333333333344,1001.001001001,3.99680288865056e-15,0,0.469845271862602,0.980470188511912,0.731257998205894,0.682199991307469,2236587,13499253,NA,"randomized",TRUE,0.001,3000,80,5,5,53
1613054,"min",0.75,0.640231667200095,0.130486292266935,0.639554482124958,0.657479568066047,0.674238965788342,0.684596422406968,0.709798531073414,0.696696795566125,0.0179250859410888,0.483195825688134,0.000333333333333331,1001.001001001,6.21724893790088e-15,0,0.318244708674888,0.986769934175284,0.731362682162059,0.705282236674776,2156317,13548800,NA,"randomized",TRUE,0.001,3000,80,5,5,54
1613054,"one_se",0.75,0.585238740206492,0.130486292266935,0.584265382977389,0.619522391835894,0.649181637107798,0.672798376970447,0.703519109615727,0.683210968212934,0.0352570088585055,0.456884730476312,0.000333333333333331,1001.001001001,3.33066907387547e-15,0,0.455106518398043,0.987476104410656,0.731362682162059,0.705282236674776,2156317,13548800,NA,"randomized",TRUE,0.001,3000,80,5,5,54
1613055,"min",0.75,0.643628740473759,0.129589878454804,0.64446628556662,0.66918838890503,0.693502555499184,0.726250583415418,0.712133445949558,0.707261946744241,0.0247221033384107,0.495840459064102,0,204.430195693439,7.54951656745106e-15,0,0.357859072852748,0.976525271082143,0.73177790706187,0.764382367297111,2217486,13428044,NA,"randomized",TRUE,0.001,3000,80,5,5,55
1613055,"one_se",0.75,0.588328137330904,0.129589878454804,0.590713621778674,0.630521317029309,0.665643796726913,0.707083564675801,0.707850713001922,0.694191643948361,0.0398076952506354,0.468736122955351,0,67.4812761924301,3.77475828372553e-15,0,0.461515426495922,0.976621320833671,0.73177790706187,0.764382367297111,2217486,13428044,NA,"randomized",TRUE,0.001,3000,80,5,5,55
1613056,"min",0.75,0.664265766220587,0.136346370301126,0.664061908035063,0.688315605656094,0.710367306852568,0.744511469570147,0.721524484648499,0.717169378368429,0.0242536976210315,0.476223113494431,0.000333333333333341,1001.001001001,9.54791801177635e-15,0,0.336218533373674,0.98472882585164,0.754495082030591,0.768133969278992,2287759,13524581,NA,"randomized",TRUE,0.001,3000,80,5,5,56
1613056,"one_se",0.75,0.597641948357177,0.136346370301126,0.599056904960687,0.642018923953345,0.676711127529338,0.72023160166462,0.714977825607459,0.700577693554393,0.0429620189926581,0.446752313376428,0,413.275806059774,3.21964677141295e-15,0,0.48015762519475,0.988618572818677,0.754495082030591,0.768133969278992,2287759,13524581,NA,"randomized",TRUE,0.001,3000,80,5,5,56
1613057,"min",0.75,0.595694519186167,0.121505301999038,0.598070928421189,0.617589754498105,0.635649084137431,0.621930913072465,0.649722978782321,0.642276136916853,0.0195188260769158,0.480580520653933,0,237.589620419526,9.32587340685131e-15,0,0.353689064985516,0.982098292939761,0.702008077570857,0.534440335618556,2273844,13462572,NA,"randomized",TRUE,0.001,3000,80,5,5,57
1613057,"one_se",0.75,0.529744487260064,0.121505301999038,0.529308060391706,0.573130861441856,0.608859804626624,0.612793394474266,0.642089468973234,0.625223363964,0.0438228010501505,0.449128344430256,0,91.4344266787444,3.33066907387547e-15,0,0.469250977626033,0.992853420004952,0.702008077570857,0.534440335618556,2273844,13462572,NA,"randomized",TRUE,0.001,3000,80,5,5,57
1613058,"min",0.75,0.575363472597085,0.119634358407578,0.573445388019414,0.601555591273382,0.62633227371433,0.659654487636481,0.635252037006926,0.630681906407796,0.028110203253968,0.46848442889746,0,116.381318289742,5.99520433297585e-15,0,0.354171541678445,0.983563789894545,0.704174765891499,0.694235818230684,2238195,13437525,NA,"randomized",TRUE,0.001,3000,80,5,5,58
1613058,"one_se",0.75,0.509937484506341,0.119634358407578,0.508958292961724,0.556206124026778,0.592865361619007,0.628284463947704,0.625014705355858,0.610023276436791,0.047247831065054,0.43690285191541,0,52.4669046481546,2.88657986402541e-15,0,0.48895565159769,0.99137085344929,0.704174765891499,0.694235818230684,2238195,13437525,NA,"randomized",TRUE,0.001,3000,80,5,5,58
1613059,"min",0.75,0.62117705507906,0.128180474505068,0.618728479887935,0.647799725480221,0.674071363388931,0.707141076781201,0.684062192737442,0.678792530967737,0.0290712455922856,0.47470670566411,0.00033333333333334,1001.001001001,8.43769498715119e-15,0,0.371741739334728,0.985062184961052,0.72381750249629,0.73431281532408,2206450,13540698,NA,"randomized",TRUE,0.001,3000,80,5,5,59
1613059,"one_se",0.75,0.553052727044495,0.128180474505068,0.551012509642734,0.60039365761929,0.639889366235918,0.675946891498978,0.669821433922521,0.654409186124237,0.049381147976557,0.444386875622871,0,348.724687717626,3.10862446895044e-15,0,0.512221334904989,0.991204580894096,0.72381750249629,0.73431281532408,2206450,13540698,NA,"randomized",TRUE,0.001,3000,80,5,5,59
1613060,"min",0.75,0.699648418228605,0.139831145257812,0.699076177138376,0.716625095333175,0.733548023673526,0.713974077816091,0.762822162270899,0.749623688226362,0.0175489181947994,0.490920273826782,0,189.091248850089,7.54951656745106e-15,0,0.400079561705655,0.974541165608404,0.770888851791239,0.745294721572417,2196822,13578752,NA,"randomized",TRUE,0.001,3000,80,5,5,60
1613060,"one_se",0.75,0.626569721697293,0.139831145257812,0.62502226218815,0.668972499426875,0.706126400425528,0.718948413738732,0.752587182340413,0.731050111176458,0.0439502372387253,0.458101174688639,0,77.192640125632,2.88657986402541e-15,0,0.540161862994415,0.970444622932287,0.770888851791239,0.745294721572417,2196822,13578752,NA,"randomized",TRUE,0.001,3000,80,5,5,60
1613061,"min",0.75,0.680934321916731,0.137675884184013,0.679614472101977,0.707900595853178,0.735405656464244,0.778167314852775,0.749256475581163,0.744796501493619,0.0282861237512017,0.493000120457521,0.00066666666666668,1001.001001001,9.32587340685131e-15,0,0.351916498582564,0.979962531497396,0.760160034584605,0.801229196275386,2163609,13536371,NA,"randomized",TRUE,0.001,3000,80,5,5,61
1613061,"one_se",0.75,0.618930531880968,0.137675884184013,0.618215847610728,0.662022436036944,0.700170308528662,0.745832064113483,0.740412195855786,0.726050748304044,0.0438065884262163,0.465476461737909,0.000333333333333341,1001.001001001,4.66293670342566e-15,0,0.463959564636449,0.982159798377947,0.760160034584605,0.801229196275386,2163609,13536371,NA,"randomized",TRUE,0.001,3000,80,5,5,61
1613062,"min",0.75,0.701604506920108,0.140857289672703,0.703907526656726,0.72405439134494,0.744336463111539,0.750961853521304,0.771558178802014,0.759798405426751,0.0201468646882144,0.50167215724974,0.000333333333333341,1001.001001001,6.66133814775094e-15,0,0.357876563653888,0.978027421117894,0.765712248754914,0.772261207216266,2265215,13461164,NA,"randomized",TRUE,0.001,3000,80,5,5,62
1613062,"one_se",0.75,0.651005066663128,0.140857289672703,0.652618157773964,0.687775988129271,0.71993890727236,0.739389056057554,0.768810311205423,0.747836545735806,0.0351578303553074,0.477756403229808,0.000333333333333341,1001.001001001,4.88498130835069e-15,0,0.43409710884762,0.983555529825635,0.765712248754914,0.772261207216266,2265215,13461164,NA,"randomized",TRUE,0.001,3000,80,5,5,62
1613063,"min",0.75,0.660652732955778,0.132578206923259,0.666705846286141,0.685208357266331,0.702799822239645,0.741636662395259,0.722010993672157,0.713062553487718,0.0185025109801902,0.487379528261863,0,607.355117326357,6.88338275267597e-15,0,0.307443160147076,0.983232989677269,0.739062429911745,0.775744799518723,2289422,13553521,NA,"randomized",TRUE,0.001,3000,80,5,5,63
1613063,"one_se",0.75,0.602309641090555,0.132578206923259,0.607403578636608,0.643857063961633,0.674789602484859,0.721672151382767,0.717151750388784,0.699582116317463,0.0364534853250259,0.459034926780717,0,190.740523488173,3.99680288865056e-15,0,0.410113725607763,0.986945514074297,0.739062429911745,0.775744799518723,2289422,13553521,NA,"randomized",TRUE,0.001,3000,80,5,5,63
1613064,"min",0.75,0.600194450505292,0.122697542597702,0.601784874720203,0.621942071480497,0.640308702962957,0.641618150280771,0.64853853506893,0.641152019424106,0.0201571967602938,0.476760288897677,0,684.677709203405,7.99360577730113e-15,0,0.427364293419954,0.967535359680887,0.706858507507466,0.64910383229433,2262199,13470982,NA,"randomized",TRUE,0.001,3000,80,5,5,64
1613064,"one_se",0.75,0.540855880607169,0.122697542597702,0.541809308044931,0.581172520530131,0.613309988497406,0.624341325177423,0.641409895063027,0.624662826748065,0.0393632124852007,0.449470798933664,0,207.863548866421,3.5527136788005e-15,0,0.525003069471891,0.97163436082906,0.706858507507466,0.64910383229433,2262199,13470982,NA,"randomized",TRUE,0.001,3000,80,5,5,64
1613065,"min",0.75,0.65155581516758,0.131765235357758,0.651826161016052,0.677767634844414,0.702482991251189,0.7103830643208,0.722980212480894,0.712579906175118,0.0259414738283626,0.48789780750299,0.000999999999999999,1001.001001001,6.43929354282591e-15,0,0.349794701812125,0.973464336832024,0.731694788449219,0.723708947183149,2278522,13511145,NA,"randomized",TRUE,0.001,3000,80,5,5,65
1613065,"one_se",0.75,0.596047565985272,0.131765235357758,0.596882538675503,0.637976510183387,0.673157350687888,0.699453224958494,0.715605651280402,0.697551121004226,0.0410939715078841,0.461237983763089,0,991.181024237334,4.66293670342566e-15,0,0.426948373570739,0.974905464173526,0.731694788449219,0.723708947183149,2278522,13511145,NA,"randomized",TRUE,0.001,3000,80,5,5,65
1613066,"min",0.75,0.742995076717425,0.150527012007346,0.743843854980905,0.770099612430829,0.796912508495262,0.841094448584737,0.820821769856843,0.812823533423062,0.0262557574499235,0.505249225085004,0,285.627538336555,6.88338275267597e-15,0,0.348966432524822,0.978510513291658,0.797534950174893,0.883532048934475,2213318,13405354,NA,"randomized",TRUE,0.001,3000,80,5,5,66
1613066,"one_se",0.75,0.688847286868449,0.150527012007346,0.690680008153527,0.731611609658279,0.76969878523611,0.815421197254525,0.814290725157298,0.79803662763995,0.0409316015047516,0.482001582206548,0,131.067150600747,3.99680288865056e-15,0,0.433795438778541,0.981570679896908,0.797534950174893,0.883532048934475,2213318,13405354,NA,"randomized",TRUE,0.001,3000,80,5,5,66
1613067,"min",0.75,0.676611612571823,0.136185446098331,0.676982547794657,0.69840589050461,0.718770303970398,0.729630850934996,0.741498463474436,0.73269738975866,0.0214233427099529,0.487329670924273,0,512.452553332885,8.43769498715119e-15,0,0.35562296402257,0.976713475305632,0.754391125533597,0.765446217306953,2209933,13517747,NA,"randomized",TRUE,0.001,3000,80,5,5,67
1613067,"one_se",0.75,0.618537336933856,0.136185446098331,0.618514213703928,0.659622468614736,0.694893257576756,0.721321627354989,0.7336254421578,0.717166576587421,0.0411082549108078,0.461786206969892,0,164.92839633613,3.99680288865056e-15,0,0.431189623969355,0.984045981935592,0.754391125533597,0.765446217306953,2209933,13517747,NA,"randomized",TRUE,0.001,3000,80,5,5,67
1613068,"min",0.75,0.65729450849195,0.138040280969125,0.660096104955498,0.685437226825788,0.708075782849575,0.723399930672671,0.722426668359513,0.713943397572508,0.0253411218702903,0.471836348584194,0.000333333333333347,1001.001001001,7.105427357601e-15,0,0.398557521213628,0.9793293775821,0.746795368244455,0.73968344138181,2325194,13434797,NA,"randomized",TRUE,0.001,3000,80,5,5,68
1613068,"one_se",0.75,0.589579901410298,0.138040280969125,0.589975023270909,0.638457179017833,0.677105409677546,0.704436487899876,0.711964567990678,0.694988663695677,0.0484821557469245,0.443567763826291,0,334.186717313874,3.99680288865056e-15,0,0.540837352890159,0.980192654012919,0.746795368244455,0.73968344138181,2325194,13434797,NA,"randomized",TRUE,0.001,3000,80,5,5,68
1613069,"min",0.75,0.668409991904501,0.129372818449809,0.668336753291947,0.687870213150357,0.707703316876798,0.72212902534738,0.729526739834401,0.72147290239423,0.0195334598584099,0.503805816926146,0.000333333333333335,1001.001001001,9.32587340685131e-15,0,0.330247416507902,0.979112702750664,0.73426327099886,0.72684048010303,2309801,13395523,NA,"randomized",TRUE,0.001,3000,80,5,5,69
1613069,"one_se",0.75,0.606839272081617,0.129372818449809,0.606312971037876,0.64454522249578,0.679120563229078,0.707669441454289,0.727810824000545,0.709161575088926,0.0382322514579042,0.474886473961376,0,408.388746998107,3.77475828372553e-15,0,0.416943894675334,0.98269252518835,0.73426327099886,0.72684048010303,2309801,13395523,NA,"randomized",TRUE,0.001,3000,80,5,5,69
1613070,"min",0.75,0.608340483229025,0.125774204428292,0.611261125930679,0.63371608334076,0.653898480828829,0.675587802310592,0.669432180269963,0.66218926875975,0.0224549574100812,0.47335013009788,0.000333333333333327,1001.001001001,8.43769498715119e-15,0,0.345007142893855,0.980662315491965,0.713524075542724,0.690181716171744,2289186,13472336,NA,"randomized",TRUE,0.001,3000,80,5,5,70
1613070,"one_se",0.75,0.554917310605378,0.125774204428292,0.5577115036519,0.597108506475029,0.629098766202758,0.663371790464968,0.664520935733585,0.649159457107507,0.0393970028231287,0.44812279648542,0,310.93519837563,3.99680288865056e-15,0,0.44416320766015,0.985234116878438,0.713524075542724,0.690181716171744,2289186,13472336,NA,"randomized",TRUE,0.001,3000,80,5,5,70
1613071,"min",0.75,0.668967719230578,0.133974549626563,0.665189818587638,0.689638275808567,0.712918567366677,0.737438910448268,0.734982119714644,0.727721898478115,0.0244484572209293,0.487762452476728,0,240.581009958613,5.77315972805081e-15,0,0.32438291816123,0.981608390024624,0.750617876919499,0.778584549998963,2259916,13413338,NA,"randomized",TRUE,0.001,3000,80,5,5,71
1613071,"one_se",0.75,0.598387353015267,0.133974549626563,0.59517298200635,0.643197027007435,0.683498625015541,0.722205242806309,0.725871861367186,0.708479086968821,0.0480240450010858,0.456284229981904,0,135.456555842868,3.33066907387547e-15,0,0.450223044700063,0.984939361164511,0.750617876919499,0.778584549998963,2259916,13413338,NA,"randomized",TRUE,0.001,3000,80,5,5,71
1613072,"min",0.75,0.693042611903253,0.139710661587968,0.693882405016367,0.714258267829888,0.734074425079843,0.722471393278187,0.763036993408504,0.751732515874896,0.0203758628135211,0.493037105839878,0,343.372020741871,7.99360577730113e-15,0,0.375133991918117,0.976822753187427,0.759506060267007,0.711887572875833,2299235,13394810,NA,"randomized",TRUE,0.001,3000,80,5,5,72
1613072,"one_se",0.75,0.634643944845604,0.139710661587968,0.635533496201803,0.675622554088796,0.71074354011777,0.718588672461473,0.756145146921817,0.737085453053232,0.040089057886993,0.46697201863378,0,120.611696987642,4.2188474935756e-15,0,0.478497922675987,0.979070703135345,0.759506060267007,0.711887572875833,2299235,13394810,NA,"randomized",TRUE,0.001,3000,80,5,5,72
1613073,"min",0.75,0.654725554125499,0.134831922827021,0.651507955195661,0.673640739211556,0.693911037190992,0.685108937962179,0.715112371260732,0.70578173369237,0.0221327840158946,0.478038317631452,0,244.817682967302,5.99520433297585e-15,0,0.436721983482914,0.977065219109843,0.746081790092279,0.622801326236394,2139157,13514988,NA,"randomized",TRUE,0.001,3000,80,5,5,73
1613073,"one_se",0.75,0.590610451683994,0.134831922827021,0.588705005535024,0.631389831919543,0.666528717485797,0.679922140771019,0.702884672459733,0.685975381161271,0.0426848263845182,0.45151901246347,0,79.421349997123,3.33066907387547e-15,0,0.567307901174851,0.977698856238817,0.746081790092279,0.622801326236394,2139157,13514988,NA,"randomized",TRUE,0.001,3000,80,5,5,73
1613074,"min",0.75,0.660680363848378,0.134547731823162,0.657273161576415,0.684311646628653,0.710710272068608,0.748768994620612,0.740705761424928,0.731046138434042,0.0270384850522375,0.494012965836022,0.000333333333333326,1001.001001001,6.88338275267597e-15,0,0.372988938890033,0.980535158423758,0.744283397396909,0.776539489925035,2214009,13535707,NA,"randomized",TRUE,0.001,3000,80,5,5,74
1613074,"one_se",0.75,0.602747850150304,0.134547731823162,0.601784756547182,0.642990932970191,0.679036125919571,0.719788180028867,0.730875426410554,0.713568146721199,0.0412061764230092,0.466596168355603,0,342.019032293238,3.5527136788005e-15,0,0.515570723991122,0.976340001897287,0.744283397396909,0.776539489925035,2214009,13535707,NA,"randomized",TRUE,0.001,3000,80,5,5,74
1613075,"min",0.75,0.720897749830515,0.144408829406242,0.721588614693551,0.746928097989595,0.771906662014127,0.7905934607563,0.797258997221129,0.787001993683207,0.0253394832960443,0.496413620055516,0,435.14479372699,7.99360577730113e-15,0,0.299585340210046,0.984110935632396,0.78076790205846,0.812330333277107,2254482,13453170,NA,"randomized",TRUE,0.001,3000,80,5,5,75
1613075,"one_se",0.75,0.660317469481648,0.144408829406242,0.6601947950608,0.70334172755505,0.741499266641836,0.780825927259939,0.789843413275932,0.771347952590612,0.0431469324942507,0.46931661131029,0,177.372830778179,3.99680288865056e-15,0,0.401649484464986,0.987424474979272,0.78076790205846,0.812330333277107,2254482,13453170,NA,"randomized",TRUE,0.001,3000,80,5,5,75
1613076,"min",0.75,0.709928756844225,0.139693196503435,0.712171552821853,0.738445800913074,0.765674231508815,0.803189974423477,0.786510631925909,0.776777744886061,0.0262742480912215,0.508917147028303,0.000666666666666677,1001.001001001,6.66133814775094e-15,0,0.281417206579874,0.984106560206377,0.762643706711431,0.812787013502583,2217733,13558736,NA,"randomized",TRUE,0.001,3000,80,5,5,76
1613076,"one_se",0.75,0.647176701273122,0.139693196503435,0.64904262736187,0.692198852650978,0.73226061944914,0.776562893620973,0.777527070039066,0.757799800786347,0.0431562252891086,0.481407515290075,0.00033333333333334,1001.001001001,4.44089209850063e-15,0,0.372203928374634,0.988794052766352,0.762643706711431,0.812787013502583,2217733,13558736,NA,"randomized",TRUE,0.001,3000,80,5,5,76
1613077,"min",0.75,0.671105625411602,0.135337126595723,0.67046624959526,0.698589694683547,0.72544617095402,0.763171941965137,0.741661405961974,0.734380253900604,0.0281234450882867,0.488477895325217,0,333.90964846872,9.76996261670138e-15,0,0.309678372581256,0.984245214094096,0.754952175277044,0.791847144626404,2262102,13447766,NA,"randomized",TRUE,0.001,3000,80,5,5,77
1613077,"one_se",0.75,0.608617160367925,0.135337126595723,0.610621610387166,0.653871718689269,0.691080104324002,0.737422666082286,0.727609087338724,0.712050466901649,0.0432501083021026,0.462454413625286,0,105.523708811186,4.88498130835069e-15,0,0.421573673962066,0.988582703041529,0.754952175277044,0.791847144626404,2262102,13447766,NA,"randomized",TRUE,0.001,3000,80,5,5,77
1613078,"min",0.75,0.603035194562964,0.123191405446489,0.604815976228586,0.628402853222467,0.650038187203653,0.681788604451398,0.663173219535772,0.657427722727199,0.0235868769938816,0.478422737736424,0,474.35741444138,7.105427357601e-15,0,0.343308344336895,0.983460845663671,0.717475944923163,0.727622167319088,2296871,13498471,NA,"randomized",TRUE,0.001,3000,80,5,5,78
1613078,"one_se",0.75,0.540568612943285,0.123191405446489,0.542806762703505,0.585323673462475,0.620085986156782,0.659773042120472,0.654351201522499,0.64004406167101,0.0425169107589692,0.449827406913904,0,200.195198853285,3.10862446895044e-15,0,0.473868855895481,0.98614399481668,0.717475944923163,0.727622167319088,2296871,13498471,NA,"randomized",TRUE,0.001,3000,80,5,5,78
1613079,"min",0.75,0.65754909598828,0.134068183056886,0.657884800760829,0.683200189037102,0.706959615759337,0.73090893183539,0.723467787733254,0.715372915194143,0.0253153882762731,0.484147046157118,0.000333333333333335,1001.001001001,7.99360577730113e-15,0,0.311607341255317,0.981177961731038,0.742317612192142,0.750377996826373,2186751,13520029,NA,"randomized",TRUE,0.001,3000,80,5,5,79
1613079,"one_se",0.75,0.594575576564669,0.134068183056886,0.594839600793399,0.639183038501326,0.676512317967026,0.710743296440757,0.71244678761674,0.695546728533643,0.0443434377079266,0.457059355406807,0,397.194883274488,3.21964677141295e-15,0,0.417501746443733,0.985104881392262,0.742317612192142,0.750377996826373,2186751,13520029,NA,"randomized",TRUE,0.001,3000,80,5,5,79
1613080,"min",0.75,0.659867864943234,0.134766619173782,0.653525158325531,0.675497005030986,0.69591673479147,0.712086735117148,0.724345724378044,0.715752377949706,0.0219718467054547,0.481693097139035,0,213.535541703484,8.21565038222616e-15,0,0.35684365291432,0.982788780022167,0.751052980638953,0.742672273318984,2217896,13446582,NA,"randomized",TRUE,0.001,3000,80,5,5,80
1613080,"one_se",0.75,0.597318076255846,0.134766619173782,0.593290380049801,0.635648487428171,0.670898000446405,0.703572370094903,0.716818833458119,0.699323305877528,0.0423581073783705,0.454201698726174,0,81.3514704296153,3.10862446895044e-15,0,0.487484284044349,0.985798227348492,0.751052980638953,0.742672273318984,2217896,13446582,NA,"randomized",TRUE,0.001,3000,80,5,5,80
1613081,"min",0.75,0.721384136366386,0.14609988766481,0.719751751854159,0.74503222462939,0.769586209415716,0.792623831428935,0.792959399377111,0.783405599731373,0.0252804727752316,0.492710987292194,0.000666666666666653,1001.001001001,7.54951656745106e-15,0,0.367907351217065,0.979350908574052,0.780343878362278,0.803952278123109,2175495,13459970,NA,"randomized",TRUE,0.001,3000,80,5,5,81
1613081,"one_se",0.75,0.660491486390622,0.14609988766481,0.660742115580502,0.703350259810885,0.740812986759469,0.773929279978736,0.78241586595838,0.765607781395758,0.0426081442303833,0.46786960597507,0,432.700834827056,3.10862446895044e-15,0,0.48293300741275,0.977025151426684,0.780343878362278,0.803952278123109,2175495,13459970,NA,"randomized",TRUE,0.001,3000,80,5,5,81
1613082,"min",0.75,0.66164210081248,0.138195935600838,0.665671997103913,0.687586973755566,0.707506869363252,0.700933155729772,0.72949319158871,0.7163327985849,0.0219149766516534,0.47615528701032,0,321.674385493835,6.43929354282591e-15,0,0.333739982307259,0.98169785791013,0.738138805590293,0.686764204797569,2240536,13457214,NA,"randomized",TRUE,0.001,3000,80,5,5,82
1613082,"one_se",0.75,0.60429856960935,0.138195935600838,0.607643721553468,0.648763603442997,0.682913432613929,0.689075010612804,0.719174945321939,0.69753413635802,0.0411198818895284,0.453699485354753,0,108.618646047998,4.44089209850063e-15,0,0.431639985053603,0.985492016277809,0.738138805590293,0.686764204797569,2240536,13457214,NA,"randomized",TRUE,0.001,3000,80,5,5,82
1613083,"min",0.75,0.683011487808873,0.13929633846759,0.686442743150172,0.708613765374754,0.729815785373341,0.75789610498129,0.745511646844725,0.738541651840909,0.0221710222245817,0.488829441326607,0,166.699609284918,8.65973959207622e-15,0,0.369609077170361,0.984366776897072,0.763290691694734,0.784968363337031,2252155,13521101,NA,"randomized",TRUE,0.001,3000,80,5,5,83
1613083,"one_se",0.75,0.619546506901001,0.13929633846759,0.622186750820273,0.66427974132404,0.700103716404969,0.736410296255989,0.739973192764557,0.72384027076827,0.042092990503768,0.459771178357652,0,72.3799926612436,2.88657986402541e-15,0,0.517203704927548,0.983725284554308,0.763290691694734,0.784968363337031,2252155,13521101,NA,"randomized",TRUE,0.001,3000,80,5,5,83
1613084,"min",0.75,0.624206497948256,0.128270408676209,0.624556883283155,0.650591867121609,0.674486746443324,0.720372287884762,0.688099772104403,0.683150592823409,0.0260349838384536,0.478568892629718,0,332.133498460554,6.66133814775094e-15,0,0.374915490297003,0.980360978115961,0.734011613758213,0.775783010141242,2144968,13444979,NA,"randomized",TRUE,0.001,3000,80,5,5,84
1613084,"one_se",0.75,0.564707814600155,0.128270408676209,0.56351713145739,0.60870289863478,0.645908972275109,0.69098672077454,0.677848305965248,0.663945911168933,0.0451857671773901,0.451574734476952,0,86.7828649605009,3.77475828372553e-15,0,0.496742088525575,0.984665100051437,0.734011613758213,0.775783010141242,2144968,13444979,NA,"randomized",TRUE,0.001,3000,80,5,5,84
1613085,"min",0.75,0.621351797095969,0.126209872174314,0.62088165585867,0.642621733210681,0.662824206575094,0.67582027427554,0.681965405109895,0.672880996512016,0.021740077352011,0.481670118276864,0,413.524684621205,7.32747196252603e-15,0,0.374837239732946,0.9773919941557,0.720009465765753,0.695492731631465,2198749,13431735,NA,"randomized",TRUE,0.001,3000,80,5,5,85
1613085,"one_se",0.75,0.560111356084785,0.126209872174314,0.559353742239428,0.599059989846561,0.631881417023348,0.654258319415263,0.674713013525973,0.65636859681597,0.039706247607133,0.452536597575634,0,170.78168872293,3.33066907387547e-15,0,0.488565434201551,0.981692287358147,0.720009465765753,0.695492731631465,2198749,13431735,NA,"randomized",TRUE,0.001,3000,80,5,5,85
1613086,"min",0.75,0.680330590634485,0.137942471052939,0.680668544458847,0.707158157519557,0.732718504154896,0.76837812784895,0.751403907688659,0.744448432205362,0.0264896130607103,0.491073322334938,0,860.888772926392,8.43769498715119e-15,0,0.28912170495017,0.984703339557147,0.756986672107887,0.809273033430829,2190192,13428865,NA,"randomized",TRUE,0.001,3000,80,5,5,86
1613086,"one_se",0.75,0.62136238666671,0.137942471052939,0.620975237137901,0.664636107917956,0.702467010850036,0.748236552051628,0.742272008751247,0.727290692369883,0.0436608707800554,0.464229715574915,0,284.638590010441,4.44089209850063e-15,0,0.384606395765273,0.990728281490552,0.756986672107887,0.809273033430829,2190192,13428865,NA,"randomized",TRUE,0.001,3000,80,5,5,86
1613087,"min",0.75,0.715697085482487,0.142787513080843,0.714255550171535,0.734496385852725,0.754697422336919,0.755523941842526,0.7903529460508,0.776733006346884,0.0202408356811905,0.499507945665397,0.000333333333333342,1001.001001001,8.43769498715119e-15,0,0.328275074078095,0.984391446285829,0.777566675761523,0.762450370591591,2178989,13541301,NA,"randomized",TRUE,0.001,3000,80,5,5,87
1613087,"one_se",0.75,0.655156588724445,0.142787513080843,0.654414960728559,0.693395380462327,0.728461200680724,0.748068851286643,0.779194516970081,0.757640121485902,0.0389804197337688,0.473566520609955,0,553.483397412643,4.44089209850063e-15,0,0.443136462326202,0.987680236646285,0.777566675761523,0.762450370591591,2178989,13541301,NA,"randomized",TRUE,0.001,3000,80,5,5,87
1613088,"min",0.75,0.641655916726558,0.128684148236076,0.637922626185603,0.658221258499387,0.676405013755958,0.700120783031449,0.695510465975431,0.689528626578059,0.0202986323137834,0.4725214937178,0,389.435708417363,9.32587340685131e-15,0,0.345619065631973,0.976981246788384,0.730484547679128,0.720281706697906,2197154,13463884,NA,"randomized",TRUE,0.001,3000,80,5,5,88
1613088,"one_se",0.75,0.570818427430167,0.128684148236076,0.567315513350604,0.609664663497956,0.64344600914555,0.678740838018862,0.68263583236256,0.666209055735462,0.0423491501473523,0.443729484418207,0,115.575290779498,3.99680288865056e-15,0,0.442241141288239,0.985447050682645,0.730484547679128,0.720281706697906,2197154,13463884,NA,"randomized",TRUE,0.001,3000,80,5,5,88
1613089,"min",0.75,0.659097613271925,0.132889775642884,0.659169115445703,0.678371350395723,0.696767964368962,0.6954321640974,0.715219273877639,0.707706948922296,0.0192022349500206,0.489286627119533,0,632.472485933526,8.43769498715119e-15,0,0.37159758393915,0.978385598731092,0.740782940542621,0.709133138606677,2260323,13611944,NA,"randomized",TRUE,0.001,3000,80,5,5,89
1613089,"one_se",0.75,0.598181720246388,0.132889775642884,0.597518197548144,0.633279034340741,0.663900819753355,0.681191479606879,0.70799662160801,0.690678446535791,0.0357608367925967,0.461292193579699,0,202.370214926388,3.77475828372553e-15,0,0.477165456635656,0.985532657076485,0.740782940542621,0.709133138606677,2260323,13611944,NA,"randomized",TRUE,0.001,3000,80,5,5,89
1613090,"min",0.75,0.590286741365247,0.124663851491835,0.590532625736347,0.613646811327917,0.633442408839824,0.65167344398127,0.64446137967124,0.641027282737209,0.02311418559157,0.461330635584198,0,335.926768574323,5.55111512312578e-15,0,0.389988443654607,0.974700478271408,0.705582117963743,0.652827321583735,2227626,13504713,NA,"randomized",TRUE,0.001,3000,80,5,5,90
1613090,"one_se",0.75,0.526972498757707,0.124663851491835,0.52816749358621,0.57177337864857,0.605114585951207,0.631677792985731,0.631271628985656,0.617887573063307,0.0436058850623595,0.433300418220923,0,102.587265593915,3.44169137633799e-15,0,0.498946036974977,0.983117539534482,0.705582117963743,0.652827321583735,2227626,13504713,NA,"randomized",TRUE,0.001,3000,80,5,5,90
1613091,"min",0.75,0.651529521696937,0.134342844313332,0.653144376304269,0.6748432833603,0.695117887174696,0.668334263960698,0.717364703409898,0.707966641769443,0.0216989070560307,0.483033308244915,0.000333333333333345,1001.001001001,8.21565038222616e-15,0,0.347486678312141,0.981666236518418,0.736595253196328,0.612144181511161,2186484,13616325,NA,"randomized",TRUE,0.001,3000,80,5,5,91
1613091,"one_se",0.75,0.590704200344501,0.134342844313332,0.591866903996805,0.634372722929576,0.669855427180335,0.672240178519799,0.710550513927148,0.692612890050117,0.0425058189327716,0.454973408936817,0,357.400248099752,3.5527136788005e-15,0,0.464811419262239,0.986202787452367,0.736595253196328,0.612144181511161,2186484,13616325,NA,"randomized",TRUE,0.001,3000,80,5,5,91
1613092,"min",0.75,0.604286540791553,0.125687931152334,0.606844568100055,0.62478791040643,0.640551061428069,0.652250563203974,0.654128235285682,0.648120950470862,0.0179433423063747,0.467659179738459,0,602.910227111222,8.43769498715119e-15,0,0.386208782070244,0.975216582294535,0.712260557336537,0.688305149624591,2232680,13509968,NA,"randomized",TRUE,0.001,3000,80,5,5,92
1613092,"one_se",0.75,0.543552278159812,0.125687931152334,0.545201530779382,0.584240794267109,0.614862244844427,0.636731774743184,0.645501701077022,0.630626132967394,0.039039263487727,0.439579912269136,0,127.21578531797,3.99680288865056e-15,0,0.490219842158953,0.984143117186195,0.712260557336537,0.688305149624591,2232680,13509968,NA,"randomized",TRUE,0.001,3000,80,5,5,92
1613093,"min",0.75,0.669972521522405,0.137023884800519,0.669087100091472,0.695725102612163,0.721446460688063,0.749836084734178,0.741166069546546,0.733805572878658,0.0266380025206902,0.491246603908589,0.000333333333333348,1001.001001001,8.43769498715119e-15,0,0.380726272691911,0.980862582283598,0.750236650356496,0.771756438447338,2328318,13447962,NA,"randomized",TRUE,0.001,3000,80,5,5,93
1613093,"one_se",0.75,0.616150917914469,0.137023884800519,0.614646236904856,0.658961160120611,0.697659354418589,0.731779504519032,0.736177057517803,0.720577206132321,0.044314923215755,0.466169630258446,0,453.596452785346,2.66453525910038e-15,0,0.498319009518416,0.982360795223106,0.750236650356496,0.771756438447338,2328318,13447962,NA,"randomized",TRUE,0.001,3000,80,5,5,93
1613094,"min",0.75,0.610104482613741,0.127831051484506,0.610532996818706,0.634800482102462,0.656342183369742,0.670256844937735,0.670625828706457,0.664033479835968,0.0242674852837562,0.47024850011864,0,369.69244497476,1.02140518265514e-14,0,0.430947355721037,0.972133311920538,0.725109515892354,0.691574120360654,2205153,13493468,NA,"randomized",TRUE,0.001,3000,80,5,5,94
1613094,"one_se",0.75,0.557171883533097,0.127831051484506,0.557825550089695,0.596885140037847,0.628022412027401,0.652890220641754,0.662136213419636,0.647290203325157,0.0390595899481517,0.443570711425615,0,138.078129914154,4.44089209850063e-15,0,0.535288360270748,0.978499321594497,0.725109515892354,0.691574120360654,2205153,13493468,NA,"randomized",TRUE,0.001,3000,80,5,5,94
1613095,"min",0.75,0.709905501302611,0.139526686009888,0.711714715827534,0.732326832151607,0.753607087725581,0.786581253097002,0.780025172644793,0.771081418581443,0.0206121163240728,0.507974473867555,0,553.244277345868,6.21724893790088e-15,0,0.331983626029044,0.977970284287005,0.76888272702102,0.824711588595595,2190056,13444724,NA,"randomized",TRUE,0.001,3000,80,5,5,95
1613095,"one_se",0.75,0.654138962286893,0.139526686009888,0.657144152140545,0.69213002376667,0.724862231723817,0.770347858484938,0.77373108776368,0.756657904189563,0.0349858716261247,0.48335995584306,0,194.762999468357,3.77475828372553e-15,0,0.435634525021732,0.974779101695446,0.76888272702102,0.824711588595595,2190056,13444724,NA,"randomized",TRUE,0.001,3000,80,5,5,95
1613096,"min",0.75,0.658161480991259,0.134258297097142,0.651349808734871,0.673656908703265,0.694106175746239,0.718548983239795,0.7234237632695,0.7170851607593,0.0223070999683936,0.478274195689667,0,174.23683555874,5.55111512312578e-15,0,0.34132558577822,0.980404043063446,0.741708738606786,0.738229769241211,2257724,13463015,NA,"randomized",TRUE,0.001,3000,80,5,5,96
1613096,"one_se",0.75,0.595684652986751,0.134258297097142,0.591332163820111,0.630336230719555,0.662285428930792,0.701248126377642,0.712316126101332,0.696711310149605,0.0390040668994442,0.450285101910375,0,79.8508413580646,3.77475828372553e-15,0,0.460624751527679,0.982588851997214,0.741708738606786,0.738229769241211,2257724,13463015,NA,"randomized",TRUE,0.001,3000,80,5,5,96
1613097,"min",0.75,0.703277599478525,0.144428378857223,0.701103464691223,0.726099373338804,0.750113496795615,0.783544615893442,0.775847766905839,0.767132348956942,0.0249959086475809,0.489983834445581,0,500.31439704155,9.76996261670138e-15,0,0.35158440908646,0.98191118964518,0.772126388313898,0.81249398196834,2195343,13471384,NA,"randomized",TRUE,0.001,3000,80,5,5,97
1613097,"one_se",0.75,0.641312040488201,0.144428378857223,0.640647598341463,0.684295807322149,0.721993346422337,0.761168460524724,0.768377020127526,0.750944932220717,0.0436482089806862,0.463423596064405,0,150.537668214861,3.5527136788005e-15,0,0.485602238900069,0.979513338338793,0.772126388313898,0.81249398196834,2195343,13471384,NA,"randomized",TRUE,0.001,3000,80,5,5,97
1613098,"min",0.75,0.676328429260128,0.135722721217184,0.67553444735262,0.689481477277513,0.702734500286008,0.679660448895811,0.727376046070694,0.718175722152321,0.0139470299248932,0.487242544746188,0,168.739220399083,8.21565038222616e-15,0,0.305263708774857,0.983951548188019,0.74687295597409,0.676372059511682,2257313,13556837,NA,"randomized",TRUE,0.001,3000,80,5,5,98
1613098,"one_se",0.75,0.611685075344201,0.135722721217184,0.61176702205071,0.647820991504354,0.678493586044542,0.681945055800082,0.721591832065584,0.702640780703403,0.0360539694536439,0.459675917720315,0,62.4356105175755,3.5527136788005e-15,0,0.4136332909649,0.988740151043127,0.74687295597409,0.676372059511682,2257313,13556837,NA,"randomized",TRUE,0.001,3000,80,5,5,98
1613099,"min",0.75,0.690588141332143,0.139196050408996,0.689213742397383,0.71219741351352,0.734629239843885,0.748934379816203,0.756053399935694,0.746059942938459,0.0229836711161375,0.493924488150513,0,944.256181434307,7.54951656745106e-15,0,0.342063016257212,0.978895885579638,0.756807077590217,0.760352068159065,2191329,13509078,NA,"randomized",TRUE,0.001,3000,80,5,5,99
1613099,"one_se",0.75,0.630880178081135,0.139196050408996,0.631574610521005,0.66968909063604,0.703240494582554,0.727900741202892,0.743047014338337,0.725048935836007,0.0381144801150348,0.468164237221984,0,316.735975261642,4.2188474935756e-15,0,0.435376988120806,0.982610340645858,0.756807077590217,0.760352068159065,2191329,13509078,NA,"randomized",TRUE,0.001,3000,80,5,5,99
1613100,"min",0.75,0.686921024320637,0.141307031181714,0.685677674326106,0.711722332519506,0.736441231030206,0.750347958153174,0.757152748758854,0.748189463781395,0.0260446581934007,0.486941816444929,0,243.026120895665,7.99360577730113e-15,0,0.329035581727113,0.982579727544894,0.76396593544896,0.788491735855865,2191082,13509387,NA,"randomized",TRUE,0.001,3000,80,5,5,100
1613100,"one_se",0.75,0.618431016769037,0.141307031181714,0.616768488740701,0.666583677658281,0.708588003680679,0.736840254562895,0.747358982435495,0.729661574604232,0.0498151889175804,0.457466215649862,0,77.724860643059,3.5527136788005e-15,0,0.468113769955511,0.981389317419866,0.76396593544896,0.788491735855865,2191082,13509387,NA,"randomized",TRUE,0.001,3000,80,5,5,100
1623001,"min",0.75,0.649107693351422,0.123141234776125,0.649675174817551,0.666594279998287,0.68404785571481,0.726091399510385,0.716730021197417,0.700434242756974,0.0169191051807358,0.50777464139886,0,869.133588650527,6.66133814775094e-15,0,0.453192763390629,0.987802752698624,0.74746926731566,0.771062771234253,2150420,13403850,NA,"confounded",TRUE,0.001,3000,80,5,5,1
1623001,"one_se",0.75,0.627685944106899,0.123141234776125,0.628723250993885,0.648107784748353,0.66713427151722,0.712787789430873,0.709881127427458,0.689676594823643,0.0193845337544678,0.495339267471643,0,495.12538331786,4.88498130835069e-15,0,0.539963441538048,0.986328271573536,0.74746926731566,0.771062771234253,2150420,13403850,NA,"confounded",TRUE,0.001,3000,80,5,5,1
1623002,"min",0.75,0.664020416327281,0.122361214658192,0.66262765487938,0.672305274143774,0.682877296992126,0.735795195090688,0.744698524022847,0.725757990833552,0.00967761926439403,0.52208442941801,0.000666666666666663,1001.001001001,5.32907051820075e-15,0,0.492875252218866,0.981030395985763,0.743616667132018,0.781209012225016,2232344,13552698,NA,"confounded",TRUE,0.001,3000,80,5,5,2
1623002,"one_se",0.75,0.641045052998292,0.122361214658192,0.640389671621874,0.653192582493867,0.666398916419996,0.723928210296379,0.739679043535766,0.717038738340273,0.0128029108719934,0.507755378083185,0.00033333333333333,1001.001001001,3.5527136788005e-15,0,0.600977226156084,0.974489675866637,0.743616667132018,0.781209012225016,2232344,13552698,NA,"confounded",TRUE,0.001,3000,80,5,5,2
1623003,"min",0.75,0.664009333700693,0.125802067352169,0.661614141907722,0.67973265331643,0.698569907362921,0.761245668356961,0.738486435719803,0.725919714696866,0.0181185114087079,0.509724364100297,0.000333333333333342,1001.001001001,6.21724893790088e-15,0,0.471920393262259,0.982179357427801,0.753299472833256,0.8115283876456,2214412,13619269,NA,"confounded",TRUE,0.001,3000,80,5,5,3
1623003,"one_se",0.75,0.639772143443653,0.125802067352169,0.638178171946115,0.659481666474672,0.680577258673506,0.745787805956558,0.730068587268992,0.713959784631576,0.0213034945285568,0.497548268774521,0.000333333333333342,1001.001001001,4.44089209850063e-15,0,0.555755022112075,0.979461625376259,0.753299472833256,0.8115283876456,2214412,13619269,NA,"confounded",TRUE,0.001,3000,80,5,5,3
1623004,"min",0.75,0.694566977926579,0.1284973003724,0.694663495827909,0.705854397264695,0.718063194644563,0.788332971622967,0.771804829785186,0.756030851925548,0.011190901436786,0.521750193262263,0.000333333333333345,1001.001001001,5.77315972805081e-15,0,0.461619178769012,0.981163859912453,0.761913541466638,0.821754734354744,2213847,13536580,NA,"confounded",TRUE,0.001,3000,80,5,5,4
1623004,"one_se",0.75,0.672011826574795,0.1284973003724,0.671929369481223,0.686198677844734,0.701004250359635,0.771860809573882,0.766486320283884,0.746801405522569,0.0142693083635111,0.509222121212327,0,596.711409017989,4.66293670342566e-15,0,0.548062139739281,0.97723724074051,0.761913541466638,0.821754734354744,2213847,13536580,NA,"confounded",TRUE,0.001,3000,80,5,5,4
1623005,"min",0.75,0.641575552274635,0.122338122289419,0.638638178701645,0.657494085122296,0.676937602223781,0.726959839730285,0.717478971105582,0.702202752078008,0.0188559064206512,0.507671273178492,0.00033333333333333,1001.001001001,5.55111512312578e-15,0,0.464824065837864,0.986516046769998,0.739222105246947,0.75314642981929,2242823,13549095,NA,"confounded",TRUE,0.001,3000,80,5,5,5
1623005,"one_se",0.75,0.613127646593563,0.122338122289419,0.611835496449061,0.633906680063722,0.655351624403055,0.709171715612201,0.707097221570325,0.688031394167233,0.022071183614661,0.492804515190441,0.00033333333333333,1001.001001001,4.88498130835069e-15,0,0.58353642068998,0.980573217488283,0.739222105246947,0.75314642981929,2242823,13549095,NA,"confounded",TRUE,0.001,3000,80,5,5,5
1623006,"min",0.75,0.694614079944771,0.133865784895578,0.693654606460094,0.706874215191109,0.720475741348877,0.772179951329444,0.768134696004892,0.750260022146338,0.0132196087310152,0.507119710413746,0,697.17198386973,5.10702591327572e-15,0,0.492865094095362,0.98476324481751,0.770254960151358,0.868272439898635,2169869,13476755,NA,"confounded",TRUE,0.001,3000,80,5,5,6
1623006,"one_se",0.75,0.670546731419703,0.133865784895578,0.669509515939485,0.686882723876948,0.70393632392272,0.753813011935515,0.759540853993296,0.738625556168905,0.0173732079374626,0.49535815385722,0,389.29258872784,4.88498130835069e-15,0,0.582910095523433,0.981419761531199,0.770254960151358,0.868272439898635,2169869,13476755,NA,"confounded",TRUE,0.001,3000,80,5,5,6
1623007,"min",0.75,0.682231873323165,0.128681249888402,0.682004725669135,0.698029451641655,0.714802554390397,0.767170483397976,0.760572033212688,0.743512674703668,0.0160247259725204,0.511408937807772,0.000666666666666666,1001.001001001,4.88498130835069e-15,0,0.390449222801307,0.991048459001285,0.755727677513955,0.787007033945932,2168765,13522717,NA,"confounded",TRUE,0.001,3000,80,5,5,7
1623007,"one_se",0.75,0.660331760144788,0.128681249888402,0.660496097002743,0.679879461875875,0.69917642330474,0.75576047741905,0.755482063990817,0.734467078264141,0.0193833648731315,0.498883108642986,0,908.557965333129,3.5527136788005e-15,0,0.490621230936628,0.987889948686458,0.755727677513955,0.787007033945932,2168765,13522717,NA,"confounded",TRUE,0.001,3000,80,5,5,7
1623008,"min",0.75,0.711634988412209,0.132069644476834,0.713782185866873,0.719015010819563,0.724608133760903,0.759011083578524,0.77893046428827,0.759081312945706,0.00523282495269051,0.516640482301243,0,823.377378948418,6.66133814775094e-15,0,0.456072990632333,0.982115507661466,0.77201719316641,0.760900342463311,2272682,13553885,NA,"confounded",TRUE,0.001,3000,80,5,5,8
1623008,"one_se",0.75,0.690814618934269,0.132069644476834,0.692310157201119,0.701283705729707,0.710437135049051,0.752434281993395,0.775559303278848,0.751947257018712,0.00897354852858845,0.504961687278056,0,472.54601427366,4.44089209850063e-15,0,0.545665743717814,0.977277125916953,0.77201719316641,0.760900342463311,2272682,13553885,NA,"confounded",TRUE,0.001,3000,80,5,5,8
1623009,"min",0.75,0.653862350609151,0.123641656470822,0.655368459518135,0.658896912711559,0.662442290490067,0.671033178759456,0.715284169137428,0.696216740808875,0.00352845319342387,0.501196281417469,0,769.82274322052,5.10702591327572e-15,0,0.466754179734747,0.985452937189413,0.745017866654666,0.698239321231924,2217943,13559793,NA,"confounded",TRUE,0.001,3000,80,5,5,9
1623009,"one_se",0.75,0.62981677218831,0.123641656470822,0.631749835279263,0.639365157668146,0.646601003963396,0.667579718087923,0.709368443691582,0.686831747908324,0.0076153223888834,0.487224032609661,0,377.927672952257,3.33066907387547e-15,0,0.569680515915163,0.981038507136848,0.745017866654666,0.698239321231924,2217943,13559793,NA,"confounded",TRUE,0.001,3000,80,5,5,9
1623010,"min",0.75,0.667639227474339,0.124174837213535,0.666925812520601,0.682697233036121,0.69950695818643,0.745174828469276,0.750069173099469,0.732173440352508,0.0157714205155199,0.51593413327817,0,566.631042217687,5.77315972805081e-15,0,0.50021597657601,0.98032156788631,0.75281768126613,0.773662010376117,2182391,13406802,NA,"confounded",TRUE,0.001,3000,80,5,5,10
1623010,"one_se",0.75,0.644667524679681,0.124174837213535,0.644506785657497,0.663233799659009,0.6822469829859,0.734463282957073,0.739745802397708,0.719085273273483,0.0187270140015122,0.503791306692018,0,327.401094397123,3.10862446895044e-15,0,0.601054723578216,0.973813135344095,0.75281768126613,0.773662010376117,2182391,13406802,NA,"confounded",TRUE,0.001,3000,80,5,5,10
1623011,"min",0.75,0.718370965707496,0.135028416931821,0.719776699634924,0.732344749422388,0.745965373799336,0.796565846341199,0.802634190731273,0.784295595798592,0.0125680497874641,0.520095988496312,0.000666666666666657,1001.001001001,5.99520433297585e-15,0,0.483593197012587,0.983132609918134,0.78403967870219,0.850069642080909,2198071,13482793,NA,"confounded",TRUE,0.001,3000,80,5,5,11
1623011,"one_se",0.75,0.696183681926272,0.135028416931821,0.696977003486195,0.712590629979151,0.728738660115095,0.78517454002037,0.794757880370256,0.773087785199616,0.0156136264929565,0.508412716774053,0.000666666666666657,1001.001001001,4.88498130835069e-15,0,0.569079544160872,0.980302566853827,0.78403967870219,0.850069642080909,2198071,13482793,NA,"confounded",TRUE,0.001,3000,80,5,5,11
1623012,"min",0.75,0.674611883411802,0.133825518596038,0.673746113671909,0.693982531604735,0.713712842316144,0.751019690754112,0.752289515946681,0.73807112187542,0.0202364179328258,0.493668393203732,0,940.510550884071,6.66133814775094e-15,0,0.489829201666118,0.984403509688374,0.763320181398784,0.76837275111854,2226997,13472591,NA,"confounded",TRUE,0.001,3000,80,5,5,12
1623012,"one_se",0.75,0.646971193591749,0.133825518596038,0.646575773861077,0.671868007047953,0.695247822500165,0.738826355728476,0.740560549978641,0.722567586424959,0.0252922331868766,0.480354045205229,0,429.956768427779,4.2188474935756e-15,0,0.585072206564346,0.981825150878432,0.763320181398784,0.76837275111854,2226997,13472591,NA,"confounded",TRUE,0.001,3000,80,5,5,12
1623013,"min",0.75,0.632349213329391,0.11927457334296,0.632303119841176,0.643449599808009,0.654646348284725,0.718872482889092,0.69687293097011,0.681471308361648,0.011146479966833,0.501124915989874,0.000666666666666658,1001.001001001,6.66133814775094e-15,0,0.421734844202124,0.990644487600163,0.733667361794719,0.767468603699573,2234006,13530763,NA,"confounded",TRUE,0.001,3000,80,5,5,13
1623013,"one_se",0.75,0.604514138079792,0.11927457334296,0.603373835559517,0.620049523419353,0.635780885708216,0.697594537951641,0.689864647008178,0.669279333161873,0.0166756878598353,0.485430244859693,0.000666666666666658,1001.001001001,4.2188474935756e-15,0,0.540656220564799,0.987593245265219,0.733667361794719,0.767468603699573,2234006,13530763,NA,"confounded",TRUE,0.001,3000,80,5,5,13
1623014,"min",0.75,0.673393626922485,0.127313818771602,0.672550028152133,0.683749360431421,0.695543537297688,0.71939775185238,0.744261765172263,0.72650550227751,0.0111993322792878,0.512935054480245,0.000333333333333343,1001.001001001,7.99360577730113e-15,0,0.468276279062597,0.986020338181669,0.756085516449326,0.766457663698688,2190671,13495141,NA,"confounded",TRUE,0.001,3000,80,5,5,14
1623014,"one_se",0.75,0.650924876582766,0.127313818771602,0.650482157556894,0.665125477693271,0.679822865167305,0.714239590176816,0.736216157748719,0.715172931921574,0.0146433201363771,0.50092137071769,0,974.666340315774,4.88498130835069e-15,0,0.56017091883748,0.982496060983457,0.756085516449326,0.766457663698688,2190671,13495141,NA,"confounded",TRUE,0.001,3000,80,5,5,14
1623015,"min",0.75,0.676011304689373,0.129636552462934,0.675977592783799,0.692188972781375,0.708862894410494,0.752077315087177,0.752516532779666,0.735549518696866,0.0162113799975764,0.507032649978295,0,423.887404922583,5.32907051820075e-15,0,0.428452815263186,0.988179339894573,0.752832942292981,0.765396813222476,2225723,13455993,NA,"confounded",TRUE,0.001,3000,80,5,5,15
1623015,"one_se",0.75,0.649735122196368,0.129636552462934,0.648862639251338,0.670429693660222,0.691368094845867,0.738228363511357,0.74598403351019,0.724657738843563,0.0215670544088841,0.492605028996324,0,215.975901006055,3.5527136788005e-15,0,0.542280652215095,0.98286262048142,0.752832942292981,0.765396813222476,2225723,13455993,NA,"confounded",TRUE,0.001,3000,80,5,5,15
1623016,"min",0.75,0.708170629815508,0.131142828820587,0.709303843578793,0.717104369694272,0.725711267280378,0.725741441098078,0.790090528325579,0.768632064734266,0.00780052611547855,0.524573372556644,0.000666666666666658,1001.001001001,5.77315972805081e-15,0,0.473297557391564,0.982560037638515,0.770641032837063,0.758975354463809,2206543,13441384,NA,"confounded",TRUE,0.001,3000,80,5,5,16
1623016,"one_se",0.75,0.686372692237513,0.131142828820587,0.68702109935101,0.698425303363433,0.71042692954153,0.721296947105228,0.781080029102272,0.756829424159247,0.0114042040124224,0.512762251131707,0,904.837212557545,4.2188474935756e-15,0,0.561308691893583,0.978081859273686,0.770641032837063,0.758975354463809,2206543,13441384,NA,"confounded",TRUE,0.001,3000,80,5,5,16
1623017,"min",0.75,0.687201930870388,0.127300344061488,0.687249536370335,0.697002365122715,0.707283940146428,0.70813429808451,0.765511974161474,0.742051163185269,0.0097528287523807,0.513195957245373,0,667.868562342703,8.43769498715119e-15,0,0.436263829872391,0.989067151197897,0.751529272364463,0.741746083592044,2121238,13527456,NA,"confounded",TRUE,0.001,3000,80,5,5,17
1623017,"one_se",0.75,0.668015571985931,0.127300344061488,0.668550889268973,0.679877242039853,0.691313836886073,0.706295786078926,0.758135650153092,0.731135324394498,0.0113263527708801,0.502421524602049,0,361.169580154751,3.99680288865056e-15,0,0.530819231267417,0.984847418390482,0.751529272364463,0.741746083592044,2121238,13527456,NA,"confounded",TRUE,0.001,3000,80,5,5,17
1623018,"min",0.75,0.765798382917538,0.138993340304286,0.764864828833661,0.77579597550785,0.788323044146655,0.851393821601354,0.849851481246468,0.828709371101249,0.0109311466741888,0.534016269850943,0.000333333333333337,1001.001001001,6.21724893790088e-15,0,0.454135166982066,0.983077711136476,0.798923031487622,0.875873107291668,2128272,13562412,NA,"confounded",TRUE,0.001,3000,80,5,5,18
1623018,"one_se",0.75,0.743104942423931,0.138993340304286,0.742382065947523,0.755991124204472,0.77087244639313,0.835919123796087,0.841346776427989,0.81692275323056,0.0136090582569498,0.522327956169919,0.000333333333333337,1001.001001001,4.44089209850063e-15,0,0.555740746720372,0.976471793053202,0.798923031487622,0.875873107291668,2128272,13562412,NA,"confounded",TRUE,0.001,3000,80,5,5,18
1623019,"min",0.75,0.607648998203705,0.115589341417196,0.605421198627704,0.617557301640902,0.629406342743717,0.675432948025449,0.672988044098106,0.65865550897735,0.0121361030131978,0.494015839367176,0.000666666666666666,1001.001001001,5.32907051820075e-15,0,0.393286500306212,0.990318396055995,0.717691587583673,0.731228777701533,2267768,13423751,NA,"confounded",TRUE,0.001,3000,80,5,5,19
1623019,"one_se",0.75,0.582652898672269,0.115589341417196,0.58061673029088,0.596729858128024,0.611527193022148,0.658765879187495,0.668629499617991,0.649813416786561,0.0161131278371441,0.478716058791159,0.000666666666666666,1001.001001001,3.33066907387547e-15,0,0.50386312518609,0.987713017663943,0.717691587583673,0.731228777701533,2267768,13423751,NA,"confounded",TRUE,0.001,3000,80,5,5,19
1623020,"min",0.75,0.671826567339928,0.126061917533989,0.671792227546044,0.68054106242381,0.68956064913612,0.729720908558602,0.737315449253761,0.719569551364323,0.00874883487776634,0.507618905066238,0.000666666666666661,1001.001001001,7.99360577730113e-15,0,0.428028271563271,0.988212944233005,0.749372643075615,0.759844685646711,2223750,13585405,NA,"confounded",TRUE,0.001,3000,80,5,5,20
1623020,"one_se",0.75,0.653631004556657,0.126061917533989,0.653438228707015,0.665020921463608,0.676455229794222,0.722392842425571,0.734406508927652,0.712682803617948,0.0115826927565931,0.496776634249246,0,850.882930680543,4.66293670342566e-15,0,0.515241019537398,0.985341059280701,0.749372643075615,0.759844685646711,2223750,13585405,NA,"confounded",TRUE,0.001,3000,80,5,5,20
1623021,"min",0.75,0.61829696394559,0.120311986362272,0.617626727512533,0.632181880259913,0.646662708102206,0.672204004796615,0.692248824993571,0.676533595670917,0.01455515274738,0.498720124074044,0.000333333333333347,1001.001001001,5.77315972805081e-15,0,0.449009703968694,0.992083286035444,0.727103735505234,0.686388760657076,2198708,13458500,NA,"confounded",TRUE,0.001,3000,80,5,5,21
1623021,"one_se",0.75,0.599079383393307,0.120311986362272,0.596832457411017,0.615963297277663,0.634022383672116,0.665054726410113,0.689395813214271,0.669492177872092,0.0191308398666461,0.485590809394611,0,446.052272201311,4.2188474935756e-15,0,0.556644639670045,0.990048233242528,0.727103735505234,0.686388760657076,2198708,13458500,NA,"confounded",TRUE,0.001,3000,80,5,5,21
1623022,"min",0.75,0.651850607384276,0.122412023623374,0.652046439161984,0.660696637686906,0.669400904884568,0.690955738646157,0.718077864820444,0.69990277922699,0.00865019852492122,0.501557774050942,0.000666666666666656,1001.001001001,5.32907051820075e-15,0,0.454706632312935,0.9850913723362,0.734254272430324,0.691197374518729,2242493,13466607,NA,"confounded",TRUE,0.001,3000,80,5,5,22
1623022,"one_se",0.75,0.627026111920485,0.122412023623374,0.626313510386404,0.639787648754329,0.652588243191752,0.686148740137607,0.710768912989931,0.68887175653865,0.0134741383679251,0.487182668316895,0,524.580958197245,4.2188474935756e-15,0,0.562559737448641,0.980272619201281,0.734254272430324,0.691197374518729,2242493,13466607,NA,"confounded",TRUE,0.001,3000,80,5,5,22
1623023,"min",0.75,0.657459081512876,0.123581161738275,0.657239942782478,0.661827091701307,0.666428204618128,0.677994956125396,0.717972521351933,0.698144319430871,0.00458714891882916,0.500759882458769,0.000333333333333345,1001.001001001,6.66133814775094e-15,0,0.481294406915572,0.983130921911804,0.743525527827881,0.71042239706654,2238762,13552460,NA,"confounded",TRUE,0.001,3000,80,5,5,23
1623023,"one_se",0.75,0.630513582146749,0.123581161738275,0.630390778978291,0.639626058255836,0.648343030290163,0.664885535097662,0.711418252876087,0.686562173654536,0.00923527927754508,0.485564282879812,0.000333333333333345,1001.001001001,4.44089209850063e-15,0,0.592871690762956,0.977696133148937,0.743525527827881,0.71042239706654,2238762,13552460,NA,"confounded",TRUE,0.001,3000,80,5,5,23
1623024,"min",0.75,0.644557125909549,0.119625923206594,0.643293883059176,0.654678711256542,0.666121510429147,0.719541072952331,0.707013110953129,0.691969230479313,0.011384828197366,0.5012697547209,0.000333333333333329,1001.001001001,5.99520433297585e-15,0,0.482923690168594,0.986623430189223,0.738440299396262,0.763814407932269,2130123,13459630,NA,"confounded",TRUE,0.001,3000,80,5,5,24
1623024,"one_se",0.75,0.621052678971304,0.119625923206594,0.619972866672724,0.634545663330915,0.648399554922925,0.706825188718878,0.69999199938239,0.680965143403291,0.0145727966581913,0.487355103418059,0.000333333333333329,1001.001001001,3.5527136788005e-15,0,0.590926688401727,0.981181545570141,0.738440299396262,0.763814407932269,2130123,13459630,NA,"confounded",TRUE,0.001,3000,80,5,5,24
1623025,"min",0.75,0.713077905122927,0.132717355918368,0.713560674124926,0.725273126720594,0.738068945388028,0.766000205909611,0.798885181548816,0.776592987677208,0.0117124525956677,0.522102049959713,0.00100000000000005,1001.001001001,8.88178419700125e-15,0,0.471822373703977,0.984927881903222,0.76907672455981,0.79560703512013,2188696,13593142,NA,"confounded",TRUE,0.001,3000,80,5,5,25
1623025,"one_se",0.75,0.691642798478331,0.132717355918368,0.691527045664785,0.706464850825713,0.722096994379993,0.757025337342102,0.792571828312102,0.766939738432596,0.0149378051609277,0.511356551491482,0.00033333333333334,1001.001001001,3.5527136788005e-15,0,0.571784103395029,0.979416971561604,0.76907672455981,0.79560703512013,2188696,13593142,NA,"confounded",TRUE,0.001,3000,80,5,5,25
1623026,"min",0.75,0.662224079733571,0.128033055561501,0.662409697273711,0.682283856191886,0.702780447208747,0.738376909795306,0.745003174370996,0.729375060094658,0.0198741589181748,0.50770894892574,0.000333333333333346,1001.001001001,7.54951656745106e-15,0,0.47112957074075,0.986692029513631,0.751712034833042,0.790232869647546,2232605,13620982,NA,"confounded",TRUE,0.001,3000,80,5,5,26
1623026,"one_se",0.75,0.638964849212213,0.128033055561501,0.640627208441234,0.662393987741402,0.683713722301463,0.725815985538528,0.736381864018484,0.716562668080267,0.0217667793001681,0.494812242856806,0.000333333333333346,1001.001001001,4.2188474935756e-15,0,0.57751539114189,0.981731799184267,0.751712034833042,0.790232869647546,2232605,13620982,NA,"confounded",TRUE,0.001,3000,80,5,5,26
1623027,"min",0.75,0.688907197917747,0.127800001976595,0.689827699468876,0.700542493832282,0.712229452463616,0.762604708693493,0.764270018657643,0.746177140774292,0.0107147943634064,0.521698397178016,0.00033333333333334,1001.001001001,6.21724893790088e-15,0,0.494447174707175,0.981889960198425,0.762334960340978,0.82190197762725,2197673,13503821,NA,"confounded",TRUE,0.001,3000,80,5,5,27
1623027,"one_se",0.75,0.66999793709209,0.127800001976595,0.670542401022062,0.683604173281845,0.697199200776212,0.747294682810658,0.757682044346387,0.736189286731678,0.0130617722597831,0.510002236568205,0.00033333333333334,1001.001001001,5.77315972805081e-15,0,0.577874422927291,0.978147561726166,0.762334960340978,0.82190197762725,2197673,13503821,NA,"confounded",TRUE,0.001,3000,80,5,5,27
1623028,"min",0.75,0.704847452084436,0.133563055279881,0.704283449361498,0.718871449781724,0.733972882494762,0.787175213088786,0.786871130494193,0.766800179242022,0.014588000420226,0.508646717680788,0.000666666666666674,1001.001001001,6.43929354282591e-15,0,0.430583875592976,0.987974234283722,0.768353008461458,0.820213642373445,2187192,13503357,NA,"confounded",TRUE,0.001,3000,80,5,5,28
1623028,"one_se",0.75,0.682275970075858,0.133563055279881,0.681138793264471,0.699531603338014,0.717690415446258,0.771843149810405,0.778450822199418,0.754543270482028,0.0183928100735424,0.496799075508411,0.000666666666666674,1001.001001001,4.44089209850063e-15,0,0.525544928812476,0.984987639233002,0.768353008461458,0.820213642373445,2187192,13503357,NA,"confounded",TRUE,0.001,3000,80,5,5,28
1623029,"min",0.75,0.68275482875336,0.125920635234824,0.680993098890185,0.692516220081091,0.704820138542413,0.745383278247273,0.763290715774932,0.741377897251176,0.0115231211909069,0.516384689030012,0,520.527906580299,5.55111512312578e-15,0,0.373527715245824,0.989351016417993,0.749616739273735,0.774105051813188,2256220,13510434,NA,"confounded",TRUE,0.001,3000,80,5,5,29
1623029,"one_se",0.75,0.659995692505799,0.125920635234824,0.65901948330466,0.673542654903645,0.688238555926371,0.733184206910888,0.757436720410348,0.731732693861664,0.0145231715989853,0.502955764989133,0,259.536826568492,4.44089209850063e-15,0,0.468969099641261,0.986602442658449,0.749616739273735,0.774105051813188,2256220,13510434,NA,"confounded",TRUE,0.001,3000,80,5,5,29
1623030,"min",0.75,0.700762897625246,0.133580844807008,0.698912042047885,0.71400593225861,0.729958925335055,0.753058401699841,0.782050842070574,0.763773633521778,0.0150938902107249,0.513835573409642,0.000666666666666681,1001.001001001,6.66133814775094e-15,0,0.425147127206899,0.989108169319362,0.768113561493073,0.762313798495778,2149352,13544098,NA,"confounded",TRUE,0.001,3000,80,5,5,30
1623030,"one_se",0.75,0.6771616690511,0.133580844807008,0.675800789151077,0.694875549557119,0.714062389207925,0.749035522960117,0.776870044977347,0.75467475234177,0.0190747604060422,0.501464643985053,0.000333333333333345,1001.001001001,4.44089209850063e-15,0,0.530181331663266,0.984661549397315,0.768113561493073,0.762313798495778,2149352,13544098,NA,"confounded",TRUE,0.001,3000,80,5,5,30
1623031,"min",0.75,0.688991080469484,0.128660699204331,0.68736334196417,0.703784612942374,0.721388896354393,0.753573767404678,0.776816497784472,0.756209811408769,0.0164212709782032,0.517384175732286,0.000333333333333343,1001.001001001,5.10702591327572e-15,0,0.381924031359904,0.991300373258483,0.763906145579891,0.75798858648694,2226991,13482060,NA,"confounded",TRUE,0.001,3000,80,5,5,31
1623031,"one_se",0.75,0.660511842211647,0.128660699204331,0.658202499746137,0.680534235945585,0.703237714581659,0.740836127437293,0.766978897831826,0.742888520627644,0.0223317361994485,0.504127241737194,0.000333333333333343,1001.001001001,4.44089209850063e-15,0,0.484925972214988,0.987861831044941,0.763906145579891,0.75798858648694,2226991,13482060,NA,"confounded",TRUE,0.001,3000,80,5,5,31
1623032,"min",0.75,0.719378870143592,0.133203769073114,0.719435998221658,0.732716679714835,0.747317591304845,0.773151031630147,0.811047924259446,0.786161011542793,0.0132806814931771,0.523675657500886,0,793.36784974629,4.88498130835069e-15,0,0.346338614543472,0.990250704749252,0.770312748128397,0.771204868151421,2187567,13530389,NA,"confounded",TRUE,0.001,3000,80,5,5,32
1623032,"one_se",0.75,0.691264573995952,0.133203769073114,0.691296166420979,0.70838396562022,0.726112059645314,0.760370442291438,0.800708408280421,0.772364179388909,0.0170877991992407,0.50919543872863,0,390.79099846183,3.5527136788005e-15,0,0.458918737602344,0.985725528058388,0.770312748128397,0.771204868151421,2187567,13530389,NA,"confounded",TRUE,0.001,3000,80,5,5,32
1623033,"min",0.75,0.684090456715845,0.125628489873772,0.684230805595947,0.700876836547539,0.719271049850878,0.79215366867368,0.770149924697202,0.753223489519461,0.0166460309515918,0.524945350537916,0.00133333333333332,1001.001001001,6.21724893790088e-15,0,0.458862171505594,0.983978462181752,0.766154887507614,0.884182472188829,2228930,13601070,NA,"confounded",TRUE,0.001,3000,80,5,5,33
1623033,"one_se",0.75,0.659794605133556,0.125628489873772,0.660057661664862,0.679088235927593,0.699051537995663,0.771161797364658,0.759989846480425,0.739010866439572,0.0190305742627314,0.511959926700104,0.000333333333333341,1001.001001001,3.99680288865056e-15,0,0.562078640637357,0.978685570830097,0.766154887507614,0.884182472188829,2228930,13601070,NA,"confounded",TRUE,0.001,3000,80,5,5,33
1623034,"min",0.75,0.743350873022369,0.136892849449285,0.742869680080192,0.751159673001155,0.760395166052566,0.789739554054091,0.825104270336034,0.80179027894908,0.008289992920963,0.526975004628628,0.00100000000000001,1001.001001001,4.88498130835069e-15,0,0.457365213753846,0.984639886852941,0.785758620149158,0.829539167809356,2152959,13485412,NA,"confounded",TRUE,0.001,3000,80,5,5,34
1623034,"one_se",0.75,0.716915060494039,0.136892849449285,0.716188590103868,0.728588336061377,0.741680067383489,0.77944766213103,0.815971134815303,0.788673116884452,0.012399745957508,0.513572876868097,0.000666666666666672,1001.001001001,4.2188474935756e-15,0,0.566195613725692,0.978569550011904,0.785758620149158,0.829539167809356,2152959,13485412,NA,"confounded",TRUE,0.001,3000,80,5,5,34
1623035,"min",0.75,0.686302998845239,0.131118156854124,0.687146727326519,0.701176870766751,0.715809578812323,0.777572028340743,0.767630194312684,0.75122747059856,0.0140301434402316,0.510511246685255,0.000666666666666666,1001.001001001,5.77315972805081e-15,0,0.437560504277867,0.987123465445466,0.761629913451017,0.816674964878667,2151567,13609887,NA,"confounded",TRUE,0.001,3000,80,5,5,35
1623035,"one_se",0.75,0.667956486797472,0.131118156854124,0.668495556806828,0.684553149935142,0.700577220902599,0.761929314031167,0.762921107311758,0.743310292317405,0.0160575931283142,0.499477549531756,0.000666666666666666,1001.001001001,4.88498130835069e-15,0,0.523117405213004,0.984361169136993,0.761629913451017,0.816674964878667,2151567,13609887,NA,"confounded",TRUE,0.001,3000,80,5,5,35
1623036,"min",0.75,0.633546608817943,0.118411157820185,0.63447885846335,0.639152433227164,0.643835773884799,0.652133709676647,0.694012196536307,0.675276947769036,0.00467357476381369,0.500521854338825,0,324.04606077439,7.32747196252603e-15,0,0.477224905834302,0.981966865846618,0.727415954736553,0.640528185958171,2224204,13399988,NA,"confounded",TRUE,0.001,3000,80,5,5,36
1623036,"one_se",0.75,0.608209068199,0.118411157820185,0.60832172938927,0.61819780448799,0.627503245591403,0.645149852672652,0.688970415361765,0.666329722794283,0.00987607509872024,0.485125419980013,0,166.907841174322,4.44089209850063e-15,0,0.581688790491047,0.977623743501491,0.727415954736553,0.640528185958171,2224204,13399988,NA,"confounded",TRUE,0.001,3000,80,5,5,36
1623037,"min",0.75,0.600580562817244,0.115713588817449,0.600756457644004,0.607977399375849,0.61499575040399,0.659926333782177,0.656828364151842,0.642767801090373,0.00722094173184484,0.492886209058323,0.000333333333333341,1001.001001001,7.54951656745106e-15,0,0.565489404914459,0.98173190030532,0.722745456704609,0.67678608981815,2205949,13507008,NA,"confounded",TRUE,0.001,3000,80,5,5,37
1623037,"one_se",0.75,0.582049660624528,0.115713588817449,0.582175065024443,0.592395042015975,0.601853807477101,0.648823351935213,0.653347422029934,0.635645911617476,0.0102199769915317,0.48065904027563,0.000333333333333341,1001.001001001,4.66293670342566e-15,0,0.660979704322446,0.978159109293959,0.722745456704609,0.67678608981815,2205949,13507008,NA,"confounded",TRUE,0.001,3000,80,5,5,37
1623038,"min",0.75,0.66122684615765,0.125338169893678,0.660884259437882,0.676479273714547,0.692819864799006,0.74584115782969,0.74021015450685,0.725390166890458,0.0155950142766653,0.511673127835888,0.000333333333333343,1001.001001001,6.21724893790088e-15,0,0.446292708758955,0.985213956165629,0.74921555077058,0.778324243599308,2224478,13528451,NA,"confounded",TRUE,0.001,3000,80,5,5,38
1623038,"one_se",0.75,0.634341932282736,0.125338169893678,0.633696764077797,0.654549516481466,0.675170136127168,0.732835017951874,0.735288975355639,0.716493876355516,0.0208527524036692,0.497201424112671,0.000333333333333343,1001.001001001,3.77475828372553e-15,0,0.556653426707104,0.978920578761423,0.74921555077058,0.778324243599308,2224478,13528451,NA,"confounded",TRUE,0.001,3000,80,5,5,38
1623039,"min",0.75,0.656280060433557,0.124158155822953,0.655652094029133,0.671044994227613,0.687158316640832,0.72578823069433,0.724661361626156,0.710034829738265,0.0153929001984807,0.511433014735162,0.00033333333333333,1001.001001001,4.88498130835069e-15,0,0.488282842018956,0.987814989367384,0.748795145409656,0.749546463854277,2112227,13519712,NA,"confounded",TRUE,0.001,3000,80,5,5,39
1623039,"one_se",0.75,0.631207119633854,0.124158155822953,0.630664736618304,0.64902915290809,0.667176399848249,0.71212572328461,0.717073044973674,0.698301196343194,0.0183644162897857,0.497026027707109,0,672.585051229966,3.77475828372553e-15,0,0.587160013221621,0.985608735137291,0.748795145409656,0.749546463854277,2112227,13519712,NA,"confounded",TRUE,0.001,3000,80,5,5,39
1623040,"min",0.75,0.591021682798372,0.109648449502309,0.591214996088925,0.601407656405378,0.611863642456882,0.648980855766916,0.653728786715759,0.63885005741793,0.0101926603164537,0.506376343765033,0.000333333333333346,1001.001001001,5.77315972805081e-15,0,0.458144929428431,0.988450253617138,0.712120603746411,0.666841882633118,2173473,13513961,NA,"confounded",TRUE,0.001,3000,80,5,5,40
1623040,"one_se",0.75,0.564537945373952,0.109648449502309,0.564752285450948,0.579501685696247,0.593704989903626,0.636009767818848,0.645024651338909,0.625829563829937,0.0147494002452988,0.49056917051027,0,498.1918332287,5.32907051820075e-15,0,0.565333526790616,0.986619871876294,0.712120603746411,0.666841882633118,2173473,13513961,NA,"confounded",TRUE,0.001,3000,80,5,5,40
1623041,"min",0.75,0.654937849811287,0.125223878361844,0.653576416181732,0.673441597741608,0.693611860984764,0.760430640371612,0.731094239157195,0.719047994340695,0.0198651815598766,0.503810144795195,0.000666666666666664,1001.001001001,8.88178419700125e-15,0,0.50453336841755,0.983699400426229,0.745879883443465,0.816675779241986,2175367,13577233,NA,"confounded",TRUE,0.001,3000,80,5,5,41
1623041,"one_se",0.75,0.633385015728101,0.125223878361844,0.632931010060307,0.654664492404047,0.675563294472766,0.742266941334884,0.726051792785623,0.709307535306342,0.0217334823437401,0.490210701977097,0.000333333333333338,1001.001001001,4.44089209850063e-15,0,0.611465505780733,0.978422568047876,0.745879883443465,0.816675779241986,2175367,13577233,NA,"confounded",TRUE,0.001,3000,80,5,5,41
1623042,"min",0.75,0.683564982585085,0.12917513373927,0.683533305863199,0.693295005430143,0.703577813290397,0.742631723679511,0.754113666827454,0.735023189067974,0.00976169956694417,0.512998780219534,0,867.38155290556,4.44089209850063e-15,0,0.455959901434117,0.985846456961638,0.751846377410702,0.778317582614396,2212777,13438695,NA,"confounded",TRUE,0.001,3000,80,5,5,42
1623042,"one_se",0.75,0.663477146720192,0.12917513373927,0.66443244251533,0.676465500273803,0.688568576712689,0.732257974145811,0.749921728270208,0.726907916420646,0.012033057758473,0.501450494926836,0,384.05784771766,3.33066907387547e-15,0,0.55518138565209,0.98146749074266,0.751846377410702,0.778317582614396,2212777,13438695,NA,"confounded",TRUE,0.001,3000,80,5,5,42
1623043,"min",0.75,0.66713652130485,0.129582951399663,0.666930330907813,0.677352626898466,0.687593509274744,0.704932241855465,0.738669101858533,0.72164342732921,0.0104222959906531,0.495610219997299,0,933.718465676217,5.55111512312578e-15,0,0.494382601311994,0.982246654164565,0.750346726431078,0.752708480689452,2251998,13504201,NA,"confounded",TRUE,0.001,3000,80,5,5,43
1623043,"one_se",0.75,0.646114169384891,0.129582951399663,0.645576663577458,0.659710490373135,0.672953408583052,0.695491309106987,0.735180607754936,0.71467700100166,0.0141338267956762,0.483728734267402,0,465.610827165433,4.44089209850063e-15,0,0.597659075680214,0.975370995320338,0.750346726431078,0.752708480689452,2251998,13504201,NA,"confounded",TRUE,0.001,3000,80,5,5,43
1623044,"min",0.75,0.715585247777795,0.13326706066626,0.715383396136021,0.724760336375664,0.735117211301636,0.760106988516924,0.792568394096255,0.773346048335967,0.00937694023964253,0.524828819924228,0.000333333333333344,1001.001001001,6.88338275267597e-15,0,0.449027092314046,0.986909533884045,0.776524079080352,0.78530547452159,2299674,13503318,NA,"confounded",TRUE,0.001,3000,80,5,5,44
1623044,"one_se",0.75,0.691989737516015,0.13326706066626,0.692433933166328,0.703827386366517,0.715772871124412,0.753342885031935,0.786144385510125,0.762437584408312,0.0113934532001889,0.511826406983406,0.000333333333333344,1001.001001001,4.44089209850063e-15,0,0.546509388416286,0.983609785804278,0.776524079080352,0.78530547452159,2299674,13503318,NA,"confounded",TRUE,0.001,3000,80,5,5,44
1623045,"min",0.75,0.623748987926072,0.118057807630943,0.622827663752323,0.631411178258682,0.640104781403257,0.652491645719413,0.692298947921081,0.672469645495185,0.00858351450635941,0.503185966561076,0.000666666666666662,1001.001001001,5.77315972805081e-15,0,0.470382012069918,0.985027469914586,0.717927230562567,0.610612059426442,2169869,13506040,NA,"confounded",TRUE,0.001,3000,80,5,5,45
1623045,"one_se",0.75,0.604088034962586,0.118057807630943,0.603869611463882,0.614273048070777,0.624262065494894,0.648230379328048,0.687758144616971,0.664283989235316,0.0104034366068955,0.489838908496546,0.000666666666666662,1001.001001001,4.44089209850063e-15,0,0.56874348772974,0.982009491803071,0.717927230562567,0.610612059426442,2169869,13506040,NA,"confounded",TRUE,0.001,3000,80,5,5,45
1623046,"min",0.75,0.677200970589108,0.130460547184033,0.678362996708176,0.68926139074633,0.700568194472338,0.747521379975044,0.744402279755034,0.729883327020415,0.0108983940381542,0.509196263239622,0.00100000000000005,1001.001001001,5.10702591327572e-15,0,0.486072755487838,0.987950269184127,0.755106508062197,0.764919004458236,2306436,13530153,NA,"confounded",TRUE,0.001,3000,80,5,5,46
1623046,"one_se",0.75,0.652096577206891,0.130460547184033,0.652537124951498,0.667845138222128,0.682852194135062,0.734575174114075,0.741159234753983,0.722073233822306,0.0153080132706301,0.495036175641331,0.000666666666666654,1001.001001001,4.88498130835069e-15,0,0.605520038811817,0.982956240894885,0.755106508062197,0.764919004458236,2306436,13530153,NA,"confounded",TRUE,0.001,3000,80,5,5,46
1623047,"min",0.75,0.714897844979623,0.135032405126508,0.712941048425666,0.731490637133207,0.751169049934821,0.805875256397351,0.805092826676613,0.786223957273536,0.018549588707541,0.514764361848783,0.000333333333333338,1001.001001001,5.77315972805081e-15,0,0.453805436536443,0.98363659263341,0.772655502394364,0.817845369202687,2166603,13566493,NA,"confounded",TRUE,0.001,3000,80,5,5,47
1623047,"one_se",0.75,0.691885252063893,0.135032405126508,0.690929870404812,0.712430183708515,0.734194983749962,0.793207917565386,0.796270692631463,0.773914500627454,0.0215003133037033,0.503056582050691,0.000333333333333338,1001.001001001,4.44089209850063e-15,0,0.541627900951818,0.979245070444997,0.772655502394364,0.817845369202687,2166603,13566493,NA,"confounded",TRUE,0.001,3000,80,5,5,47
1623048,"min",0.75,0.677915400719702,0.12706629600676,0.676801208501771,0.683387827628559,0.690300688259185,0.69615019607603,0.751156074033902,0.727829291885189,0.00658661912678771,0.512083484315716,0.000333333333333333,1001.001001001,4.44089209850063e-15,0,0.421323036705044,0.99258614601512,0.750757336008922,0.691195890939454,2199197,13566788,NA,"confounded",TRUE,0.001,3000,80,5,5,48
1623048,"one_se",0.75,0.657176680993126,0.12706629600676,0.656043643064774,0.66671231693948,0.677384604385913,0.694105499112737,0.746414925034306,0.719622879276905,0.0106686738747062,0.500084662815146,0,547.22143602033,4.88498130835069e-15,0,0.524318441170488,0.989461842747273,0.750757336008922,0.691195890939454,2199197,13566788,NA,"confounded",TRUE,0.001,3000,80,5,5,48
1623049,"min",0.75,0.657704663123339,0.126581462211273,0.660442176567794,0.675358200852941,0.690258260001153,0.737991555514108,0.736653892924813,0.719778540366304,0.014916024285147,0.499732273070499,0,442.92755345733,4.2188474935756e-15,0,0.454322176432238,0.986279399069994,0.747768317449199,0.769772947867375,2199434,13525228,NA,"confounded",TRUE,0.001,3000,80,5,5,49
1623049,"one_se",0.75,0.63414230953529,0.126581462211273,0.635930980949205,0.654022883117889,0.671113486265074,0.720737784002728,0.730233240815087,0.708999476791761,0.018091902168684,0.485769930075909,0,273.246474850652,3.10862446895044e-15,0,0.557161217505921,0.982974814993152,0.747768317449199,0.769772947867375,2199434,13525228,NA,"confounded",TRUE,0.001,3000,80,5,5,49
1623050,"min",0.75,0.753615370489114,0.140503981119847,0.752712104927562,0.767452874777499,0.783699606569634,0.794079019277815,0.845294522443059,0.823153488705112,0.014740769849937,0.524299505645752,0,387.773582416112,5.32907051820075e-15,0,0.478164341139381,0.981074985805871,0.790032375956361,0.793587771163308,2206984,13521453,NA,"confounded",TRUE,0.001,3000,80,5,5,50
1623050,"one_se",0.75,0.72999729494062,0.140503981119847,0.729526885449955,0.747555578435621,0.766465995497891,0.788771271924828,0.839426150372188,0.813178663619235,0.0180286929856666,0.511934831070089,0,184.836547208626,3.77475828372553e-15,0,0.58401779516953,0.973519860453088,0.790032375956361,0.793587771163308,2206984,13521453,NA,"confounded",TRUE,0.001,3000,80,5,5,50
1623051,"min",0.75,0.703700683067244,0.130958716392358,0.702807723768638,0.715364368507334,0.729169221117385,0.749448483102816,0.784898302558973,0.765108951902073,0.0125566447386957,0.523674828763376,0.000333333333333346,1001.001001001,5.32907051820075e-15,0,0.461215254261082,0.983701993634607,0.76524372341727,0.762697415552184,2207373,13556441,NA,"confounded",TRUE,0.001,3000,80,5,5,51
1623051,"one_se",0.75,0.685015986335901,0.130958716392358,0.683979768247577,0.698445829949173,0.713641937515376,0.742532337321242,0.780711999888765,0.756976785598555,0.0144660617015964,0.512306009348389,0,889.040614598293,3.33066907387547e-15,0,0.552252623538055,0.978166884471527,0.76524372341727,0.762697415552184,2207373,13556441,NA,"confounded",TRUE,0.001,3000,80,5,5,51
1623052,"min",0.75,0.7466682151167,0.141870288059693,0.743984367181841,0.760973540511698,0.779357625685717,0.811998063725022,0.830511188124237,0.811220333540074,0.0169891733298571,0.519717039130122,0.000333333333333335,1001.001001001,3.99680288865056e-15,0,0.543664480160139,0.971480692401181,0.79869642240449,0.854610054550537,2238080,13570756,NA,"confounded",TRUE,0.001,3000,80,5,5,52
1623052,"one_se",0.75,0.716787922679183,0.141870288059693,0.714452445838242,0.736845838924975,0.759815763889593,0.800421855752839,0.821629345556377,0.798546292645626,0.022393393086733,0.50635460436594,0.000333333333333335,1001.001001001,4.44089209850063e-15,0,0.639412578052998,0.963543889103225,0.79869642240449,0.854610054550537,2238080,13570756,NA,"confounded",TRUE,0.001,3000,80,5,5,52
1623053,"min",0.75,0.701580781663498,0.133820985324615,0.700135095174534,0.71523124520714,0.731098137710854,0.773524577184494,0.780971182869628,0.761627373545488,0.0150961500326069,0.512446168205252,0.000333333333333337,1001.001001001,5.32907051820075e-15,0,0.493079977945019,0.982297281547006,0.778411806589673,0.899287782699386,2216178,13579598,NA,"confounded",TRUE,0.001,3000,80,5,5,53
1623053,"one_se",0.75,0.676529823026576,0.133820985324615,0.674686030486943,0.694242410421124,0.713756851936329,0.761336906945975,0.77306063023493,0.750025282194939,0.0195563799341815,0.499463302569268,0.000333333333333337,1001.001001001,3.99680288865056e-15,0,0.585607737100601,0.978535110219289,0.778411806589673,0.899287782699386,2216178,13579598,NA,"confounded",TRUE,0.001,3000,80,5,5,53
1623054,"min",0.75,0.726867199711236,0.137505448904485,0.725906594003996,0.744100330572537,0.764191204117082,0.810253060017628,0.813437563134648,0.797055913831222,0.0181937365685405,0.524776757166921,0,349.12744603666,4.88498130835069e-15,0,0.545549346114344,0.970385699073914,0.780514086884403,0.726678395720925,2167109,13536688,NA,"confounded",TRUE,0.001,3000,80,5,5,54
1623054,"one_se",0.75,0.702345872482608,0.137505448904485,0.701422306137554,0.723700240646075,0.747033717923187,0.79709343374597,0.808572034194529,0.788078120209002,0.0222779345085211,0.511571038115976,0,210.905012188111,3.33066907387547e-15,0,0.643352186533236,0.962028456099754,0.780514086884403,0.726678395720925,2167109,13536688,NA,"confounded",TRUE,0.001,3000,80,5,5,54
1623055,"min",0.75,0.641679815413749,0.122332948101929,0.641318845169219,0.657632239918241,0.674132303178396,0.72690126568894,0.719569791662435,0.704604853837632,0.0163133947490224,0.502844389504462,0.00033333333333333,1001.001001001,7.105427357601e-15,0,0.402976761089476,0.99233560196841,0.738329670270097,0.7750583423809,2113585,13563473,NA,"confounded",TRUE,0.001,3000,80,5,5,55
1623055,"one_se",0.75,0.614000682401393,0.122332948101929,0.613339068874625,0.635311018288566,0.656208393544449,0.710013405015405,0.714300629538817,0.694804042636365,0.0219719494139407,0.487466863936701,0,609.301347676331,5.32907051820075e-15,0,0.511396004037612,0.990987639049736,0.738329670270097,0.7750583423809,2113585,13563473,NA,"confounded",TRUE,0.001,3000,80,5,5,55
1623056,"min",0.75,0.683821189508901,0.128759217163487,0.68311230214298,0.697629726652355,0.712841695052039,0.767888033934809,0.760634336009439,0.743919841755962,0.014517424509375,0.511681097768013,0.000333333333333333,1001.001001001,6.66133814775094e-15,0,0.408510922828861,0.991099001516131,0.755636159536477,0.787143669403016,2203611,13535486,NA,"confounded",TRUE,0.001,3000,80,5,5,56
1623056,"one_se",0.75,0.659451136036543,0.128759217163487,0.658438388476176,0.67671005840262,0.694815946594787,0.752906046945562,0.755924518586611,0.734287742883052,0.0182716699264437,0.497721373521886,0,867.216103718948,4.66293670342566e-15,0,0.517530534462892,0.987863839843345,0.755636159536477,0.787143669403016,2203611,13535486,NA,"confounded",TRUE,0.001,3000,80,5,5,56
1623057,"min",0.75,0.685743374285624,0.12472300656636,0.683940772521043,0.696566778456153,0.710462808104024,0.762597091384708,0.766136041009038,0.74855132367966,0.0126260059351097,0.523942802368774,0.000666666666666684,1001.001001001,6.21724893790088e-15,0,0.433491345133341,0.986425920931628,0.760573861772097,0.795536510464707,2286028,13517427,NA,"confounded",TRUE,0.001,3000,80,5,5,57
1623057,"one_se",0.75,0.664090961127365,0.12472300656636,0.662064582274469,0.677505380485095,0.693673366725555,0.752426163649585,0.758069807325097,0.737468262628332,0.0154407982106259,0.511502942021697,0,864.345555760254,3.5527136788005e-15,0,0.529772789157423,0.981654339222606,0.760573861772097,0.795536510464707,2286028,13517427,NA,"confounded",TRUE,0.001,3000,80,5,5,57
1623058,"min",0.75,0.621639459560265,0.11885185141949,0.620887116014227,0.630242014185645,0.639466808301016,0.631524474241526,0.689267601095459,0.669224670941312,0.00935489817141799,0.496498756436901,0.00166666666666665,1001.001001001,4.88498130835069e-15,0,0.468935564796271,0.990174351236626,0.724352234024251,0.617030814847609,2159186,13593479,NA,"confounded",TRUE,0.001,3000,80,5,5,58
1623058,"one_se",0.75,0.599308671289671,0.11885185141949,0.598108107089371,0.612389446279533,0.625810509851707,0.633149601911274,0.682371541149816,0.659439075668939,0.0142813391901617,0.484472906098286,0.00133333333333331,1001.001001001,4.44089209850063e-15,0,0.560287738576912,0.988874583372148,0.724352234024251,0.617030814847609,2159186,13593479,NA,"confounded",TRUE,0.001,3000,80,5,5,58
1623059,"min",0.75,0.695394410294925,0.128560597092828,0.695697281432677,0.706667121962474,0.718326069298364,0.740501403768826,0.770951761010766,0.750070123592184,0.0109698405297972,0.515226330508341,0,628.942099020937,6.43929354282591e-15,0,0.460908235301058,0.987392797442437,0.759628693620669,0.744263618792425,2193652,13634079,NA,"confounded",TRUE,0.001,3000,80,5,5,59
1623059,"one_se",0.75,0.671156059697857,0.128560597092828,0.67100460079971,0.686095034041026,0.701336548506947,0.734770440940459,0.763934828600645,0.739437899599964,0.015090433241316,0.502490463620464,0,357.269745787545,3.99680288865056e-15,0,0.562060782996211,0.983803575838658,0.759628693620669,0.744263618792425,2193652,13634079,NA,"confounded",TRUE,0.001,3000,80,5,5,59
1623060,"min",0.75,0.68123287745438,0.128931186935278,0.68103530140392,0.692597584381748,0.704562631321032,0.740829068211696,0.74437518291406,0.728581309464014,0.0115622829778272,0.508559491512132,0.00133333333333337,1001.001001001,4.44089209850063e-15,0,0.569794847545846,0.976782407789038,0.764456058224081,0.761211213716252,2270137,13514677,NA,"confounded",TRUE,0.001,3000,80,5,5,60
1623060,"one_se",0.75,0.658604881316127,0.128931186935278,0.658403968551962,0.672584697148915,0.68657812463375,0.725565311409898,0.737933287065217,0.717540952719438,0.0141807285969535,0.496676012023653,0.000666666666666686,1001.001001001,3.77475828372553e-15,0,0.680012624833212,0.967620872006943,0.764456058224081,0.761211213716252,2270137,13514677,NA,"confounded",TRUE,0.001,3000,80,5,5,60
1623061,"min",0.75,0.699459705027692,0.132563968180238,0.698643435229338,0.715459728356065,0.73318891952671,0.762825337757289,0.774454356540056,0.75692021546849,0.0168162931267271,0.513212986624528,0,950.162226738049,6.66133814775094e-15,0,0.508358091032412,0.97658352339859,0.767963834932637,0.800039712725811,2200118,13443183,NA,"confounded",TRUE,0.001,3000,80,5,5,61
1623061,"one_se",0.75,0.675338203259521,0.132563968180238,0.674047662865968,0.694511398475703,0.715015986849585,0.748911460281775,0.765967035923307,0.7447692773416,0.020463735609735,0.500498589644079,0,549.254488705091,4.88498130835069e-15,0,0.602280741077435,0.970329779289666,0.767963834932637,0.800039712725811,2200118,13443183,NA,"confounded",TRUE,0.001,3000,80,5,5,61
1623062,"min",0.75,0.679414220886176,0.127355177723971,0.680315740445949,0.69518538923514,0.711289563836659,0.742384201566284,0.759950757548241,0.744344080315889,0.0148696487891913,0.51992853443947,0,826.118887624781,4.66293670342566e-15,0,0.446252721431447,0.987205317029005,0.760355363075875,0.779387207895563,2235369,13553072,NA,"confounded",TRUE,0.001,3000,80,5,5,62
1623062,"one_se",0.75,0.65651195922475,0.127355177723971,0.657937146558079,0.67533415547185,0.693181697394151,0.737987214010244,0.756212920748227,0.736670537398802,0.0173970089137709,0.506391527170052,0,539.232693147999,3.5527136788005e-15,0,0.543766208538652,0.983024320918821,0.760355363075875,0.779387207895563,2235369,13553072,NA,"confounded",TRUE,0.001,3000,80,5,5,62
1623063,"min",0.75,0.630241421951709,0.121813529801848,0.630278835306489,0.64193741666558,0.653386945644731,0.696408467782726,0.69276838223064,0.677808354478388,0.0116585813590905,0.495476644847213,0,969.99596918268,5.10702591327572e-15,0,0.498981158019728,0.988304466883291,0.734502527299466,0.715213629571227,2215620,13491062,NA,"confounded",TRUE,0.001,3000,80,5,5,63
1623063,"one_se",0.75,0.605760415946451,0.121813529801848,0.605496712185644,0.62143754748564,0.63620014041169,0.682561396912987,0.686239877311051,0.666918923088366,0.0159408352999956,0.480812527427388,0,552.420782101346,3.5527136788005e-15,0,0.602036953196185,0.986721160727109,0.734502527299466,0.715213629571227,2215620,13491062,NA,"confounded",TRUE,0.001,3000,80,5,5,63
1623064,"min",0.75,0.735862552880472,0.137084193238304,0.735421295951035,0.74773981667964,0.761180813213001,0.812634296729078,0.806753167633463,0.789630791574624,0.0123185207286054,0.52178759394713,0.000666666666666671,1001.001001001,4.88498130835069e-15,0,0.541289200796952,0.979339326908612,0.794590762314835,0.878581603049766,2166326,13482729,NA,"confounded",TRUE,0.001,3000,80,5,5,64
1623064,"one_se",0.75,0.713691501250345,0.137084193238304,0.713688327269729,0.728630722375092,0.744241290841306,0.798813513806349,0.799675477331753,0.778578906135102,0.0149423951053628,0.510934673477507,0.000666666666666671,1001.001001001,6.21724893790088e-15,0,0.64094940117162,0.971858072791952,0.794590762314835,0.878581603049766,2166326,13482729,NA,"confounded",TRUE,0.001,3000,80,5,5,64
1623065,"min",0.75,0.652816328274919,0.123160264026922,0.649681872261828,0.668082689097434,0.68765663794494,0.701279726639774,0.733026280059855,0.714520137050406,0.0184008168356057,0.515446204746725,0.000333333333333335,1001.001001001,6.21724893790088e-15,0,0.488760657390009,0.979591861394464,0.731741270170105,0.653204897084552,2180081,13480766,NA,"confounded",TRUE,0.001,3000,80,5,5,65
1623065,"one_se",0.75,0.627418692482458,0.123160264026922,0.625068591482405,0.647689677348583,0.670453197108033,0.693778704604006,0.72483134416534,0.702884722064061,0.0226210858661774,0.501569187297208,0,933.873887382683,3.99680288865056e-15,0,0.582006494419411,0.974675532612318,0.731741270170105,0.653204897084552,2180081,13480766,NA,"confounded",TRUE,0.001,3000,80,5,5,65
1623066,"min",0.75,0.668298428717978,0.125576142584113,0.667427231107791,0.67121440500127,0.675140925040837,0.69785289751962,0.738231741667216,0.716946505341301,0.00378717389347905,0.509032387549803,0.000999999999999999,1001.001001001,7.99360577730113e-15,0,0.423814010059067,0.988445328593147,0.748423619589955,0.723179584528784,2298443,13459119,NA,"confounded",TRUE,0.001,3000,80,5,5,66
1623066,"one_se",0.75,0.6467904928738,0.125576142584113,0.645860244686857,0.653659358034535,0.661361281137217,0.693330559258054,0.733629958019213,0.70914312517979,0.0077991133476778,0.496865040434324,0.000999999999999999,1001.001001001,5.77315972805081e-15,0,0.512248409493507,0.986951818530845,0.748423619589955,0.723179584528784,2298443,13459119,NA,"confounded",TRUE,0.001,3000,80,5,5,66
1623067,"min",0.75,0.603427442448698,0.111936413275655,0.602794718586192,0.61544238440409,0.628327551434287,0.697157266068296,0.66317143803854,0.649801687647962,0.0126476658178972,0.504650898192786,0.00133333333333333,1001.001001001,3.99680288865056e-15,0,0.473325330810789,0.98514913807428,0.723449948307549,0.766717310872834,2207581,13555731,NA,"confounded",TRUE,0.001,3000,80,5,5,67
1623067,"one_se",0.75,0.583876769103722,0.111936413275655,0.583686812201632,0.598003648318218,0.611869672287744,0.679785505777806,0.657316818796444,0.640050487025364,0.014316836116586,0.492002015663374,0.00033333333333333,1001.001001001,5.32907051820075e-15,0,0.568152937281634,0.9814291371522,0.723449948307549,0.766717310872834,2207581,13555731,NA,"confounded",TRUE,0.001,3000,80,5,5,67
1623068,"min",0.75,0.654423605598483,0.122185538009777,0.653321525471187,0.664784617968011,0.676781551999746,0.686753921292261,0.723604775196135,0.704581261547514,0.0114630924968243,0.511377683956586,0.000333333333333339,1001.001001001,7.54951656745106e-15,0,0.494280859373761,0.982832054877546,0.739660432702835,0.562145209829353,2239089,13448111,NA,"confounded",TRUE,0.001,3000,80,5,5,68
1623068,"one_se",0.75,0.632729720845186,0.122185538009777,0.630980722877691,0.647100823077766,0.66317149574133,0.685435236980509,0.717141093493057,0.695135843375823,0.0161201002000753,0.499232271671131,0,480.939555866943,4.88498130835069e-15,0,0.581471173768888,0.979824880013048,0.739660432702835,0.562145209829353,2239089,13448111,NA,"confounded",TRUE,0.001,3000,80,5,5,68
1623069,"min",0.75,0.675987756578764,0.129277769452565,0.675000209443627,0.688187853206599,0.701581430562058,0.735948960472591,0.752670219750069,0.734335285630627,0.0131876437629724,0.503873666893792,0.001,1001.001001001,5.10702591327572e-15,0,0.468525168615839,0.987270582715712,0.753602334072099,0.78067248718104,2256602,13444942,NA,"confounded",TRUE,0.001,3000,80,5,5,69
1623069,"one_se",0.75,0.654072101707056,0.129277769452565,0.652353904880175,0.669605218965644,0.686225698098131,0.726900218417864,0.746987234969992,0.724992991560806,0.0172513140854682,0.490687901450611,0.00066666666666667,1001.001001001,3.33066907387547e-15,0,0.564470059737933,0.98503538590848,0.753602334072099,0.78067248718104,2256602,13444942,NA,"confounded",TRUE,0.001,3000,80,5,5,69
1623070,"min",0.75,0.643436837709967,0.120727344805338,0.641823998151309,0.658661581594117,0.67616189702402,0.735502127426977,0.723004338473619,0.706419537856807,0.0168375834428084,0.509650153458016,0,669.970553036539,5.77315972805081e-15,0,0.394579996331536,0.986950501393633,0.732669660539078,0.776051534294085,2175075,13563069,NA,"confounded",TRUE,0.001,3000,80,5,5,70
1623070,"one_se",0.75,0.617987589202669,0.120727344805338,0.616799360363103,0.63739577220244,0.65753666660132,0.71924664213292,0.714460659798886,0.6943131464181,0.0205964118393369,0.494409087363396,0,397.483749539848,4.44089209850063e-15,0,0.494962599372704,0.98366858114223,0.732669660539078,0.776051534294085,2175075,13563069,NA,"confounded",TRUE,0.001,3000,80,5,5,70
1623071,"min",0.75,0.637464755752357,0.118882078903166,0.636538545550007,0.646136376188682,0.655875410376298,0.685242152292779,0.697791547568689,0.681183114064608,0.00959783063867437,0.503651148989513,0.000666666666666674,1001.001001001,5.32907051820075e-15,0,0.498417690897784,0.983341125381419,0.730911548842911,0.680727574415706,2182761,13485055,NA,"confounded",TRUE,0.001,3000,80,5,5,71
1623071,"one_se",0.75,0.611843218162269,0.118882078903166,0.609839725401545,0.624856285155835,0.639190399581968,0.6758111393053,0.692429669678021,0.671763218216546,0.0150165597542901,0.488374281899594,0,604.622846360894,3.5527136788005e-15,0,0.61047038099864,0.978531534125148,0.730911548842911,0.680727574415706,2182761,13485055,NA,"confounded",TRUE,0.001,3000,80,5,5,71
1623072,"min",0.75,0.716077726126504,0.13619849441115,0.71335146058716,0.723434516853234,0.73399419792899,0.774360272735665,0.788768313198152,0.770167854175156,0.0100830562660735,0.511544612562511,0.00166666666666665,1001.001001001,5.77315972805081e-15,0,0.479060631327049,0.984197944936381,0.780647275051588,0.829133272393741,2075912,13406654,NA,"confounded",TRUE,0.001,3000,80,5,5,72
1623072,"one_se",0.75,0.6941854409671,0.13619849441115,0.69222721276137,0.704896242611817,0.717610887267549,0.761993051092879,0.781524153331959,0.75921151873221,0.0126690298504465,0.500898506740514,0.000666666666666663,1001.001001001,5.32907051820075e-15,0,0.579029860704413,0.978595488354782,0.780647275051588,0.829133272393741,2075912,13406654,NA,"confounded",TRUE,0.001,3000,80,5,5,72
1623073,"min",0.75,0.664965550932522,0.124946374318731,0.664453036528634,0.677169670510386,0.690171599555569,0.744157505923364,0.728620280717484,0.714457836945573,0.0127166339817517,0.505546481409804,0.000333333333333345,1001.001001001,4.44089209850063e-15,0,0.503752910211698,0.986761170541845,0.753338614815411,0.789739715445386,2166398,13414053,NA,"confounded",TRUE,0.001,3000,80,5,5,73
1623073,"one_se",0.75,0.642055552102868,0.124946374318731,0.642208771932786,0.657860929671634,0.673051529390234,0.728805608067972,0.722651862763266,0.703620936845097,0.0156521577388486,0.492517562333943,0,643.52897660442,3.5527136788005e-15,0,0.604607410705338,0.981973437933875,0.753338614815411,0.789739715445386,2166398,13414053,NA,"confounded",TRUE,0.001,3000,80,5,5,73
1623074,"min",0.75,0.704510057953026,0.129247165182432,0.702449090248138,0.716658816715801,0.732413104484921,0.764443934287555,0.795797836112527,0.771119154362799,0.0142097264676636,0.525773604451835,0.00166666666666665,1001.001001001,4.88498130835069e-15,0,0.40330720584698,0.987763608941778,0.761825137463105,0.771015623430312,2241311,13371281,NA,"confounded",TRUE,0.001,3000,80,5,5,74
1623074,"one_se",0.75,0.684172181142811,0.129247165182432,0.68219815436489,0.698498868335919,0.715717142429547,0.754252087512497,0.788855034695806,0.761072372170471,0.0163007139710292,0.513687169207333,0.00133333333333333,1001.001001001,5.10702591327572e-15,0,0.49454969643954,0.983955719573533,0.761825137463105,0.771015623430312,2241311,13371281,NA,"confounded",TRUE,0.001,3000,80,5,5,74
1623075,"min",0.75,0.714594426387835,0.13739718407694,0.713195821364471,0.730065954444148,0.747758598899062,0.79058288174023,0.79471207336292,0.777686838665419,0.0168701330796768,0.511898803191012,0.000666666666666665,1001.001001001,4.66293670342566e-15,0,0.509006728885198,0.977525698607431,0.779323324616726,0.822053383684877,2171081,13558322,NA,"confounded",TRUE,0.001,3000,80,5,5,75
1623075,"one_se",0.75,0.689946094854268,0.13739718407694,0.687835547449129,0.709548507551187,0.731262376110998,0.778434189026864,0.78750995430199,0.766798682241357,0.021712960102058,0.500010459637294,0.000333333333333343,1001.001001001,3.99680288865056e-15,0,0.602466247099218,0.971837430826863,0.779323324616726,0.822053383684877,2171081,13558322,NA,"confounded",TRUE,0.001,3000,80,5,5,75
1623076,"min",0.75,0.698413496331932,0.135885946976501,0.697963722161132,0.713942249742756,0.730444659587382,0.761936075719742,0.77141815360842,0.756260102599599,0.0159785275816238,0.508064457255758,0,613.437879884828,4.44089209850063e-15,0,0.511320419186424,0.982767350112628,0.767909582079306,0.758042889552883,2186826,13511082,NA,"confounded",TRUE,0.001,3000,80,5,5,76
1623076,"one_se",0.75,0.676572989486447,0.135885946976501,0.675914173329396,0.695584427837368,0.714928511248352,0.754377767846779,0.767714926839496,0.74884612282273,0.0196702545079728,0.495819856053093,0,304.126550001254,3.77475828372553e-15,0,0.618602712151077,0.974949741109787,0.767909582079306,0.758042889552883,2186826,13511082,NA,"confounded",TRUE,0.001,3000,80,5,5,76
1623077,"min",0.75,0.69742703971731,0.129578570561385,0.696855032666971,0.704472154015353,0.7126239568807,0.730103076241257,0.77849608908441,0.756341785012185,0.00761712134838188,0.51695364597224,0.00100000000000002,1001.001001001,7.54951656745106e-15,0,0.388247695020373,0.992597638343087,0.762413573113249,0.743106063507574,2240343,13434239,NA,"confounded",TRUE,0.001,3000,80,5,5,77
1623077,"one_se",0.75,0.674770255076316,0.129578570561385,0.674232773522387,0.684547271278471,0.694997475141682,0.725926738364636,0.772296396477797,0.746133065589637,0.010314497756084,0.503267711465719,0.000666666666666659,1001.001001001,3.5527136788005e-15,0,0.504453154185117,0.989244564605224,0.762413573113249,0.743106063507574,2240343,13434239,NA,"confounded",TRUE,0.001,3000,80,5,5,77
1623078,"min",0.75,0.611426037391306,0.115471688169655,0.610602651775435,0.621176025820183,0.63164586767041,0.663354121285433,0.674056454566783,0.656522793536972,0.0105733740447482,0.497540010161987,0.000333333333333344,1001.001001001,6.21724893790088e-15,0,0.483737948312625,0.990498267281175,0.721303414494161,0.684979186977045,2262051,13425445,NA,"confounded",TRUE,0.001,3000,80,5,5,78
1623078,"one_se",0.75,0.585377035339172,0.115471688169655,0.58420542212061,0.598866429711202,0.612541736241901,0.650331953503136,0.661887256378553,0.640402521710681,0.0146610075905916,0.482607105220638,0.000333333333333344,1001.001001001,3.77475828372553e-15,0,0.606625037237596,0.98611566210983,0.721303414494161,0.684979186977045,2262051,13425445,NA,"confounded",TRUE,0.001,3000,80,5,5,78
1623079,"min",0.75,0.635812151514867,0.119284748950764,0.638478938691549,0.642841601364757,0.647260668642987,0.693593839683502,0.687909642499049,0.675332693038698,0.00436266267320884,0.503211474580313,0.000666666666666674,1001.001001001,6.21724893790088e-15,0,0.514163286708808,0.98343429458448,0.728607825630477,0.721450648396554,2159074,13365889,NA,"confounded",TRUE,0.001,3000,80,5,5,79
1623079,"one_se",0.75,0.614725513521948,0.119284748950764,0.616042384100327,0.624503878743141,0.632592584999347,0.682449321552028,0.688608986040253,0.671048201705671,0.00846149464281343,0.488737647691369,0.00033333333333334,1001.001001001,5.77315972805081e-15,0,0.617090965682113,0.979453410984305,0.728607825630477,0.721450648396554,2159074,13365889,NA,"confounded",TRUE,0.001,3000,80,5,5,79
1623080,"min",0.75,0.730401128454584,0.136151169344378,0.727968948639518,0.739863293765485,0.7527367828861,0.782387092823864,0.816599350265368,0.795497005025265,0.0118943451259674,0.519766443543254,0,710.087684235463,6.21724893790088e-15,0,0.472073427067659,0.983075148419892,0.780118855706994,0.815040239959969,2122017,13388523,NA,"confounded",TRUE,0.001,3000,80,5,5,80
1623080,"one_se",0.75,0.702092457434238,0.136151169344378,0.699841902775453,0.717463908272731,0.73553900193626,0.773306235574805,0.810490436069301,0.786053638865369,0.0176220054972779,0.506346288310578,0,355.944598118937,3.77475828372553e-15,0,0.576612107379122,0.97717792336154,0.780118855706994,0.815040239959969,2122017,13388523,NA,"confounded",TRUE,0.001,3000,80,5,5,80
1623081,"min",0.75,0.715752211731865,0.134576839671425,0.718423191652417,0.730355537927847,0.743348564540906,0.799349721891647,0.788429952319386,0.772030738841033,0.01193234627543,0.521277120755093,0.000666666666666662,1001.001001001,5.10702591327572e-15,0,0.527777458300291,0.980822094636324,0.775692401639434,0.827944272248218,2241600,13518764,NA,"confounded",TRUE,0.001,3000,80,5,5,81
1623081,"one_se",0.75,0.691629080062018,0.134576839671425,0.692847229547503,0.708934807578307,0.725411659112537,0.783874502037667,0.783172502758353,0.762095163219515,0.0160875780308032,0.505976974088401,0,773.280495047108,5.10702591327572e-15,0,0.639006437002693,0.975713473456789,0.775692401639434,0.827944272248218,2241600,13518764,NA,"confounded",TRUE,0.001,3000,80,5,5,81
1623082,"min",0.75,0.675476581446829,0.127379847889891,0.676021383773805,0.688802672908422,0.702296788969107,0.734995569417479,0.748072250440799,0.731538714262849,0.0127812891346175,0.513564527754546,0.000333333333333327,1001.001001001,7.105427357601e-15,0,0.466037437424014,0.986329158740993,0.760652751063083,0.773859136968833,2154760,13546133,NA,"confounded",TRUE,0.001,3000,80,5,5,82
1623082,"one_se",0.75,0.651524728572153,0.127379847889891,0.651474387580608,0.668149819870279,0.684835013764407,0.72566306845507,0.742200033825801,0.721644876428589,0.0166754322896707,0.500146304275032,0.000333333333333327,1001.001001001,5.32907051820075e-15,0,0.558699019822631,0.985093612310522,0.760652751063083,0.773859136968833,2154760,13546133,NA,"confounded",TRUE,0.001,3000,80,5,5,82
1623083,"min",0.75,0.712421568773271,0.132122059527192,0.712150354600138,0.728492493134612,0.746268297085071,0.785952999710197,0.795678257685378,0.777228142423019,0.016342138534474,0.521010431924758,0.00033333333333333,1001.001001001,6.66133814775094e-15,0,0.394121424541998,0.988785039707342,0.771882182269216,0.808952174607378,2192287,13338440,NA,"confounded",TRUE,0.001,3000,80,5,5,83
1623083,"one_se",0.75,0.68783197661065,0.132122059527192,0.687847695312423,0.708297635115075,0.72942719194589,0.77656508820679,0.790433520337518,0.767979296559965,0.0204499398026523,0.508172501872177,0,982.045673886748,4.44089209850063e-15,0,0.486283288628294,0.986545047859086,0.771882182269216,0.808952174607378,2192287,13338440,NA,"confounded",TRUE,0.001,3000,80,5,5,83
1623084,"min",0.75,0.607398354838231,0.113516132280779,0.606232553569272,0.615917413073472,0.625497732837416,0.663828028356426,0.67127091737151,0.655371192423851,0.00968485950420017,0.497286821503144,0.000666666666666663,1001.001001001,3.99680288865056e-15,0,0.50043084094199,0.986888790927379,0.719835579129755,0.692973827880223,2181601,13564136,NA,"confounded",TRUE,0.001,3000,80,5,5,84
1623084,"one_se",0.75,0.585909217884995,0.113516132280779,0.584639051706102,0.597695730226298,0.609900220787455,0.651077350998467,0.666944263984226,0.646611437903815,0.0130566785201961,0.483132452098829,0.000333333333333333,1001.001001001,3.5527136788005e-15,0,0.606780061159092,0.9835813283509,0.719835579129755,0.692973827880223,2181601,13564136,NA,"confounded",TRUE,0.001,3000,80,5,5,84
1623085,"min",0.75,0.73348522076921,0.137458004884363,0.733541720437875,0.74443105555872,0.756260932156129,0.789128735409427,0.815026296411253,0.794827913162233,0.0108893351208452,0.520699254186891,0.000666666666666661,1001.001001001,6.21724893790088e-15,0,0.450966336392949,0.984486500103551,0.782095272759895,0.795523687992704,2239315,13460906,NA,"confounded",TRUE,0.001,3000,80,5,5,85
1623085,"one_se",0.75,0.708592092047979,0.137458004884363,0.708477575915286,0.723447529534489,0.738883549336112,0.783177292340389,0.808425145323764,0.784464736365715,0.0149699536192033,0.507664056268965,0.000333333333333335,1001.001001001,4.44089209850063e-15,0,0.551100124179287,0.980032083776435,0.782095272759895,0.795523687992704,2239315,13460906,NA,"confounded",TRUE,0.001,3000,80,5,5,85
1623086,"min",0.75,0.740647628446243,0.136914361369319,0.74005510598911,0.752067973223535,0.765378789214956,0.810378529734889,0.826986439036682,0.80400853223024,0.0120128672344252,0.525627171715516,0,321.270467401453,6.66133814775094e-15,0,0.427995169077446,0.98447708385445,0.785716800888201,0.846158194958676,2163129,13482840,NA,"confounded",TRUE,0.001,3000,80,5,5,86
1623086,"one_se",0.75,0.716267922819519,0.136914361369319,0.714539363894969,0.731419859279954,0.749286380040154,0.799363357268328,0.819551168258369,0.792856235077187,0.0168804953849846,0.514188633796575,0,193.721949001764,3.77475828372553e-15,0,0.519587882162326,0.980726068571509,0.785716800888201,0.846158194958676,2163129,13482840,NA,"confounded",TRUE,0.001,3000,80,5,5,86
1623087,"min",0.75,0.607488056895083,0.117353694214623,0.606916294209295,0.617610641007519,0.627855025718965,0.660309255714819,0.662645481153935,0.650819477762069,0.0106943467982238,0.489255268721285,0,549.915199941245,4.44089209850063e-15,0,0.492790761202084,0.979620475493054,0.720123679234386,0.66048400849875,2105871,13659403,NA,"confounded",TRUE,0.001,3000,80,5,5,87
1623087,"one_se",0.75,0.58517102538331,0.117353694214623,0.584811711542482,0.599312027444897,0.612468214689814,0.654682308262011,0.660577240415104,0.644565409804081,0.0145003159024144,0.475699591334142,0,226.861952313658,3.77475828372553e-15,0,0.590699433522054,0.974149143202812,0.720123679234386,0.66048400849875,2105871,13659403,NA,"confounded",TRUE,0.001,3000,80,5,5,87
1623088,"min",0.75,0.694121032477178,0.128760131667843,0.694192918569534,0.697758312405643,0.70150513512922,0.756650769672087,0.76136815707222,0.74287256356318,0.00356539383610865,0.51240587487991,0,486.873257754008,6.66133814775094e-15,0,0.425444664272675,0.988765013401457,0.763523893844711,0.809196442228839,2264122,13524775,NA,"confounded",TRUE,0.001,3000,80,5,5,88
1623088,"one_se",0.75,0.672673653708201,0.128760131667843,0.672552772171847,0.678828856257662,0.685114269753346,0.748095405789683,0.75732376971656,0.735165690198943,0.00627608408581537,0.50037134942739,0,205.101885912101,3.5527136788005e-15,0,0.528150514099101,0.983936046723734,0.763523893844711,0.809196442228839,2264122,13524775,NA,"confounded",TRUE,0.001,3000,80,5,5,88
1623089,"min",0.75,0.649128664694807,0.122664567905656,0.648341087029379,0.66566315681747,0.683182204524267,0.745513613298728,0.714559811004656,0.699634969151663,0.0173220697880915,0.502826802537746,0,336.296941958301,7.54951656745106e-15,0,0.515760267249095,0.978076177276184,0.738372672676194,0.781919450970623,2193124,13578166,NA,"confounded",TRUE,0.001,3000,80,5,5,89
1623089,"one_se",0.75,0.627105363554081,0.122664567905656,0.626995360611438,0.646495023435251,0.665246400334763,0.727194526253896,0.706480107666918,0.687758136505413,0.019499662823813,0.490218750526611,0,172.296798020061,4.88498130835069e-15,0,0.608327589751182,0.97345059232875,0.738372672676194,0.781919450970623,2193124,13578166,NA,"confounded",TRUE,0.001,3000,80,5,5,89
1623090,"min",0.75,0.698111730331427,0.131633462287907,0.699054867848447,0.707472764478948,0.716410736988645,0.759794640526466,0.779747979816609,0.758232967558218,0.00841789663050152,0.514982709162919,0,491.853335485073,6.21724893790088e-15,0,0.40472944612349,0.987166652901035,0.76310416487864,0.776901904289686,2142098,13545892,NA,"confounded",TRUE,0.001,3000,80,5,5,90
1623090,"one_se",0.75,0.674524037518171,0.131633462287907,0.673908447440728,0.687218974538442,0.700601607467458,0.747052083936425,0.77306323686738,0.748248943499636,0.0133105270977146,0.501350642472245,0,246.157535991667,3.5527136788005e-15,0,0.511225414382221,0.982196609292299,0.76310416487864,0.776901904289686,2142098,13545892,NA,"confounded",TRUE,0.001,3000,80,5,5,90
1623091,"min",0.75,0.729195644688249,0.137149294259229,0.729370114687897,0.743698368932817,0.759494568536015,0.828292518987799,0.809575601763264,0.794570493807557,0.0143282542449195,0.524364680031702,0.000333333333333346,1001.001001001,5.32907051820075e-15,0,0.482677879218129,0.983780983849889,0.787821656074384,0.878519219912122,2164609,13526504,NA,"confounded",TRUE,0.001,3000,80,5,5,91
1623091,"one_se",0.75,0.701911793824256,0.137149294259229,0.702096066872994,0.720194398347789,0.739106179168876,0.809331338378706,0.802686571683527,0.783446048937229,0.0180983314747951,0.510989555230047,0.000333333333333346,1001.001001001,3.77475828372553e-15,0,0.598630676940663,0.97629390823658,0.787821656074384,0.878519219912122,2164609,13526504,NA,"confounded",TRUE,0.001,3000,80,5,5,91
1623092,"min",0.75,0.682535414861976,0.127277253025278,0.684176176017432,0.697323974840033,0.711178815298251,0.758918871373679,0.756801757541144,0.737603766286833,0.0131477988226008,0.513092083856415,0.000333333333333341,1001.001001001,5.32907051820075e-15,0,0.468003240219169,0.987662002264551,0.757872813914013,0.786827194128687,2183170,13339039,NA,"confounded",TRUE,0.001,3000,80,5,5,92
1623092,"one_se",0.75,0.661126899586644,0.127277253025278,0.6625136130181,0.678713907238096,0.694955477114982,0.748327684584097,0.752374483392194,0.729425869229752,0.0162002942199964,0.500636148045719,0,630.277944742917,4.88498130835069e-15,0,0.572916710896563,0.9828600435972,0.757872813914013,0.786827194128687,2183170,13339039,NA,"confounded",TRUE,0.001,3000,80,5,5,92
1623093,"min",0.75,0.629157338472599,0.119584728398244,0.627845071702535,0.631650297250023,0.635389137913962,0.659314662209952,0.687189051488782,0.67015364916367,0.00380522554748886,0.495600192145084,0.000333333333333348,1001.001001001,4.66293670342566e-15,0,0.499126811521299,0.990549602057655,0.733441220179386,0.693995649596591,2163509,13504935,NA,"confounded",TRUE,0.001,3000,80,5,5,93
1623093,"one_se",0.75,0.606886009657635,0.119584728398244,0.606385518119471,0.612222456903939,0.617641943743797,0.650634681246382,0.682933726111355,0.661677649866254,0.00583693878446723,0.48145717128417,0.000333333333333348,1001.001001001,3.5527136788005e-15,0,0.609886462845991,0.987924077872267,0.733441220179386,0.693995649596591,2163509,13504935,NA,"confounded",TRUE,0.001,3000,80,5,5,93
1623094,"min",0.75,0.616283796826461,0.119579214749986,0.614505770334577,0.633119852572618,0.651463249206351,0.698112960989655,0.681010170339139,0.670686998051002,0.0186140822380412,0.496337877845413,0,680.409363990337,4.66293670342566e-15,0,0.557962655886613,0.975225125964252,0.722965665704766,0.732221189647176,2081728,13477606,NA,"confounded",TRUE,0.001,3000,80,5,5,94
1623094,"one_se",0.75,0.594213143108335,0.119579214749986,0.592299421017353,0.615376324232157,0.63694922124688,0.68943016582737,0.676312702715699,0.66177224415869,0.0230769032148047,0.483157749952397,0,363.081589496871,3.5527136788005e-15,0,0.651883163049231,0.96972266177314,0.722965665704766,0.732221189647176,2081728,13477606,NA,"confounded",TRUE,0.001,3000,80,5,5,94
1623095,"min",0.75,0.681629893629001,0.128073719656681,0.681038281957257,0.69616336784424,0.712006728015488,0.756575341725377,0.760022242446333,0.743577337009565,0.0151250858869834,0.511596873199799,0.000666666666666665,1001.001001001,5.77315972805081e-15,0,0.469555167692051,0.977157974542276,0.75751234484645,0.761901942133422,2234799,13440209,NA,"confounded",TRUE,0.001,3000,80,5,5,95
1623095,"one_se",0.75,0.657154272806658,0.128073719656681,0.656822264576182,0.674978542152878,0.693010772109945,0.738525971534747,0.752224857606466,0.731399701583141,0.0181562775766967,0.498286090970812,0,690.767653932631,3.33066907387547e-15,0,0.56757852388758,0.970832004245844,0.75751234484645,0.761901942133422,2234799,13440209,NA,"confounded",TRUE,0.001,3000,80,5,5,95
1623096,"min",0.75,0.662175515564273,0.12290879316417,0.659039221281166,0.675100130814361,0.691975983975312,0.721830042515876,0.738835273946411,0.720915497036269,0.0160609095331953,0.512371337695249,0,999.519560731834,5.77315972805081e-15,0,0.460635858946316,0.977935412194001,0.740182536018788,0.737873889702003,2299210,13609731,NA,"confounded",TRUE,0.001,3000,80,5,5,96
1623096,"one_se",0.75,0.640901116234159,0.12290879316417,0.638541377225898,0.657676845566763,0.676851214168487,0.71972822949613,0.730296402253908,0.709908764947818,0.0191354683408652,0.500507705904841,0,555.482481600099,4.44089209850063e-15,0,0.545561314443274,0.972978660701531,0.740182536018788,0.737873889702003,2299210,13609731,NA,"confounded",TRUE,0.001,3000,80,5,5,96
1623097,"min",0.75,0.592885227238773,0.115573258596622,0.5918552114256,0.606054051775086,0.619423570276008,0.651772670296546,0.65451239447729,0.640130673234137,0.0141988403494858,0.484958809970079,0,792.215249396799,5.99520433297585e-15,0,0.487521042782349,0.989977804838916,0.718626857416438,0.654697694390077,2223102,13478279,NA,"confounded",TRUE,0.001,3000,80,5,5,97
1623097,"one_se",0.75,0.564321511059998,0.115573258596622,0.563269065102412,0.583088330447423,0.600617169650582,0.637428181487251,0.646007511776436,0.626903478156299,0.0198192653450103,0.469336782019327,0,390.472647137354,3.5527136788005e-15,0,0.602693728968032,0.987979171807526,0.718626857416438,0.654697694390077,2223102,13478279,NA,"confounded",TRUE,0.001,3000,80,5,5,97
1623098,"min",0.75,0.64523502860723,0.123141459454906,0.643499536112775,0.662677831800047,0.682423843211501,0.734902882458785,0.726561345012305,0.70928998240029,0.0191782956872716,0.507292560439715,0.00100000000000001,1001.001001001,5.77315972805081e-15,0,0.408993016574852,0.986675281750119,0.736143912220822,0.771007563253719,2204105,13494049,NA,"confounded",TRUE,0.001,3000,80,5,5,98
1623098,"one_se",0.75,0.622922859200341,0.123141459454906,0.620688745769505,0.644089336171646,0.667087878704527,0.716226803801599,0.71824063101403,0.697279398155461,0.0234005904021413,0.495667506655524,0.000666666666666656,1001.001001001,5.32907051820075e-15,0,0.485470052515984,0.986461511434783,0.736143912220822,0.771007563253719,2204105,13494049,NA,"confounded",TRUE,0.001,3000,80,5,5,98
1623099,"min",0.75,0.654964325875679,0.123539811239353,0.654553762065539,0.667290787175594,0.680564180519879,0.713239689810224,0.738829647992383,0.719338410657779,0.0127370251100555,0.51031064216,0,743.176342124047,5.10702591327572e-15,0,0.379158434290904,0.990838641419952,0.743373666588322,0.721189390326583,2216933,13484570,NA,"confounded",TRUE,0.001,3000,80,5,5,99
1623099,"one_se",0.75,0.627060115239715,0.123539811239353,0.626805724063922,0.646530447252126,0.665956387195883,0.698535189662278,0.728391001214665,0.705972144549478,0.0197247231882042,0.496184186670862,0,471.306060546407,4.88498130835069e-15,0,0.483485081862709,0.98739615104145,0.743373666588322,0.721189390326583,2216933,13484570,NA,"confounded",TRUE,0.001,3000,80,5,5,99
1623100,"min",0.75,0.663715693750108,0.123332010442094,0.663340795167474,0.675864769175967,0.6889620175199,0.721781759846621,0.732673479989493,0.715291169883106,0.012523974008493,0.511187489955687,0,921.746937867097,7.99360577730113e-15,0,0.466892342242384,0.98745918478472,0.753902558508963,0.742447388896332,2225293,13427974,NA,"confounded",TRUE,0.001,3000,80,5,5,100
1623100,"one_se",0.75,0.638942832873944,0.123332010442094,0.638089113244939,0.65415017859907,0.670083177165989,0.707601028848626,0.722929341156815,0.701525035078293,0.0160610653541313,0.497998585182428,0,499.519238765729,4.66293670342566e-15,0,0.564999360590397,0.984483365521588,0.753902558508963,0.742447388896332,2225293,13427974,NA,"confounded",TRUE,0.001,3000,80,5,5,100
1633001,"min",0.75,0.655274737314323,0.119850561750219,0.653473221578173,0.673748273436331,0.708265438582252,0.75223943275484,0.770006939150275,0.757936094120185,0.0202750518581583,0.629964747426649,0,196.210949514392,4.66293670342566e-15,0,0.516021281636881,0.986415113988436,0.761387402812375,0.807976503183437,2274436,13579409,NA,"high_signal",FALSE,0.001,3000,80,5,5,1
1633001,"one_se",0.75,0.629835942521943,0.119850561750219,0.628549966108119,0.653362662762705,0.693280262483475,0.738453247819998,0.763284978532463,0.749686630228395,0.0248126966545869,0.616675682887292,0,137.239872843214,2.66453525910038e-15,0,0.615324266088656,0.980939978494707,0.761387402812375,0.807976503183437,2274436,13579409,NA,"high_signal",FALSE,0.001,3000,80,5,5,1
1633002,"min",0.75,0.60111487184625,0.112945525731977,0.602056573335702,0.626199758411458,0.664207942522154,0.707334748717026,0.694404461232688,0.687251540229406,0.0241431850757562,0.611542184962532,0,872.066971399619,5.77315972805081e-15,0,0.564265851685786,0.985719669984831,0.744078840513625,0.760832784398408,2273847,13589639,NA,"high_signal",FALSE,0.001,3000,80,5,5,2
1633002,"one_se",0.75,0.575771841150698,0.112945525731977,0.576476895379068,0.606264935480227,0.650475230692868,0.692721673595128,0.685717287832315,0.677093074972407,0.0297880401011591,0.59744986188083,0,567.001099590357,3.33066907387547e-15,0,0.654729774555664,0.98189481294789,0.744078840513625,0.760832784398408,2273847,13589639,NA,"high_signal",FALSE,0.001,3000,80,5,5,2
1633003,"min",0.75,0.635988498593888,0.115027502762679,0.634222782620994,0.656583186140793,0.694419161750163,0.732804372071034,0.747087199909198,0.734415462410776,0.0223604035197994,0.628542383391226,0,273.173698661207,5.10702591327572e-15,0,0.461251009558533,0.990632639427273,0.752725301699499,0.775512528485671,2235967,13557233,NA,"high_signal",FALSE,0.001,3000,80,5,5,3
1633003,"one_se",0.75,0.608803991697903,0.115027502762679,0.607525581634613,0.634998260004827,0.67878732161653,0.717358330216501,0.738463703752569,0.724013715543569,0.0274726783702135,0.614482071625185,0,192.306167123246,4.44089209850063e-15,0,0.560288833254511,0.986809785808345,0.752725301699499,0.775512528485671,2235967,13557233,NA,"high_signal",FALSE,0.001,3000,80,5,5,3
1633004,"min",0.75,0.606592463807052,0.116388754116558,0.608038012166632,0.629164702391812,0.661062194444142,0.685349723746466,0.698700034661071,0.688188801327128,0.0211266902251804,0.601564996993055,0,118.896099023687,4.88498130835069e-15,0,0.634277395142072,0.981601816874907,0.74736796292856,0.724909411225903,2300773,13446086,NA,"high_signal",FALSE,0.001,3000,80,5,5,4
1633004,"one_se",0.75,0.581833207292268,0.116388754116558,0.583077281598034,0.610465608657956,0.649599476509918,0.673934738033349,0.691708401733543,0.679414620504057,0.0273883270599221,0.58828287166109,0,87.9433421941234,4.2188474935756e-15,0,0.723005899086501,0.976689239587594,0.74736796292856,0.724909411225903,2300773,13446086,NA,"high_signal",FALSE,0.001,3000,80,5,5,4
1633005,"min",0.75,0.621469476789179,0.115964564477615,0.621133216357223,0.64460304396332,0.682387600038257,0.708545371669114,0.725108640016033,0.714041267416489,0.023469827606097,0.616846563532335,0,189.16113708016,4.88498130835069e-15,0,0.524971955862603,0.985186374747862,0.745213292380568,0.746684433002748,2214820,13518439,NA,"high_signal",FALSE,0.001,3000,80,5,5,5
1633005,"one_se",0.75,0.596636374599279,0.115964564477615,0.596266487591528,0.625015084177607,0.668825757648071,0.696943412838499,0.718980543165284,0.706113201120062,0.0287485965860795,0.603791540850996,0,108.303891375062,3.99680288865056e-15,0,0.622694173859431,0.97958328634204,0.745213292380568,0.746684433002748,2214820,13518439,NA,"high_signal",FALSE,0.001,3000,80,5,5,5
1633006,"min",0.75,0.602282861038089,0.113820344470388,0.600800355107297,0.622228916061955,0.655793982277331,0.674778019680633,0.692256564347412,0.68215498677821,0.0214285609546575,0.610344651601121,0,222.723818530152,4.88498130835069e-15,0,0.612726513741489,0.9839246605301,0.741400645315117,0.706299609470468,2195623,13541405,NA,"high_signal",FALSE,0.001,3000,80,5,5,6
1633006,"one_se",0.75,0.578270504761128,0.113820344470388,0.576638116505667,0.60376472532718,0.643986023291004,0.663769574202169,0.686812103324671,0.675155416459742,0.0271266088215127,0.597216749319684,0,129.415225274662,4.88498130835069e-15,0,0.70492018287016,0.978585360849646,0.741400645315117,0.706299609470468,2195623,13541405,NA,"high_signal",FALSE,0.001,3000,80,5,5,6
1633007,"min",0.75,0.606744256943821,0.111971510260809,0.606406026243771,0.631383666852867,0.669541390675849,0.718552066461235,0.712323167745527,0.701161018229974,0.0249776406090958,0.60437956074575,0.000333333333333327,1001.001001001,5.32907051820075e-15,0,0.424994112974196,0.99189089922866,0.735722321682299,0.77330055461976,2280371,13612216,NA,"high_signal",FALSE,0.001,3000,80,5,5,7
1633007,"one_se",0.75,0.580979803797634,0.111971510260809,0.580163026686501,0.610586020973999,0.654439954993544,0.700946412322091,0.703803088954294,0.690528162813988,0.0304229942874982,0.590411249079431,0.000333333333333327,1001.001001001,3.99680288865056e-15,0,0.508387148441444,0.991437297690444,0.735722321682299,0.77330055461976,2280371,13612216,NA,"high_signal",FALSE,0.001,3000,80,5,5,7
1633008,"min",0.75,0.628471472889043,0.114265542201417,0.629296777085362,0.65262724770846,0.692742105328616,0.741185022798402,0.739003584210052,0.729570448665949,0.0233304706230975,0.632274412173471,0,774.180810923022,5.55111512312578e-15,0,0.564615980687022,0.985456834734618,0.751440101623945,0.803908712058278,2133689,13539699,NA,"high_signal",FALSE,0.001,3000,80,5,5,8
1633008,"one_se",0.75,0.603968208209596,0.114265542201417,0.604937527508944,0.633021424200026,0.678690307900469,0.72515815494092,0.731737822614273,0.7208420186962,0.0280838966910817,0.619215756450193,0,497.454387904501,4.2188474935756e-15,0,0.658395990670622,0.980221728551216,0.751440101623945,0.803908712058278,2133689,13539699,NA,"high_signal",FALSE,0.001,3000,80,5,5,8
1633009,"min",0.75,0.584273552808812,0.109697462136891,0.583392735965517,0.60319802783717,0.633888377697067,0.655528302198366,0.676092422985701,0.665802793038542,0.0198052918716523,0.607782153221398,0,558.807003557096,5.77315972805081e-15,0,0.625724194540138,0.986592709342778,0.731726108253152,0.643237106016099,2239162,13547757,NA,"high_signal",FALSE,0.001,3000,80,5,5,9
1633009,"one_se",0.75,0.562431714512089,0.109697462136891,0.562152004186444,0.586354602953171,0.621952657555444,0.646313061632448,0.66988349752931,0.658418870808074,0.0242025987667273,0.595278690060709,0,343.656750053158,3.33066907387547e-15,0,0.717830921896468,0.981699466911772,0.731726108253152,0.643237106016099,2239162,13547757,NA,"high_signal",FALSE,0.001,3000,80,5,5,9
1633010,"min",0.75,0.611322691460813,0.113763246488595,0.607894744595846,0.629162557728825,0.662668267737614,0.702200048257669,0.710412702765472,0.699901726806473,0.0212678131329793,0.611713617947628,0,648.680673996461,4.44089209850063e-15,0,0.527871139519764,0.991102957459731,0.745776631776334,0.752988647098867,2198942,13365054,NA,"high_signal",FALSE,0.001,3000,80,5,5,10
1633010,"one_se",0.75,0.587207746064653,0.113763246488595,0.583370533426958,0.609908090261984,0.649408377711183,0.687644795005556,0.704440781894235,0.692224964524304,0.0265375568350255,0.598146227777987,0,421.976734758481,3.33066907387547e-15,0,0.621520339208431,0.987747597833704,0.745776631776334,0.752988647098867,2198942,13365054,NA,"high_signal",FALSE,0.001,3000,80,5,5,10
1633011,"min",0.75,0.631152148457499,0.116364847283796,0.633027407066409,0.655331915399565,0.691906969703661,0.728386272670833,0.735508780261238,0.724055625906648,0.0223045083331562,0.62118420494101,0,259.169944988541,4.66293670342566e-15,0,0.472196078005284,0.988596874209006,0.749829706852133,0.775467824696252,2293931,13559131,NA,"high_signal",FALSE,0.001,3000,80,5,5,11
1633011,"one_se",0.75,0.60744673017192,0.116364847283796,0.609621517241313,0.636718325862554,0.678938312183995,0.71585154481955,0.729107635002277,0.715711861415824,0.0270968086212416,0.609087398751663,0,217.350098401629,3.99680288865056e-15,0,0.552931266521238,0.986072380785096,0.749829706852133,0.775467824696252,2293931,13559131,NA,"high_signal",FALSE,0.001,3000,80,5,5,11
1633012,"min",0.75,0.638330794671962,0.118346540738581,0.638725386839847,0.665194133473988,0.708877770730054,0.753634542278317,0.746523276242316,0.736464426240831,0.0264687466341403,0.622696405077758,0,315.857708839634,5.77315972805081e-15,0,0.486174402213538,0.989178436481114,0.756416816864979,0.807256083621607,2101930,13386867,NA,"high_signal",FALSE,0.001,3000,80,5,5,12
1633012,"one_se",0.75,0.614322725849946,0.118346540738581,0.614885878602494,0.645849901935578,0.694407579677765,0.739282100261021,0.738960635333024,0.727265386044133,0.0309640233330841,0.610621718167535,0,204.207828456132,3.99680288865056e-15,0,0.573151564841028,0.985227314107036,0.756416816864979,0.807256083621607,2101930,13386867,NA,"high_signal",FALSE,0.001,3000,80,5,5,12
1633013,"min",0.75,0.658279193956151,0.120186192405345,0.658317120070524,0.679042014946902,0.713862060153001,0.742775422281153,0.764254585080841,0.751941159441117,0.0207248948763784,0.626880597123617,0,352.707651693767,6.21724893790088e-15,0,0.518323348627988,0.983140486776864,0.763505820244034,0.785273815105957,2113971,13435825,NA,"high_signal",FALSE,0.001,3000,80,5,5,13
1633013,"one_se",0.75,0.634276218767037,0.120186192405345,0.634429912589533,0.6602174262234,0.701395175477692,0.733203635611574,0.756762325389055,0.743196176530607,0.025787513633867,0.614912082448843,0,216.29765786089,4.2188474935756e-15,0,0.602487355481694,0.978215213168156,0.763505820244034,0.785273815105957,2113971,13435825,NA,"high_signal",FALSE,0.001,3000,80,5,5,13
1633014,"min",0.75,0.661747778330846,0.120501402999309,0.659679590448645,0.682823525104691,0.724438805051497,0.748648304765312,0.78037333436684,0.767863312229323,0.0231439346560458,0.642615575281752,0,504.983527958689,5.10702591327572e-15,0,0.531408838154393,0.98269151664406,0.76325624726037,0.795104416575762,2260825,13473662,NA,"high_signal",FALSE,0.001,3000,80,5,5,14
1633014,"one_se",0.75,0.638286571891997,0.120501402999309,0.636645944827768,0.663995909131787,0.710739478122732,0.735467363815461,0.77386115855167,0.759897004850314,0.0273499643040181,0.63087245151154,0,355.526022929814,4.88498130835069e-15,0,0.621494542750717,0.977094245791656,0.76325624726037,0.795104416575762,2260825,13473662,NA,"high_signal",FALSE,0.001,3000,80,5,5,14
1633015,"min",0.75,0.615805188007986,0.115641906236498,0.617825546407117,0.643885821537532,0.683896018027678,0.723989466324819,0.715870196419646,0.7056167107412,0.0260602751304154,0.605568501461921,0,534.227387820592,5.10702591327572e-15,0,0.494877195551736,0.988917515827799,0.746509690517715,0.786982644925804,2247473,13599814,NA,"high_signal",FALSE,0.001,3000,80,5,5,15
1633015,"one_se",0.75,0.589126033761248,0.115641906236498,0.591071486740378,0.62137209576364,0.665286426899164,0.707378491274197,0.707046682651099,0.694829001332547,0.0303006090232623,0.591718204468902,0,354.461160262519,5.77315972805081e-15,0,0.590888086858929,0.985712650549184,0.746509690517715,0.786982644925804,2247473,13599814,NA,"high_signal",FALSE,0.001,3000,80,5,5,15
1633016,"min",0.75,0.623240435165977,0.117227232112759,0.620322209145371,0.640965154294145,0.67321693065731,0.705692196748835,0.718442156516,0.707729410326746,0.0206429451487736,0.609735252238461,0,312.23880253255,4.88498130835069e-15,0,0.568561048286356,0.985945295460678,0.75268772092937,0.74603519562326,2187071,13561945,NA,"high_signal",FALSE,0.001,3000,80,5,5,16
1633016,"one_se",0.75,0.596916182201341,0.117227232112759,0.594355696966936,0.620628690272988,0.659356520278113,0.692595514686207,0.710409558859087,0.698143943909122,0.0262729933060525,0.595805222646547,0,250.098763125251,4.2188474935756e-15,0,0.668351762679156,0.980261646503362,0.75268772092937,0.74603519562326,2187071,13561945,NA,"high_signal",FALSE,0.001,3000,80,5,5,16
1633017,"min",0.75,0.592831510061135,0.111898446729719,0.591861962915192,0.611164712890462,0.640897354508507,0.649802130271162,0.682565308924537,0.671576180604172,0.0193027499752698,0.606350651069314,0,191.520719650168,4.2188474935756e-15,0,0.596415086049117,0.987995110394784,0.737767461846227,0.644200010134594,2236233,13563445,NA,"high_signal",FALSE,0.001,3000,80,5,5,17
1633017,"one_se",0.75,0.568110011684842,0.111898446729719,0.567301094147316,0.59243112224199,0.629051547337177,0.643502849781364,0.674036796141302,0.661805003483324,0.0251300280946734,0.593038969003072,0,126.885631284917,4.44089209850063e-15,0,0.691124289428966,0.983497702637516,0.737767461846227,0.644200010134594,2236233,13563445,NA,"high_signal",FALSE,0.001,3000,80,5,5,17
1633018,"min",0.75,0.643775957249854,0.116358910887679,0.642707750991538,0.664539920741945,0.703033334095108,0.73967391961013,0.756136926159408,0.744740189999092,0.0218321697504074,0.638094343606683,0,299.723524529498,5.99520433297585e-15,0,0.537392429481036,0.984994854639696,0.759715713664564,0.802723459483693,2211927,13579343,NA,"high_signal",FALSE,0.001,3000,80,5,5,18
1633018,"one_se",0.75,0.621052785254914,0.116358910887679,0.620269487066422,0.646415525383075,0.690253460164604,0.727194487803726,0.749098788842768,0.736217360637772,0.0261460383166531,0.626399628955442,0,204.16058886675,4.2188474935756e-15,0,0.621372418417415,0.980718162154576,0.759715713664564,0.802723459483693,2211927,13579343,NA,"high_signal",FALSE,0.001,3000,80,5,5,18
1633019,"min",0.75,0.631795451542363,0.116550805877217,0.632954530424789,0.652690712834065,0.685290784330369,0.718729974726937,0.738464984700928,0.725852574603404,0.0197361824092754,0.622896540419541,0.000666666666666657,1001.001001001,5.32907051820075e-15,0,0.55679167863127,0.985412063863421,0.750637105872429,0.751656211465737,2203247,13528611,NA,"high_signal",FALSE,0.001,3000,80,5,5,19
1633019,"one_se",0.75,0.607247597472448,0.116550805877217,0.60862143242125,0.63287571687743,0.670750922898848,0.70408817039429,0.731550530900446,0.717235812279416,0.0242542844561803,0.609617199984512,0,977.44142639751,5.32907051820075e-15,0,0.6568593356666,0.979786627691509,0.750637105872429,0.751656211465737,2203247,13528611,NA,"high_signal",FALSE,0.001,3000,80,5,5,19
1633020,"min",0.75,0.612820739081213,0.112453764563577,0.611177736486458,0.633840262052892,0.669971381369017,0.70500501784086,0.710958477124562,0.699724184977218,0.0226625255664346,0.614541238058923,0,259.249722712216,7.105427357601e-15,0,0.528027701686611,0.98447551917522,0.744205768743617,0.75724201323011,2218279,13369401,NA,"high_signal",FALSE,0.001,3000,80,5,5,20
1633020,"one_se",0.75,0.583609700962134,0.112453764563577,0.580880240353876,0.610869765034994,0.655664021131165,0.689691577803569,0.702769461960124,0.689565757867881,0.0299895246811189,0.598983571445397,0,164.222184228886,4.10782519111308e-15,0,0.634942927237563,0.978811176698616,0.744205768743617,0.75724201323011,2218279,13369401,NA,"high_signal",FALSE,0.001,3000,80,5,5,20
1633021,"min",0.75,0.614268644276168,0.115810339196112,0.615367271463804,0.6408322959651,0.681323692815041,0.704805197052932,0.718816036692548,0.707677759941857,0.0254650245012963,0.613911367845632,0,510.339224919004,5.10702591327572e-15,0,0.549920799270127,0.988303711744758,0.74554507865974,0.741056638178469,2226001,13407735,NA,"high_signal",FALSE,0.001,3000,80,5,5,21
1633021,"one_se",0.75,0.591407680444533,0.115810339196112,0.591981201980107,0.622758194344824,0.669223819987458,0.694974071919374,0.711865240011877,0.699308888754582,0.0307769923647165,0.601554256462569,0,296.732174488102,3.99680288865056e-15,0,0.635658824851189,0.985342909774936,0.74554507865974,0.741056638178469,2226001,13407735,NA,"high_signal",FALSE,0.001,3000,80,5,5,21
1633022,"min",0.75,0.634377110130194,0.114359110532219,0.634950401054887,0.65762754842446,0.696224294525004,0.746522155871023,0.746432626947203,0.73546063775306,0.0226771473695727,0.629905232305299,0,431.873701637086,6.21724893790088e-15,0,0.504493229493337,0.986668088145405,0.754884180445661,0.816922381614358,2350564,13473062,NA,"high_signal",FALSE,0.001,3000,80,5,5,22
1633022,"one_se",0.75,0.609710452846128,0.114359110532219,0.610210739260118,0.637651817007969,0.68182913308277,0.728922290505777,0.737586259686508,0.724982071524279,0.0274410777478507,0.616843156022144,0,301.994873288541,4.88498130835069e-15,0,0.588402846988827,0.984104552350832,0.754884180445661,0.816922381614358,2350564,13473062,NA,"high_signal",FALSE,0.001,3000,80,5,5,22
1633023,"min",0.75,0.626344375434683,0.11508309946713,0.62430791510297,0.644225204432349,0.677124229229882,0.707110856782699,0.728781121844498,0.715895836795202,0.019917289329379,0.622895128927025,0,210.689690119928,5.10702591327572e-15,0,0.492759893693019,0.989455610982732,0.747425258403738,0.75275439871705,2271355,13655707,NA,"high_signal",FALSE,0.001,3000,80,5,5,23
1633023,"one_se",0.75,0.599640286194897,0.11508309946713,0.597584502246354,0.623304695271924,0.663291129103198,0.690533376088946,0.720505126132606,0.705830098121668,0.0257201930255702,0.608560136839664,0,164.845851972893,3.10862446895044e-15,0,0.59108448523823,0.985221189082188,0.747425258403738,0.75275439871705,2271355,13655707,NA,"high_signal",FALSE,0.001,3000,80,5,5,23
1633024,"min",0.75,0.646813001342324,0.116952977513539,0.649136453305447,0.668511713928342,0.701127035552152,0.744249686035071,0.752750395912135,0.740983509317924,0.0193752606228951,0.627331339915454,0,687.849072279618,5.32907051820075e-15,0,0.518327442462604,0.982654031643298,0.757632624452768,0.799796012862949,2198433,13447728,NA,"high_signal",FALSE,0.001,3000,80,5,5,24
1633024,"one_se",0.75,0.623516052211363,0.116952977513539,0.625644021981942,0.649552716061075,0.687853537656548,0.730450499585628,0.746286570521102,0.732819867864342,0.0239086940791324,0.61567464687895,0,448.805110319266,5.10702591327572e-15,0,0.598070524455766,0.97854880735449,0.757632624452768,0.799796012862949,2198433,13447728,NA,"high_signal",FALSE,0.001,3000,80,5,5,24
1633025,"min",0.75,0.586809702566364,0.111553402951735,0.589647462212547,0.611047917539247,0.642803362195937,0.677173434218383,0.676160772941479,0.667013427204271,0.0214004553266995,0.597402069508995,0,219.467877749542,4.88498130835069e-15,0,0.586326675920431,0.986448984523075,0.735997226743688,0.726301471057097,2293812,13510953,NA,"high_signal",FALSE,0.001,3000,80,5,5,25
1633025,"one_se",0.75,0.563456724766796,0.111553402951735,0.565539476773561,0.592414742109491,0.630115050988514,0.66406800973574,0.670064716128153,0.659080165070318,0.0268752653359293,0.583816858577674,0,152.677033707135,4.66293670342566e-15,0,0.672287803936459,0.983581267451264,0.735997226743688,0.726301471057097,2293812,13510953,NA,"high_signal",FALSE,0.001,3000,80,5,5,25
1633026,"min",0.75,0.645619260919662,0.11744184072464,0.646822189090851,0.671095654452786,0.712812685237236,0.75603864187582,0.756353580435191,0.745115211091351,0.0242734653619349,0.632167254689377,0,350.645266743984,4.88498130835069e-15,0,0.474134732854431,0.987095978516378,0.754929095883993,0.796012921811948,2268626,13406723,NA,"high_signal",FALSE,0.001,3000,80,5,5,26
1633026,"one_se",0.75,0.622144272184232,0.11744184072464,0.623508786705543,0.652115392377173,0.698780963418091,0.741438716293049,0.748467462831594,0.735817458106215,0.0286066056716299,0.619957772964722,0,220.83704890531,4.44089209850063e-15,0,0.553167327487623,0.984382631842546,0.754929095883993,0.796012921811948,2268626,13406723,NA,"high_signal",FALSE,0.001,3000,80,5,5,26
1633027,"min",0.75,0.584674804398823,0.111482897393073,0.585793715337275,0.604976361174811,0.634063922712936,0.649019331800413,0.668442223883934,0.660928567909001,0.0191826458375355,0.6025986445791,0,197.51254354792,5.99520433297585e-15,0,0.642632860608346,0.985068004203497,0.737199440844432,0.640727166748239,2237074,13534284,NA,"high_signal",FALSE,0.001,3000,80,5,5,27
1633027,"one_se",0.75,0.562322518156221,0.111482897393073,0.563415360042664,0.587504352041047,0.622101130420427,0.641774025169068,0.663492310653298,0.654356223562271,0.0240889919983829,0.589525845135526,0,119.778355310796,3.99680288865056e-15,0,0.734057276519295,0.979757338569945,0.737199440844432,0.640727166748239,2237074,13534284,NA,"high_signal",FALSE,0.001,3000,80,5,5,27
1633028,"min",0.75,0.642174335195582,0.120144205626023,0.643758756851766,0.666840719387252,0.703655750917464,0.727477566748535,0.745316657812618,0.733780207444626,0.0230819625354861,0.614639049996922,0,394.511073917638,3.99680288865056e-15,0,0.517909901999161,0.983545177064497,0.756009803909363,0.728538077188234,2241598,13426814,NA,"high_signal",FALSE,0.001,3000,80,5,5,28
1633028,"one_se",0.75,0.61609666523024,0.120144205626023,0.617314588582095,0.646563295825299,0.690704529561256,0.717107684631922,0.738485839307194,0.725031598741828,0.0292487072432047,0.601461632848163,0,235.038424458078,4.44089209850063e-15,0,0.6055826589014,0.979496206278264,0.756009803909363,0.728538077188234,2241598,13426814,NA,"high_signal",FALSE,0.001,3000,80,5,5,28
1633029,"min",0.75,0.593352912878313,0.11084070782397,0.593385198644724,0.613664042021539,0.644858468614038,0.669343836437764,0.687776859689203,0.676495663741122,0.0202788433768145,0.606031569610713,0,220.101487972465,4.2188474935756e-15,0,0.573479829699255,0.987122827972721,0.737568098567155,0.689472058011216,2247585,13389886,NA,"high_signal",FALSE,0.001,3000,80,5,5,29
1633029,"one_se",0.75,0.567576331167488,0.11084070782397,0.567516995731918,0.593391949454254,0.630893207976517,0.658329321011311,0.680062498335591,0.667073100223366,0.0258749537223361,0.591724516093318,0,159.816644414576,4.2188474935756e-15,0,0.662821107421879,0.984326876978369,0.737568098567155,0.689472058011216,2247585,13389886,NA,"high_signal",FALSE,0.001,3000,80,5,5,29
1633030,"min",0.75,0.616499059740052,0.112960677886945,0.61371756219143,0.635649053261491,0.670258028876334,0.689634988940397,0.721638837835684,0.708325910210753,0.0219314910700605,0.612109832904576,0,220.520477534932,4.88498130835069e-15,0,0.474729221384572,0.990234542404695,0.741693976248355,0.700577637082385,2230587,13375861,NA,"high_signal",FALSE,0.001,3000,80,5,5,30
1633030,"one_se",0.75,0.594129694589601,0.112960677886945,0.59155069762393,0.617996997273271,0.657651822409429,0.683239619813107,0.714342996735386,0.699359021260011,0.0264462996493412,0.599911503243545,0,174.673708838093,4.2188474935756e-15,0,0.555479931866305,0.987643425330497,0.741693976248355,0.700577637082385,2230587,13375861,NA,"high_signal",FALSE,0.001,3000,80,5,5,30
1633031,"min",0.75,0.640707184811408,0.11799666792228,0.639053817610474,0.660786314397427,0.697722013505408,0.734807028095054,0.747628594856269,0.737012881681166,0.0217324967869531,0.629569369648372,0,540.798048100916,5.77315972805081e-15,0,0.517789577512823,0.982728437954297,0.758825225954632,0.783602465567999,2137034,13464501,NA,"high_signal",FALSE,0.001,3000,80,5,5,31
1633031,"one_se",0.75,0.617413585892691,0.11799666792228,0.615706250912243,0.642370758719572,0.685433508475036,0.722982099716359,0.740828352440537,0.72893748438588,0.0266645078073294,0.617588461968169,0,383.82881889688,3.99680288865056e-15,0,0.598648295264082,0.97853389999943,0.758825225954632,0.783602465567999,2137034,13464501,NA,"high_signal",FALSE,0.001,3000,80,5,5,31
1633032,"min",0.75,0.619368450241601,0.114752807191258,0.621513846855523,0.641846029059276,0.675471387629273,0.697718358701524,0.721990862705923,0.710450674507356,0.0203321822037532,0.623181821999486,0,257.241129331084,3.99680288865056e-15,0,0.500917486825173,0.991347775905654,0.74469337805259,0.728235856887561,2224332,13634735,NA,"high_signal",FALSE,0.001,3000,80,5,5,32
1633032,"one_se",0.75,0.595883624034175,0.114752807191258,0.597820711108764,0.623520878573189,0.66372949576338,0.687280087991849,0.717046641274316,0.704053201786171,0.025700167464425,0.610064612796269,0,169.077428474505,5.77315972805081e-15,0,0.592983258986554,0.987510925254772,0.74469337805259,0.728235856887561,2224332,13634735,NA,"high_signal",FALSE,0.001,3000,80,5,5,32
1633033,"min",0.75,0.671818445428855,0.118509626110143,0.671508043709858,0.69599727255048,0.740779474513294,0.773400094070425,0.797947795961923,0.784067551142154,0.0244892288406222,0.646474332107957,0.000333333333333343,1001.001001001,4.44089209850063e-15,0,0.433459680102553,0.98816679165154,0.765010154656865,0.821911297864278,2289302,13529311,NA,"high_signal",FALSE,0.001,3000,80,5,5,33
1633033,"one_se",0.75,0.64803167967027,0.118509626110143,0.647992402289899,0.676695026883808,0.726695472507192,0.75959871550424,0.789648748611392,0.77427799659619,0.028702624593909,0.635304893256853,0.000333333333333343,1001.001001001,3.10862446895044e-15,0,0.516962191694558,0.984585515909718,0.765010154656865,0.821911297864278,2289302,13529311,NA,"high_signal",FALSE,0.001,3000,80,5,5,33
1633034,"min",0.75,0.613909487554789,0.115396955301074,0.612627234853733,0.634581369080697,0.668877961247818,0.69977585105509,0.709659203387869,0.699670909064946,0.0219541342269638,0.609709320495594,0,153.446884904982,5.77315972805081e-15,0,0.586462049496883,0.983105599807507,0.74588284637474,0.746329980462014,2310649,13417151,NA,"high_signal",FALSE,0.001,3000,80,5,5,34
1633034,"one_se",0.75,0.589589144507426,0.115396955301074,0.588333923935414,0.615445788411108,0.6555600216749,0.68744437167089,0.703068488479396,0.69128493864113,0.0271118644756935,0.596706258620614,0,115.221248041024,4.44089209850063e-15,0,0.679537419800549,0.97770677157931,0.74588284637474,0.746329980462014,2310649,13417151,NA,"high_signal",FALSE,0.001,3000,80,5,5,34
1633035,"min",0.75,0.662667762542119,0.121334958844084,0.661089955661263,0.686860451253068,0.731891717796855,0.783144194548085,0.777408498471113,0.766898676233594,0.0257704955918047,0.636019008362365,0,777.951405360028,4.88498130835069e-15,0,0.52733996054222,0.983464959687724,0.767674774256858,0.841480369280867,2313556,13353328,NA,"high_signal",FALSE,0.001,3000,80,5,5,35
1633035,"one_se",0.75,0.636869899908189,0.121334958844084,0.635612539157148,0.666380454419578,0.717370808851075,0.76694336623043,0.770225228250054,0.758113124323808,0.0307679152624298,0.623672132768785,0,402.611347174613,3.5527136788005e-15,0,0.62226025747345,0.977622919033546,0.767674774256858,0.841480369280867,2313556,13353328,NA,"high_signal",FALSE,0.001,3000,80,5,5,35
1633036,"min",0.75,0.59720851726611,0.113249840220821,0.600236344137781,0.621770882149299,0.654658877149071,0.672232755605878,0.687986166349498,0.678204900053278,0.0215345380115182,0.604308421163511,0,262.905943578313,4.44089209850063e-15,0,0.571835778139251,0.987970765434656,0.738459572032235,0.709483618327944,2320916,13511470,NA,"high_signal",FALSE,0.001,3000,80,5,5,36
1633036,"one_se",0.75,0.572957669660867,0.113249840220821,0.575254132400474,0.602754276074727,0.642458654567731,0.661939292023442,0.683131039928363,0.671367491466218,0.027500143674253,0.590799208335846,0,166.197826876091,3.99680288865056e-15,0,0.667729469246276,0.983565076377737,0.738459572032235,0.709483618327944,2320916,13511470,NA,"high_signal",FALSE,0.001,3000,80,5,5,36
1633037,"min",0.75,0.628774381784781,0.115788303658901,0.630003885187604,0.651727528849047,0.687577559909633,0.730000922667728,0.73899945795461,0.729188049031426,0.021723643661443,0.62268096024222,0.000333333333333345,1001.001001001,3.5527136788005e-15,0,0.508166708012565,0.990192785826882,0.750798660243809,0.777332804474172,2213832,13447326,NA,"high_signal",FALSE,0.001,3000,80,5,5,37
1633037,"one_se",0.75,0.6080777810637,0.115788303658901,0.609585141428724,0.634928795952302,0.674856733997589,0.718485496703559,0.733466637742641,0.72215770356979,0.0253436545235786,0.611719991406068,0.000333333333333345,1001.001001001,3.33066907387547e-15,0,0.591798990980937,0.987316982840447,0.750798660243809,0.777332804474172,2213832,13447326,NA,"high_signal",FALSE,0.001,3000,80,5,5,37
1633038,"min",0.75,0.608423130975995,0.111718596260094,0.607343025555586,0.624467689212434,0.652149703500124,0.667994108484293,0.711842653788143,0.697922128006704,0.0171246636568485,0.6178100130957,0.000333333333333335,1001.001001001,5.10702591327572e-15,0,0.525304737327917,0.990875762269394,0.739433801733238,0.67963561535629,2254285,13531443,NA,"high_signal",FALSE,0.001,3000,80,5,5,38
1633038,"one_se",0.75,0.583598421384115,0.111718596260094,0.582123501980798,0.60461762322826,0.638886690062819,0.65875863139456,0.702696298218474,0.687526214607854,0.0224941212474612,0.603719910605476,0.000333333333333335,1001.001001001,4.44089209850063e-15,0,0.62438305038335,0.987454499153318,0.739433801733238,0.67963561535629,2254285,13531443,NA,"high_signal",FALSE,0.001,3000,80,5,5,38
1633039,"min",0.75,0.613156538630613,0.113383891858583,0.615991730663944,0.636184370110058,0.667699024249698,0.714759177043667,0.714015935668009,0.70275497541375,0.0201926394461135,0.609481795587986,0.000333333333333344,1001.001001001,6.66133814775094e-15,0,0.506154215615823,0.988722855808375,0.739872968282923,0.769974233274164,2212446,13453748,NA,"high_signal",FALSE,0.001,3000,80,5,5,39
1633039,"one_se",0.75,0.589539101793887,0.113383891858583,0.59172992707839,0.617062306377477,0.654572381619142,0.699451166800765,0.706854018214282,0.693854789352251,0.0253323792990877,0.59689067710333,0.000333333333333344,1001.001001001,5.10702591327572e-15,0,0.593499390431119,0.986649469816542,0.739872968282923,0.769974233274164,2212446,13453748,NA,"high_signal",FALSE,0.001,3000,80,5,5,39
1633040,"min",0.75,0.639492527185938,0.119087792662986,0.643898983500333,0.66141879665017,0.690188174152124,0.700650884353471,0.73891601274236,0.726539318279338,0.017519813149838,0.621513945196619,0,190.65951692922,5.77315972805081e-15,0,0.527480067611975,0.984838873770468,0.753840814714481,0.726894039657021,2175906,13487853,NA,"high_signal",FALSE,0.001,3000,80,5,5,40
1633040,"one_se",0.75,0.614441067855825,0.119087792662986,0.618204695170865,0.641543337139021,0.67778517225995,0.690997929715224,0.733748704732362,0.719448965401583,0.0233386419681565,0.608283734733105,0,119.204517218759,6.66133814775094e-15,0,0.621381538261178,0.979537400859353,0.753840814714481,0.726894039657021,2175906,13487853,NA,"high_signal",FALSE,0.001,3000,80,5,5,40
1633041,"min",0.75,0.656381661957475,0.118714182005968,0.654684907565824,0.679459170536858,0.721988002465275,0.773504531434214,0.771633976782484,0.761362386736251,0.0247742629710336,0.631900093033674,0.000333333333333328,1001.001001001,6.21724893790088e-15,0,0.46621079761506,0.986751674560742,0.763055236857743,0.840208542774939,2106079,13476923,NA,"high_signal",FALSE,0.001,3000,80,5,5,41
1633041,"one_se",0.75,0.633181225264093,0.118714182005968,0.631575802505475,0.660624839883015,0.708163897318865,0.757628784483494,0.76395037550932,0.752087711072457,0.0290490373775403,0.620710797829358,0,836.229208231363,3.77475828372553e-15,0,0.541841591568949,0.983866758321842,0.763055236857743,0.840208542774939,2106079,13476923,NA,"high_signal",FALSE,0.001,3000,80,5,5,41
1633042,"min",0.75,0.65275103952169,0.118863987829756,0.652958295223359,0.676401882658181,0.716092743201013,0.766716386725437,0.772594827315258,0.760307353112625,0.0234435874348214,0.628672013682305,0.000333333333333337,1001.001001001,5.55111512312578e-15,0,0.446632463995717,0.988106320625949,0.757884858261503,0.824013194109909,2305365,13525567,NA,"high_signal",FALSE,0.001,3000,80,5,5,42
1633042,"one_se",0.75,0.6281749691278,0.118863987829756,0.628625937563501,0.656762737451413,0.701976484875309,0.750978843798613,0.764543705717533,0.750560716954659,0.0281367998879121,0.616406408417044,0,822.149886693839,3.99680288865056e-15,0,0.533965018011837,0.984506218949991,0.757884858261503,0.824013194109909,2305365,13525567,NA,"high_signal",FALSE,0.001,3000,80,5,5,42
1633043,"min",0.75,0.61553532584556,0.11524763075155,0.615038050202933,0.636695830339432,0.671132868990092,0.694634891002083,0.714857882264938,0.70306450333788,0.0216577801364992,0.613907654846418,0,885.425544763265,6.21724893790088e-15,0,0.535646611176932,0.989755767833424,0.743842826372115,0.71870272960476,2320059,13435173,NA,"high_signal",FALSE,0.001,3000,80,5,5,43
1633043,"one_se",0.75,0.590667423824332,0.11524763075155,0.590248868770934,0.617045449232958,0.657312735978657,0.684473595826412,0.708811695745658,0.694902710821887,0.0267965804620239,0.600431922915744,0,494.050101869091,5.32907051820075e-15,0,0.632037332586018,0.986435759445083,0.743842826372115,0.71870272960476,2320059,13435173,NA,"high_signal",FALSE,0.001,3000,80,5,5,43
1633044,"min",0.75,0.636399248535992,0.117334496010725,0.63949604808587,0.661713244174365,0.698543898900304,0.739947831886054,0.739212133016194,0.728692076746043,0.0222171960884957,0.623742510827091,0,492.528101539987,4.44089209850063e-15,0,0.484489487047951,0.986919848437735,0.752709793980674,0.787812504273584,2253754,13666716,NA,"high_signal",FALSE,0.001,3000,80,5,5,44
1633044,"one_se",0.75,0.613221566327623,0.117334496010725,0.615915297545741,0.643149072184029,0.686012742796811,0.728573791343298,0.733832310394014,0.721864886941433,0.0272337746382877,0.611486915953302,0,300.688553054889,5.32907051820075e-15,0,0.568600198954246,0.983139080580385,0.752709793980674,0.787812504273584,2253754,13666716,NA,"high_signal",FALSE,0.001,3000,80,5,5,44
1633045,"min",0.75,0.599930736735654,0.114086462835586,0.598119564912145,0.622059931991112,0.658080074474523,0.703286964209907,0.693053218198135,0.685238400124169,0.0239403670789675,0.600731093619846,0,817.599225243234,4.2188474935756e-15,0,0.567789695564435,0.988862118484198,0.742455481428358,0.769649201257758,2179722,13593490,NA,"high_signal",FALSE,0.001,3000,80,5,5,45
1633045,"one_se",0.75,0.575457896550394,0.114086462835586,0.574071596333517,0.603320326604619,0.644978736240764,0.689838097881745,0.685997851480967,0.676452393939499,0.0292487302711021,0.587506557035552,0,345.740764619941,3.5527136788005e-15,0,0.664718084643037,0.984251663381745,0.742455481428358,0.769649201257758,2179722,13593490,NA,"high_signal",FALSE,0.001,3000,80,5,5,45
1633046,"min",0.75,0.642419272591132,0.119863187447811,0.640249567585575,0.663117010109794,0.69911448666143,0.654850052137549,0.747246066186871,0.733916541885023,0.0228674425242189,0.611526816256194,0,316.52628773712,4.88498130835069e-15,0,0.487277284655936,0.988245625127192,0.754932713842591,0.607534354795685,2212814,13482568,NA,"high_signal",FALSE,0.001,3000,80,5,5,46
1633046,"one_se",0.75,0.617817425190879,0.119863187447811,0.615955323266049,0.643946806479788,0.685801025303112,0.661678119992478,0.739342106674534,0.724466733315536,0.0279914832137386,0.599238286718267,0,208.691926407719,4.44089209850063e-15,0,0.571783769951715,0.985494037815081,0.754932713842591,0.607534354795685,2212814,13482568,NA,"high_signal",FALSE,0.001,3000,80,5,5,46
1633047,"min",0.75,0.637574348208524,0.117489485783134,0.637186646853418,0.659647354507933,0.696350712665857,0.73326391291379,0.740070525423291,0.729710886950767,0.0224607076545148,0.620365717837588,0,626.457262023694,6.66133814775094e-15,0,0.543699866843297,0.984112510364909,0.756579967503379,0.7834059860815,2331768,13509074,NA,"high_signal",FALSE,0.001,3000,80,5,5,47
1633047,"one_se",0.75,0.613933396674122,0.117489485783134,0.614060100039778,0.6414431290593,0.684021891640925,0.721715623662827,0.732704955435206,0.720997816610758,0.0273830290195221,0.608600231743165,0,412.896671783341,4.88498130835069e-15,0,0.626569842276479,0.980212049520613,0.756579967503379,0.7834059860815,2331768,13509074,NA,"high_signal",FALSE,0.001,3000,80,5,5,47
1633048,"min",0.75,0.634933950730751,0.114817114375914,0.633937398664837,0.65404772461584,0.687755200635969,0.710016882146071,0.744753420854834,0.730956499462499,0.0201103259510029,0.626325765556345,0.000333333333333339,1001.001001001,3.99680288865056e-15,0,0.488432817680899,0.991152515785588,0.750051034741834,0.739206100745272,2276700,13546269,NA,"high_signal",FALSE,0.001,3000,80,5,5,48
1633048,"one_se",0.75,0.609899405944016,0.114817114375914,0.608967732934915,0.634034014432144,0.673800949955349,0.698482484645781,0.737012383941149,0.721703803253542,0.0250662814972292,0.61337285655085,0,704.576481875668,3.5527136788005e-15,0,0.586726414160742,0.98732991829739,0.750051034741834,0.739206100745272,2276700,13546269,NA,"high_signal",FALSE,0.001,3000,80,5,5,48
1633049,"min",0.75,0.670479088380677,0.123651155769732,0.668450820366422,0.693286203255704,0.736480138340794,0.756243876537706,0.787110807435814,0.77417669990883,0.0248353828892816,0.634931179250724,0.000333333333333343,1001.001001001,4.88498130835069e-15,0,0.554680277865265,0.97731855424377,0.771859995441828,0.812093388083701,2289913,13434844,NA,"high_signal",FALSE,0.001,3000,80,5,5,49
1633049,"one_se",0.75,0.649509508457672,0.123651155769732,0.647487564264435,0.676665554681022,0.725175018447977,0.746270480148593,0.780966345457741,0.766814540074028,0.0291779904165869,0.624418244577151,0,794.859185420112,3.77475828372553e-15,0,0.631479591092815,0.971504936549327,0.771859995441828,0.812093388083701,2289913,13434844,NA,"high_signal",FALSE,0.001,3000,80,5,5,49
1633050,"min",0.75,0.611985436395061,0.113772996956521,0.611936077446322,0.633109159555909,0.667106918143598,0.695343607764871,0.710558577762556,0.699658978909307,0.0211730821095873,0.616226944487493,0,398.162524530228,5.32907051820075e-15,0,0.559464903870997,0.986027359172349,0.746656635083484,0.749020668720747,2275142,13479120,NA,"high_signal",FALSE,0.001,3000,80,5,5,50
1633050,"one_se",0.75,0.588126188774411,0.113772996956521,0.587311641659553,0.614384597539589,0.655507841376628,0.684008587000648,0.70465045185756,0.69220685524857,0.0270729558800367,0.603013716418893,0,333.972911944858,3.99680288865056e-15,0,0.649517398651952,0.981431657655214,0.746656635083484,0.749020668720747,2275142,13479120,NA,"high_signal",FALSE,0.001,3000,80,5,5,50
1633051,"min",0.75,0.636442540147284,0.116176664562036,0.637132951234242,0.658313419011719,0.6942699797454,0.731513590248401,0.748806102856431,0.73665918309204,0.0211804677774771,0.629304002511427,0,859.774972721134,5.32907051820075e-15,0,0.469146981970261,0.991954957222157,0.754948370538446,0.784686607687661,2160702,13570962,NA,"high_signal",FALSE,0.001,3000,80,5,5,51
1633051,"one_se",0.75,0.611169451273006,0.116176664562036,0.612117881116093,0.637880441154213,0.679280266477809,0.717247047614096,0.740091254222645,0.726473609786388,0.0257625600381202,0.616413861726755,0,371.889137919652,3.99680288865056e-15,0,0.567979810280616,0.98788350243257,0.754948370538446,0.784686607687661,2160702,13570962,NA,"high_signal",FALSE,0.001,3000,80,5,5,51
1633052,"min",0.75,0.593281272041421,0.113367901598463,0.59176470339147,0.613302444334024,0.64542734660663,0.657389688323706,0.687879500947905,0.674533805879146,0.0215377409425546,0.598645544607276,0,324.380484685653,5.99520433297585e-15,0,0.56577115158176,0.990158095205093,0.733545006478297,0.63422966581215,2204327,13433332,NA,"high_signal",FALSE,0.001,3000,80,5,5,52
1633052,"one_se",0.75,0.569168899252801,0.113367901598463,0.56791578888945,0.594500957425404,0.632032387997591,0.64707450469125,0.680345075147772,0.665387445754693,0.0265851685359546,0.585362154172979,0,211.887505258656,3.99680288865056e-15,0,0.658004446943276,0.986722039566953,0.733545006478297,0.63422966581215,2204327,13433332,NA,"high_signal",FALSE,0.001,3000,80,5,5,52
1633053,"min",0.75,0.594934549390638,0.111298026240484,0.597601475804306,0.615129314083688,0.643065480518228,0.680965124200135,0.68645845573996,0.676945546649262,0.0175278382793814,0.614467788535699,0,179.671401167949,4.66293670342566e-15,0,0.590247219324379,0.988844916787554,0.739074345882038,0.739561643957825,2235013,13555850,NA,"high_signal",FALSE,0.001,3000,80,5,5,53
1633053,"one_se",0.75,0.571720278279208,0.111298026240484,0.574369028566075,0.59651646476222,0.629833375803105,0.667379933472995,0.681480873990008,0.670234478556276,0.0221474361961448,0.600690582339384,0,139.179655743466,3.99680288865056e-15,0,0.683620257409051,0.985554313594698,0.739074345882038,0.739561643957825,2235013,13555850,NA,"high_signal",FALSE,0.001,3000,80,5,5,53
1633054,"min",0.75,0.58736923297281,0.112250342748703,0.58745467837618,0.607640614495631,0.637680950555642,0.675614370589031,0.674267930630467,0.665786915944212,0.0201859361194515,0.598100053148965,0,375.792567314099,5.77315972805081e-15,0,0.582957532246927,0.98669173012852,0.733389123646337,0.743815583328162,2278446,13416220,NA,"high_signal",FALSE,0.001,3000,80,5,5,54
1633054,"one_se",0.75,0.564471115015113,0.112250342748703,0.564926310444016,0.589851503996143,0.624907753374642,0.662538072384223,0.669510910664243,0.658928466219132,0.0249251935521273,0.584451584785052,0,226.736763445661,3.99680288865056e-15,0,0.671580165661679,0.983231370200718,0.733389123646337,0.743815583328162,2278446,13416220,NA,"high_signal",FALSE,0.001,3000,80,5,5,54
1633055,"min",0.75,0.660472161452924,0.120059139431272,0.661375594406848,0.683631062446149,0.721839372013781,0.748953288549217,0.783040490637691,0.767360440006076,0.0222554680393008,0.631920648690185,0.000333333333333347,1001.001001001,4.88498130835069e-15,0,0.459013694015165,0.989181791691347,0.763282076399523,0.783147986205119,2179602,13422191,NA,"high_signal",FALSE,0.001,3000,80,5,5,55
1633055,"one_se",0.75,0.635088078193944,0.120059139431272,0.635755254215226,0.662919128071,0.707045122102695,0.734314005241115,0.774894645880066,0.757389553464819,0.0271638738557747,0.618965855026516,0,524.656264036382,3.99680288865056e-15,0,0.551800672401754,0.985651945395775,0.763282076399523,0.783147986205119,2179602,13422191,NA,"high_signal",FALSE,0.001,3000,80,5,5,55
1633056,"min",0.75,0.632077661760554,0.117145061547492,0.62942736124595,0.653442797083035,0.691643651871022,0.710093482338056,0.739763097288773,0.727304285711818,0.0240154358370852,0.614000841326155,0,643.077707586584,4.44089209850063e-15,0,0.522408977809154,0.985866796693864,0.754707341708426,0.714618436497804,2197803,13535971,NA,"high_signal",FALSE,0.001,3000,80,5,5,56
1633056,"one_se",0.75,0.607253858752479,0.117145061547492,0.604388274724227,0.633600654865953,0.677573765698505,0.700415323873983,0.730811307536226,0.717060704680201,0.0292123801417264,0.600844651681117,0,427.036151302949,3.99680288865056e-15,0,0.611402171427788,0.981922448758456,0.754707341708426,0.714618436497804,2197803,13535971,NA,"high_signal",FALSE,0.001,3000,80,5,5,56
1633057,"min",0.75,0.627579314692395,0.114134817224586,0.630024232333366,0.649491272841184,0.681636013732712,0.70181736379769,0.731028951199029,0.71819692620522,0.0194670405078186,0.622817891961678,0,834.206730051884,6.21724893790088e-15,0,0.48830874237845,0.989290700374407,0.748332362912132,0.724767284593463,2247176,13430902,NA,"high_signal",FALSE,0.001,3000,80,5,5,57
1633057,"one_se",0.75,0.604455629307222,0.114134817224586,0.60617801797732,0.630367685334816,0.668332684832336,0.691152290345866,0.72558473176634,0.710797929033176,0.0241896673574961,0.610814946302881,0,578.97464460986,4.2188474935756e-15,0,0.574810088922003,0.986419087574445,0.748332362912132,0.724767284593463,2247176,13430902,NA,"high_signal",FALSE,0.001,3000,80,5,5,57
1633058,"min",0.75,0.614629267037501,0.115516002235351,0.616634376296521,0.638763774870627,0.673919808080664,0.697502033391555,0.714490128884553,0.702851266379148,0.0221293985741058,0.613699366751896,0,482.535042227342,5.77315972805081e-15,0,0.561246184239589,0.985055022878646,0.746196799126054,0.747974853959448,2287737,13399815,NA,"high_signal",FALSE,0.001,3000,80,5,5,58
1633058,"one_se",0.75,0.590386284963731,0.115516002235351,0.59209527755586,0.619618726378963,0.661020453082682,0.685574849046,0.706894778056106,0.693811963346069,0.0275234488231023,0.600676405787434,0,272.772376775218,4.88498130835069e-15,0,0.655026552764109,0.979367413491247,0.746196799126054,0.747974853959448,2287737,13399815,NA,"high_signal",FALSE,0.001,3000,80,5,5,58
1633059,"min",0.75,0.62011100998175,0.117176576375214,0.62111378511296,0.642546315074249,0.676082175916156,0.715936537785459,0.721074485259614,0.710819432003931,0.021432529961289,0.610093552892535,0.000333333333333329,1001.001001001,5.32907051820075e-15,0,0.540314911259209,0.987636226394042,0.750049025882413,0.783759003137595,2276739,13538943,NA,"high_signal",FALSE,0.001,3000,80,5,5,59
1633059,"one_se",0.75,0.598178796751698,0.117176576375214,0.598773719630352,0.624757214396887,0.663403906890244,0.701565503749161,0.713169332242151,0.701544679915728,0.0259834947665344,0.597966587006018,0.000333333333333329,1001.001001001,3.99680288865056e-15,0,0.624516388588472,0.984032210455668,0.750049025882413,0.783759003137595,2276739,13538943,NA,"high_signal",FALSE,0.001,3000,80,5,5,59
1633060,"min",0.75,0.630100119772874,0.117122859281398,0.629664888446176,0.651241271843748,0.684986704534819,0.70531844157798,0.731699585582136,0.71900315238427,0.0215763833975713,0.60998418123152,0,573.680265665906,5.77315972805081e-15,0,0.472213537407949,0.990515803119049,0.751191955696598,0.760115493123982,2276598,13486792,NA,"high_signal",FALSE,0.001,3000,80,5,5,60
1633060,"one_se",0.75,0.6022244661765,0.117122859281398,0.601442039713294,0.629506987238434,0.670757300913006,0.694592256907812,0.72261346892866,0.708161729216033,0.0280649475251398,0.595111566495025,0,333.614736453967,3.99680288865056e-15,0,0.575067741866394,0.986213840648223,0.751191955696598,0.760115493123982,2276598,13486792,NA,"high_signal",FALSE,0.001,3000,80,5,5,60
1633061,"min",0.75,0.596866271507157,0.112586564418312,0.594770053503519,0.614482463147797,0.644404353271384,0.655251335543685,0.691946613698778,0.679486695589062,0.0197124096442779,0.602847028436569,0,751.653826167965,3.77475828372553e-15,0,0.565618850794156,0.990551392007978,0.73745491496094,0.649154447450163,2241882,13567464,NA,"high_signal",FALSE,0.001,3000,80,5,5,61
1633061,"one_se",0.75,0.571912846360783,0.112586564418312,0.570106617717294,0.595391545318325,0.63165524650021,0.648844891281771,0.684707790089887,0.670718296444024,0.0252849276010312,0.589187799939265,0,347.191886440729,3.33066907387547e-15,0,0.666637936271558,0.986063590821313,0.73745491496094,0.649154447450163,2241882,13567464,NA,"high_signal",FALSE,0.001,3000,80,5,5,61
1633062,"min",0.75,0.614119508564124,0.116879949763798,0.615048787558872,0.636266605959203,0.669889444900015,0.692604109569273,0.70172012388635,0.692947961784223,0.021217818400331,0.61310058214031,0,259.437755155803,5.10702591327572e-15,0,0.605119447090969,0.977341326494961,0.751676040882306,0.7448908632191,2301541,13573314,NA,"high_signal",FALSE,0.001,3000,80,5,5,62
1633062,"one_se",0.75,0.591061798995868,0.116879949763798,0.591432567465168,0.618058558312323,0.658069102850526,0.682649075581889,0.695216690952497,0.685313485457503,0.0266259908471543,0.600429543745382,0,207.726892554662,3.77475828372553e-15,0,0.68644948055287,0.971893183050047,0.751676040882306,0.7448908632191,2301541,13573314,NA,"high_signal",FALSE,0.001,3000,80,5,5,62
1633063,"min",0.75,0.631584982564493,0.117769248276001,0.632397191116959,0.658145151621984,0.701143578697196,0.743351183160376,0.739740119895126,0.729582926434596,0.0257479605050246,0.625464531136664,0,778.618840533568,3.99680288865056e-15,0,0.519627443150602,0.98840394295497,0.755454128587778,0.806623686635183,2233003,13521456,NA,"high_signal",FALSE,0.001,3000,80,5,5,63
1633063,"one_se",0.75,0.605183417947606,0.117769248276001,0.606202172695441,0.637299491791535,0.686279418767407,0.726467632782709,0.731476499690729,0.719605011201963,0.0310973190960935,0.611658484506995,0,422.640017922105,3.77475828372553e-15,0,0.617251833642861,0.983923381749588,0.755454128587778,0.806623686635183,2233003,13521456,NA,"high_signal",FALSE,0.001,3000,80,5,5,63
1633064,"min",0.75,0.623474971793787,0.116600460087543,0.623303593143299,0.64602630060551,0.681117421859102,0.714717679598941,0.722538136328708,0.711544402047342,0.0227227074622116,0.606967606765676,0,464.823849182726,5.10702591327572e-15,0,0.572228304725322,0.981178476707144,0.751496947762282,0.781061862811725,2206847,13528588,NA,"high_signal",FALSE,0.001,3000,80,5,5,64
1633064,"one_se",0.75,0.596367006478545,0.116600460087543,0.596125185630714,0.624819496131467,0.666558667977749,0.69921010380874,0.71367294902327,0.700853149885196,0.0286943105007533,0.59260412030499,0,244.747604612993,3.5527136788005e-15,0,0.668803870777675,0.975521851479312,0.751496947762282,0.781061862811725,2206847,13528588,NA,"high_signal",FALSE,0.001,3000,80,5,5,64
1633065,"min",0.75,0.615132833885902,0.114631395152112,0.614559094850682,0.636585410030212,0.672236632292711,0.705965231369668,0.714376297630497,0.704477042594005,0.022026315179529,0.618112767007995,0,439.009517910757,4.88498130835069e-15,0,0.58231387802309,0.987261654622,0.749731966873818,0.766280619841081,2122809,13458043,NA,"high_signal",FALSE,0.001,3000,80,5,5,65
1633065,"one_se",0.75,0.590697785997599,0.114631395152112,0.590044268329095,0.617141756375617,0.658629383644487,0.691623674993585,0.708104157083068,0.696401488157531,0.0270974880465223,0.60490715920046,0,248.153743433143,4.2188474935756e-15,0,0.675763217711628,0.982899557665586,0.749731966873818,0.766280619841081,2122809,13458043,NA,"high_signal",FALSE,0.001,3000,80,5,5,65
1633066,"min",0.75,0.616562015470906,0.113538498912999,0.617196232659821,0.639527467816426,0.675501022758196,0.705667887768223,0.719987555694671,0.710082109894511,0.0223312351566046,0.61699141496048,0.000333333333333346,1001.001001001,5.55111512312578e-15,0,0.51564729506185,0.987257480245586,0.745442902308659,0.751268316356311,2184150,13444347,NA,"high_signal",FALSE,0.001,3000,80,5,5,66
1633066,"one_se",0.75,0.592625592717734,0.113538498912999,0.593156657817735,0.620245639464419,0.661543520818949,0.692383497919539,0.713554204671139,0.701957491869484,0.0270889816466839,0.603886178457939,0,627.421029748248,3.77475828372553e-15,0,0.604968299354516,0.984068989758658,0.745442902308659,0.751268316356311,2184150,13444347,NA,"high_signal",FALSE,0.001,3000,80,5,5,66
1633067,"min",0.75,0.660224689043609,0.119823023972753,0.660515846887282,0.684290998366851,0.724980863752617,0.779260490311833,0.773662085710836,0.764132991442363,0.0237751514795692,0.631192968905371,0,732.161518866202,4.44089209850063e-15,0,0.500714858611536,0.982389774577092,0.764404428797399,0.839522283218052,2249677,13555913,NA,"high_signal",FALSE,0.001,3000,80,5,5,67
1633067,"one_se",0.75,0.638440441881085,0.119823023972753,0.6389372644706,0.666590433122239,0.711852968372729,0.765284145055538,0.766830343257,0.755747369549366,0.0276531686516387,0.620751536750489,0,428.917150979121,3.77475828372553e-15,0,0.578032361215682,0.977968680239477,0.764404428797399,0.839522283218052,2249677,13555913,NA,"high_signal",FALSE,0.001,3000,80,5,5,67
1633068,"min",0.75,0.59684800683651,0.113113011890927,0.597081769096331,0.618846197950608,0.65124917099429,0.663264868583248,0.685300305083076,0.677153754867589,0.0217644288542771,0.598200613437635,0,434.795962076602,5.32907051820075e-15,0,0.540370866725914,0.986085668031091,0.736489947830007,0.689651822497288,2247344,13560493,NA,"high_signal",FALSE,0.001,3000,80,5,5,68
1633068,"one_se",0.75,0.571732929520327,0.113113011890927,0.571726393473951,0.599430865626655,0.638387890282516,0.658658804791537,0.679248706265738,0.669000639444766,0.0277044721527043,0.58440068886745,0,264.997538914632,3.5527136788005e-15,0,0.626810473624049,0.98329930863949,0.736489947830007,0.689651822497288,2247344,13560493,NA,"high_signal",FALSE,0.001,3000,80,5,5,68
1633069,"min",0.75,0.611929250400962,0.112616721530675,0.609698591006774,0.631633864800517,0.667996352927455,0.701154442101137,0.712118511346733,0.701794312996764,0.0219352737937426,0.623737291603276,0,278.676073917094,6.88338275267597e-15,0,0.564000567468183,0.985418650476313,0.742146242800629,0.752149955613629,2249098,13482790,NA,"high_signal",FALSE,0.001,3000,80,5,5,69
1633069,"one_se",0.75,0.586642783280135,0.112616721530675,0.58560461536935,0.612629984666121,0.655073505515869,0.688631531568261,0.70409174950692,0.692412630872077,0.0270253692967717,0.610971627158987,0,186.800116041703,4.2188474935756e-15,0,0.655301637853504,0.980923925331462,0.742146242800629,0.752149955613629,2249098,13482790,NA,"high_signal",FALSE,0.001,3000,80,5,5,69
1633070,"min",0.75,0.628654254281883,0.117424934417024,0.631876921700146,0.652986355563519,0.68727730393133,0.725049313575143,0.731915956375053,0.721473266183893,0.0211094338633726,0.618965916601736,0,316.281606121398,5.32907051820075e-15,0,0.516477801070565,0.987811265422996,0.753296290790698,0.763310130220869,2247342,13584195,NA,"high_signal",FALSE,0.001,3000,80,5,5,70
1633070,"one_se",0.75,0.606893484590145,0.117424934417024,0.61004965765706,0.636178134089861,0.676588180023774,0.714003851748384,0.726657480052042,0.714966202010285,0.0261284764328009,0.607318054212284,0,219.722772485199,3.5527136788005e-15,0,0.596165689657732,0.98454190196425,0.753296290790698,0.763310130220869,2247342,13584195,NA,"high_signal",FALSE,0.001,3000,80,5,5,70
1633071,"min",0.75,0.66268054533699,0.120375664384659,0.660989005899438,0.682877435312714,0.720203400471721,0.750488643726088,0.779486803701299,0.765706357218588,0.0218884294132758,0.630352896936968,0,413.973348670875,4.88498130835069e-15,0,0.440992932032535,0.989005556699906,0.76350784025911,0.801950349400082,2220838,13514179,NA,"high_signal",FALSE,0.001,3000,80,5,5,71
1633071,"one_se",0.75,0.640779863643589,0.120375664384659,0.639160577437077,0.665163562869994,0.70742497176348,0.739726066593877,0.7724109929532,0.757422683222074,0.0260029854329167,0.61908421382039,0,312.685859009612,4.44089209850063e-15,0,0.518803780441921,0.986125532515079,0.76350784025911,0.801950349400082,2220838,13514179,NA,"high_signal",FALSE,0.001,3000,80,5,5,71
1633072,"min",0.75,0.643985725404847,0.11664430863581,0.641570315908424,0.665072833285923,0.705545376534558,0.75360814019367,0.752103341667907,0.743302574609616,0.0235025173774994,0.632630010077733,0,566.199062972058,6.21724893790088e-15,0,0.515376353198163,0.985143469033928,0.759269812645199,0.820130042176882,2333030,13520204,NA,"high_signal",FALSE,0.001,3000,80,5,5,72
1633072,"one_se",0.75,0.622712086784362,0.11664430863581,0.620462052200903,0.648033997201801,0.693353369114154,0.740114496774762,0.745236333079808,0.735000297329418,0.0275719450008975,0.6217389646875,0,405.093961185461,4.44089209850063e-15,0,0.585563080848949,0.982256068736506,0.759269812645199,0.820130042176882,2333030,13520204,NA,"high_signal",FALSE,0.001,3000,80,5,5,72
1633073,"min",0.75,0.597205084814491,0.112065554029789,0.596815965417081,0.621489174251336,0.659295019194332,0.699949673054827,0.692075229317147,0.682302490292401,0.0246732088342558,0.605096310801694,0,601.292220263279,5.55111512312578e-15,0,0.495838352247746,0.992479813663397,0.738018591231343,0.760740698071267,2310852,13451363,NA,"high_signal",FALSE,0.001,3000,80,5,5,73
1633073,"one_se",0.75,0.573034391910278,0.112065554029789,0.572403325386367,0.602660970434161,0.646568607257947,0.686559834003934,0.685741523487004,0.673900466044125,0.0302576450477937,0.59202413468628,0,295.060037606783,3.99680288865056e-15,0,0.584209581921809,0.99039946253848,0.738018591231343,0.760740698071267,2310852,13451363,NA,"high_signal",FALSE,0.001,3000,80,5,5,73
1633074,"min",0.75,0.63460246674926,0.114753241387889,0.635732710229121,0.658208255772558,0.696723133083612,0.732865269626592,0.745088592308298,0.732803496689919,0.0224755455434362,0.631490576855685,0.000333333333333343,1001.001001001,5.10702591327572e-15,0,0.465288917707462,0.989666313092645,0.752608357913583,0.787293105560545,2214096,13456427,NA,"high_signal",FALSE,0.001,3000,80,5,5,74
1633074,"one_se",0.75,0.606999261229473,0.114753241387889,0.607993140425353,0.636611429029734,0.682883260086835,0.71960592279929,0.736958057454913,0.722854031530439,0.0286182886043811,0.617862960644988,0,768.285660927739,4.2188474935756e-15,0,0.557107473258849,0.986906140508734,0.752608357913583,0.787293105560545,2214096,13456427,NA,"high_signal",FALSE,0.001,3000,80,5,5,74
1633075,"min",0.75,0.589039128863989,0.112591215327495,0.591109059805079,0.611222342450329,0.640252062040285,0.664023670094482,0.677365798995486,0.666250603543622,0.0201132826452498,0.590719294092281,0,318.612449132196,5.77315972805081e-15,0,0.601208618752525,0.97839966362605,0.728825863161374,0.714116964787974,2275266,13530250,NA,"high_signal",FALSE,0.001,3000,80,5,5,75
1633075,"one_se",0.75,0.56604899693786,0.112591215327495,0.567125091915661,0.593016299708846,0.628432446472612,0.651210690697582,0.670920218997871,0.657935493152135,0.0258912077931853,0.577681862473223,0,156.210841339319,3.77475828372553e-15,0,0.682042381703927,0.97544138721286,0.728825863161374,0.714116964787974,2275266,13530250,NA,"high_signal",FALSE,0.001,3000,80,5,5,75
1633076,"min",0.75,0.643479901100292,0.117436728661946,0.643103768129731,0.666741148963288,0.705537627681062,0.753179461478889,0.758794606731977,0.746618825040822,0.0236373808335568,0.621401255609977,0,403.926236356494,5.32907051820075e-15,0,0.435015338688946,0.990780604194576,0.755121111356228,0.816613948223821,2262064,13611967,NA,"high_signal",FALSE,0.001,3000,80,5,5,76
1633076,"one_se",0.75,0.620562141369837,0.117436728661946,0.62034819759344,0.648159764924425,0.691638031098981,0.739280813396848,0.751255417796076,0.737586114551184,0.027811567330985,0.609880315840223,0,275.327009362692,5.77315972805081e-15,0,0.516059831337008,0.988491721414442,0.755121111356228,0.816613948223821,2262064,13611967,NA,"high_signal",FALSE,0.001,3000,80,5,5,76
1633077,"min",0.75,0.596459639312066,0.111445592334741,0.594331095119272,0.613344376787612,0.641553603803996,0.661790961286877,0.690061191069981,0.677557427423229,0.0190132816683396,0.597368242435404,0,348.00912095538,5.55111512312578e-15,0,0.487558313256616,0.994612142394423,0.733624857029239,0.684615287668389,2304637,13551771,NA,"high_signal",FALSE,0.001,3000,80,5,5,77
1633077,"one_se",0.75,0.570264781983204,0.111445592334741,0.568520920232191,0.593164335358018,0.627612904800134,0.653445574533494,0.683713805587215,0.669058281433702,0.0246434151258271,0.582965180370739,0,271.471034166757,3.10862446895044e-15,0,0.585502980058644,0.99266592534168,0.733624857029239,0.684615287668389,2304637,13551771,NA,"high_signal",FALSE,0.001,3000,80,5,5,77
1633078,"min",0.75,0.60660694737641,0.114200454922163,0.604886337839818,0.628426513760008,0.664191553316539,0.69035506021082,0.70664719595873,0.693923849316094,0.0235401759201895,0.603067357045015,0,333.867316560029,5.77315972805081e-15,0,0.485441497935103,0.991603288741549,0.737720355048579,0.737816958246439,2237129,13466847,NA,"high_signal",FALSE,0.001,3000,80,5,5,78
1633078,"one_se",0.75,0.580321670604414,0.114200454922163,0.578543345236735,0.607935053518075,0.650066452146585,0.676391534660656,0.698556679243614,0.683875302636627,0.0293917082813397,0.589059961861188,0,220.101756661347,3.5527136788005e-15,0,0.584065013414315,0.988376472971575,0.737720355048579,0.737816958246439,2237129,13466847,NA,"high_signal",FALSE,0.001,3000,80,5,5,78
1633079,"min",0.75,0.612947736025803,0.112628650686535,0.614092993982049,0.634598985108905,0.667963282767995,0.700394986806909,0.714164580202165,0.702487308641186,0.0205059911268558,0.61934506777314,0,867.34402040805,3.77475828372553e-15,0,0.527578803118974,0.987110355880619,0.7423791079399,0.745901620152071,2268155,13532380,NA,"high_signal",FALSE,0.001,3000,80,5,5,79
1633079,"one_se",0.75,0.588994156108693,0.112628650686535,0.590403115719981,0.615256938135218,0.653443580805772,0.687913602283039,0.708923557375375,0.695477718008847,0.0248538224152367,0.605748111448521,0,479.821522656615,3.99680288865056e-15,0,0.618506938904122,0.983389208078422,0.7423791079399,0.745901620152071,2268155,13532380,NA,"high_signal",FALSE,0.001,3000,80,5,5,79
1633080,"min",0.75,0.656651802571634,0.121789637954866,0.656881699840796,0.682989265899748,0.727501082078348,0.76872984329373,0.763974871928195,0.754415162789642,0.0261075660589516,0.630305941064024,0,503.85499400024,5.32907051820075e-15,0,0.529784593458091,0.981176759983801,0.768447255871961,0.832331373873781,2231770,13580041,NA,"high_signal",FALSE,0.001,3000,80,5,5,80
1633080,"one_se",0.75,0.630267571338283,0.121789637954866,0.630276638891054,0.661816689225501,0.712640199442683,0.751547327305599,0.75594679614679,0.744584351601908,0.0315400503344464,0.617063054059255,0,356.289895801682,3.99680288865056e-15,0,0.622022888559387,0.975159566561971,0.768447255871961,0.832331373873781,2231770,13580041,NA,"high_signal",FALSE,0.001,3000,80,5,5,80
1633081,"min",0.75,0.615616141731605,0.113373649950947,0.615739429139312,0.638063728902718,0.675805898420606,0.721825337080097,0.720556512687176,0.711104514955384,0.0223242997634059,0.628340070083688,0,896.608298687449,4.88498130835069e-15,0,0.528698986921752,0.992606209530155,0.747813149997052,0.781478564435563,2295242,13464980,NA,"high_signal",FALSE,0.001,3000,80,5,5,81
1633081,"one_se",0.75,0.593720526547945,0.113373649950947,0.59378640279593,0.620458569510458,0.663266927000096,0.70817227310375,0.716262755909522,0.704979970032662,0.0266721667145277,0.616120243477834,0,455.466784254561,3.33066907387547e-15,0,0.619179141691874,0.989420630671101,0.747813149997052,0.781478564435563,2295242,13464980,NA,"high_signal",FALSE,0.001,3000,80,5,5,81
1633082,"min",0.75,0.656046927615884,0.120471469671689,0.655179996290012,0.67936816393274,0.721895051646151,0.770297686250428,0.767039177923693,0.757497714039643,0.0241881676427281,0.637440641941962,0,545.478128687852,5.99520433297585e-15,0,0.543232254507645,0.979687738826118,0.764791515337411,0.833234798472604,2363649,13456906,NA,"high_signal",FALSE,0.001,3000,80,5,5,82
1633082,"one_se",0.75,0.631796870259894,0.120471469671689,0.630672054053623,0.660412974388132,0.710122535120308,0.755978706721918,0.760385972134427,0.749478626091268,0.0297409203345087,0.625667208867539,0,333.283471404702,4.2188474935756e-15,0,0.625951266063893,0.974277845658096,0.764791515337411,0.833234798472604,2363649,13456906,NA,"high_signal",FALSE,0.001,3000,80,5,5,82
1633083,"min",0.75,0.615217043133757,0.113752067031407,0.616780260766779,0.633964999654795,0.662456606037516,0.685408257742275,0.712696866178776,0.701603294665899,0.0171847388880157,0.623771587105824,0,430.249211830667,5.32907051820075e-15,0,0.571085197468115,0.986559749974622,0.746263136919177,0.717536857559667,2257478,13425486,NA,"high_signal",FALSE,0.001,3000,80,5,5,83
1633083,"one_se",0.75,0.594638877963668,0.113752067031407,0.595898168412571,0.617576473130454,0.65172496123859,0.67689482485399,0.708016345778569,0.695599111718912,0.0216783047178838,0.611686367414247,0,363.159326366217,4.44089209850063e-15,0,0.655513835246101,0.982608414846102,0.746263136919177,0.717536857559667,2257478,13425486,NA,"high_signal",FALSE,0.001,3000,80,5,5,83
1633084,"min",0.75,0.571507745171295,0.106094878386631,0.569796013649014,0.586597502603384,0.611601063910142,0.632490806866565,0.658001283463936,0.646798190223953,0.0168014889543694,0.598099061012442,0,514.669918604498,3.99680288865056e-15,0,0.578484766066851,0.991308277709522,0.728951103041574,0.644118236555109,2168735,13549128,NA,"high_signal",FALSE,0.001,3000,80,5,5,84
1633084,"one_se",0.75,0.546624605292297,0.106094878386631,0.54492877326182,0.567453503216239,0.599062576055453,0.624280094708768,0.650591650834234,0.638038086463101,0.022524729954419,0.583906380265077,0,262.604170209216,3.99680288865056e-15,0,0.672747519720307,0.988668111705281,0.728951103041574,0.644118236555109,2168735,13549128,NA,"high_signal",FALSE,0.001,3000,80,5,5,84
1633085,"min",0.75,0.635380681410042,0.117729707412324,0.638080427561053,0.663075506221816,0.705656813740105,0.739470054180049,0.741483185068892,0.732376808228835,0.0249950786607627,0.63012111073038,0,841.122921776564,4.88498130835069e-15,0,0.590720819508764,0.978143326995436,0.757503769560695,0.79339204953866,2125173,13524340,NA,"high_signal",FALSE,0.001,3000,80,5,5,85
1633085,"one_se",0.75,0.610027494789691,0.117729707412324,0.612481954655924,0.642831058325674,0.691718325876467,0.725497837711098,0.734280359686805,0.72371345632866,0.0303491036697501,0.616980141792743,0,566.903375854787,4.44089209850063e-15,0,0.685340936291136,0.971076877389653,0.757503769560695,0.79339204953866,2125173,13524340,NA,"high_signal",FALSE,0.001,3000,80,5,5,85
1633086,"min",0.75,0.666327778844432,0.11899201770069,0.664025404136665,0.687025619298214,0.72802047784828,0.773224736374851,0.788651781288173,0.775598538700072,0.0230002151615486,0.640593973448705,0,458.124342736223,6.88338275267597e-15,0,0.434488041210688,0.98771694340991,0.765376899793238,0.820292023372818,2330824,13545363,NA,"high_signal",FALSE,0.001,3000,80,5,5,86
1633086,"one_se",0.75,0.64285666344262,0.11899201770069,0.640223695630847,0.668083561273136,0.715322785307834,0.758458611824633,0.78033989241697,0.766034486641415,0.0278598656422888,0.629025255004841,0,292.206565075117,3.5527136788005e-15,0,0.506174465616607,0.985636811626913,0.765376899793238,0.820292023372818,2330824,13545363,NA,"high_signal",FALSE,0.001,3000,80,5,5,86
1633087,"min",0.75,0.600824424108045,0.110315717660884,0.6012227586425,0.618011055205728,0.64411292462371,0.65899132369742,0.701225157250174,0.686763133742398,0.0167882965632277,0.608574688878971,0,599.41797711595,6.66133814775094e-15,0,0.471279927696487,0.992914957154826,0.730736885467415,0.676324683562505,2203338,13460933,NA,"high_signal",FALSE,0.001,3000,80,5,5,87
1633087,"one_se",0.75,0.577129954120846,0.110315717660884,0.577637520556509,0.5991948028863,0.630903998734648,0.65198253764893,0.69506284628548,0.678944230632415,0.0215572823297909,0.595293643073284,0,338.659497217564,3.99680288865056e-15,0,0.562644745364376,0.991188861075574,0.730736885467415,0.676324683562505,2203338,13460933,NA,"high_signal",FALSE,0.001,3000,80,5,5,87
1633088,"min",0.75,0.653015732007455,0.119248817570679,0.65503719842146,0.680219680470429,0.724345498641252,0.776550865526239,0.767577411775703,0.758234363583915,0.0251824820489693,0.636659938721481,0,342.150106648391,4.88498130835069e-15,0,0.538620773906227,0.983453853845173,0.765871926387962,0.849078679607512,2279354,13536590,NA,"high_signal",FALSE,0.001,3000,80,5,5,88
1633088,"one_se",0.75,0.62790164999147,0.119248817570679,0.629916145528783,0.659700382286302,0.70910507458079,0.758907723863533,0.759335076488969,0.74840447237443,0.0297842367575188,0.623883829291865,0,204.860027600241,4.88498130835069e-15,0,0.632057955345709,0.977825490983774,0.765871926387962,0.849078679607512,2279354,13536590,NA,"high_signal",FALSE,0.001,3000,80,5,5,88
1633089,"min",0.75,0.63463216427154,0.118730707345798,0.636784601379898,0.656693596396514,0.689433850858599,0.707235643658344,0.737711341960036,0.725338051997956,0.0199089950166162,0.621856052769181,0,218.83451184122,6.66133814775094e-15,0,0.59485020317657,0.983661978960447,0.75798909334137,0.747414976654827,2284935,13532510,NA,"high_signal",FALSE,0.001,3000,80,5,5,89
1633089,"one_se",0.75,0.610969657483549,0.118730707345798,0.61347455286628,0.63799098141353,0.676276439512771,0.696005504072488,0.729235139936692,0.715464093413868,0.02451642854725,0.609622738163077,0,149.366354738421,3.99680288865056e-15,0,0.687925747207791,0.978068071771934,0.75798909334137,0.747414976654827,2284935,13532510,NA,"high_signal",FALSE,0.001,3000,80,5,5,89
1633090,"min",0.75,0.597698773319625,0.114051733663738,0.595620524634673,0.61930047247123,0.65564547316472,0.673750077264593,0.693204185006229,0.681732249734046,0.0236799478365572,0.605498240040916,0,355.08720569039,4.88498130835069e-15,0,0.532758502950117,0.992524749171386,0.737202254212106,0.68734005160376,2245055,13473438,NA,"high_signal",FALSE,0.001,3000,80,5,5,90
1633090,"one_se",0.75,0.573441532448456,0.114051733663738,0.571511806783514,0.600794632318098,0.643341999057182,0.663194068824029,0.686669628903035,0.673307546137143,0.0292828255345838,0.592332630504196,0,223.431791867339,4.88498130835069e-15,0,0.623597724934799,0.990147597350933,0.737202254212106,0.68734005160376,2245055,13473438,NA,"high_signal",FALSE,0.001,3000,80,5,5,90
1633091,"min",0.75,0.643981638760652,0.117973566531193,0.646462701485374,0.667186327718666,0.703872650425791,0.722579500779867,0.752943632699142,0.74100948655145,0.0207236262332916,0.639023782188005,0,302.717466820322,5.32907051820075e-15,0,0.563850760644424,0.984015427269025,0.757928565234742,0.742366287730555,2342967,13496694,NA,"high_signal",FALSE,0.001,3000,80,5,5,91
1633091,"one_se",0.75,0.622610050305113,0.117973566531193,0.62501245095613,0.649976135818516,0.692056938839225,0.713393692944648,0.74658220259497,0.733628785539238,0.0249636848623853,0.627654925101158,0,204.113253311481,4.44089209850063e-15,0,0.64749283081013,0.979180332736963,0.757928565234742,0.742366287730555,2342967,13496694,NA,"high_signal",FALSE,0.001,3000,80,5,5,91
1633092,"min",0.75,0.63844897747967,0.117963657928733,0.637373550755665,0.663343822884298,0.706942972843182,0.749198923049597,0.747876718778544,0.736576150659075,0.0259702721286333,0.626699901345116,0,232.266900670237,4.88498130835069e-15,0,0.474130455647062,0.988797684818711,0.757267225935377,0.808600991940758,2265453,13461936,NA,"high_signal",FALSE,0.001,3000,80,5,5,92
1633092,"one_se",0.75,0.615312332750032,0.117963657928733,0.614575867491738,0.644677323195242,0.692738404682679,0.732659375390213,0.73920668913357,0.726260704559359,0.0301014557035046,0.614886404851848,0,189.526379966412,3.77475828372553e-15,0,0.554488107528842,0.985655124261848,0.757267225935377,0.808600991940758,2265453,13461936,NA,"high_signal",FALSE,0.001,3000,80,5,5,92
1633093,"min",0.75,0.648915986757642,0.119140378044003,0.650285390910527,0.670226763532153,0.703949897362156,0.746203330543896,0.755400928905163,0.74480419709785,0.0199413726216263,0.628406670625016,0,321.955123752008,5.10702591327572e-15,0,0.5599759537046,0.980265178388556,0.757101014645854,0.775066851404668,2173787,13511301,NA,"high_signal",FALSE,0.001,3000,80,5,5,93
1633093,"one_se",0.75,0.62548085202859,0.119140378044003,0.626922469429426,0.651589950003936,0.691118600685584,0.733572528489261,0.749161365509886,0.737322410155055,0.0246674805745095,0.61574817528987,0,245.23111881227,7.105427357601e-15,0,0.647988342403126,0.974635086662116,0.757101014645854,0.775066851404668,2173787,13511301,NA,"high_signal",FALSE,0.001,3000,80,5,5,93
1633094,"min",0.75,0.629194594108474,0.113625393525257,0.631097394301522,0.650301161264103,0.683172365371482,0.719888009885754,0.73324846536124,0.722903775594986,0.0192037669625812,0.63122846603636,0,607.134544281847,5.77315972805081e-15,0,0.592461597102886,0.979322085232589,0.751000008705522,0.782345986543844,2280576,13540726,NA,"high_signal",FALSE,0.001,3000,80,5,5,94
1633094,"one_se",0.75,0.603673652844526,0.113625393525257,0.605020823354263,0.629419427471554,0.668752249420313,0.706260078279422,0.726797169219744,0.714899333664711,0.0243986041172916,0.617165257027116,0,307.594815901962,4.44089209850063e-15,0,0.692035838319714,0.972959964775919,0.751000008705522,0.782345986543844,2280576,13540726,NA,"high_signal",FALSE,0.001,3000,80,5,5,94
1633095,"min",0.75,0.662030610445903,0.121442876534574,0.664565275069392,0.686913001782139,0.726476306380035,0.758121949018531,0.769331131047955,0.75810155232855,0.0223477267127464,0.639034817549477,0.000333333333333341,1001.001001001,4.88498130835069e-15,0,0.571645514072357,0.973529097530904,0.763730268934562,0.764182964948579,2250183,13520857,NA,"high_signal",FALSE,0.001,3000,80,5,5,95
1633095,"one_se",0.75,0.636512928712055,0.121442876534574,0.639143860525284,0.666512019822429,0.712385295358595,0.744899666264565,0.761935038718997,0.749726001163965,0.0273681592971451,0.626329558405949,0,907.80213816532,4.66293670342566e-15,0,0.664811490285956,0.965456540624451,0.763730268934562,0.764182964948579,2250183,13520857,NA,"high_signal",FALSE,0.001,3000,80,5,5,95
1633096,"min",0.75,0.620564766498307,0.113760109923533,0.623508106160467,0.64670361445709,0.68506917348625,0.722982833553417,0.726932798293661,0.715680601076104,0.0231955082966238,0.623211401227465,0,693.013409442104,3.99680288865056e-15,0,0.582011511722823,0.975491708701351,0.743228287787353,0.767573984511071,2219652,13603413,NA,"high_signal",FALSE,0.001,3000,80,5,5,96
1633096,"one_se",0.75,0.597411259892276,0.113760109923533,0.600249552203635,0.628047883921315,0.671663681934129,0.708878531077607,0.719449596167009,0.706830038322028,0.0277983317176805,0.610744654838093,0,394.512394929289,5.10702591327572e-15,0,0.660955785896627,0.970801301927055,0.743228287787353,0.767573984511071,2219652,13603413,NA,"high_signal",FALSE,0.001,3000,80,5,5,96
1633097,"min",0.75,0.632332976879687,0.118663200782553,0.632383861280434,0.654017524604285,0.688252391324652,0.703794483008477,0.732046429161105,0.7197478839514,0.0216336633238514,0.612775505159538,0.000333333333333334,1001.001001001,4.88498130835069e-15,0,0.550521800627658,0.982870775323585,0.750252267281959,0.734612715685143,2181174,13412970,NA,"high_signal",FALSE,0.001,3000,80,5,5,97
1633097,"one_se",0.75,0.609218338335616,0.118663200782553,0.609865760378347,0.636125088520815,0.675678650993075,0.695721280389091,0.72489176176407,0.711303610929636,0.0262593281424678,0.601000231152418,0,583.04263600963,4.2188474935756e-15,0,0.638736573766716,0.977322258172502,0.750252267281959,0.734612715685143,2181174,13412970,NA,"high_signal",FALSE,0.001,3000,80,5,5,97
1633098,"min",0.75,0.591669168057194,0.11233517278971,0.589349595098772,0.61025080926009,0.641074340278332,0.66179652880208,0.677110129904272,0.66794620179117,0.0209012141613181,0.595914603566232,0,150.926588611004,7.32747196252603e-15,0,0.587468161796997,0.983580021515221,0.734519860555116,0.680042687941054,2217150,13454637,NA,"high_signal",FALSE,0.001,3000,80,5,5,98
1633098,"one_se",0.75,0.567925775975167,0.11233517278971,0.565798402381123,0.5919153808478,0.628355225441699,0.651996800588916,0.671431805033157,0.65990412264819,0.0261169784666775,0.582507915381389,0,110.9354823374,5.77315972805081e-15,0,0.66808200985221,0.981644395382739,0.734519860555116,0.680042687941054,2217150,13454637,NA,"high_signal",FALSE,0.001,3000,80,5,5,98
1633099,"min",0.75,0.602203077655196,0.111484137678985,0.600296067933769,0.624965775519125,0.664025254969057,0.708701763206533,0.705844688239427,0.697050385591551,0.024669707585356,0.612897814439467,0,522.261234806972,5.77315972805081e-15,0,0.533467558383115,0.990214082357221,0.740378944982828,0.754218906711086,2191226,13583961,NA,"high_signal",FALSE,0.001,3000,80,5,5,99
1633099,"one_se",0.75,0.579885161176848,0.111484137678985,0.578848410981785,0.607354504685125,0.650392884121055,0.695227061471396,0.697572976688927,0.68731722086305,0.0285060937033401,0.601561204485364,0,305.14326879021,3.99680288865056e-15,0,0.609118380945423,0.988848723395049,0.740378944982828,0.754218906711086,2191226,13583961,NA,"high_signal",FALSE,0.001,3000,80,5,5,99
1633100,"min",0.75,0.639358247326874,0.114393668674258,0.637385794821122,0.661067631178268,0.701308230460135,0.745161360203354,0.747817825844916,0.737341896186219,0.0236818363571455,0.629522309023346,0,419.703597888208,5.32907051820075e-15,0,0.467976057992021,0.986785143165619,0.752543156990203,0.796567424161636,2272280,13556157,NA,"high_signal",FALSE,0.001,3000,80,5,5,100
1633100,"one_se",0.75,0.610366349683245,0.114393668674258,0.608925121231321,0.637924543175344,0.684269801055674,0.729168963421778,0.739500746408961,0.72706910324672,0.0289994219440226,0.615109892143311,0,213.439613276589,4.44089209850063e-15,0,0.568614961462892,0.982743966044299,0.752543156990203,0.796567424161636,2272280,13556157,NA,"high_signal",FALSE,0.001,3000,80,5,5,100
1643001,"min",0.75,0.624889845120332,0.143321149105572,0.628847099103333,0.678762044927414,0.722051427878426,0.736249492758904,0.742076359331653,0.735172086626358,0.0499149458240804,0.464456785644281,0,57.8632256046082,7.21644966006352e-15,0,0.586336717504535,0.944663895455632,0.770690174289167,0.759890104725638,971829,6059203,NA,"high_dimensional",FALSE,0.001,2000,500,5,5,1
1643001,"one_se",0.75,0.569577237013615,0.143321149105572,0.573339045987921,0.638195369788559,0.688628558631322,0.724418997367907,0.735165017940807,0.72014239090388,0.0648563238006384,0.437448191829524,0,24.3579232875315,3.77475828372553e-15,0,0.688398769106167,0.949849765183674,0.770690174289167,0.759890104725638,971829,6059203,NA,"high_dimensional",FALSE,0.001,2000,500,5,5,1
1643002,"min",0.75,0.609434232969531,0.14069923432227,0.610495466794472,0.659017654393996,0.699921619915181,0.723231764474222,0.735671407978347,0.7227516048213,0.048522187599524,0.45740495474486,0,142.881545298335,5.99520433297585e-15,0,0.605546793032368,0.950453719251556,0.771554793670679,0.814708748472396,979805,6042117,NA,"high_dimensional",FALSE,0.001,2000,500,5,5,2
1643002,"one_se",0.75,0.561935661866169,0.14069923432227,0.564915219875711,0.627242724886479,0.675118752825053,0.708072852625593,0.727455849175221,0.708733153446515,0.062327505010768,0.434432786837979,0,65.2235649469026,3.99680288865056e-15,0,0.702648946273413,0.953094318868132,0.771554793670679,0.814708748472396,979805,6042117,NA,"high_dimensional",FALSE,0.001,2000,500,5,5,2
1643003,"min",0.75,0.620172646989842,0.138825473823519,0.624199517196467,0.669822976080156,0.710658230384799,0.73554245424533,0.732623561243817,0.725393732594914,0.0456234588836885,0.47230929999724,0,161.416225385764,7.32747196252603e-15,0,0.623065027081056,0.942559754829878,0.763199250938063,0.831459660630196,969220,5986689,NA,"high_dimensional",FALSE,0.001,2000,500,5,5,3
1643003,"one_se",0.75,0.557763830469456,0.138825473823519,0.562433603880636,0.629737761418894,0.683454167712178,0.71448854433524,0.730257307512469,0.713857848433567,0.0673041575382576,0.443861808213492,0,50.4894422352238,3.10862446895044e-15,0,0.750412702761643,0.936206938669523,0.763199250938063,0.831459660630196,969220,5986689,NA,"high_dimensional",FALSE,0.001,2000,500,5,5,3
1643004,"min",0.75,0.565161856648868,0.134333060769941,0.561304477083895,0.612764211120324,0.653203358373287,0.670383974143661,0.681063831448854,0.669839091747371,0.0514597340364292,0.440039603154898,0,34.7431399671586,6.88338275267597e-15,0,0.635529676867721,0.935271745798604,0.751575296195544,0.73795677883444,999828,6032720,NA,"high_dimensional",FALSE,0.001,2000,500,5,5,4
1643004,"one_se",0.75,0.507278975958824,0.134333060769941,0.502264538648486,0.578143968367009,0.631368568434804,0.654168671765693,0.667365710701963,0.651350772108993,0.0758794297185229,0.412261338053416,0,21.3478428970918,3.77475828372553e-15,0,0.725725306067455,0.948238331377334,0.751575296195544,0.73795677883444,999828,6032720,NA,"high_dimensional",FALSE,0.001,2000,500,5,5,4
1643005,"min",0.75,0.615477425656738,0.14107957473167,0.620383910425911,0.664438971650711,0.702100059127984,0.70688487594771,0.721829983818232,0.710767342221456,0.0440550612248006,0.460876926720816,0,87.1798892777569,6.66133814775094e-15,0,0.654476152345656,0.935542701106552,0.758573623287843,0.739903625144139,1005227,5961130,NA,"high_dimensional",FALSE,0.001,2000,500,5,5,5
1643005,"one_se",0.75,0.557825543062721,0.14107957473167,0.561521069169436,0.625035067910353,0.673943895341389,0.690329916064143,0.713786661214927,0.695053675589948,0.0635139987409178,0.435043568076008,0,33.0364333689152,4.44089209850063e-15,0,0.750705593875146,0.943545496893414,0.758573623287843,0.739903625144139,1005227,5961130,NA,"high_dimensional",FALSE,0.001,2000,500,5,5,5
1643006,"min",0.75,0.715872771436185,0.157542700605766,0.72150624944309,0.762913397227419,0.801300575740917,0.802552236936494,0.828000854462189,0.81912128753252,0.0414071477843286,0.481076541334789,0,90.3960734259475,7.32747196252603e-15,0,0.550284390477847,0.932828702280458,0.805117209445919,0.861925847878219,972729,6001710,NA,"high_dimensional",FALSE,0.001,2000,500,5,5,6
1643006,"one_se",0.75,0.641734905071072,0.157542700605766,0.644021923985545,0.712207858691272,0.767729041949748,0.793262090142785,0.815897468076419,0.797033116790911,0.0681859347057272,0.448811549182984,0,36.7701201127484,4.66293670342566e-15,0,0.617897719727302,0.946858107041474,0.805117209445919,0.861925847878219,972729,6001710,NA,"high_dimensional",FALSE,0.001,2000,500,5,5,6
1643007,"min",0.75,0.726169618828113,0.15643574007819,0.728768518104526,0.766102288367977,0.801571240647711,0.842882845495957,0.83669393056949,0.83210567606656,0.037333770263451,0.487192663141057,0,151.043152286433,7.32747196252603e-15,0,0.579073824748782,0.943356644645088,0.813921128594366,0.8993937302351,1008550,6008149,NA,"high_dimensional",FALSE,0.001,2000,500,5,5,7
1643007,"one_se",0.75,0.660449573173384,0.15643574007819,0.665003485698491,0.722674570632392,0.771086755806847,0.823908029130424,0.841989050586333,0.823700536442499,0.0576710849339013,0.456360226499477,0,56.0439476949458,4.66293670342566e-15,0,0.681321940351578,0.945985266701002,0.813921128594366,0.8993937302351,1008550,6008149,NA,"high_dimensional",FALSE,0.001,2000,500,5,5,7
1643008,"min",0.75,0.598862911371315,0.141436270707669,0.602308053135031,0.657301184586763,0.702913491733251,0.724557534024295,0.723943359997413,0.713313305925933,0.0549931314517319,0.453378145178081,0,59.160825861125,6.10622663543836e-15,0,0.677803803893586,0.919102478573714,0.764605913661344,0.781180354148209,1014664,6000576,NA,"high_dimensional",FALSE,0.001,2000,500,5,5,8
1643008,"one_se",0.75,0.551288901731405,0.141436270707669,0.556316915044096,0.623687121607579,0.674540811763832,0.703863725262395,0.713524373151447,0.697535681730567,0.0673702065634825,0.430147301579884,0,36.6012835492489,4.2188474935756e-15,0,0.745135561628885,0.93393756151287,0.764605913661344,0.781180354148209,1014664,6000576,NA,"high_dimensional",FALSE,0.001,2000,500,5,5,8
1643009,"min",0.75,0.536319539882909,0.126836639920804,0.541635923502804,0.589822417510388,0.628899667512629,0.660772610271875,0.649690059358552,0.642515258852284,0.0481864940075842,0.447806250415304,0,94.7033921003409,5.10702591327572e-15,0,0.619358046030384,0.957370907144208,0.715795152259174,0.72713009146554,953514,5977176,NA,"high_dimensional",FALSE,0.001,2000,500,5,5,9
1643009,"one_se",0.75,0.488840245027633,0.126836639920804,0.494012637393923,0.557983510753615,0.604764914604593,0.640630454535195,0.644546949360859,0.631883630483428,0.063970873359692,0.422396767174293,0,45.8655571544193,3.5527136788005e-15,0,0.738662356530046,0.961456572982067,0.715795152259174,0.72713009146554,953514,5977176,NA,"high_dimensional",FALSE,0.001,2000,500,5,5,9
1643010,"min",0.75,0.53204853875496,0.128049763185485,0.532125031558839,0.586459763332143,0.62924858633581,0.643678196543331,0.654260990034323,0.643765189453789,0.0543347317733038,0.44056071775714,0,98.3178880928281,5.99520433297585e-15,0,0.620138339600289,0.943166715323978,0.724527538697799,0.695627774703833,976804,6062258,NA,"high_dimensional",FALSE,0.001,2000,500,5,5,10
1643010,"one_se",0.75,0.480854841389012,0.128049763185485,0.478539847425456,0.554319748368178,0.608304304965599,0.626593140733707,0.645739105833417,0.629157186033195,0.0757799009427213,0.416019591348587,0,43.2523279855003,2.44249065417534e-15,0,0.740901288957196,0.936711865909785,0.724527538697799,0.695627774703833,976804,6062258,NA,"high_dimensional",FALSE,0.001,2000,500,5,5,10
1643011,"min",0.75,0.589914540408496,0.134704199804468,0.587307444535972,0.645370443651942,0.696934585638922,0.738493762532351,0.724410799712546,0.713471846785508,0.0580629991159705,0.470359269321421,0,64.3630341281501,6.88338275267597e-15,0,0.613802396679189,0.934679186486323,0.744792116288939,0.774836994515216,1061980,6027767,NA,"high_dimensional",FALSE,0.001,2000,500,5,5,11
1643011,"one_se",0.75,0.532576228928892,0.134704199804468,0.532151850523273,0.607692701121832,0.668140031788268,0.704875262947975,0.705312661462974,0.688946067344666,0.0755408505985591,0.444504295183155,0,31.9999994553394,3.33066907387547e-15,0,0.684975754341458,0.944856468680005,0.744792116288939,0.774836994515216,1061980,6027767,NA,"high_dimensional",FALSE,0.001,2000,500,5,5,11
1643012,"min",0.75,0.512539099945518,0.120832525081736,0.508385146649248,0.555600272883451,0.592801670776937,0.609533520372399,0.614607056940025,0.611182137484773,0.0472151262342022,0.440688577004373,0.000500000000000009,1001.001001001,6.21724893790088e-15,0,0.688153895882778,0.929649201877392,0.704115542422323,0.673324670553409,972973,5954449,NA,"high_dimensional",FALSE,0.001,2000,500,5,5,12
1643012,"one_se",0.75,0.466015137131917,0.120832525081736,0.469370019145952,0.52785267538557,0.56961150307473,0.600531602266139,0.605333256269076,0.595713113522558,0.0584826562396173,0.416582297592783,0,486.973132342775,5.32907051820075e-15,0,0.772989630028171,0.939743414429429,0.704115542422323,0.673324670553409,972973,5954449,NA,"high_dimensional",FALSE,0.001,2000,500,5,5,12
1643013,"min",0.75,0.664346650908984,0.146675453547424,0.655856108589927,0.705793942024232,0.749700843881287,0.748114597103074,0.772989625300296,0.763219684907025,0.049937833434305,0.467867501791516,0,70.3307288953789,7.54951656745106e-15,0,0.605872147573233,0.934349588877354,0.779732079119831,0.766973974454436,1008651,6039839,NA,"high_dimensional",FALSE,0.001,2000,500,5,5,13
1643013,"one_se",0.75,0.597362115044289,0.146675453547424,0.594091664739845,0.658876629720519,0.709952329340068,0.727782341498146,0.750005738187,0.731913901046938,0.0647849649806737,0.440837274633165,0,39.9341714528779,3.77475828372553e-15,0,0.684621059456797,0.94677433049096,0.779732079119831,0.766973974454436,1008651,6039839,NA,"high_dimensional",FALSE,0.001,2000,500,5,5,13
1643014,"min",0.75,0.533061580475836,0.126302704651752,0.5301825027106,0.572151065659241,0.604575507119588,0.622440687396032,0.63052981513771,0.623420165554728,0.0419685629486412,0.43585336710006,0,80.3696204135708,6.21724893790088e-15,0,0.647086998309046,0.940987876379145,0.721888206075055,0.674187628175867,989327,5971080,NA,"high_dimensional",FALSE,0.001,2000,500,5,5,14
1643014,"one_se",0.75,0.480994579563929,0.126302704651752,0.48022411227554,0.542324793227767,0.585594553076862,0.609785543474713,0.624929321634382,0.611121704151504,0.0621006809522275,0.410644195089592,0,37.2253376497488,2.88657986402541e-15,0,0.746110379864798,0.951577288070129,0.721888206075055,0.674187628175867,989327,5971080,NA,"high_dimensional",FALSE,0.001,2000,500,5,5,14
1643015,"min",0.75,0.681580282427984,0.152906407468594,0.682401062988937,0.722816989700806,0.757832085432743,0.762699978122219,0.793609552351007,0.780927605814432,0.0404159267118691,0.464200200362155,0,76.9584665621585,8.21565038222616e-15,0,0.625789224480548,0.931981188163499,0.797763428941462,0.832560448009165,966338,6009686,NA,"high_dimensional",FALSE,0.001,2000,500,5,5,15
1643015,"one_se",0.75,0.619711042498459,0.152906407468594,0.619026465665341,0.685792173994079,0.738137817654817,0.753425777373932,0.782124092196156,0.763180637293642,0.0667657083287375,0.439468134534847,0,31.7391118783832,4.2188474935756e-15,0,0.715706919120627,0.934160763243741,0.797763428941462,0.832560448009165,966338,6009686,NA,"high_dimensional",FALSE,0.001,2000,500,5,5,15
1643016,"min",0.75,0.500118240409054,0.120554089490366,0.501141071753674,0.551350299102406,0.589258006941502,0.60607224473943,0.613566147491212,0.60225832488774,0.0502092273487312,0.430197756632061,0,113.20247508751,5.99520433297585e-15,0,0.638164857716091,0.953763602477754,0.70539734793566,0.640695085017673,984761,6001974,NA,"high_dimensional",FALSE,0.001,2000,500,5,5,16
1643016,"one_se",0.75,0.449291766810223,0.120554089490366,0.45086878562575,0.519350626545707,0.565954166592178,0.588291707616643,0.601133108977732,0.584916167639355,0.0684818409199577,0.404947523787276,0,43.2799125191465,3.5527136788005e-15,0,0.747875972130674,0.959437084689537,0.70539734793566,0.640695085017673,984761,6001974,NA,"high_dimensional",FALSE,0.001,2000,500,5,5,16
1643017,"min",0.75,0.576008111451018,0.128697831107929,0.574710796065839,0.618613614002926,0.657500543318899,0.679048899159046,0.692493479630393,0.684006302432241,0.0439028179370868,0.469707066469339,0,249.886213429808,8.21565038222616e-15,0,0.538581338224943,0.950925640937769,0.732042828872735,0.70235303211961,994825,5993142,NA,"high_dimensional",FALSE,0.001,2000,500,5,5,17
1643017,"one_se",0.75,0.522384024571138,0.128697831107929,0.523323188988973,0.584339988281625,0.632037863217518,0.663059522511281,0.687340040465002,0.668872816740467,0.0610167992926525,0.438743667994808,0,92.6818551399037,3.99680288865056e-15,0,0.636800207352142,0.965703188111887,0.732042828872735,0.70235303211961,994825,5993142,NA,"high_dimensional",FALSE,0.001,2000,500,5,5,17
1643018,"min",0.75,0.62193559834137,0.141526070167905,0.614747294608602,0.667707629484815,0.713142127761706,0.731684307549926,0.73721229140395,0.731112724592318,0.0529603348762132,0.46175695228015,0,65.5402387058084,6.66133814775094e-15,0,0.679540936682598,0.907456537426512,0.754688823267734,0.74123208167383,940891,6037417,NA,"high_dimensional",FALSE,0.001,2000,500,5,5,18
1643018,"one_se",0.75,0.54868180054123,0.141526070167905,0.545587757401989,0.617972083912949,0.671790027695326,0.700552651701105,0.721965758584969,0.706388888670774,0.0723843265109598,0.426441962234799,0,25.6202820594671,3.33066907387547e-15,0,0.779794127366736,0.918106322103916,0.754688823267734,0.74123208167383,940891,6037417,NA,"high_dimensional",FALSE,0.001,2000,500,5,5,18
1643019,"min",0.75,0.583522428180133,0.133481294287845,0.584633459452745,0.631117740857666,0.671350139698578,0.674069206246485,0.702831237488898,0.690390466911731,0.0464842814049211,0.46395224917348,0,126.065375047333,7.105427357601e-15,0,0.595093834106485,0.934750817130095,0.739830395992186,0.713031682937085,1016239,5966022,NA,"high_dimensional",FALSE,0.001,2000,500,5,5,19
1643019,"one_se",0.75,0.52971854985548,0.133481294287845,0.52970276644865,0.596147128131381,0.647834743242466,0.660726453416629,0.689143913982606,0.669575789846349,0.0664443616827309,0.437541269636915,0,37.228251228291,3.99680288865056e-15,0,0.680972364836691,0.941230130498652,0.739830395992186,0.713031682937085,1016239,5966022,NA,"high_dimensional",FALSE,0.001,2000,500,5,5,19
1643020,"min",0.75,0.634450645847018,0.139631448271953,0.64129842318791,0.674829209879599,0.70513195085814,0.734883316212307,0.72475276072778,0.718314584261851,0.0335307866916882,0.47471512361166,0,134.845987164765,8.43769498715119e-15,0,0.560444862902406,0.944681743508314,0.76616394795888,0.805599528110652,1019672,5984912,NA,"high_dimensional",FALSE,0.001,2000,500,5,5,20
1643020,"one_se",0.75,0.580028759586941,0.139631448271953,0.585617367520841,0.637061586272842,0.678286705938204,0.72168688110456,0.729720151612826,0.712585240491915,0.0514442187520013,0.44486256586502,0,50.4889029231043,4.88498130835069e-15,0,0.630188057440388,0.964206970968437,0.76616394795888,0.805599528110652,1019672,5984912,NA,"high_dimensional",FALSE,0.001,2000,500,5,5,20
1643021,"min",0.75,0.560301256710554,0.131326671554324,0.554933372741808,0.613544333705398,0.660767967258295,0.670306989221552,0.684376679513717,0.673779946532778,0.0586109609635906,0.446202243875373,0,120.429849260294,6.21724893790088e-15,0,0.584567194542833,0.952071993875513,0.734940142491462,0.704920670160633,1003135,6041301,NA,"high_dimensional",FALSE,0.001,2000,500,5,5,21
1643021,"one_se",0.75,0.502044825422837,0.131326671554324,0.498843753824134,0.575526857837249,0.631240779226182,0.650037708067392,0.666883135666232,0.65036641080284,0.0766831040131146,0.420809464712272,0,41.0825748431775,2.66453525910038e-15,0,0.699922732081053,0.953543310427886,0.734940142491462,0.704920670160633,1003135,6041301,NA,"high_dimensional",FALSE,0.001,2000,500,5,5,21
1643022,"min",0.75,0.667247682410662,0.147818513958197,0.670666572608325,0.717339275193844,0.758854345718334,0.808234327138021,0.785290405617483,0.776495461065542,0.0466727025855184,0.470757669237239,0,62.1596416356814,8.43769498715119e-15,0,0.574760765691238,0.944976086708848,0.797142031533452,0.86347585481714,958204,6045931,NA,"high_dimensional",FALSE,0.001,2000,500,5,5,22
1643022,"one_se",0.75,0.606454367233352,0.147818513958197,0.608665335724444,0.675196301479302,0.728365616989294,0.780185923834087,0.781803955898843,0.764005559481262,0.0665309657548582,0.44418705577098,0,27.4655148757348,4.2188474935756e-15,0,0.671663380322636,0.946631847179247,0.797142031533452,0.86347585481714,958204,6045931,NA,"high_dimensional",FALSE,0.001,2000,500,5,5,22
1643023,"min",0.75,0.639322766210387,0.145016006050508,0.637445302485447,0.68409772682458,0.724798738273327,0.748130219005547,0.747530300657635,0.740855395259864,0.0466524243391327,0.465934866575613,0,52.7196046235842,7.54951656745106e-15,0,0.655315652162132,0.914846680849836,0.777390054596056,0.802014236240307,994485,5958606,NA,"high_dimensional",FALSE,0.001,2000,500,5,5,23
1643023,"one_se",0.75,0.577541007929893,0.145016006050508,0.576591359115115,0.642604953305738,0.693163773648607,0.730186800265575,0.745108573171867,0.728659767555739,0.0660135941906228,0.433711702251334,0,21.0817833034496,4.88498130835069e-15,0,0.731454808743837,0.934003850857535,0.777390054596056,0.802014236240307,994485,5958606,NA,"high_dimensional",FALSE,0.001,2000,500,5,5,23
1643024,"min",0.75,0.689220354539947,0.151053433039327,0.687058387285103,0.742786204548564,0.794278831839927,0.841130996555589,0.829125269813761,0.818231801195407,0.0557278172634609,0.480250082017086,0,174.192288625285,6.88338275267597e-15,0,0.511490916629331,0.947977309659365,0.803008063620225,0.897819253638661,1001423,5998062,NA,"high_dimensional",FALSE,0.001,2000,500,5,5,24
1643024,"one_se",0.75,0.618496538056636,0.151053433039327,0.618401346214745,0.690323110504293,0.74942362247149,0.798231913553912,0.80852866985154,0.787380298496226,0.0719217642895481,0.451072242489411,0,70.4389069771584,3.99680288865056e-15,0,0.609017932032025,0.950056462334936,0.803008063620225,0.897819253638661,1001423,5998062,NA,"high_dimensional",FALSE,0.001,2000,500,5,5,24
1643025,"min",0.75,0.608208406310423,0.143778914394278,0.607610611379287,0.666888865997717,0.714066024382286,0.744741675727213,0.730352430433822,0.720407418047688,0.0592782546184293,0.443163546631869,0,83.4658190120928,6.43929354282591e-15,0,0.634808417470833,0.939027731653639,0.776451724063656,0.832427638287691,1010820,5953303,NA,"high_dimensional",FALSE,0.001,2000,500,5,5,25
1643025,"one_se",0.75,0.550529224694321,0.143778914394278,0.548060460139277,0.628073612540964,0.685669516553244,0.715410295430125,0.710348167359898,0.695624320180656,0.0800131524016877,0.418547336296054,0,29.8799075327525,3.10862446895044e-15,0,0.740782061117311,0.939899040507942,0.776451724063656,0.832427638287691,1010820,5953303,NA,"high_dimensional",FALSE,0.001,2000,500,5,5,25
1643026,"min",0.75,0.547569042397871,0.126289190408619,0.54722055186334,0.583820764478582,0.613424417312138,0.599484350890919,0.638961478369738,0.629054191010263,0.0366002126152422,0.447158978299408,0,322.551865865877,5.99520433297585e-15,0,0.627807406258298,0.939656907260026,0.718147834333692,0.631607081024159,1002579,6025413,NA,"high_dimensional",FALSE,0.001,2000,500,5,5,26
1643026,"one_se",0.75,0.490616379322975,0.126289190408619,0.491777566258541,0.550353092611335,0.592292190275442,0.606935578951036,0.63093046475406,0.614541704020734,0.0585755263527936,0.41724374014527,0,60.9976750194235,3.33066907387547e-15,0,0.729000116729988,0.959940952878383,0.718147834333692,0.631607081024159,1002579,6025413,NA,"high_dimensional",FALSE,0.001,2000,500,5,5,26
1643027,"min",0.75,0.538991096617647,0.119953361143622,0.539848162497803,0.589148257900291,0.630641143374942,0.647088818005633,0.641113347158458,0.63547054175838,0.049300095402488,0.457005432289962,0.000500000000000017,1001.001001001,9.99200722162641e-15,0,0.535702806057085,0.939753790052265,0.697528213987579,0.667967857511993,979560,6014825,NA,"high_dimensional",FALSE,0.001,2000,500,5,5,27
1643027,"one_se",0.75,0.46180394025283,0.119953361143622,0.463775795954319,0.535591413678745,0.587692328610254,0.612186264445238,0.620593592990669,0.603075736128369,0.0718156177244265,0.420451684814096,0,512.303041774698,5.10702591327572e-15,0,0.608963587718486,0.964531604079314,0.697528213987579,0.667967857511993,979560,6014825,NA,"high_dimensional",FALSE,0.001,2000,500,5,5,27
1643028,"min",0.75,0.608908444502772,0.131322336106964,0.609289319320844,0.648778254282668,0.683988836461321,0.714411380468829,0.700531440479059,0.696480110775562,0.0394889349618238,0.471362915404633,0,310.480838513762,6.66133814775094e-15,0,0.53385991071852,0.948324589509694,0.756436214384653,0.794707190185092,974959,5958159,NA,"high_dimensional",FALSE,0.001,2000,500,5,5,28
1643028,"one_se",0.75,0.537836242199695,0.131322336106964,0.538335477201467,0.600801848578561,0.649087678764596,0.691440335792952,0.695129924924625,0.678333171080951,0.0624663713770934,0.435980770626147,0,101.755533365701,4.2188474935756e-15,0,0.642080873375927,0.959832906560034,0.756436214384653,0.794707190185092,974959,5958159,NA,"high_dimensional",FALSE,0.001,2000,500,5,5,28
1643029,"min",0.75,0.612225733976166,0.136035256489797,0.620508173199253,0.656435563027691,0.688679330211307,0.691054248192175,0.713102671274847,0.701890570236453,0.0359273898284385,0.472982542718381,0,152.174467934342,9.32587340685131e-15,0,0.595062024515647,0.937339640609445,0.748986661910974,0.714002740965932,1023455,5956310,NA,"high_dimensional",FALSE,0.001,2000,500,5,5,29
1643029,"one_se",0.75,0.550644244925495,0.136035256489797,0.554441633301728,0.615084984297581,0.663071163776664,0.678664710403491,0.712271117855192,0.692364554100944,0.0606433509958528,0.441741571277021,0,63.4569567268592,3.33066907387547e-15,0,0.685748527861883,0.947714114031176,0.748986661910974,0.714002740965932,1023455,5956310,NA,"high_dimensional",FALSE,0.001,2000,500,5,5,29
1643030,"min",0.75,0.611679273735049,0.136439487644488,0.612362461720985,0.648281485892805,0.678723361604683,0.710623925789889,0.69781802356849,0.695995006292085,0.0359190241718201,0.458732111306947,0,65.0182718734276,7.54951656745106e-15,0,0.579087149790642,0.935506103076416,0.758539173141166,0.789831756527547,1013328,5935062,NA,"high_dimensional",FALSE,0.001,2000,500,5,5,30
1643030,"one_se",0.75,0.550145821064161,0.136439487644488,0.549686496675705,0.608764121411341,0.653227143624182,0.687282070882417,0.693725267211448,0.680988796843824,0.0590776247356362,0.429425771648561,0,33.8339534260982,4.66293670342566e-15,0,0.64419108211894,0.955794051570973,0.758539173141166,0.789831756527547,1013328,5935062,NA,"high_dimensional",FALSE,0.001,2000,500,5,5,30
1643031,"min",0.75,0.640818260631109,0.142068837085951,0.643008611131959,0.684914993898205,0.722675465985632,0.768487941308573,0.751355076195511,0.742197005807057,0.0419063827662466,0.473979701555716,0,194.165149865637,6.21724893790088e-15,0,0.590362776112704,0.954650255305646,0.764693324782939,0.825820145270056,1012289,6004161,NA,"high_dimensional",FALSE,0.001,2000,500,5,5,31
1643031,"one_se",0.75,0.569267037724556,0.142068837085951,0.573056761031432,0.638662510659814,0.690728680473028,0.736396278783262,0.741162299956835,0.724073621874942,0.0656057496283815,0.442468942975443,0,55.44197080327,4.2188474935756e-15,0,0.724395952614811,0.957923610082543,0.764693324782939,0.825820145270056,1012289,6004161,NA,"high_dimensional",FALSE,0.001,2000,500,5,5,31
1643032,"min",0.75,0.681181231300242,0.148066087505031,0.680249697714123,0.730843820411444,0.777661035151657,0.780957774599882,0.794679195879502,0.785673022063345,0.0505941226973211,0.480613612047313,0,237.051986227195,9.32587340685131e-15,0,0.566317702364724,0.926988077168708,0.784120538370558,0.834908976319002,983437,6031086,NA,"high_dimensional",FALSE,0.001,2000,500,5,5,32
1643032,"one_se",0.75,0.615037966415182,0.148066087505031,0.614544941424637,0.683581228120236,0.740535606815931,0.770234528241286,0.781885892264108,0.761607280930685,0.0690362866955996,0.452052368473565,0,109.632128553291,3.99680288865056e-15,0,0.597871718279119,0.948068568793176,0.784120538370558,0.834908976319002,983437,6031086,NA,"high_dimensional",FALSE,0.001,2000,500,5,5,32
1643033,"min",0.75,0.588375042202311,0.137410441601115,0.59321046244903,0.637197875425792,0.673037713684171,0.689936827101533,0.708969183144351,0.692671638726938,0.0439874129767619,0.448967460407828,0,132.482219801059,6.21724893790088e-15,0,0.60624957050126,0.948831413342021,0.74285044648913,0.690810154860274,999899,5998978,NA,"high_dimensional",FALSE,0.001,2000,500,5,5,33
1643033,"one_se",0.75,0.535336287824326,0.137410441601115,0.538307776670524,0.60163215052474,0.647918582650144,0.66441539372867,0.696783266836039,0.674091489795095,0.0633243738542157,0.422279826443482,0,58.840533395896,3.77475828372553e-15,0,0.702450819723013,0.961521672807445,0.74285044648913,0.690810154860274,999899,5998978,NA,"high_dimensional",FALSE,0.001,2000,500,5,5,33
1643034,"min",0.75,0.57327872629263,0.129286957950213,0.570577111564514,0.611270789785029,0.645740652641322,0.650909742083324,0.667745854449668,0.662732864756346,0.040693678220515,0.458598176223085,0,128.108038794795,6.21724893790088e-15,0,0.618893876324562,0.929137421550718,0.728571211237863,0.686542213092081,950925,6056471,NA,"high_dimensional",FALSE,0.001,2000,500,5,5,34
1643034,"one_se",0.75,0.514861448498291,0.129286957950213,0.515183161424843,0.574568060422588,0.619007641583856,0.644200898042463,0.669433996126657,0.654439778113865,0.0593848989977455,0.428026040613985,0,49.403491061921,4.44089209850063e-15,0,0.697717005129413,0.948301388595149,0.728571211237863,0.686542213092081,950925,6056471,NA,"high_dimensional",FALSE,0.001,2000,500,5,5,34
1643035,"min",0.75,0.651147848972754,0.144888028685279,0.646415226500044,0.6834401719629,0.715917625759743,0.694953553226458,0.748902802463654,0.735053261965399,0.0370249454628558,0.467285361984264,0,60.333851370786,8.21565038222616e-15,0,0.607037037937341,0.93693945613589,0.765257329818214,0.720753141508129,947734,5993594,NA,"high_dimensional",FALSE,0.001,2000,500,5,5,35
1643035,"one_se",0.75,0.596154899413603,0.144888028685279,0.592960063680511,0.649506982771891,0.694634494619076,0.702860442238405,0.747898208803335,0.725965470246515,0.05654691909138,0.443843269449451,0,48.2940414010233,3.99680288865056e-15,0,0.685648007087218,0.944940185007852,0.765257329818214,0.720753141508129,947734,5993594,NA,"high_dimensional",FALSE,0.001,2000,500,5,5,35
1643036,"min",0.75,0.558087997871933,0.131651664121169,0.558675192200218,0.604099810452348,0.640141496353234,0.65153463685427,0.659493996439361,0.652732142839084,0.0454246182521298,0.442412188396203,0,91.3493057773702,7.54951656745106e-15,0,0.613667101484035,0.943003097889865,0.730709002090427,0.696192643552256,959908,6045697,NA,"high_dimensional",FALSE,0.001,2000,500,5,5,36
1643036,"one_se",0.75,0.506239376609134,0.131651664121169,0.50804304544257,0.571531040671358,0.616796076488467,0.635145190442925,0.653973629073221,0.63953063800833,0.063487995228788,0.416218613695519,0,38.3961171997029,3.77475828372553e-15,0,0.703747124195312,0.963893179777673,0.730709002090427,0.696192643552256,959908,6045697,NA,"high_dimensional",FALSE,0.001,2000,500,5,5,36
1643037,"min",0.75,0.620202484365361,0.136391652454658,0.630856731230252,0.67396121236861,0.712549230670016,0.688129338729425,0.725780892641874,0.713658018024798,0.0431044811383585,0.472356930759088,0,182.57336933308,8.88178419700125e-15,0,0.53678471135352,0.93421468369374,0.746116368790257,0.74787053307793,1013754,5981288,NA,"high_dimensional",FALSE,0.001,2000,500,5,5,37
1643037,"one_se",0.75,0.554657391589911,0.136391652454658,0.560662246263952,0.62190354922568,0.66959258836126,0.688362413052315,0.712453829591513,0.690466996299934,0.061241302961728,0.437793898535441,0,55.6307234921284,6.66133814775094e-15,0,0.575250849056733,0.963638619675338,0.746116368790257,0.74787053307793,1013754,5981288,NA,"high_dimensional",FALSE,0.001,2000,500,5,5,37
1643038,"min",0.75,0.60975581722829,0.139652584517984,0.617666978307656,0.655459713211099,0.687008432942505,0.724102572135465,0.710025763402789,0.70245445482683,0.0377927349034429,0.454976318243408,0,89.2730425184576,7.105427357601e-15,0,0.577623609634714,0.949532519438768,0.770171338549067,0.81975914455615,985716,5984416,NA,"high_dimensional",FALSE,0.001,2000,500,5,5,38
1643038,"one_se",0.75,0.557577627167303,0.139652584517984,0.560853646737224,0.623448959234443,0.670717392998912,0.707733832610495,0.713895253337016,0.698352775658487,0.0625953124972188,0.430245967144423,0,33.5728469588028,3.5527136788005e-15,0,0.682410243570742,0.949512082002591,0.770171338549067,0.81975914455615,985716,5984416,NA,"high_dimensional",FALSE,0.001,2000,500,5,5,38
1643039,"min",0.75,0.64753283851115,0.137417195407032,0.646044933018117,0.686657876212231,0.724351959263599,0.736287970987375,0.75129628254476,0.740747790460815,0.0406129431941142,0.481362718757852,0.000500000000000013,1001.001001001,8.88178419700125e-15,0,0.575409522617885,0.929189763486315,0.7496063732829,0.784220851533073,1031954,6022447,NA,"high_dimensional",FALSE,0.001,2000,500,5,5,39
1643039,"one_se",0.75,0.564186041367139,0.137417195407032,0.55970400241806,0.628908289402632,0.684539203242525,0.709760719789205,0.729572100844817,0.709097319658448,0.0692042869845726,0.445634832743346,0,555.10158441122,5.77315972805081e-15,0,0.605831615752726,0.953758433451585,0.7496063732829,0.784220851533073,1031954,6022447,NA,"high_dimensional",FALSE,0.001,2000,500,5,5,39
1643040,"min",0.75,0.650355243260864,0.14464720609376,0.654260130487864,0.693407139055752,0.728974401726356,0.712775667859497,0.760883895592356,0.748171084173191,0.0391470085678877,0.476043760864258,0,395.017102592152,5.99520433297585e-15,0,0.531719480424789,0.952192339995944,0.782410937354221,0.78486082506249,968535,6025972,NA,"high_dimensional",FALSE,0.001,2000,500,5,5,40
1643040,"one_se",0.75,0.581222766682033,0.14464720609376,0.579676216729474,0.645514795809744,0.697942980251314,0.713808348052865,0.753710636124876,0.732822793409517,0.0658385790802706,0.443304465940573,0,81.0089243257627,3.33066907387547e-15,0,0.65747201711191,0.954708246531991,0.782410937354221,0.78486082506249,968535,6025972,NA,"high_dimensional",FALSE,0.001,2000,500,5,5,40
1643041,"min",0.75,0.620996039990786,0.137685616035159,0.613858872294604,0.665555317421738,0.710563692131259,0.73843637470446,0.738403861361165,0.732041251405424,0.0516964451271337,0.465420180561269,0,54.005251402077,6.88338275267597e-15,0,0.551185422622558,0.951171336287681,0.757207021882775,0.780351859972516,1003375,6078894,NA,"high_dimensional",FALSE,0.001,2000,500,5,5,41
1643041,"one_se",0.75,0.55261543963936,0.137685616035159,0.550394240920126,0.618780470958277,0.671754039451538,0.713829524471358,0.718971193771602,0.703952886207151,0.0683862300381508,0.436500135417991,0,31.479710935882,3.33066907387547e-15,0,0.642282369428847,0.966853908645422,0.757207021882775,0.780351859972516,1003375,6078894,NA,"high_dimensional",FALSE,0.001,2000,500,5,5,41
1643042,"min",0.75,0.641304717762479,0.135640908661697,0.633844692770765,0.672799318532101,0.709315069326008,0.750821738650812,0.736041702261208,0.732098160926923,0.0389546257613358,0.483842170406797,0,129.016150168381,8.65973959207622e-15,0,0.627151087443734,0.917789442589382,0.762064005186772,0.807820014363793,961001,5968159,NA,"high_dimensional",FALSE,0.001,2000,500,5,5,42
1643042,"one_se",0.75,0.577475806587163,0.135640908661697,0.575732383224975,0.630370540965269,0.675589699178234,0.727935106886664,0.722375237399895,0.707550277927068,0.0546381577402933,0.452837709298452,0,52.4117190663099,5.10702591327572e-15,0,0.657623203770844,0.941574044387946,0.762064005186772,0.807820014363793,961001,5968159,NA,"high_dimensional",FALSE,0.001,2000,500,5,5,42
1643043,"min",0.75,0.617998966636857,0.136621435668534,0.620650066484255,0.65094186588646,0.677684143029497,0.684324538189162,0.699935504850639,0.695606302787868,0.0302917994022047,0.468882442969409,0,136.832990442583,7.32747196252603e-15,0,0.650688185890982,0.910582345762752,0.758738913360477,0.742953151381984,986797,5933740,NA,"high_dimensional",FALSE,0.001,2000,500,5,5,43
1643043,"one_se",0.75,0.561183388640279,0.136621435668534,0.561781693868677,0.61399285638445,0.65454044699721,0.679386627447411,0.705707464036639,0.691581384702367,0.052211162515773,0.437129534897634,0,34.259067586157,4.88498130835069e-15,0,0.712933079881684,0.932589340487777,0.758738913360477,0.742953151381984,986797,5933740,NA,"high_dimensional",FALSE,0.001,2000,500,5,5,43
1643044,"min",0.75,0.5847638587458,0.134980243806852,0.58249826331314,0.634838314095217,0.67661114397968,0.700387069000353,0.690893181934327,0.683716408910176,0.0523400507820766,0.443858795827025,0,202.479564796469,5.77315972805081e-15,0,0.583082375766167,0.932121216908836,0.741688845016361,0.756064812567697,945912,6047882,NA,"high_dimensional",FALSE,0.001,2000,500,5,5,44
1643044,"one_se",0.75,0.521170869979239,0.134980243806852,0.520925603040755,0.59384337267958,0.646711937704863,0.67018736459606,0.672012064958205,0.656985924759671,0.0729177696388255,0.420304520093218,0,62.1532198161079,3.10862446895044e-15,0,0.677250670483347,0.934849992832306,0.741688845016361,0.756064812567697,945912,6047882,NA,"high_dimensional",FALSE,0.001,2000,500,5,5,44
1643045,"min",0.75,0.629642611873503,0.138455639972054,0.624017251678991,0.674942175178111,0.721712611218971,0.738903544044785,0.756111069381422,0.744470382039751,0.0509249234991199,0.478737539439835,0,152.067952489229,8.88178419700125e-15,0,0.539025955852258,0.951657653618355,0.757460549745782,0.763063719943268,1009937,5971747,NA,"high_dimensional",FALSE,0.001,2000,500,5,5,45
1643045,"one_se",0.75,0.564711112462826,0.138455639972054,0.563969185416191,0.628976289809472,0.681836345067173,0.711311146086047,0.736719400269922,0.716550200545578,0.0650071043932814,0.448471443735687,0,61.7721972601032,4.66293670342566e-15,0,0.633958630782256,0.961580853877252,0.757460549745782,0.763063719943268,1009937,5971747,NA,"high_dimensional",FALSE,0.001,2000,500,5,5,45
1643046,"min",0.75,0.635936609542866,0.139835546502406,0.634433816936265,0.673566413243983,0.709268834172711,0.737131824718874,0.735532222626604,0.729915667870033,0.0391325963077185,0.47708174925548,0,279.832073575173,9.10382880192628e-15,0,0.601643646829965,0.93695081456502,0.764868999278196,0.815751314144454,972970,6000067,NA,"high_dimensional",FALSE,0.001,2000,500,5,5,46
1643046,"one_se",0.75,0.575808978667012,0.139835546502406,0.575678255556764,0.634068328703251,0.681081051613928,0.721696387568066,0.740942450778718,0.725465143497405,0.0583900731464877,0.446029182045415,0,68.8743327608178,3.99680288865056e-15,0,0.708061229384482,0.943452597224246,0.764868999278196,0.815751314144454,972970,6000067,NA,"high_dimensional",FALSE,0.001,2000,500,5,5,46
1643047,"min",0.75,0.562659047962586,0.130157313219407,0.570898248387726,0.616509225681005,0.653836710781434,0.68468557385335,0.664816418026488,0.660750003405006,0.0456109772932792,0.450062420053503,0,407.881773642337,6.88338275267597e-15,0,0.624573299540858,0.935924310603701,0.740494656214399,0.744783808550581,965136,6020030,NA,"high_dimensional",FALSE,0.001,2000,500,5,5,47
1643047,"one_se",0.75,0.50340195010135,0.130157313219407,0.508281108746951,0.574676723243334,0.62305367182324,0.658064393454168,0.65684068728163,0.643449754928118,0.066395614496383,0.421502729252026,0,102.409667425016,4.2188474935756e-15,0,0.716634871918868,0.9516820379936,0.740494656214399,0.744783808550581,965136,6020030,NA,"high_dimensional",FALSE,0.001,2000,500,5,5,47
1643048,"min",0.75,0.549991936308852,0.129681963683956,0.55098232321341,0.598599126311002,0.636422769984111,0.658899585340886,0.657333861803336,0.649006226273158,0.0476168030975914,0.442690143868488,0,67.1935498672291,7.105427357601e-15,0,0.679702538138162,0.927508406811437,0.722316608431785,0.759699307530636,1002930,6028188,NA,"high_dimensional",FALSE,0.001,2000,500,5,5,48
1643048,"one_se",0.75,0.5037709012661,0.129681963683956,0.506742532301253,0.567970038727772,0.611982963470154,0.644569948799704,0.648756745185769,0.635108608216174,0.061227506426519,0.418213078885483,0,42.5115301904675,3.99680288865056e-15,0,0.75354518248877,0.944538564470022,0.722316608431785,0.759699307530636,1002930,6028188,NA,"high_dimensional",FALSE,0.001,2000,500,5,5,48
1643049,"min",0.75,0.569396432170631,0.128872934736243,0.565887911675697,0.615211670579071,0.656166932372205,0.691899957492707,0.682188756351172,0.674107745248309,0.0493237589033736,0.453652038725743,0,148.860065449695,7.99360577730113e-15,0,0.580674477472398,0.94169129050963,0.739243562050559,0.810683937881536,1000993,6016463,NA,"high_dimensional",FALSE,0.001,2000,500,5,5,49
1643049,"one_se",0.75,0.503222383055176,0.128872934736243,0.501243586645096,0.573330660608915,0.626607690587446,0.666999459313983,0.663216137943537,0.649489679275503,0.0720870739638187,0.424978349488554,0,68.2188570621165,3.99680288865056e-15,0,0.673561274304662,0.952175351759139,0.739243562050559,0.810683937881536,1000993,6016463,NA,"high_dimensional",FALSE,0.001,2000,500,5,5,49
1643050,"min",0.75,0.500008767144225,0.11965750936894,0.502252481703717,0.551971042096069,0.589227099577309,0.595896540590156,0.604597683160486,0.595517372139129,0.0497185603923518,0.428355517875195,0,52.2416860236846,5.55111512312578e-15,0,0.675813207501036,0.912772407810192,0.702045228907876,0.671370816714799,998106,6030502,NA,"high_dimensional",FALSE,0.001,2000,500,5,5,50
1643050,"one_se",0.75,0.441635315588154,0.11965750936894,0.441419193156099,0.51448768157182,0.564060051276982,0.574594014966748,0.584315284403917,0.569707656914754,0.073068488415721,0.40420762268558,0,26.0600307930721,3.99680288865056e-15,0,0.75564322870546,0.924532552604985,0.702045228907876,0.671370816714799,998106,6030502,NA,"high_dimensional",FALSE,0.001,2000,500,5,5,50
1643051,"min",0.75,0.537160305251744,0.123381970522488,0.531550039902635,0.577675446286301,0.615449770342355,0.631126221285254,0.638094041440389,0.629710000170611,0.0461254063836654,0.450231769018547,0,86.5180343743372,4.44089209850063e-15,0,0.637844052556314,0.937643116576316,0.726894064122512,0.696064315320368,955700,6015109,NA,"high_dimensional",FALSE,0.001,2000,500,5,5,51
1643051,"one_se",0.75,0.477637644705477,0.123381970522488,0.472913071993706,0.540228469808825,0.589473736447421,0.614576621361127,0.627687076989289,0.612039276252879,0.0673153978151192,0.422486152334442,0,37.7969552179301,2.88657986402541e-15,0,0.739692147027783,0.945757352584182,0.726894064122512,0.696064315320368,955700,6015109,NA,"high_dimensional",FALSE,0.001,2000,500,5,5,51
1643052,"min",0.75,0.520642892758162,0.121637497210296,0.522063804245802,0.562804843508867,0.594817733690363,0.588536769956411,0.611783294517084,0.604428441391145,0.0407410392630648,0.440015961005791,0,113.405466361964,7.32747196252603e-15,0,0.657540970472311,0.9233844960555,0.705821286779592,0.663300821259554,1010677,6011058,NA,"high_dimensional",FALSE,0.001,2000,500,5,5,52
1643052,"one_se",0.75,0.464920609048825,0.121637497210296,0.464578778977885,0.528535330043176,0.573404443433449,0.57948419253425,0.600897645237597,0.586585429136405,0.0639565510652905,0.412302682595564,0,38.1062732853424,3.99680288865056e-15,0,0.746318428237266,0.933189774111241,0.705821286779592,0.663300821259554,1010677,6011058,NA,"high_dimensional",FALSE,0.001,2000,500,5,5,52
1643053,"min",0.75,0.724870552473283,0.159993301858415,0.731312421757382,0.775411936398385,0.817821202382298,0.834754461043502,0.834788517358046,0.829858364928034,0.0440995146410035,0.490230768224449,0,111.97015747129,1.35447209004269e-14,0,0.660990457176101,0.911789853546177,0.797919201019204,0.815519486661102,962861,5928533,NA,"high_dimensional",FALSE,0.001,2000,500,5,5,53
1643053,"one_se",0.75,0.657456101022227,0.159993301858415,0.657141674446851,0.728637445471369,0.789474806877691,0.814937357579266,0.824623726683357,0.809936477623205,0.0714957710245184,0.459728869775804,0,44.1023454043219,6.88338275267597e-15,0,0.725516182933079,0.927738412039921,0.797919201019204,0.815519486661102,962861,5928533,NA,"high_dimensional",FALSE,0.001,2000,500,5,5,53
1643054,"min",0.75,0.60730526117869,0.139452014391967,0.609417755245282,0.653281130463992,0.690899633033415,0.69318752713456,0.718146236048259,0.705048745045271,0.0438633752187101,0.461679376943641,0,34.945670920954,5.99520433297585e-15,0,0.601603642789584,0.933964005482802,0.748304492948843,0.767323314341176,953276,6028231,NA,"high_dimensional",FALSE,0.001,2000,500,5,5,54
1643054,"one_se",0.75,0.546565335842276,0.139452014391967,0.548761463230995,0.617580354250513,0.670441851981046,0.687207403764452,0.7113503524293,0.6905663937966,0.0688188910195185,0.434429066783452,0,23.4207574023378,3.5527136788005e-15,0,0.692585532820841,0.936961713423971,0.748304492948843,0.767323314341176,953276,6028231,NA,"high_dimensional",FALSE,0.001,2000,500,5,5,54
1643055,"min",0.75,0.628984090439928,0.138549511863736,0.629761548783542,0.676834007737555,0.719169954707824,0.74871503393579,0.710250905633075,0.713956760002887,0.0470724589540137,0.473511931373899,0,142.181554856773,8.88178419700125e-15,0,0.61585280226459,0.920396569958257,0.75546363406273,0.824520433092297,974481,6069401,NA,"high_dimensional",FALSE,0.001,2000,500,5,5,55
1643055,"one_se",0.75,0.561851395355812,0.138549511863736,0.56462056017526,0.627764286532022,0.677516599354748,0.718238420605994,0.710119057879641,0.696974390944223,0.0631437263567626,0.440691393465336,0,46.2475271863365,5.10702591327572e-15,0,0.648587084742152,0.954342311568224,0.75546363406273,0.824520433092297,974481,6069401,NA,"high_dimensional",FALSE,0.001,2000,500,5,5,55
1643056,"min",0.75,0.591974810593205,0.140083774934736,0.590745345395055,0.641630192821495,0.680992473562606,0.697392801149142,0.700417879813306,0.69086570171256,0.0508848474264405,0.436161034044558,0,46.0800651778897,5.77315972805081e-15,0,0.635003272006801,0.939986289568226,0.760976999288419,0.737034600195613,1011594,5978408,NA,"high_dimensional",FALSE,0.001,2000,500,5,5,56
1643056,"one_se",0.75,0.537318176208349,0.140083774934736,0.536972750338441,0.606187018243695,0.655076607663318,0.67807498310279,0.687476682735773,0.671962221202008,0.0692142679052535,0.413954213918169,0,24.3864759599186,4.2188474935756e-15,0,0.73533234674693,0.943311391203267,0.760976999288419,0.737034600195613,1011594,5978408,NA,"high_dimensional",FALSE,0.001,2000,500,5,5,56
1643057,"min",0.75,0.599796801305311,0.13587952310522,0.603081465167824,0.65128126669806,0.69284621952507,0.724352206194709,0.722066645644124,0.71035189072139,0.0481998015302367,0.463043130064048,0,122.543485677493,8.43769498715119e-15,0,0.51069593737553,0.956986394302185,0.748684976182866,0.792652014592235,1011615,6007609,NA,"high_dimensional",FALSE,0.001,2000,500,5,5,57
1643057,"one_se",0.75,0.54001019324739,0.13587952310522,0.539094853958947,0.611839228895801,0.668001493533081,0.702630520543131,0.714474993454196,0.69413737771415,0.0727443749368539,0.435681705944876,0,61.9441957054336,4.88498130835069e-15,0,0.588035564504394,0.977913170485447,0.748684976182866,0.792652014592235,1011615,6007609,NA,"high_dimensional",FALSE,0.001,2000,500,5,5,57
1643058,"min",0.75,0.586975781675449,0.130350798135946,0.585067485185412,0.633318815591337,0.676053056635877,0.697771749323965,0.705641177677492,0.696050237889228,0.048251330405925,0.469681515027969,0,147.730583678223,6.66133814775094e-15,0,0.549336786329657,0.944567533174412,0.736530996831302,0.762714293424398,954348,5968339,NA,"high_dimensional",FALSE,0.001,2000,500,5,5,58
1643058,"one_se",0.75,0.52374689512772,0.130350798135946,0.523080223029536,0.589604264884673,0.64140203517934,0.678408753170658,0.68804982231883,0.669906329983094,0.0665240418551365,0.437770258530928,0,67.8595893595881,4.44089209850063e-15,0,0.609609958552528,0.969531021883063,0.736530996831302,0.762714293424398,954348,5968339,NA,"high_dimensional",FALSE,0.001,2000,500,5,5,58
1643059,"min",0.75,0.615000880825227,0.134291079220776,0.618879855163615,0.657817999561133,0.692320582711643,0.700799382284714,0.710013794903704,0.703353595037882,0.038938144397518,0.469801761263143,0,74.5222140329338,6.66133814775094e-15,0,0.645189566746444,0.916440422171467,0.745370535060154,0.731658953847549,1048967,5918354,NA,"high_dimensional",FALSE,0.001,2000,500,5,5,59
1643059,"one_se",0.75,0.545755910084952,0.134291079220776,0.544894723162877,0.608738246822849,0.65858159126162,0.681854021822953,0.693755934563988,0.677398434124828,0.063843523659972,0.43842657707379,0,35.0737545922036,3.99680288865056e-15,0,0.706122547104511,0.931179230044739,0.745370535060154,0.731658953847549,1048967,5918354,NA,"high_dimensional",FALSE,0.001,2000,500,5,5,59
1643060,"min",0.75,0.603804709797169,0.135801818154936,0.600270591618882,0.652079673420147,0.698295429176952,0.72794642545877,0.73131521633869,0.720359677515585,0.0518090818012648,0.471469853030126,0,119.123346580833,6.88338275267597e-15,0,0.579860674245649,0.948203343230159,0.761547824853305,0.814583852152729,1000504,5931545,NA,"high_dimensional",FALSE,0.001,2000,500,5,5,60
1643060,"one_se",0.75,0.535756336460042,0.135801818154936,0.532959856991307,0.607514986436796,0.666417591517469,0.700907354578743,0.714542584321786,0.69743882820306,0.0745551294454895,0.441357747378259,0,54.3859714664766,4.66293670342566e-15,0,0.698048287934127,0.948381712519963,0.761547824853305,0.814583852152729,1000504,5931545,NA,"high_dimensional",FALSE,0.001,2000,500,5,5,60
1643061,"min",0.75,0.609331376073878,0.135648508304103,0.612058326029863,0.650611994032279,0.684402044457205,0.684684203462312,0.711098396957722,0.698559571075038,0.0385536680024161,0.467076494814996,0,282.257401634361,5.99520433297585e-15,0,0.625087845247902,0.942582590589489,0.7505020946426,0.70159111400402,978319,6072978,NA,"high_dimensional",FALSE,0.001,2000,500,5,5,61
1643061,"one_se",0.75,0.556549488779624,0.135648508304103,0.558822871810379,0.615145219614145,0.659877894835886,0.674901294434349,0.711484962111664,0.69041224110524,0.0563223478037668,0.442656622921647,0,82.8384807231093,4.44089209850063e-15,0,0.70936290576547,0.955750015506965,0.7505020946426,0.70159111400402,978319,6072978,NA,"high_dimensional",FALSE,0.001,2000,500,5,5,61
1643062,"min",0.75,0.598605241958019,0.135843231814539,0.600998857668099,0.64510703881261,0.682847537891523,0.68765846334929,0.704521638058653,0.691751667897194,0.0441081811445109,0.461100887343476,0,99.7239234493961,6.88338275267597e-15,0,0.52855452608703,0.951752906863115,0.744647925421032,0.73638522658873,997558,6012520,NA,"high_dimensional",FALSE,0.001,2000,500,5,5,62
1643062,"one_se",0.75,0.539721274339579,0.135843231814539,0.540607629798688,0.608149773290166,0.659984482192838,0.677850075628168,0.701377393771582,0.681225516170748,0.0675421434914779,0.434210718938438,0,34.6431988433181,3.77475828372553e-15,0,0.613863093125558,0.964394161994806,0.744647925421032,0.73638522658873,997558,6012520,NA,"high_dimensional",FALSE,0.001,2000,500,5,5,62
1643063,"min",0.75,0.606095729070564,0.136625929571014,0.59872883325522,0.651787337155825,0.698212487675123,0.718543162935217,0.730339179841338,0.72040083989738,0.0530585039006046,0.466661089100586,0,287.298715686262,7.99360577730113e-15,0,0.569427711530685,0.952725510661231,0.765354666348462,0.812957057499563,1008849,5959414,NA,"high_dimensional",FALSE,0.001,2000,500,5,5,63
1643063,"one_se",0.75,0.549991157326191,0.136625929571014,0.547012689027301,0.612903193540253,0.664806490616241,0.699968155331674,0.714000247099183,0.697195227851412,0.065890504512952,0.440628423362314,0,99.7882963258841,3.10862446895044e-15,0,0.672716315065952,0.959737077989352,0.765354666348462,0.812957057499563,1008849,5959414,NA,"high_dimensional",FALSE,0.001,2000,500,5,5,63
1643064,"min",0.75,0.571030967573101,0.131607428605523,0.575421332207233,0.62538447069529,0.666284225443133,0.691772939224455,0.693831570890048,0.680836327864015,0.0499631384880579,0.450126044761281,0,105.655214296914,5.99520433297585e-15,0,0.521918297862463,0.956769205015963,0.742774831023438,0.773476634382712,948185,6017117,NA,"high_dimensional",FALSE,0.001,2000,500,5,5,64
1643064,"one_se",0.75,0.51487646326465,0.131607428605523,0.514232832893553,0.584988489631267,0.637132811250683,0.670303619903786,0.679271186072946,0.65911258831804,0.0707556567377137,0.424282593996003,0,43.2095111369622,3.77475828372553e-15,0,0.618924361652387,0.967434036661772,0.742774831023438,0.773476634382712,948185,6017117,NA,"high_dimensional",FALSE,0.001,2000,500,5,5,64
1643065,"min",0.75,0.67344800316276,0.14095554526894,0.672989926351137,0.701586517782289,0.729595062634683,0.718403679071605,0.781171078364604,0.765878122273291,0.028596591431152,0.494805713603334,0,144.385383931831,6.88338275267597e-15,0,0.514217592073889,0.94242812633479,0.781188772562554,0.811620551723829,959589,6000081,NA,"high_dimensional",FALSE,0.001,2000,500,5,5,65
1643065,"one_se",0.75,0.610409647185785,0.14095554526894,0.606340299466341,0.659821177415393,0.706058636973281,0.727938468870911,0.784190414558321,0.760083820516675,0.0534808779490525,0.463680609944684,0,60.0732888753163,4.66293670342566e-15,0,0.57313076079441,0.954099568760833,0.781188772562554,0.811620551723829,959589,6000081,NA,"high_dimensional",FALSE,0.001,2000,500,5,5,65
1643066,"min",0.75,0.700282498745466,0.153569758710483,0.705101164978504,0.749090557848666,0.790556421032412,0.829897880564643,0.794285902316168,0.793588148346224,0.0439893928701617,0.485234789508888,0,176.072946998008,7.32747196252603e-15,0,0.629760731646509,0.91539376920879,0.796605635089399,0.83093928250337,998806,5967185,NA,"high_dimensional",FALSE,0.001,2000,500,5,5,66
1643066,"one_se",0.75,0.633907288903689,0.153569758710483,0.639276176651986,0.704823549895504,0.759781015047102,0.8025726500671,0.794767391719663,0.781566952724658,0.0655473732435183,0.456060236945846,0,63.8502571190345,4.88498130835069e-15,0,0.698953599545789,0.920517688871116,0.796605635089399,0.83093928250337,998806,5967185,NA,"high_dimensional",FALSE,0.001,2000,500,5,5,66
1643067,"min",0.75,0.58774154090155,0.1368563768235,0.591249894295688,0.640198874280072,0.680246153752513,0.726191035183598,0.705526996567062,0.698815684467469,0.0489489799843836,0.44998834464351,0,49.6236236959474,5.77315972805081e-15,0,0.551523731489223,0.954698213226471,0.757699821665993,0.817412808608344,969676,5989720,NA,"high_dimensional",FALSE,0.001,2000,500,5,5,67
1643067,"one_se",0.75,0.530963780643369,0.1368563768235,0.531333439377025,0.603342817446656,0.656129544262697,0.701170348940642,0.696655202881308,0.683449470442846,0.0720093780696316,0.422983769120034,0,23.8302155316892,3.21964677141295e-15,0,0.651334514268436,0.964035283945415,0.757699821665993,0.817412808608344,969676,5989720,NA,"high_dimensional",FALSE,0.001,2000,500,5,5,67
1643068,"min",0.75,0.698384633963122,0.1510000815166,0.70625934326944,0.753925171603282,0.798164260597712,0.847997685762476,0.808661275271272,0.804158856730695,0.0476658283338424,0.481357149111115,0,199.435085112483,1.11022302462516e-14,0,0.57047073711134,0.929651169736204,0.800316538579426,0.902043559915009,957841,5974787,NA,"high_dimensional",FALSE,0.001,2000,500,5,5,68
1643068,"one_se",0.75,0.622517672751955,0.1510000815166,0.628319327606156,0.697563440836075,0.754232956171709,0.8031170271239,0.797459678173667,0.778399042493876,0.069244113229919,0.450066573263199,0,63.0226612488297,4.66293670342566e-15,0,0.617699862431862,0.952550425919643,0.800316538579426,0.902043559915009,957841,5974787,NA,"high_dimensional",FALSE,0.001,2000,500,5,5,68
1643069,"min",0.75,0.579599146350771,0.129551576170646,0.579897416342321,0.62426181012577,0.662062594762915,0.686336527384553,0.685346464912663,0.674906504460089,0.0443643937834491,0.460058450109453,0,150.640708318575,6.21724893790088e-15,0,0.573372493615216,0.942486232602365,0.734533469510044,0.753435400837185,981841,6054649,NA,"high_dimensional",FALSE,0.001,2000,500,5,5,69
1643069,"one_se",0.75,0.518720487450868,0.129551576170646,0.516261964019548,0.584183105869522,0.635881100530635,0.666785678593327,0.672270152996842,0.655899235283306,0.0679211418499741,0.432188328464662,0,88.9145526016581,3.5527136788005e-15,0,0.652768416989257,0.955484056992625,0.734533469510044,0.753435400837185,981841,6054649,NA,"high_dimensional",FALSE,0.001,2000,500,5,5,69
1643070,"min",0.75,0.670072764809046,0.146797642033069,0.670930251633111,0.718390305982126,0.761377459476486,0.787184020677467,0.770661539143622,0.764959250871686,0.0474600543490156,0.475273416607833,0,78.7571079297056,8.65973959207622e-15,0,0.597172398934809,0.926828851800218,0.778145304794278,0.845073998139887,1012993,6026153,NA,"high_dimensional",FALSE,0.001,2000,500,5,5,70
1643070,"one_se",0.75,0.601366673614312,0.146797642033069,0.600067855742082,0.668718191905843,0.724223162036988,0.757455096737697,0.759003193923516,0.743368499625305,0.0686503361637609,0.447060796574447,0,34.2064929571639,3.88578058618805e-15,0,0.658522784062576,0.941895508590408,0.778145304794278,0.845073998139887,1012993,6026153,NA,"high_dimensional",FALSE,0.001,2000,500,5,5,70
1643071,"min",0.75,0.597359406007204,0.134157365878044,0.598822184301006,0.650293858975546,0.696420911431756,0.726857400847016,0.708221883781473,0.701799878291532,0.0514716746745409,0.472619406136458,0,183.850051547769,6.43929354282591e-15,0,0.530787916662688,0.950438690361473,0.744033810370537,0.76717188646785,1014427,6005581,NA,"high_dimensional",FALSE,0.001,2000,500,5,5,71
1643071,"one_se",0.75,0.526602774522376,0.134157365878044,0.526771330621535,0.603360264707844,0.663170931518748,0.693960799379052,0.695412627972415,0.679124992610409,0.0765889340863097,0.438495907740782,0,60.3616180052483,3.5527136788005e-15,0,0.630098156208692,0.959485359536117,0.744033810370537,0.76717188646785,1014427,6005581,NA,"high_dimensional",FALSE,0.001,2000,500,5,5,71
1643072,"min",0.75,0.610052878970873,0.139220326440934,0.61749355599808,0.658704576628299,0.69361413948571,0.686910709879871,0.727293996478375,0.714708867827583,0.0412110206302194,0.458608713411714,0,48.103636199203,7.32747196252603e-15,0,0.61415746928114,0.938032411311398,0.751774394078694,0.670652517214991,934048,6029305,NA,"high_dimensional",FALSE,0.001,2000,500,5,5,72
1643072,"one_se",0.75,0.560762151035649,0.139220326440934,0.566189480545302,0.624370972610571,0.669171812661051,0.687534709225182,0.722183563710805,0.702888287216963,0.0581814920652697,0.435034234805681,0,34.6910911935165,3.44169137633799e-15,0,0.694298468004155,0.9446674098083,0.751774394078694,0.670652517214991,934048,6029305,NA,"high_dimensional",FALSE,0.001,2000,500,5,5,72
1643073,"min",0.75,0.47414152986499,0.116301094136307,0.468833225244828,0.527630099376234,0.570624739982454,0.584562186295797,0.586969607401764,0.579035353383977,0.0587968741314054,0.422379416565732,0,76.477695002285,5.10702591327572e-15,0,0.617170096797058,0.950423427235898,0.694362166769419,0.659288915470509,974683,6056777,NA,"high_dimensional",FALSE,0.001,2000,500,5,5,73
1643073,"one_se",0.75,0.423364743144453,0.116301094136307,0.418289603669192,0.495832280799462,0.547208752317747,0.567241431869579,0.57154626965589,0.558770246507273,0.0775426771302704,0.398516993455652,0,37.0608352018867,3.33066907387547e-15,0,0.716525712026143,0.959663756690844,0.694362166769419,0.659288915470509,974683,6056777,NA,"high_dimensional",FALSE,0.001,2000,500,5,5,73
1643074,"min",0.75,0.591109272227643,0.13340500816801,0.59333785777942,0.636720782986992,0.674856300632726,0.691759989288145,0.704429097509312,0.691861489360672,0.0433829252075716,0.467814598892176,0,67.0051714802926,7.54951656745106e-15,0,0.575451971401164,0.95164484858359,0.738017434828023,0.71940946299359,1006509,6004285,NA,"high_dimensional",FALSE,0.001,2000,500,5,5,74
1643074,"one_se",0.75,0.528297465582407,0.13340500816801,0.533139390106659,0.597473150386653,0.64753631471287,0.672839068506449,0.694228021844879,0.674900965859581,0.064333760279994,0.43762683742198,0,33.1203134036868,4.44089209850063e-15,0,0.679564069439964,0.960261988050122,0.738017434828023,0.71940946299359,1006509,6004285,NA,"high_dimensional",FALSE,0.001,2000,500,5,5,74
1643075,"min",0.75,0.551424126411475,0.128162276593562,0.549427872628396,0.603864003371057,0.648729797289044,0.65621080113728,0.6774260036933,0.665995063950429,0.0544361307426612,0.451811926821258,0,69.0153796236062,6.21724893790088e-15,0,0.698473956117727,0.92892493402106,0.740449302332372,0.722933781643176,958058,5954750,NA,"high_dimensional",FALSE,0.001,2000,500,5,5,75
1643075,"one_se",0.75,0.496664364117595,0.128162276593562,0.494802334274827,0.568437235417208,0.623561673234614,0.638519085125754,0.662052327171432,0.645675568887584,0.0736349011423819,0.428119919399564,0,39.9053455726868,3.77475828372553e-15,0,0.795976055685783,0.922962734275148,0.740449302332372,0.722933781643176,958058,5954750,NA,"high_dimensional",FALSE,0.001,2000,500,5,5,75
1643076,"min",0.75,0.629352043228898,0.139848683047902,0.633292179933984,0.682291649736285,0.725204915176583,0.771297813971238,0.74526997753098,0.737133243871343,0.0489994698023016,0.466891397878978,0,122.906485379815,8.43769498715119e-15,0,0.575586497661483,0.92706677818951,0.757869776051279,0.802893454519663,997341,6042315,NA,"high_dimensional",FALSE,0.001,2000,500,5,5,76
1643076,"one_se",0.75,0.571171594150913,0.139848683047902,0.571599130442094,0.639853049778605,0.693503057626592,0.733830550641063,0.727326758149032,0.709257702714796,0.0682539193365117,0.440100734136227,0,49.1503391386737,5.32907051820075e-15,0,0.618987975498707,0.944211404712986,0.757869776051279,0.802893454519663,997341,6042315,NA,"high_dimensional",FALSE,0.001,2000,500,5,5,76
1643077,"min",0.75,0.643521681346823,0.142003908312855,0.638357576826968,0.684677461819989,0.725425699347556,0.74118985226712,0.746988312383479,0.73754137843408,0.046319884993021,0.468004090910906,0,106.598829997483,8.21565038222616e-15,0,0.569322607681064,0.928666207801415,0.771593716557506,0.800925156087757,960386,5996397,NA,"high_dimensional",FALSE,0.001,2000,500,5,5,77
1643077,"one_se",0.75,0.568614447476052,0.142003908312855,0.564738104938398,0.634501257683147,0.687594110841876,0.705411553184805,0.736658199346452,0.713609037497076,0.0697631527447496,0.43215512964373,0,36.9909774592337,4.77395900588817e-15,0,0.645045808140815,0.946003354209304,0.771593716557506,0.800925156087757,960386,5996397,NA,"high_dimensional",FALSE,0.001,2000,500,5,5,77
1643078,"min",0.75,0.5777309588733,0.128611625265171,0.580639131768452,0.624100714976408,0.662317736878077,0.657168877835329,0.697187036916862,0.683600550020209,0.043461583207956,0.467895134232225,0,126.329063951048,5.99520433297585e-15,0,0.584934920346975,0.937938093403233,0.733916889178856,0.701852628803203,958647,6027961,NA,"high_dimensional",FALSE,0.001,2000,500,5,5,78
1643078,"one_se",0.75,0.517260568171126,0.128611625265171,0.521412028707719,0.583598597153905,0.632148053351699,0.658718034572515,0.679773179560744,0.66135456413788,0.0621865684461858,0.438425131784193,0,59.1586555861661,3.99680288865056e-15,0,0.652262133660818,0.956164995027901,0.733916889178856,0.701852628803203,958647,6027961,NA,"high_dimensional",FALSE,0.001,2000,500,5,5,78
1643079,"min",0.75,0.58950146477943,0.133193149124043,0.594921921455837,0.642322439216246,0.683176969289376,0.703376907314762,0.705991354871023,0.696148533565836,0.0474005177604091,0.462914372333551,0,98.218656215814,9.76996261670138e-15,0,0.554132543728024,0.933723489694611,0.746751158927427,0.761268013102876,967663,6015353,NA,"high_dimensional",FALSE,0.001,2000,500,5,5,79
1643079,"one_se",0.75,0.530257106426532,0.133193149124043,0.531885217188345,0.601394075106642,0.655062802947456,0.686434370611979,0.688331004444767,0.672107264414416,0.0695088579182972,0.435702059835542,0,41.0909497337307,5.55111512312578e-15,0,0.609413915656228,0.950046943608868,0.746751158927427,0.761268013102876,967663,6015353,NA,"high_dimensional",FALSE,0.001,2000,500,5,5,79
1643080,"min",0.75,0.627356214320891,0.140989132817198,0.625287039264129,0.668756450207565,0.70662506644433,0.730292055950806,0.746301579017252,0.734162592546022,0.0434694109434355,0.465570871947374,0,177.528368944204,7.105427357601e-15,0,0.623094190845265,0.935068957987774,0.757630705751604,0.798158745099605,995756,6007788,NA,"high_dimensional",FALSE,0.001,2000,500,5,5,80
1643080,"one_se",0.75,0.56530091356218,0.140989132817198,0.563604296082806,0.627652063682778,0.677027335567162,0.703944265095339,0.732768271071819,0.71279298240105,0.0640477675999717,0.435319597401498,0,67.0374137653178,5.21804821573824e-15,0,0.714494399121249,0.950195636553865,0.757630705751604,0.798158745099605,995756,6007788,NA,"high_dimensional",FALSE,0.001,2000,500,5,5,80
1643081,"min",0.75,0.691845243686296,0.153432136563354,0.694887216699797,0.734681192355968,0.771115115062806,0.803494717275148,0.804892720256241,0.797939741309901,0.0397939756561706,0.477960477584388,0,49.6110492836137,7.54951656745106e-15,0,0.625499538955348,0.916117503019062,0.815627880140195,0.888395098482209,963856,6002517,NA,"high_dimensional",FALSE,0.001,2000,500,5,5,81
1643081,"one_se",0.75,0.634822200264165,0.153432136563354,0.635305574449143,0.697790644685959,0.74862277197907,0.783251714782256,0.808343081598098,0.790736728754982,0.0624850702368164,0.448582637067826,0,27.8267664156533,4.66293670342566e-15,0,0.71469855063081,0.914079511351344,0.815627880140195,0.888395098482209,963856,6002517,NA,"high_dimensional",FALSE,0.001,2000,500,5,5,81
1643082,"min",0.75,0.653388315086184,0.143853801956696,0.654803886415279,0.698013761359677,0.737098841795844,0.775002012014902,0.754203338363716,0.747457092861258,0.0432098749443978,0.474938958960757,0,132.242457365765,8.65973959207622e-15,0,0.594632887028413,0.929937806497916,0.781123549591359,0.831947738818319,1011855,5999406,NA,"high_dimensional",FALSE,0.001,2000,500,5,5,82
1643082,"one_se",0.75,0.58302471921128,0.143853801956696,0.580966636760447,0.652254681356185,0.709032682686713,0.750390937714465,0.741958056180468,0.727004270982824,0.0712880445957383,0.443349374300333,0,48.1846778691122,3.99680288865056e-15,0,0.675488573338719,0.942109790608001,0.781123549591359,0.831947738818319,1011855,5999406,NA,"high_dimensional",FALSE,0.001,2000,500,5,5,82
1643083,"min",0.75,0.555542672417732,0.131109074466472,0.560589705815551,0.615677787582745,0.66139911878064,0.659457841763799,0.674001433861486,0.664814090089854,0.0550880817671942,0.45354228194671,0,72.5751378331743,9.32587340685131e-15,0,0.628372701056571,0.934949146799337,0.724515034882323,0.562795826445061,953164,5932100,NA,"high_dimensional",FALSE,0.001,2000,500,5,5,83
1643083,"one_se",0.75,0.501502752003835,0.131109074466472,0.505824967161138,0.577260698954595,0.630521776178372,0.648086635919706,0.654791549572955,0.6387957057691,0.071435731793457,0.427124620457737,0,30.7228438812226,2.88657986402541e-15,0,0.705362624065304,0.954459713297433,0.724515034882323,0.562795826445061,953164,5932100,NA,"high_dimensional",FALSE,0.001,2000,500,5,5,83
1643084,"min",0.75,0.498389450163625,0.11949268765488,0.504351483285058,0.545511318385386,0.577712187781524,0.596558281162574,0.599719265377048,0.590537716512943,0.0411598351003279,0.438938933549762,0,49.3726369911933,5.55111512312578e-15,0,0.686691985321251,0.945891463344567,0.687089602247284,0.606430657141167,1007670,6028211,NA,"high_dimensional",FALSE,0.001,2000,500,5,5,84
1643084,"one_se",0.75,0.448833228790826,0.11949268765488,0.451579768598248,0.514312337106384,0.558339972842923,0.581436878525633,0.596899201392787,0.583601889428611,0.0627325685081362,0.412397447607307,0,23.8444579156775,3.77475828372553e-15,0,0.792776410143499,0.95598127416893,0.687089602247284,0.606430657141167,1007670,6028211,NA,"high_dimensional",FALSE,0.001,2000,500,5,5,84
1643085,"min",0.75,0.620897249072663,0.132824765211148,0.62071151946793,0.655802561276373,0.688910845447613,0.719519613324129,0.708236927226856,0.704886873539232,0.0350910418084438,0.485463510022118,0,288.616480526438,8.88178419700125e-15,0,0.543646392053908,0.937130233658988,0.754867402868698,0.808045908140793,1026724,6023209,NA,"high_dimensional",FALSE,0.001,2000,500,5,5,85
1643085,"one_se",0.75,0.556529141047889,0.132824765211148,0.558819436907581,0.61431929448824,0.660082296935623,0.701038270799617,0.711290105162427,0.69464750586435,0.0554998575806582,0.451922871176173,0,119.05318328762,4.88498130835069e-15,0,0.597820896843433,0.957961237205364,0.754867402868698,0.808045908140793,1026724,6023209,NA,"high_dimensional",FALSE,0.001,2000,500,5,5,85
1643086,"min",0.75,0.584272532228494,0.13910046779356,0.586445366090032,0.637714534798062,0.677972175362289,0.715631158804059,0.692385101840756,0.686443652354614,0.0512691687080296,0.439845340226779,0,40.9796413108983,7.105427357601e-15,0,0.651098206832512,0.938376304130633,0.758420960326942,0.862195776960718,1021122,6018263,NA,"high_dimensional",FALSE,0.001,2000,500,5,5,86
1643086,"one_se",0.75,0.530685168230199,0.13910046779356,0.531574444082689,0.601425872790928,0.65102563924056,0.686065805325257,0.677642313121459,0.665050366352544,0.0698514287082392,0.415230390822621,0,22.7010896109368,3.33066907387547e-15,0,0.750564591975473,0.948383587989407,0.758420960326942,0.862195776960718,1021122,6018263,NA,"high_dimensional",FALSE,0.001,2000,500,5,5,86
1643087,"min",0.75,0.65904784229684,0.145851536633683,0.653510209925953,0.70252417947522,0.74448531227602,0.775932104938416,0.77219752381575,0.7614014831393,0.0490139695492671,0.461237544304554,0,387.691500909011,7.105427357601e-15,0,0.550296375563357,0.943731575481502,0.785528115217567,0.847269924294879,975431,6051320,NA,"high_dimensional",FALSE,0.001,2000,500,5,5,87
1643087,"one_se",0.75,0.587631222307511,0.145851536633683,0.582015441712616,0.653192590739364,0.707182853135008,0.741726353591984,0.756636560449877,0.736882496805122,0.0711771490267478,0.431344403324341,0,105.277123072181,2.33146835171283e-15,0,0.664703197507708,0.945428020135222,0.785528115217567,0.847269924294879,975431,6051320,NA,"high_dimensional",FALSE,0.001,2000,500,5,5,87
1643088,"min",0.75,0.621314921836189,0.13703675608311,0.617211252105203,0.661054854870847,0.699568626442463,0.719767557075788,0.724537681357002,0.71890609512461,0.043843602765644,0.467642052476063,0,114.00430215188,7.43849426498855e-15,0,0.552287362919121,0.93456719686494,0.751084818773457,0.767035224081389,1011478,5967070,NA,"high_dimensional",FALSE,0.001,2000,500,5,5,88
1643088,"one_se",0.75,0.55410576766308,0.13703675608311,0.55378995925582,0.618207074597544,0.667736264243751,0.702931292811658,0.716455688840161,0.698589650316041,0.0644171153417238,0.434671309889804,0,49.1049676844047,4.44089209850063e-15,0,0.608622373783458,0.957029459977059,0.751084818773457,0.767035224081389,1011478,5967070,NA,"high_dimensional",FALSE,0.001,2000,500,5,5,88
1643089,"min",0.75,0.614104255032488,0.134308639725309,0.607074149927416,0.652848394617163,0.693752732290263,0.733020619079091,0.722966980478647,0.714869598910708,0.0457742446897474,0.471908244898021,0,103.125544132992,8.21565038222616e-15,0,0.604774402125441,0.939825793837791,0.755074591821655,0.776466394620853,1001223,6009917,NA,"high_dimensional",FALSE,0.001,2000,500,5,5,89
1643089,"one_se",0.75,0.545682631194447,0.134308639725309,0.54131292453122,0.611018859370567,0.666524414283305,0.70758836539359,0.709137119190321,0.691601119730547,0.0697059348393468,0.443294421483503,0,52.9213399480795,3.5527136788005e-15,0,0.687265794537418,0.957129104401362,0.755074591821655,0.776466394620853,1001223,6009917,NA,"high_dimensional",FALSE,0.001,2000,500,5,5,89
1643090,"min",0.75,0.52275507721383,0.118682874445112,0.529685301111424,0.568717057447805,0.601712217619782,0.628651620937457,0.63389184973974,0.624688135909961,0.0390317563363811,0.458094859137114,0,52.0771780857564,7.54951656745106e-15,0,0.562390352954027,0.940427670552422,0.705254809838733,0.699105177608406,1002156,5976078,NA,"high_dimensional",FALSE,0.001,2000,500,5,5,90
1643090,"one_se",0.75,0.476928284214688,0.118682874445112,0.475648666135972,0.537077231423113,0.583416189204338,0.617965554723141,0.629674933766498,0.614318796815604,0.0614285652871411,0.429990004983487,0,31.0388500693863,3.77475828372553e-15,0,0.615820522257664,0.963309872737758,0.705254809838733,0.699105177608406,1002156,5976078,NA,"high_dimensional",FALSE,0.001,2000,500,5,5,90
1643091,"min",0.75,0.709541814852755,0.157244281650045,0.708108268893486,0.757035710263974,0.80352997884648,0.818068678875734,0.832275647585806,0.821708300885757,0.0489274413704881,0.487250423466628,0,135.061189015753,7.99360577730113e-15,0,0.599541793926029,0.923019012178133,0.803142847914043,0.851108103316503,982580,5986290,NA,"high_dimensional",FALSE,0.001,2000,500,5,5,91
1643091,"one_se",0.75,0.656193835625732,0.157244281650045,0.651614635479513,0.721243965750659,0.78067956515624,0.807348458705139,0.832362441806852,0.814315538754486,0.0696293302711457,0.460509292140409,0,69.4334162810145,5.32907051820075e-15,0,0.667568063482555,0.926042474082855,0.803142847914043,0.851108103316503,982580,5986290,NA,"high_dimensional",FALSE,0.001,2000,500,5,5,91
1643092,"min",0.75,0.682893214957231,0.147203370477085,0.673985538644512,0.71091836673791,0.746380096221072,0.748823942325455,0.769602425225651,0.769035234271479,0.0369328280933979,0.48983971544629,0,95.062783526567,7.99360577730113e-15,0,0.644653873162758,0.916747793579016,0.782059095986042,0.831423554102499,1013332,5999772,NA,"high_dimensional",FALSE,0.001,2000,500,5,5,92
1643092,"one_se",0.75,0.625845259058333,0.147203370477085,0.623817966023721,0.674323571536109,0.71742777700209,0.744539227362346,0.775457935134073,0.762243082960072,0.0505056055123885,0.46046675039159,0,40.5123793316556,5.10702591327572e-15,0,0.711227065567254,0.927353763050522,0.782059095986042,0.831423554102499,1013332,5999772,NA,"high_dimensional",FALSE,0.001,2000,500,5,5,92
1643093,"min",0.75,0.527027989630764,0.119480844335435,0.529917243345711,0.562570099394509,0.59047443593502,0.578494518963501,0.63718375969274,0.622625212257687,0.0326528560487979,0.460793100660307,0,129.005018549282,9.54791801177635e-15,0,0.578481504382959,0.949076645207934,0.704072695076887,0.554140011095057,1004597,5996930,NA,"high_dimensional",FALSE,0.001,2000,500,5,5,93
1643093,"one_se",0.75,0.480646118489347,0.119480844335435,0.4826626195838,0.53296499367651,0.571008119007866,0.587362665472455,0.639569098034072,0.620229054899086,0.0503023740927099,0.430617581873028,0,44.5165120064481,3.5527136788005e-15,0,0.682266174685147,0.962471459307256,0.704072695076887,0.554140011095057,1004597,5996930,NA,"high_dimensional",FALSE,0.001,2000,500,5,5,93
1643094,"min",0.75,0.617511322884296,0.141818613378832,0.610162074149585,0.674579669438245,0.730005666097926,0.754466781350056,0.743758674105632,0.736709323415868,0.0644175952886595,0.462486110092333,0,393.72629603817,5.77315972805081e-15,0,0.590748299429997,0.943597881107956,0.763407499156515,0.800742719174211,1029729,6005979,NA,"high_dimensional",FALSE,0.001,2000,500,5,5,94
1643094,"one_se",0.75,0.555793145391803,0.141818613378832,0.552499090182842,0.632977048599288,0.694963705881566,0.731138396851514,0.728184386631248,0.710816665231187,0.0804779584164463,0.43510212678609,0,144.564690864614,4.44089209850063e-15,0,0.680404387928407,0.958010264419217,0.763407499156515,0.800742719174211,1029729,6005979,NA,"high_dimensional",FALSE,0.001,2000,500,5,5,94
1643095,"min",0.75,0.6384551970784,0.140448132230213,0.64241139006338,0.683302216486882,0.720276503021848,0.738577758084811,0.751603293743678,0.74103624472765,0.0408908264235022,0.474850483485297,0,103.055315452041,8.88178419700125e-15,0,0.569287216799453,0.932315091903371,0.764880610003552,0.780737235249216,1044666,5985666,NA,"high_dimensional",FALSE,0.001,2000,500,5,5,95
1643095,"one_se",0.75,0.575395907262632,0.140448132230213,0.579592734145047,0.636801742012959,0.682582536863227,0.713759938471072,0.738555586258303,0.719919336381295,0.0572090078679122,0.44451774488336,0,47.1110282484307,3.5527136788005e-15,0,0.651477803184499,0.939022678701125,0.764880610003552,0.780737235249216,1044666,5985666,NA,"high_dimensional",FALSE,0.001,2000,500,5,5,95
1643096,"min",0.75,0.547434011396791,0.127267790083047,0.549056269755821,0.588890964235552,0.621421766801526,0.622869889343302,0.646745415916513,0.639524223390676,0.0398346944797309,0.449534707754833,0,275.138754619978,6.43929354282591e-15,0,0.617707427361385,0.932940105361249,0.711979081965829,0.587875604762056,978204,6004887,NA,"high_dimensional",FALSE,0.001,2000,500,5,5,96
1643096,"one_se",0.75,0.49457255028956,0.127267790083047,0.497145416265956,0.556448399268341,0.59972105646363,0.615075365685214,0.643296059368342,0.626656077000057,0.0593029830023851,0.421860951702546,0,76.0637772337058,3.5527136788005e-15,0,0.695789234720859,0.953394178307104,0.711979081965829,0.587875604762056,978204,6004887,NA,"high_dimensional",FALSE,0.001,2000,500,5,5,96
1643097,"min",0.75,0.577723285362795,0.131071446537191,0.573264226221257,0.622025498559016,0.662704805505243,0.679485302513188,0.678429046094957,0.670642779969214,0.0487612723377593,0.454819359086039,0,46.6723113241003,6.88338275267597e-15,0,0.564204888065125,0.943587498926113,0.730840275666378,0.731490082083396,962026,6052235,NA,"high_dimensional",FALSE,0.001,2000,500,5,5,97
1643097,"one_se",0.75,0.511609099036848,0.131071446537191,0.506226965777615,0.578709067713882,0.632077324700511,0.658798618830426,0.669783371752185,0.65369320870348,0.0724821019362675,0.424061221941572,0,24.2896336235366,3.5527136788005e-15,0,0.653495606902472,0.958861593280221,0.730840275666378,0.731490082083396,962026,6052235,NA,"high_dimensional",FALSE,0.001,2000,500,5,5,97
1643098,"min",0.75,0.590276958189955,0.138603532238236,0.592632254661974,0.640745819505439,0.679573119900776,0.700650406109545,0.687454683089587,0.683994021781968,0.048113564843465,0.446594363751609,0,38.4121639543408,7.32747196252603e-15,0,0.671074897892064,0.916657720194013,0.753785831656665,0.776199557387229,1031668,6018124,NA,"high_dimensional",FALSE,0.001,2000,500,5,5,98
1643098,"one_se",0.75,0.536924459364885,0.138603532238236,0.538815594979467,0.606365360971062,0.656025961286334,0.679932603949466,0.68572697688161,0.672778195931056,0.0675497659915958,0.423687783598047,0,19.5245196082762,3.10862446895044e-15,0,0.748287913309054,0.925195944864525,0.753785831656665,0.776199557387229,1031668,6018124,NA,"high_dimensional",FALSE,0.001,2000,500,5,5,98
1643099,"min",0.75,0.563253424038333,0.125224053844615,0.561447749456835,0.608534038063455,0.648966136269033,0.695272664786411,0.671548679331187,0.664104576082503,0.0470862886066197,0.461984043334116,0,492.978528035309,1.06581410364015e-14,0,0.565639088730442,0.946726596364108,0.733890035911151,0.779032923448927,963193,5962133,NA,"high_dimensional",FALSE,0.001,2000,500,5,5,99
1643099,"one_se",0.75,0.504674404102371,0.125224053844615,0.503164438764955,0.569921871767624,0.620461154929028,0.666700899444162,0.659261183864256,0.644042706453023,0.0667574330026688,0.430866991116021,0,142.203585653927,3.99680288865056e-15,0,0.654876888597066,0.958456166405863,0.733890035911151,0.779032923448927,963193,5962133,NA,"high_dimensional",FALSE,0.001,2000,500,5,5,99
1643100,"min",0.75,0.521711400874642,0.127875088577395,0.519225542980502,0.577242448300299,0.621773235623857,0.633500763366062,0.644295447363854,0.636154071249152,0.0580169053197972,0.434244654128189,0,147.603877743042,7.105427357601e-15,0,0.635533565808483,0.951293466882015,0.710222107625462,0.675047085479703,1047042,5916972,NA,"high_dimensional",FALSE,0.001,2000,500,5,5,100
1643100,"one_se",0.75,0.472299962011812,0.127875088577395,0.469431657606083,0.545612643128252,0.598779980793565,0.621142277336232,0.631044513423535,0.616970033883249,0.0761809855221691,0.411040022438097,0,62.9259032000254,3.33066907387547e-15,0,0.72609948466111,0.969565901052471,0.710222107625462,0.675047085479703,1047042,5916972,NA,"high_dimensional",FALSE,0.001,2000,500,5,5,100
