"estimator","truth","estimate","se","covered","bootstrap_success","cell","primary","clip","cell_n","cell_p","outer_folds","inner_folds","bootstrap_reps","bootstrap_fit_timeout","replication"
"direct",0.75,0.615578599502728,0.0427817421359746,FALSE,1,"randomized",TRUE,0.001,3000,80,5,5,99,600,1
"raw_label",0.75,0.124380908726759,0.0076267400808373,FALSE,1,"randomized",TRUE,0.001,3000,80,5,5,99,600,1
"index_projection",0.75,0.615474679526226,0.042428877033145,FALSE,1,"randomized",TRUE,0.001,3000,80,5,5,99,600,1
"sudo",0.75,0.630194459890108,0.0431762911384351,FALSE,1,"randomized",TRUE,0.001,3000,80,5,5,99,600,1
"scaled",0.75,0.643670151888196,0.045885082111633,FALSE,1,"randomized",TRUE,0.001,3000,80,5,5,99,600,1
"orthogonal",0.75,0.634551230430712,0.0553933278333937,FALSE,1,"randomized",TRUE,0.001,3000,80,5,5,99,600,1
"targeted_projection",0.75,0.664240281914335,0.0483076968293034,TRUE,1,"randomized",TRUE,0.001,3000,80,5,5,99,600,1
"targeted_sudo",0.75,0.654465394536102,0.0471922523581234,FALSE,1,"randomized",TRUE,0.001,3000,80,5,5,99,600,1
"pit_intercept_tilt",0.75,0.664240612738646,0.0483087500738822,TRUE,1,"randomized",TRUE,0.001,3000,80,5,5,99,600,1
"pit_affine_tilt",0.75,0.665698140116631,0.0489082407216605,TRUE,1,"randomized",TRUE,0.001,3000,80,5,5,99,600,1
"direct",0.75,0.619351038975374,0.0383440465845533,FALSE,1,"randomized",TRUE,0.001,3000,80,5,5,99,600,2
"raw_label",0.75,0.124626110439219,0.00750709140831781,FALSE,1,"randomized",TRUE,0.001,3000,80,5,5,99,600,2
"index_projection",0.75,0.617962103997249,0.0386315638324775,FALSE,1,"randomized",TRUE,0.001,3000,80,5,5,99,600,2
"sudo",0.75,0.640995354802196,0.0410218819122656,FALSE,1,"randomized",TRUE,0.001,3000,80,5,5,99,600,2
"scaled",0.75,0.662261053290483,0.0453396542266518,TRUE,1,"randomized",TRUE,0.001,3000,80,5,5,99,600,2
"orthogonal",0.75,0.677610575801832,0.0546171588717404,TRUE,1,"randomized",TRUE,0.001,3000,80,5,5,99,600,2
"targeted_projection",0.75,0.679782125758204,0.045595741785202,TRUE,1,"randomized",TRUE,0.001,3000,80,5,5,99,600,2
"targeted_sudo",0.75,0.673999861556295,0.0447417504404371,TRUE,1,"randomized",TRUE,0.001,3000,80,5,5,99,600,2
"pit_intercept_tilt",0.75,0.679776633722056,0.0455934507612229,TRUE,1,"randomized",TRUE,0.001,3000,80,5,5,99,600,2
"pit_affine_tilt",0.75,0.682932603620373,0.0464138013114124,TRUE,1,"randomized",TRUE,0.001,3000,80,5,5,99,600,2
"direct",0.75,0.69332716253949,0.0416933864544445,TRUE,1,"randomized",TRUE,0.001,3000,80,5,5,99,600,3
"raw_label",0.75,0.143007332414168,0.00782645582517498,FALSE,1,"randomized",TRUE,0.001,3000,80,5,5,99,600,3
"index_projection",0.75,0.697279765345061,0.0414370493605556,TRUE,1,"randomized",TRUE,0.001,3000,80,5,5,99,600,3
"sudo",0.75,0.717325445953138,0.0424793209616553,TRUE,1,"randomized",TRUE,0.001,3000,80,5,5,99,600,3
"scaled",0.75,0.736544933178401,0.0457264447149953,TRUE,1,"randomized",TRUE,0.001,3000,80,5,5,99,600,3
"orthogonal",0.75,0.734938426953717,0.0469900774736846,TRUE,1,"randomized",TRUE,0.001,3000,80,5,5,99,600,3
"targeted_projection",0.75,0.760471948537206,0.0500094773990006,TRUE,1,"randomized",TRUE,0.001,3000,80,5,5,99,600,3
"targeted_sudo",0.75,0.748509647605173,0.0478418955100081,TRUE,1,"randomized",TRUE,0.001,3000,80,5,5,99,600,3
"pit_intercept_tilt",0.75,0.760469367377121,0.050010816229388,TRUE,1,"randomized",TRUE,0.001,3000,80,5,5,99,600,3
"pit_affine_tilt",0.75,0.762758803198037,0.0514926164889154,TRUE,1,"randomized",TRUE,0.001,3000,80,5,5,99,600,3
"direct",0.75,0.657255528002581,0.0406255476027954,FALSE,1,"randomized",TRUE,0.001,3000,80,5,5,99,600,4
"raw_label",0.75,0.132836289053366,0.00768902721859077,FALSE,1,"randomized",TRUE,0.001,3000,80,5,5,99,600,4
"index_projection",0.75,0.660832418951178,0.040453333797182,FALSE,1,"randomized",TRUE,0.001,3000,80,5,5,99,600,4
"sudo",0.75,0.67659191201752,0.0431135070627492,TRUE,1,"randomized",TRUE,0.001,3000,80,5,5,99,600,4
"scaled",0.75,0.691309115279934,0.0475022294358901,TRUE,1,"randomized",TRUE,0.001,3000,80,5,5,99,600,4
"orthogonal",0.75,0.684863315609324,0.0541627748707669,TRUE,1,"randomized",TRUE,0.001,3000,80,5,5,99,600,4
"targeted_projection",0.75,0.712039551301999,0.0492813645927125,TRUE,1,"randomized",TRUE,0.001,3000,80,5,5,99,600,4
"targeted_sudo",0.75,0.702318794704282,0.0482602280400604,TRUE,1,"randomized",TRUE,0.001,3000,80,5,5,99,600,4
"pit_intercept_tilt",0.75,0.712037670046209,0.0492815766968954,TRUE,1,"randomized",TRUE,0.001,3000,80,5,5,99,600,4
"pit_affine_tilt",0.75,0.715613507378828,0.0504036726127424,TRUE,1,"randomized",TRUE,0.001,3000,80,5,5,99,600,4
"direct",0.75,0.581120276752842,0.0366645884566965,FALSE,1,"randomized",TRUE,0.001,3000,80,5,5,99,600,5
"raw_label",0.75,0.12284425416011,0.00798961555149151,FALSE,1,"randomized",TRUE,0.001,3000,80,5,5,99,600,5
"index_projection",0.75,0.578828543895541,0.0369943087983003,FALSE,1,"randomized",TRUE,0.001,3000,80,5,5,99,600,5
"sudo",0.75,0.604000021800329,0.0395519378256903,FALSE,1,"randomized",TRUE,0.001,3000,80,5,5,99,600,5
"scaled",0.75,0.625195465803327,0.0435391049725449,FALSE,1,"randomized",TRUE,0.001,3000,80,5,5,99,600,5
"orthogonal",0.75,0.644453544367475,0.0469758899285381,FALSE,1,"randomized",TRUE,0.001,3000,80,5,5,99,600,5
"targeted_projection",0.75,0.630442340364647,0.0455913735091584,FALSE,1,"randomized",TRUE,0.001,3000,80,5,5,99,600,5
"targeted_sudo",0.75,0.62766408356304,0.044073201514041,FALSE,1,"randomized",TRUE,0.001,3000,80,5,5,99,600,5
"pit_intercept_tilt",0.75,0.630432360794742,0.0455959661322379,FALSE,1,"randomized",TRUE,0.001,3000,80,5,5,99,600,5
"pit_affine_tilt",0.75,0.633523054373372,0.0470010743427208,FALSE,1,"randomized",TRUE,0.001,3000,80,5,5,99,600,5
"direct",0.75,0.685624917101318,0.0423504603820483,TRUE,1,"randomized",TRUE,0.001,3000,80,5,5,99,600,6
"raw_label",0.75,0.139693439620813,0.00828230976339032,FALSE,1,"randomized",TRUE,0.001,3000,80,5,5,99,600,6
"index_projection",0.75,0.687674912989513,0.0422812395138371,TRUE,1,"randomized",TRUE,0.001,3000,80,5,5,99,600,6
"sudo",0.75,0.708035442175076,0.04495420937483,TRUE,1,"randomized",TRUE,0.001,3000,80,5,5,99,600,6
"scaled",0.75,0.727405973043592,0.0490765604136066,TRUE,1,"randomized",TRUE,0.001,3000,80,5,5,99,600,6
"orthogonal",0.75,0.747431298918278,0.0521467571584709,TRUE,1,"randomized",TRUE,0.001,3000,80,5,5,99,600,6
"targeted_projection",0.75,0.744082431598419,0.0527005207322764,TRUE,1,"randomized",TRUE,0.001,3000,80,5,5,99,600,6
"targeted_sudo",0.75,0.7374793878236,0.051375472863634,TRUE,1,"randomized",TRUE,0.001,3000,80,5,5,99,600,6
"pit_intercept_tilt",0.75,0.744082110223793,0.052698742355952,TRUE,1,"randomized",TRUE,0.001,3000,80,5,5,99,600,6
"pit_affine_tilt",0.75,0.746069000820929,0.0540859095773483,TRUE,1,"randomized",TRUE,0.001,3000,80,5,5,99,600,6
"direct",0.75,0.668335363263374,0.037502083827302,FALSE,1,"randomized",TRUE,0.001,3000,80,5,5,99,600,7
"raw_label",0.75,0.138147303970609,0.00690818759251445,FALSE,1,"randomized",TRUE,0.001,3000,80,5,5,99,600,7
"index_projection",0.75,0.671175356595826,0.0371829955845624,FALSE,1,"randomized",TRUE,0.001,3000,80,5,5,99,600,7
"sudo",0.75,0.69512834834783,0.0376652017958136,TRUE,1,"randomized",TRUE,0.001,3000,80,5,5,99,600,7
"scaled",0.75,0.717982819428601,0.0398695399167728,TRUE,1,"randomized",TRUE,0.001,3000,80,5,5,99,600,7
"orthogonal",0.75,0.728089974320753,0.043503637388243,TRUE,1,"randomized",TRUE,0.001,3000,80,5,5,99,600,7
"targeted_projection",0.75,0.742688722401601,0.0448419790518972,TRUE,1,"randomized",TRUE,0.001,3000,80,5,5,99,600,7
"targeted_sudo",0.75,0.732161799322451,0.0432466684323527,TRUE,1,"randomized",TRUE,0.001,3000,80,5,5,99,600,7
"pit_intercept_tilt",0.75,0.742682826263244,0.0448392832781215,TRUE,1,"randomized",TRUE,0.001,3000,80,5,5,99,600,7
"pit_affine_tilt",0.75,0.745275089073111,0.045923154105848,TRUE,1,"randomized",TRUE,0.001,3000,80,5,5,99,600,7
"direct",0.75,0.653732340738684,0.0435524858536871,FALSE,1,"randomized",TRUE,0.001,3000,80,5,5,99,600,8
"raw_label",0.75,0.132639749250998,0.00839276894633421,FALSE,1,"randomized",TRUE,0.001,3000,80,5,5,99,600,8
"index_projection",0.75,0.655488017799387,0.0431374177131982,FALSE,1,"randomized",TRUE,0.001,3000,80,5,5,99,600,8
"sudo",0.75,0.676732091563683,0.0442850497494001,TRUE,1,"randomized",TRUE,0.001,3000,80,5,5,99,600,8
"scaled",0.75,0.697401273970707,0.0475774177266398,TRUE,1,"randomized",TRUE,0.001,3000,80,5,5,99,600,8
"orthogonal",0.75,0.70559754885937,0.0498354765440282,TRUE,1,"randomized",TRUE,0.001,3000,80,5,5,99,600,8
"targeted_projection",0.75,0.72196667054451,0.0511092199477421,TRUE,1,"randomized",TRUE,0.001,3000,80,5,5,99,600,8
"targeted_sudo",0.75,0.711039444687631,0.04946400747371,TRUE,1,"randomized",TRUE,0.001,3000,80,5,5,99,600,8
"pit_intercept_tilt",0.75,0.721962423291802,0.0511080234641728,TRUE,1,"randomized",TRUE,0.001,3000,80,5,5,99,600,8
"pit_affine_tilt",0.75,0.723802065491224,0.0518978551034763,TRUE,1,"randomized",TRUE,0.001,3000,80,5,5,99,600,8
"direct",0.75,0.687409908419621,0.0387681951688941,TRUE,1,"randomized",TRUE,0.001,3000,80,5,5,99,600,9
"raw_label",0.75,0.137378616929896,0.00712958212094306,FALSE,1,"randomized",TRUE,0.001,3000,80,5,5,99,600,9
"index_projection",0.75,0.686629968317966,0.0386769573074762,TRUE,1,"randomized",TRUE,0.001,3000,80,5,5,99,600,9
"sudo",0.75,0.709861563643637,0.0400301898085535,TRUE,1,"randomized",TRUE,0.001,3000,80,5,5,99,600,9
"scaled",0.75,0.73271846051726,0.0439864158664013,TRUE,1,"randomized",TRUE,0.001,3000,80,5,5,99,600,9
"orthogonal",0.75,0.75028637290584,0.0492695971768688,TRUE,1,"randomized",TRUE,0.001,3000,80,5,5,99,600,9
"targeted_projection",0.75,0.755742514566464,0.0479092261604156,TRUE,1,"randomized",TRUE,0.001,3000,80,5,5,99,600,9
"targeted_sudo",0.75,0.746705238255409,0.0464925535828255,TRUE,1,"randomized",TRUE,0.001,3000,80,5,5,99,600,9
"pit_intercept_tilt",0.75,0.755832499043522,0.0479051229619283,TRUE,1,"randomized",TRUE,0.001,3000,80,5,5,99,600,9
"pit_affine_tilt",0.75,0.759979020694573,0.049257446577107,TRUE,1,"randomized",TRUE,0.001,3000,80,5,5,99,600,9
"direct",0.75,0.663301362513861,0.0384364483279274,FALSE,1,"randomized",TRUE,0.001,3000,80,5,5,99,600,10
"raw_label",0.75,0.131567412483996,0.00696410367925995,FALSE,1,"randomized",TRUE,0.001,3000,80,5,5,99,600,10
"index_projection",0.75,0.664260004170891,0.0389471201580135,FALSE,1,"randomized",TRUE,0.001,3000,80,5,5,99,600,10
"sudo",0.75,0.685055092726394,0.0405969808378743,TRUE,1,"randomized",TRUE,0.001,3000,80,5,5,99,600,10
"scaled",0.75,0.705258342841752,0.0446093141802672,TRUE,1,"randomized",TRUE,0.001,3000,80,5,5,99,600,10
"orthogonal",0.75,0.722538747901098,0.0507280943915024,TRUE,1,"randomized",TRUE,0.001,3000,80,5,5,99,600,10
"targeted_projection",0.75,0.730473366887049,0.0476108604469575,TRUE,1,"randomized",TRUE,0.001,3000,80,5,5,99,600,10
"targeted_sudo",0.75,0.719515380660763,0.0463085231748038,TRUE,1,"randomized",TRUE,0.001,3000,80,5,5,99,600,10
"pit_intercept_tilt",0.75,0.730457622663412,0.0476085530465484,TRUE,1,"randomized",TRUE,0.001,3000,80,5,5,99,600,10
"pit_affine_tilt",0.75,0.734428408946192,0.0491230260027594,TRUE,1,"randomized",TRUE,0.001,3000,80,5,5,99,600,10
"direct",0.75,0.620684251459952,0.0382846182555719,FALSE,0.404040404040404,"randomized",TRUE,0.001,3000,80,5,5,99,600,11
"raw_label",0.75,0.12656714062349,0.00778938558501091,FALSE,0.404040404040404,"randomized",TRUE,0.001,3000,80,5,5,99,600,11
"index_projection",0.75,0.621895634848416,0.0380744279835461,FALSE,0.404040404040404,"randomized",TRUE,0.001,3000,80,5,5,99,600,11
"sudo",0.75,0.63808260980045,0.0404791542589615,FALSE,0.404040404040404,"randomized",TRUE,0.001,3000,80,5,5,99,600,11
"scaled",0.75,0.653022606486302,0.0444160581451853,FALSE,0.404040404040404,"randomized",TRUE,0.001,3000,80,5,5,99,600,11
"orthogonal",0.75,0.672967757171125,0.0461250635102535,TRUE,0.404040404040404,"randomized",TRUE,0.001,3000,80,5,5,99,600,11
"targeted_projection",0.75,0.67208072978065,0.0472673503551504,TRUE,0.404040404040404,"randomized",TRUE,0.001,3000,80,5,5,99,600,11
"targeted_sudo",0.75,0.665882036339879,0.045319989176223,TRUE,0.404040404040404,"randomized",TRUE,0.001,3000,80,5,5,99,600,11
"pit_intercept_tilt",0.75,0.672189538069951,0.0472749443069713,TRUE,0.404040404040404,"randomized",TRUE,0.001,3000,80,5,5,99,600,11
"pit_affine_tilt",0.75,0.672401000152845,0.0482961368351791,TRUE,0.404040404040404,"randomized",TRUE,0.001,3000,80,5,5,99,600,11
"direct",0.75,0.636884526041926,0.0420176175315614,FALSE,0.404040404040404,"randomized",TRUE,0.001,3000,80,5,5,99,600,12
"raw_label",0.75,0.129685984008448,0.008343337247002,FALSE,0.404040404040404,"randomized",TRUE,0.001,3000,80,5,5,99,600,12
"index_projection",0.75,0.634026525335625,0.0414939534669268,FALSE,0.404040404040404,"randomized",TRUE,0.001,3000,80,5,5,99,600,12
"sudo",0.75,0.65860888890352,0.0426839648264681,FALSE,0.404040404040404,"randomized",TRUE,0.001,3000,80,5,5,99,600,12
"scaled",0.75,0.681660306741508,0.0452600720894612,TRUE,0.404040404040404,"randomized",TRUE,0.001,3000,80,5,5,99,600,12
"orthogonal",0.75,0.712212450193907,0.051134105699854,TRUE,0.404040404040404,"randomized",TRUE,0.001,3000,80,5,5,99,600,12
"targeted_projection",0.75,0.699870073204473,0.0507322843868175,TRUE,0.404040404040404,"randomized",TRUE,0.001,3000,80,5,5,99,600,12
"targeted_sudo",0.75,0.693285195222042,0.0493424988239589,TRUE,0.404040404040404,"randomized",TRUE,0.001,3000,80,5,5,99,600,12
"pit_intercept_tilt",0.75,0.699861272714184,0.0507302147808772,TRUE,0.404040404040404,"randomized",TRUE,0.001,3000,80,5,5,99,600,12
"pit_affine_tilt",0.75,0.702543058307377,0.0521630372435995,TRUE,0.404040404040404,"randomized",TRUE,0.001,3000,80,5,5,99,600,12
"direct",0.75,0.606674670288798,0.0367298237393107,FALSE,0.404040404040404,"randomized",TRUE,0.001,3000,80,5,5,99,600,13
"raw_label",0.75,0.123097248639787,0.007103518110385,FALSE,0.404040404040404,"randomized",TRUE,0.001,3000,80,5,5,99,600,13
"index_projection",0.75,0.606693496982818,0.0373144501970619,FALSE,0.404040404040404,"randomized",TRUE,0.001,3000,80,5,5,99,600,13
"sudo",0.75,0.620028605801026,0.0378807940975841,FALSE,0.404040404040404,"randomized",TRUE,0.001,3000,80,5,5,99,600,13
"scaled",0.75,0.632242565945195,0.0406696851572917,FALSE,0.404040404040404,"randomized",TRUE,0.001,3000,80,5,5,99,600,13
"orthogonal",0.75,0.565232322447419,0.0669702412831207,FALSE,0.404040404040404,"randomized",TRUE,0.001,3000,80,5,5,99,600,13
"targeted_projection",0.75,0.656852875552963,0.042350123128902,FALSE,0.404040404040404,"randomized",TRUE,0.001,3000,80,5,5,99,600,13
"targeted_sudo",0.75,0.648069960881519,0.0413595446827462,FALSE,0.404040404040404,"randomized",TRUE,0.001,3000,80,5,5,99,600,13
"pit_intercept_tilt",0.75,0.656843359230094,0.042350885393839,FALSE,0.404040404040404,"randomized",TRUE,0.001,3000,80,5,5,99,600,13
"pit_affine_tilt",0.75,0.657974241881214,0.0430741370152812,FALSE,0.404040404040404,"randomized",TRUE,0.001,3000,80,5,5,99,600,13
"direct",0.75,0.695878628794646,0.0434555350821182,TRUE,0.404040404040404,"randomized",TRUE,0.001,3000,80,5,5,99,600,14
"raw_label",0.75,0.140863924299715,0.00754253068174683,FALSE,0.404040404040404,"randomized",TRUE,0.001,3000,80,5,5,99,600,14
"index_projection",0.75,0.696242065597987,0.0431474610883209,TRUE,0.404040404040404,"randomized",TRUE,0.001,3000,80,5,5,99,600,14
"sudo",0.75,0.715765304600829,0.0434582163459299,TRUE,0.404040404040404,"randomized",TRUE,0.001,3000,80,5,5,99,600,14
"scaled",0.75,0.734482870614868,0.0457435766232422,TRUE,0.404040404040404,"randomized",TRUE,0.001,3000,80,5,5,99,600,14
"orthogonal",0.75,0.73645040050134,0.0553494656803821,TRUE,0.404040404040404,"randomized",TRUE,0.001,3000,80,5,5,99,600,14
"targeted_projection",0.75,0.763444884452305,0.0502863313850609,TRUE,0.404040404040404,"randomized",TRUE,0.001,3000,80,5,5,99,600,14
"targeted_sudo",0.75,0.75087297235504,0.0486120822429982,TRUE,0.404040404040404,"randomized",TRUE,0.001,3000,80,5,5,99,600,14
"pit_intercept_tilt",0.75,0.76344451133756,0.050280281449553,TRUE,0.404040404040404,"randomized",TRUE,0.001,3000,80,5,5,99,600,14
"pit_affine_tilt",0.75,0.766512341725415,0.0511676502999013,TRUE,0.404040404040404,"randomized",TRUE,0.001,3000,80,5,5,99,600,14
"direct",0.75,0.608300740715356,0.040576478031063,FALSE,1,"randomized",TRUE,0.001,3000,80,5,5,99,600,15
"raw_label",0.75,0.125883465808473,0.0075746644010555,FALSE,1,"randomized",TRUE,0.001,3000,80,5,5,99,600,15
"index_projection",0.75,0.609695401521318,0.0406452296126599,FALSE,1,"randomized",TRUE,0.001,3000,80,5,5,99,600,15
"sudo",0.75,0.628420823253058,0.0415325234663378,FALSE,1,"randomized",TRUE,0.001,3000,80,5,5,99,600,15
"scaled",0.75,0.645181832453477,0.0441047059639384,FALSE,1,"randomized",TRUE,0.001,3000,80,5,5,99,600,15
"orthogonal",0.75,0.655785511485757,0.0504219887320736,TRUE,1,"randomized",TRUE,0.001,3000,80,5,5,99,600,15
"targeted_projection",0.75,0.661653643837099,0.0453344409517403,TRUE,1,"randomized",TRUE,0.001,3000,80,5,5,99,600,15
"targeted_sudo",0.75,0.655721991403107,0.044431090578393,FALSE,1,"randomized",TRUE,0.001,3000,80,5,5,99,600,15
"pit_intercept_tilt",0.75,0.66165594931062,0.0453382182938824,TRUE,1,"randomized",TRUE,0.001,3000,80,5,5,99,600,15
"pit_affine_tilt",0.75,0.664043383737358,0.0464061851095584,TRUE,1,"randomized",TRUE,0.001,3000,80,5,5,99,600,15
"direct",0.75,0.631793588322388,0.0432486593592009,FALSE,0.838383838383838,"randomized",TRUE,0.001,3000,80,5,5,99,600,16
"raw_label",0.75,0.129959819014423,0.00797711269370748,FALSE,0.838383838383838,"randomized",TRUE,0.001,3000,80,5,5,99,600,16
"index_projection",0.75,0.632403606674012,0.0427550851163568,FALSE,0.838383838383838,"randomized",TRUE,0.001,3000,80,5,5,99,600,16
"sudo",0.75,0.651827702861324,0.0439266503368152,FALSE,0.838383838383838,"randomized",TRUE,0.001,3000,80,5,5,99,600,16
"scaled",0.75,0.669395063716986,0.0471438741560551,TRUE,0.838383838383838,"randomized",TRUE,0.001,3000,80,5,5,99,600,16
"orthogonal",0.75,0.639385755404034,0.0652322707785795,TRUE,0.838383838383838,"randomized",TRUE,0.001,3000,80,5,5,99,600,16
"targeted_projection",0.75,0.681911637090428,0.0503423461672752,TRUE,0.838383838383838,"randomized",TRUE,0.001,3000,80,5,5,99,600,16
"targeted_sudo",0.75,0.677878658340223,0.0492986722513801,TRUE,0.838383838383838,"randomized",TRUE,0.001,3000,80,5,5,99,600,16
"pit_intercept_tilt",0.75,0.681910142132352,0.0503519466625827,TRUE,0.838383838383838,"randomized",TRUE,0.001,3000,80,5,5,99,600,16
"pit_affine_tilt",0.75,0.684598312962912,0.0517791715042683,TRUE,0.838383838383838,"randomized",TRUE,0.001,3000,80,5,5,99,600,16
"direct",0.75,0.767448654385792,0.0346011505942792,TRUE,0.858585858585859,"randomized",TRUE,0.001,3000,80,5,5,99,600,17
"raw_label",0.75,0.15203024257864,0.00721476565504712,FALSE,0.858585858585859,"randomized",TRUE,0.001,3000,80,5,5,99,600,17
"index_projection",0.75,0.765922741791419,0.0349434112357533,TRUE,0.858585858585859,"randomized",TRUE,0.001,3000,80,5,5,99,600,17
"sudo",0.75,0.793808082708203,0.0375128156243781,TRUE,0.858585858585859,"randomized",TRUE,0.001,3000,80,5,5,99,600,17
"scaled",0.75,0.823157058420316,0.0422501667599927,TRUE,0.858585858585859,"randomized",TRUE,0.001,3000,80,5,5,99,600,17
"orthogonal",0.75,0.85390060907154,0.0458648232663491,FALSE,0.858585858585859,"randomized",TRUE,0.001,3000,80,5,5,99,600,17
"targeted_projection",0.75,0.85696327660347,0.0458743255761938,FALSE,0.858585858585859,"randomized",TRUE,0.001,3000,80,5,5,99,600,17
"targeted_sudo",0.75,0.844514620315935,0.0443043201672673,FALSE,0.858585858585859,"randomized",TRUE,0.001,3000,80,5,5,99,600,17
"pit_intercept_tilt",0.75,0.857028224347931,0.0458727216843902,FALSE,0.858585858585859,"randomized",TRUE,0.001,3000,80,5,5,99,600,17
"pit_affine_tilt",0.75,0.864908069484705,0.0479143058995703,FALSE,0.858585858585859,"randomized",TRUE,0.001,3000,80,5,5,99,600,17
"direct",0.75,0.662213709733036,0.0409065094932864,FALSE,0.838383838383838,"randomized",TRUE,0.001,3000,80,5,5,99,600,18
"raw_label",0.75,0.131070509324263,0.00737145544499552,FALSE,0.838383838383838,"randomized",TRUE,0.001,3000,80,5,5,99,600,18
"index_projection",0.75,0.664043325335079,0.0407404430927105,FALSE,0.838383838383838,"randomized",TRUE,0.001,3000,80,5,5,99,600,18
"sudo",0.75,0.687018918680037,0.0405636489512603,TRUE,0.838383838383838,"randomized",TRUE,0.001,3000,80,5,5,99,600,18
"scaled",0.75,0.70977786082909,0.0424374828606871,TRUE,0.838383838383838,"randomized",TRUE,0.001,3000,80,5,5,99,600,18
"orthogonal",0.75,0.761606884958632,0.048436342823995,TRUE,0.838383838383838,"randomized",TRUE,0.001,3000,80,5,5,99,600,18
"targeted_projection",0.75,0.731643414191948,0.0483830129337748,TRUE,0.838383838383838,"randomized",TRUE,0.001,3000,80,5,5,99,600,18
"targeted_sudo",0.75,0.72431873299848,0.0468837798048249,TRUE,0.838383838383838,"randomized",TRUE,0.001,3000,80,5,5,99,600,18
"pit_intercept_tilt",0.75,0.731639216335165,0.0483828806516508,TRUE,0.838383838383838,"randomized",TRUE,0.001,3000,80,5,5,99,600,18
"pit_affine_tilt",0.75,0.733792231576368,0.0494183537836754,TRUE,0.838383838383838,"randomized",TRUE,0.001,3000,80,5,5,99,600,18
"direct",0.75,0.722053059900092,0.044237805870383,TRUE,0.888888888888889,"randomized",TRUE,0.001,3000,80,5,5,99,600,19
"raw_label",0.75,0.144975664648495,0.0080413224899229,FALSE,0.888888888888889,"randomized",TRUE,0.001,3000,80,5,5,99,600,19
"index_projection",0.75,0.724712251874377,0.0443822167383327,TRUE,0.888888888888889,"randomized",TRUE,0.001,3000,80,5,5,99,600,19
"sudo",0.75,0.750066662528812,0.0464146017156856,TRUE,0.888888888888889,"randomized",TRUE,0.001,3000,80,5,5,99,600,19
"scaled",0.75,0.774880821565517,0.0499469378988635,TRUE,0.888888888888889,"randomized",TRUE,0.001,3000,80,5,5,99,600,19
"orthogonal",0.75,0.808543768506042,0.0557494686627155,TRUE,0.888888888888889,"randomized",TRUE,0.001,3000,80,5,5,99,600,19
"targeted_projection",0.75,0.794427410026858,0.0519357469171162,TRUE,0.888888888888889,"randomized",TRUE,0.001,3000,80,5,5,99,600,19
"targeted_sudo",0.75,0.787250754700204,0.0505673067712908,TRUE,0.888888888888889,"randomized",TRUE,0.001,3000,80,5,5,99,600,19
"pit_intercept_tilt",0.75,0.794427847284542,0.0519356322755799,TRUE,0.888888888888889,"randomized",TRUE,0.001,3000,80,5,5,99,600,19
"pit_affine_tilt",0.75,0.798314309285153,0.0537136975993331,TRUE,0.888888888888889,"randomized",TRUE,0.001,3000,80,5,5,99,600,19
"direct",0.75,0.711519724609137,0.0420531860500399,TRUE,1,"randomized",TRUE,0.001,3000,80,5,5,99,600,20
"raw_label",0.75,0.145274910073055,0.00759386657335357,FALSE,1,"randomized",TRUE,0.001,3000,80,5,5,99,600,20
"index_projection",0.75,0.710295306001347,0.0419023301847834,TRUE,1,"randomized",TRUE,0.001,3000,80,5,5,99,600,20
"sudo",0.75,0.738268547238815,0.0418285969424507,TRUE,1,"randomized",TRUE,0.001,3000,80,5,5,99,600,20
"scaled",0.75,0.766196061263485,0.044250878379379,TRUE,1,"randomized",TRUE,0.001,3000,80,5,5,99,600,20
"orthogonal",0.75,0.781839938719096,0.0508133972148818,TRUE,1,"randomized",TRUE,0.001,3000,80,5,5,99,600,20
"targeted_projection",0.75,0.790419351295421,0.0506548595855213,TRUE,1,"randomized",TRUE,0.001,3000,80,5,5,99,600,20
"targeted_sudo",0.75,0.780835249679427,0.0488042065204603,TRUE,1,"randomized",TRUE,0.001,3000,80,5,5,99,600,20
"pit_intercept_tilt",0.75,0.790419370119489,0.0506511936640022,TRUE,1,"randomized",TRUE,0.001,3000,80,5,5,99,600,20
"pit_affine_tilt",0.75,0.791431798461157,0.0520354783622684,TRUE,1,"randomized",TRUE,0.001,3000,80,5,5,99,600,20
"direct",0.75,0.648322166316326,0.0365428001088191,FALSE,1,"randomized",TRUE,0.001,3000,80,5,5,99,600,21
"raw_label",0.75,0.129955734327807,0.00791116562932455,FALSE,1,"randomized",TRUE,0.001,3000,80,5,5,99,600,21
"index_projection",0.75,0.64758905030566,0.0360589086439109,FALSE,1,"randomized",TRUE,0.001,3000,80,5,5,99,600,21
"sudo",0.75,0.668387687106666,0.0398681839002899,FALSE,1,"randomized",TRUE,0.001,3000,80,5,5,99,600,21
"scaled",0.75,0.688957763894544,0.045705675310332,TRUE,1,"randomized",TRUE,0.001,3000,80,5,5,99,600,21
"orthogonal",0.75,0.701026202852167,0.0517903735408486,TRUE,1,"randomized",TRUE,0.001,3000,80,5,5,99,600,21
"targeted_projection",0.75,0.721047570487624,0.0461797357496487,TRUE,1,"randomized",TRUE,0.001,3000,80,5,5,99,600,21
"targeted_sudo",0.75,0.709825959185207,0.0455963924975382,TRUE,1,"randomized",TRUE,0.001,3000,80,5,5,99,600,21
"pit_intercept_tilt",0.75,0.721029937984268,0.0461766540921166,TRUE,1,"randomized",TRUE,0.001,3000,80,5,5,99,600,21
"pit_affine_tilt",0.75,0.719045761320921,0.0472709154521154,TRUE,1,"randomized",TRUE,0.001,3000,80,5,5,99,600,21
"direct",0.75,0.729182491216263,0.0439628600449172,TRUE,1,"randomized",TRUE,0.001,3000,80,5,5,99,600,22
"raw_label",0.75,0.146299793181483,0.00836847954821111,FALSE,1,"randomized",TRUE,0.001,3000,80,5,5,99,600,22
"index_projection",0.75,0.730051107387135,0.0433855800863385,TRUE,1,"randomized",TRUE,0.001,3000,80,5,5,99,600,22
"sudo",0.75,0.753011417546277,0.0451103139948893,TRUE,1,"randomized",TRUE,0.001,3000,80,5,5,99,600,22
"scaled",0.75,0.775890911914285,0.0488102848803637,TRUE,1,"randomized",TRUE,0.001,3000,80,5,5,99,600,22
"orthogonal",0.75,0.765928637755259,0.0595107599202242,TRUE,1,"randomized",TRUE,0.001,3000,80,5,5,99,600,22
"targeted_projection",0.75,0.80842607657741,0.0530255402189962,TRUE,1,"randomized",TRUE,0.001,3000,80,5,5,99,600,22
"targeted_sudo",0.75,0.796132434419325,0.0513970300411514,TRUE,1,"randomized",TRUE,0.001,3000,80,5,5,99,600,22
"pit_intercept_tilt",0.75,0.808426078508412,0.0530256152111697,TRUE,1,"randomized",TRUE,0.001,3000,80,5,5,99,600,22
"pit_affine_tilt",0.75,0.811730722768481,0.0547164321449317,TRUE,1,"randomized",TRUE,0.001,3000,80,5,5,99,600,22
"direct",0.75,0.668079554512893,0.0393019672723272,FALSE,1,"randomized",TRUE,0.001,3000,80,5,5,99,600,23
"raw_label",0.75,0.138424220863477,0.00702764064630383,FALSE,1,"randomized",TRUE,0.001,3000,80,5,5,99,600,23
"index_projection",0.75,0.667119742776429,0.0385869315823833,FALSE,1,"randomized",TRUE,0.001,3000,80,5,5,99,600,23
"sudo",0.75,0.689221667859684,0.040375722689472,TRUE,1,"randomized",TRUE,0.001,3000,80,5,5,99,600,23
"scaled",0.75,0.709810252387317,0.0441538557905057,TRUE,1,"randomized",TRUE,0.001,3000,80,5,5,99,600,23
"orthogonal",0.75,0.674792490056029,0.0533665684084453,TRUE,1,"randomized",TRUE,0.001,3000,80,5,5,99,600,23
"targeted_projection",0.75,0.725367438836135,0.0472748064169808,TRUE,1,"randomized",TRUE,0.001,3000,80,5,5,99,600,23
"targeted_sudo",0.75,0.715075052463334,0.045988523876046,TRUE,1,"randomized",TRUE,0.001,3000,80,5,5,99,600,23
"pit_intercept_tilt",0.75,0.725397246305692,0.0472827736364648,TRUE,1,"randomized",TRUE,0.001,3000,80,5,5,99,600,23
"pit_affine_tilt",0.75,0.726470813652035,0.0485122659400935,TRUE,1,"randomized",TRUE,0.001,3000,80,5,5,99,600,23
"direct",0.75,0.738181445556928,0.0357642133776209,TRUE,1,"randomized",TRUE,0.001,3000,80,5,5,99,600,24
"raw_label",0.75,0.147851426201039,0.00680663752607985,FALSE,1,"randomized",TRUE,0.001,3000,80,5,5,99,600,24
"index_projection",0.75,0.738759651289178,0.0360713795872814,TRUE,1,"randomized",TRUE,0.001,3000,80,5,5,99,600,24
"sudo",0.75,0.761826135754106,0.03918075427827,TRUE,1,"randomized",TRUE,0.001,3000,80,5,5,99,600,24
"scaled",0.75,0.78587602116618,0.0452917544981775,TRUE,1,"randomized",TRUE,0.001,3000,80,5,5,99,600,24
"orthogonal",0.75,0.743418659578885,0.102932940565717,TRUE,1,"randomized",TRUE,0.001,3000,80,5,5,99,600,24
"targeted_projection",0.75,0.821778397681896,0.045260126153976,TRUE,1,"randomized",TRUE,0.001,3000,80,5,5,99,600,24
"targeted_sudo",0.75,0.806081849109284,0.0446261168429249,TRUE,1,"randomized",TRUE,0.001,3000,80,5,5,99,600,24
"pit_intercept_tilt",0.75,0.821775755632743,0.0452654758682361,TRUE,1,"randomized",TRUE,0.001,3000,80,5,5,99,600,24
"pit_affine_tilt",0.75,0.824586013736052,0.0462786614704777,TRUE,1,"randomized",TRUE,0.001,3000,80,5,5,99,600,24
"direct",0.75,0.690140051176958,0.0350545331587804,TRUE,1,"randomized",TRUE,0.001,3000,80,5,5,99,600,25
"raw_label",0.75,0.137348621788224,0.00624750516943177,FALSE,1,"randomized",TRUE,0.001,3000,80,5,5,99,600,25
"index_projection",0.75,0.694055916283164,0.0340889751093698,TRUE,1,"randomized",TRUE,0.001,3000,80,5,5,99,600,25
"sudo",0.75,0.712801492507608,0.0340839321694817,TRUE,1,"randomized",TRUE,0.001,3000,80,5,5,99,600,25
"scaled",0.75,0.731726096033285,0.0358991765466687,TRUE,1,"randomized",TRUE,0.001,3000,80,5,5,99,600,25
"orthogonal",0.75,0.716911489546342,0.0494663466883406,TRUE,1,"randomized",TRUE,0.001,3000,80,5,5,99,600,25
"targeted_projection",0.75,0.759347314057155,0.0429127876290233,TRUE,1,"randomized",TRUE,0.001,3000,80,5,5,99,600,25
"targeted_sudo",0.75,0.749264361567312,0.0412370717182851,TRUE,1,"randomized",TRUE,0.001,3000,80,5,5,99,600,25
"pit_intercept_tilt",0.75,0.759347357592281,0.0429112503338397,TRUE,1,"randomized",TRUE,0.001,3000,80,5,5,99,600,25
"pit_affine_tilt",0.75,0.761398894759789,0.0442106132100048,TRUE,1,"randomized",TRUE,0.001,3000,80,5,5,99,600,25
"direct",0.75,0.679686614217845,0.0338827263252674,FALSE,0.98989898989899,"randomized",TRUE,0.001,3000,80,5,5,99,600,26
"raw_label",0.75,0.140710177250455,0.00675737483883184,FALSE,0.98989898989899,"randomized",TRUE,0.001,3000,80,5,5,99,600,26
"index_projection",0.75,0.682570550174054,0.0331778254026077,FALSE,0.98989898989899,"randomized",TRUE,0.001,3000,80,5,5,99,600,26
"sudo",0.75,0.706406857631364,0.0335786321151095,TRUE,0.98989898989899,"randomized",TRUE,0.001,3000,80,5,5,99,600,26
"scaled",0.75,0.728092659610127,0.035716477393986,TRUE,0.98989898989899,"randomized",TRUE,0.001,3000,80,5,5,99,600,26
"orthogonal",0.75,0.746568195944524,0.0400641616133245,TRUE,0.98989898989899,"randomized",TRUE,0.001,3000,80,5,5,99,600,26
"targeted_projection",0.75,0.736825938398225,0.0410748730841482,TRUE,0.98989898989899,"randomized",TRUE,0.001,3000,80,5,5,99,600,26
"targeted_sudo",0.75,0.731072030661849,0.0395882217690476,TRUE,0.98989898989899,"randomized",TRUE,0.001,3000,80,5,5,99,600,26
"pit_intercept_tilt",0.75,0.736827876703321,0.0410767897656954,TRUE,0.98989898989899,"randomized",TRUE,0.001,3000,80,5,5,99,600,26
"pit_affine_tilt",0.75,0.740254444342963,0.0424954860291417,TRUE,0.98989898989899,"randomized",TRUE,0.001,3000,80,5,5,99,600,26
"direct",0.75,0.648801960328864,0.0377446729570617,FALSE,0.98989898989899,"randomized",TRUE,0.001,3000,80,5,5,99,600,27
"raw_label",0.75,0.128536601538277,0.00732688685530085,FALSE,0.98989898989899,"randomized",TRUE,0.001,3000,80,5,5,99,600,27
"index_projection",0.75,0.652032628211202,0.0378791473858905,FALSE,0.98989898989899,"randomized",TRUE,0.001,3000,80,5,5,99,600,27
"sudo",0.75,0.669087374137427,0.0391875108336464,FALSE,0.98989898989899,"randomized",TRUE,0.001,3000,80,5,5,99,600,27
"scaled",0.75,0.686088810531796,0.0419558535313293,TRUE,0.98989898989899,"randomized",TRUE,0.001,3000,80,5,5,99,600,27
"orthogonal",0.75,0.681379796252034,0.0475687416261192,TRUE,0.98989898989899,"randomized",TRUE,0.001,3000,80,5,5,99,600,27
"targeted_projection",0.75,0.704619061624205,0.0437506750437214,TRUE,0.98989898989899,"randomized",TRUE,0.001,3000,80,5,5,99,600,27
"targeted_sudo",0.75,0.696067037209921,0.0425715341755427,TRUE,0.98989898989899,"randomized",TRUE,0.001,3000,80,5,5,99,600,27
"pit_intercept_tilt",0.75,0.70464414153315,0.0437491786415194,TRUE,0.98989898989899,"randomized",TRUE,0.001,3000,80,5,5,99,600,27
"pit_affine_tilt",0.75,0.704857456985182,0.044532826566685,TRUE,0.98989898989899,"randomized",TRUE,0.001,3000,80,5,5,99,600,27
"direct",0.75,0.691120780380394,0.0396955612477723,TRUE,0.98989898989899,"randomized",TRUE,0.001,3000,80,5,5,99,600,28
"raw_label",0.75,0.142450179058263,0.00743526361250261,FALSE,0.98989898989899,"randomized",TRUE,0.001,3000,80,5,5,99,600,28
"index_projection",0.75,0.692014447389938,0.0396019189246466,TRUE,0.98989898989899,"randomized",TRUE,0.001,3000,80,5,5,99,600,28
"sudo",0.75,0.71874527571717,0.0405401116997838,TRUE,0.98989898989899,"randomized",TRUE,0.001,3000,80,5,5,99,600,28
"scaled",0.75,0.743827862986737,0.04340288352037,TRUE,0.98989898989899,"randomized",TRUE,0.001,3000,80,5,5,99,600,28
"orthogonal",0.75,0.776223748782988,0.0476234043022674,TRUE,0.98989898989899,"randomized",TRUE,0.001,3000,80,5,5,99,600,28
"targeted_projection",0.75,0.761435583144814,0.0474617465895624,TRUE,0.98989898989899,"randomized",TRUE,0.001,3000,80,5,5,99,600,28
"targeted_sudo",0.75,0.753319214699278,0.0457615621654109,TRUE,0.98989898989899,"randomized",TRUE,0.001,3000,80,5,5,99,600,28
"pit_intercept_tilt",0.75,0.761459422327966,0.0474635948494471,TRUE,0.98989898989899,"randomized",TRUE,0.001,3000,80,5,5,99,600,28
"pit_affine_tilt",0.75,0.765266255913132,0.048603997338769,TRUE,0.98989898989899,"randomized",TRUE,0.001,3000,80,5,5,99,600,28
"direct",0.75,0.702598356559077,0.0414543164230869,TRUE,0.98989898989899,"randomized",TRUE,0.001,3000,80,5,5,99,600,29
"raw_label",0.75,0.140106249262276,0.00746967254296232,FALSE,0.98989898989899,"randomized",TRUE,0.001,3000,80,5,5,99,600,29
"index_projection",0.75,0.698302608808626,0.0415057698643467,TRUE,0.98989898989899,"randomized",TRUE,0.001,3000,80,5,5,99,600,29
"sudo",0.75,0.728944353943538,0.0437113657272737,TRUE,0.98989898989899,"randomized",TRUE,0.001,3000,80,5,5,99,600,29
"scaled",0.75,0.75970471979283,0.0479399095169035,TRUE,0.98989898989899,"randomized",TRUE,0.001,3000,80,5,5,99,600,29
"orthogonal",0.75,0.783572686528728,0.0554194417863439,TRUE,0.98989898989899,"randomized",TRUE,0.001,3000,80,5,5,99,600,29
"targeted_projection",0.75,0.782010598825526,0.0515230918886636,TRUE,0.98989898989899,"randomized",TRUE,0.001,3000,80,5,5,99,600,29
"targeted_sudo",0.75,0.773582571224419,0.0498582190651424,TRUE,0.98989898989899,"randomized",TRUE,0.001,3000,80,5,5,99,600,29
"pit_intercept_tilt",0.75,0.782006975603685,0.0515219935644995,TRUE,0.98989898989899,"randomized",TRUE,0.001,3000,80,5,5,99,600,29
"pit_affine_tilt",0.75,0.7850810541425,0.0534287500450354,TRUE,0.98989898989899,"randomized",TRUE,0.001,3000,80,5,5,99,600,29
"direct",0.75,0.678722064702551,0.0444303093800257,TRUE,1,"randomized",TRUE,0.001,3000,80,5,5,99,600,30
"raw_label",0.75,0.134632606554845,0.00790388968696356,FALSE,1,"randomized",TRUE,0.001,3000,80,5,5,99,600,30
"index_projection",0.75,0.681361002423479,0.0441308261807042,TRUE,1,"randomized",TRUE,0.001,3000,80,5,5,99,600,30
"sudo",0.75,0.707674975160434,0.0451309994081386,TRUE,1,"randomized",TRUE,0.001,3000,80,5,5,99,600,30
"scaled",0.75,0.733186952497668,0.0482587150146745,TRUE,1,"randomized",TRUE,0.001,3000,80,5,5,99,600,30
"orthogonal",0.75,0.775690424284172,0.0522356777742897,TRUE,1,"randomized",TRUE,0.001,3000,80,5,5,99,600,30
"targeted_projection",0.75,0.747330421300319,0.0517911683529668,TRUE,1,"randomized",TRUE,0.001,3000,80,5,5,99,600,30
"targeted_sudo",0.75,0.740038340884197,0.0503180066439854,TRUE,1,"randomized",TRUE,0.001,3000,80,5,5,99,600,30
"pit_intercept_tilt",0.75,0.747332040066245,0.0517878648976866,TRUE,1,"randomized",TRUE,0.001,3000,80,5,5,99,600,30
"pit_affine_tilt",0.75,0.752269424204739,0.0529145984802977,TRUE,1,"randomized",TRUE,0.001,3000,80,5,5,99,600,30
"direct",0.75,0.710018291373573,0.0379020673278737,TRUE,0.98989898989899,"randomized",TRUE,0.001,3000,80,5,5,99,600,31
"raw_label",0.75,0.138768404056897,0.00711776584350416,FALSE,0.98989898989899,"randomized",TRUE,0.001,3000,80,5,5,99,600,31
"index_projection",0.75,0.709304077954914,0.0382368323617713,TRUE,0.98989898989899,"randomized",TRUE,0.001,3000,80,5,5,99,600,31
"sudo",0.75,0.725466873430344,0.0388476948753811,TRUE,0.98989898989899,"randomized",TRUE,0.001,3000,80,5,5,99,600,31
"scaled",0.75,0.741670074574668,0.0413368816438365,TRUE,0.98989898989899,"randomized",TRUE,0.001,3000,80,5,5,99,600,31
"orthogonal",0.75,0.744414531046586,0.0474962004853416,TRUE,0.98989898989899,"randomized",TRUE,0.001,3000,80,5,5,99,600,31
"targeted_projection",0.75,0.775930388206031,0.0457388293042017,TRUE,0.98989898989899,"randomized",TRUE,0.001,3000,80,5,5,99,600,31
"targeted_sudo",0.75,0.762202807815657,0.0442108986808219,TRUE,0.98989898989899,"randomized",TRUE,0.001,3000,80,5,5,99,600,31
"pit_intercept_tilt",0.75,0.775932788780643,0.0457358648664707,TRUE,0.98989898989899,"randomized",TRUE,0.001,3000,80,5,5,99,600,31
"pit_affine_tilt",0.75,0.779504213922079,0.0472313621150474,TRUE,0.98989898989899,"randomized",TRUE,0.001,3000,80,5,5,99,600,31
"direct",0.75,0.622377583112383,0.0411348893897642,FALSE,0.98989898989899,"randomized",TRUE,0.001,3000,80,5,5,99,600,32
"raw_label",0.75,0.129085555168838,0.00790369330014099,FALSE,0.98989898989899,"randomized",TRUE,0.001,3000,80,5,5,99,600,32
"index_projection",0.75,0.624137205382255,0.0409604613770354,FALSE,0.98989898989899,"randomized",TRUE,0.001,3000,80,5,5,99,600,32
"sudo",0.75,0.649253017183359,0.0425373353655186,FALSE,0.98989898989899,"randomized",TRUE,0.001,3000,80,5,5,99,600,32
"scaled",0.75,0.672097388245618,0.0455835457676451,TRUE,0.98989898989899,"randomized",TRUE,0.001,3000,80,5,5,99,600,32
"orthogonal",0.75,0.71340107031641,0.0495000948675326,TRUE,0.98989898989899,"randomized",TRUE,0.001,3000,80,5,5,99,600,32
"targeted_projection",0.75,0.682083429275632,0.0492307891666398,TRUE,0.98989898989899,"randomized",TRUE,0.001,3000,80,5,5,99,600,32
"targeted_sudo",0.75,0.677185946357543,0.0477546449944041,TRUE,0.98989898989899,"randomized",TRUE,0.001,3000,80,5,5,99,600,32
"pit_intercept_tilt",0.75,0.682082839854808,0.0492278961103041,TRUE,0.98989898989899,"randomized",TRUE,0.001,3000,80,5,5,99,600,32
"pit_affine_tilt",0.75,0.683480331990771,0.0504482336401069,TRUE,0.98989898989899,"randomized",TRUE,0.001,3000,80,5,5,99,600,32
"direct",0.75,0.657121780913833,0.0374419398328107,FALSE,0.98989898989899,"randomized",TRUE,0.001,3000,80,5,5,99,600,33
"raw_label",0.75,0.133229446570746,0.00737731819626785,FALSE,0.98989898989899,"randomized",TRUE,0.001,3000,80,5,5,99,600,33
"index_projection",0.75,0.657101564752435,0.0378687758572711,FALSE,0.98989898989899,"randomized",TRUE,0.001,3000,80,5,5,99,600,33
"sudo",0.75,0.678789607017214,0.0386997861863694,TRUE,0.98989898989899,"randomized",TRUE,0.001,3000,80,5,5,99,600,33
"scaled",0.75,0.699703077105023,0.0414199079376996,TRUE,0.98989898989899,"randomized",TRUE,0.001,3000,80,5,5,99,600,33
"orthogonal",0.75,0.727564099427745,0.0501786425487928,TRUE,0.98989898989899,"randomized",TRUE,0.001,3000,80,5,5,99,600,33
"targeted_projection",0.75,0.72151002219008,0.0433073666648948,TRUE,0.98989898989899,"randomized",TRUE,0.001,3000,80,5,5,99,600,33
"targeted_sudo",0.75,0.71319305435016,0.042547964685996,TRUE,0.98989898989899,"randomized",TRUE,0.001,3000,80,5,5,99,600,33
"pit_intercept_tilt",0.75,0.721509506186746,0.0433097116683114,TRUE,0.98989898989899,"randomized",TRUE,0.001,3000,80,5,5,99,600,33
"pit_affine_tilt",0.75,0.723455309126758,0.0443317545243668,TRUE,0.98989898989899,"randomized",TRUE,0.001,3000,80,5,5,99,600,33
"direct",0.75,0.658127850779832,0.0468029713885239,FALSE,0.98989898989899,"randomized",TRUE,0.001,3000,80,5,5,99,600,34
"raw_label",0.75,0.133739038480666,0.00837825121009544,FALSE,0.98989898989899,"randomized",TRUE,0.001,3000,80,5,5,99,600,34
"index_projection",0.75,0.661746699976931,0.0477435619167597,TRUE,0.98989898989899,"randomized",TRUE,0.001,3000,80,5,5,99,600,34
"sudo",0.75,0.680336321002214,0.04754511355606,TRUE,0.98989898989899,"randomized",TRUE,0.001,3000,80,5,5,99,600,34
"scaled",0.75,0.698220844262245,0.0494233097523256,TRUE,0.98989898989899,"randomized",TRUE,0.001,3000,80,5,5,99,600,34
"orthogonal",0.75,0.69701003234631,0.0553429240660755,TRUE,0.98989898989899,"randomized",TRUE,0.001,3000,80,5,5,99,600,34
"targeted_projection",0.75,0.720104433098838,0.0537293476319259,TRUE,0.98989898989899,"randomized",TRUE,0.001,3000,80,5,5,99,600,34
"targeted_sudo",0.75,0.709863063172134,0.0524346948405194,TRUE,0.98989898989899,"randomized",TRUE,0.001,3000,80,5,5,99,600,34
"pit_intercept_tilt",0.75,0.720097886886599,0.0537312223915721,TRUE,0.98989898989899,"randomized",TRUE,0.001,3000,80,5,5,99,600,34
"pit_affine_tilt",0.75,0.720316991654089,0.0546851660910934,TRUE,0.98989898989899,"randomized",TRUE,0.001,3000,80,5,5,99,600,34
"direct",0.75,0.650803796578184,0.0367707164635153,FALSE,0.98989898989899,"randomized",TRUE,0.001,3000,80,5,5,99,600,35
"raw_label",0.75,0.130020029833235,0.00666540090588365,FALSE,0.98989898989899,"randomized",TRUE,0.001,3000,80,5,5,99,600,35
"index_projection",0.75,0.651378328127011,0.0360807714096329,FALSE,0.98989898989899,"randomized",TRUE,0.001,3000,80,5,5,99,600,35
"sudo",0.75,0.669972928944198,0.0388882012995401,FALSE,0.98989898989899,"randomized",TRUE,0.001,3000,80,5,5,99,600,35
"scaled",0.75,0.688091973086348,0.0438387667638335,TRUE,0.98989898989899,"randomized",TRUE,0.001,3000,80,5,5,99,600,35
"orthogonal",0.75,0.691591837791646,0.0435237305473041,TRUE,0.98989898989899,"randomized",TRUE,0.001,3000,80,5,5,99,600,35
"targeted_projection",0.75,0.717171577415824,0.044311255381782,TRUE,0.98989898989899,"randomized",TRUE,0.001,3000,80,5,5,99,600,35
"targeted_sudo",0.75,0.704123823519758,0.0428305955114795,TRUE,0.98989898989899,"randomized",TRUE,0.001,3000,80,5,5,99,600,35
"pit_intercept_tilt",0.75,0.717163540823718,0.044320378488327,TRUE,0.98989898989899,"randomized",TRUE,0.001,3000,80,5,5,99,600,35
"pit_affine_tilt",0.75,0.720744741505691,0.0453328184814455,TRUE,0.98989898989899,"randomized",TRUE,0.001,3000,80,5,5,99,600,35
"direct",0.75,0.638395810290758,0.0406749970961212,FALSE,0.97979797979798,"randomized",TRUE,0.001,3000,80,5,5,99,600,36
"raw_label",0.75,0.131370884545645,0.00844729203784108,FALSE,0.97979797979798,"randomized",TRUE,0.001,3000,80,5,5,99,600,36
"index_projection",0.75,0.637294409502347,0.04061597509998,FALSE,0.97979797979798,"randomized",TRUE,0.001,3000,80,5,5,99,600,36
"sudo",0.75,0.65884569798325,0.0433571252823958,FALSE,0.97979797979798,"randomized",TRUE,0.001,3000,80,5,5,99,600,36
"scaled",0.75,0.678841455882212,0.0475002179793929,TRUE,0.97979797979798,"randomized",TRUE,0.001,3000,80,5,5,99,600,36
"orthogonal",0.75,0.699229212985399,0.0529430669225861,TRUE,0.97979797979798,"randomized",TRUE,0.001,3000,80,5,5,99,600,36
"targeted_projection",0.75,0.70108898673212,0.051343875985413,TRUE,0.97979797979798,"randomized",TRUE,0.001,3000,80,5,5,99,600,36
"targeted_sudo",0.75,0.693119151083959,0.0497483887128994,TRUE,0.97979797979798,"randomized",TRUE,0.001,3000,80,5,5,99,600,36
"pit_intercept_tilt",0.75,0.701092386632857,0.0513381676919494,TRUE,0.97979797979798,"randomized",TRUE,0.001,3000,80,5,5,99,600,36
"pit_affine_tilt",0.75,0.702864265003172,0.0528750348607387,TRUE,0.97979797979798,"randomized",TRUE,0.001,3000,80,5,5,99,600,36
"direct",0.75,0.731982587362321,0.0397722229436425,TRUE,0.97979797979798,"randomized",TRUE,0.001,3000,80,5,5,99,600,37
"raw_label",0.75,0.146142060411848,0.00737908303625999,FALSE,0.97979797979798,"randomized",TRUE,0.001,3000,80,5,5,99,600,37
"index_projection",0.75,0.727875865812609,0.0394535680764785,TRUE,0.97979797979798,"randomized",TRUE,0.001,3000,80,5,5,99,600,37
"sudo",0.75,0.752622842769538,0.0396546823212936,TRUE,0.97979797979798,"randomized",TRUE,0.001,3000,80,5,5,99,600,37
"scaled",0.75,0.777114348894714,0.0422344668007512,TRUE,0.97979797979798,"randomized",TRUE,0.001,3000,80,5,5,99,600,37
"orthogonal",0.75,0.793215337813904,0.0504693787151704,TRUE,0.97979797979798,"randomized",TRUE,0.001,3000,80,5,5,99,600,37
"targeted_projection",0.75,0.80823946485679,0.0469759587059269,TRUE,0.97979797979798,"randomized",TRUE,0.001,3000,80,5,5,99,600,37
"targeted_sudo",0.75,0.798328274407128,0.0455542476285049,TRUE,0.97979797979798,"randomized",TRUE,0.001,3000,80,5,5,99,600,37
"pit_intercept_tilt",0.75,0.808241604378503,0.046974985201298,TRUE,0.97979797979798,"randomized",TRUE,0.001,3000,80,5,5,99,600,37
"pit_affine_tilt",0.75,0.812518349651229,0.0486020440152377,TRUE,0.97979797979798,"randomized",TRUE,0.001,3000,80,5,5,99,600,37
"direct",0.75,0.654890934925938,0.0424459467459857,FALSE,0.97979797979798,"randomized",TRUE,0.001,3000,80,5,5,99,600,38
"raw_label",0.75,0.131188371533699,0.00792912595023289,FALSE,0.97979797979798,"randomized",TRUE,0.001,3000,80,5,5,99,600,38
"index_projection",0.75,0.653733178289866,0.0429343805363311,FALSE,0.97979797979798,"randomized",TRUE,0.001,3000,80,5,5,99,600,38
"sudo",0.75,0.672252418834903,0.0433504191208659,TRUE,0.97979797979798,"randomized",TRUE,0.001,3000,80,5,5,99,600,38
"scaled",0.75,0.689782588555164,0.045604136972252,TRUE,0.97979797979798,"randomized",TRUE,0.001,3000,80,5,5,99,600,38
"orthogonal",0.75,0.73015439923537,0.0482811550236851,TRUE,0.97979797979798,"randomized",TRUE,0.001,3000,80,5,5,99,600,38
"targeted_projection",0.75,0.71188350660499,0.0503885647298653,TRUE,0.97979797979798,"randomized",TRUE,0.001,3000,80,5,5,99,600,38
"targeted_sudo",0.75,0.706115969593203,0.0483381753868776,TRUE,0.97979797979798,"randomized",TRUE,0.001,3000,80,5,5,99,600,38
"pit_intercept_tilt",0.75,0.711890579090177,0.0503882636469158,TRUE,0.97979797979798,"randomized",TRUE,0.001,3000,80,5,5,99,600,38
"pit_affine_tilt",0.75,0.715264453317824,0.0521881405566099,TRUE,0.97979797979798,"randomized",TRUE,0.001,3000,80,5,5,99,600,38
"direct",0.75,0.679429567843577,0.0389229640966289,TRUE,0.97979797979798,"randomized",TRUE,0.001,3000,80,5,5,99,600,39
"raw_label",0.75,0.1403890655067,0.00723216347536568,FALSE,0.97979797979798,"randomized",TRUE,0.001,3000,80,5,5,99,600,39
"index_projection",0.75,0.681963166494787,0.0390394542186245,TRUE,0.97979797979798,"randomized",TRUE,0.001,3000,80,5,5,99,600,39
"sudo",0.75,0.706141712079044,0.0398694713983948,TRUE,0.97979797979798,"randomized",TRUE,0.001,3000,80,5,5,99,600,39
"scaled",0.75,0.729146153601324,0.0426246379188165,TRUE,0.97979797979798,"randomized",TRUE,0.001,3000,80,5,5,99,600,39
"orthogonal",0.75,0.735966253096347,0.0460471670017321,TRUE,0.97979797979798,"randomized",TRUE,0.001,3000,80,5,5,99,600,39
"targeted_projection",0.75,0.748602861683183,0.0452824751206174,TRUE,0.97979797979798,"randomized",TRUE,0.001,3000,80,5,5,99,600,39
"targeted_sudo",0.75,0.73985908277119,0.0437067773488202,TRUE,0.97979797979798,"randomized",TRUE,0.001,3000,80,5,5,99,600,39
"pit_intercept_tilt",0.75,0.748615484059671,0.045279205116521,TRUE,0.97979797979798,"randomized",TRUE,0.001,3000,80,5,5,99,600,39
"pit_affine_tilt",0.75,0.751376619913022,0.0463817905108261,TRUE,0.97979797979798,"randomized",TRUE,0.001,3000,80,5,5,99,600,39
"direct",0.75,0.72631350702038,0.0378838908474608,TRUE,1,"randomized",TRUE,0.001,3000,80,5,5,99,600,40
"raw_label",0.75,0.148488928551912,0.00745618893428045,FALSE,1,"randomized",TRUE,0.001,3000,80,5,5,99,600,40
"index_projection",0.75,0.724743406627165,0.0379965330255721,TRUE,1,"randomized",TRUE,0.001,3000,80,5,5,99,600,40
"sudo",0.75,0.755370643831696,0.0395153177958828,TRUE,1,"randomized",TRUE,0.001,3000,80,5,5,99,600,40
"scaled",0.75,0.784688370498008,0.0432031098080191,TRUE,1,"randomized",TRUE,0.001,3000,80,5,5,99,600,40
"orthogonal",0.75,0.809265894930503,0.0464357494308177,TRUE,1,"randomized",TRUE,0.001,3000,80,5,5,99,600,40
"targeted_projection",0.75,0.80328156218454,0.0470998093142436,TRUE,1,"randomized",TRUE,0.001,3000,80,5,5,99,600,40
"targeted_sudo",0.75,0.79315409440882,0.0454692370789322,TRUE,1,"randomized",TRUE,0.001,3000,80,5,5,99,600,40
"pit_intercept_tilt",0.75,0.803296337020846,0.0471011255486917,TRUE,1,"randomized",TRUE,0.001,3000,80,5,5,99,600,40
"pit_affine_tilt",0.75,0.808915404069641,0.0490705230889051,TRUE,1,"randomized",TRUE,0.001,3000,80,5,5,99,600,40
"direct",0.75,0.64985692557977,0.0438483113714161,FALSE,1,"randomized",TRUE,0.001,3000,80,5,5,99,600,41
"raw_label",0.75,0.130571912637668,0.00794044491730696,FALSE,1,"randomized",TRUE,0.001,3000,80,5,5,99,600,41
"index_projection",0.75,0.644084034081468,0.0438263681123585,FALSE,1,"randomized",TRUE,0.001,3000,80,5,5,99,600,41
"sudo",0.75,0.669505147561721,0.0455610978917635,TRUE,1,"randomized",TRUE,0.001,3000,80,5,5,99,600,41
"scaled",0.75,0.693527230584423,0.0493530486881344,TRUE,1,"randomized",TRUE,0.001,3000,80,5,5,99,600,41
"orthogonal",0.75,0.703757556226218,0.0559908508780842,TRUE,1,"randomized",TRUE,0.001,3000,80,5,5,99,600,41
"targeted_projection",0.75,0.714293924055062,0.0517450731297446,TRUE,1,"randomized",TRUE,0.001,3000,80,5,5,99,600,41
"targeted_sudo",0.75,0.705939166356627,0.0504361121500332,TRUE,1,"randomized",TRUE,0.001,3000,80,5,5,99,600,41
"pit_intercept_tilt",0.75,0.71435042924362,0.051745732999552,TRUE,1,"randomized",TRUE,0.001,3000,80,5,5,99,600,41
"pit_affine_tilt",0.75,0.718003042896972,0.0536834437578566,TRUE,1,"randomized",TRUE,0.001,3000,80,5,5,99,600,41
"direct",0.75,0.738916715454625,0.0387954985999606,TRUE,1,"randomized",TRUE,0.001,3000,80,5,5,99,600,42
"raw_label",0.75,0.146599385798822,0.006933028602618,FALSE,1,"randomized",TRUE,0.001,3000,80,5,5,99,600,42
"index_projection",0.75,0.739543473101212,0.0387007138573774,TRUE,1,"randomized",TRUE,0.001,3000,80,5,5,99,600,42
"sudo",0.75,0.766195133374023,0.0385255283116331,TRUE,1,"randomized",TRUE,0.001,3000,80,5,5,99,600,42
"scaled",0.75,0.794365978311629,0.0406369772873961,TRUE,1,"randomized",TRUE,0.001,3000,80,5,5,99,600,42
"orthogonal",0.75,0.836597977485802,0.0432399835950632,FALSE,1,"randomized",TRUE,0.001,3000,80,5,5,99,600,42
"targeted_projection",0.75,0.821063564209587,0.0473996675163798,TRUE,1,"randomized",TRUE,0.001,3000,80,5,5,99,600,42
"targeted_sudo",0.75,0.81055368935787,0.0455860453939508,TRUE,1,"randomized",TRUE,0.001,3000,80,5,5,99,600,42
"pit_intercept_tilt",0.75,0.82108376091417,0.0474094632788277,TRUE,1,"randomized",TRUE,0.001,3000,80,5,5,99,600,42
"pit_affine_tilt",0.75,0.823824473935771,0.0483383192900481,TRUE,1,"randomized",TRUE,0.001,3000,80,5,5,99,600,42
"direct",0.75,0.67251174972938,0.0368413479309749,FALSE,1,"randomized",TRUE,0.001,3000,80,5,5,99,600,43
"raw_label",0.75,0.13593126848099,0.0075219496472784,FALSE,1,"randomized",TRUE,0.001,3000,80,5,5,99,600,43
"index_projection",0.75,0.6759011361797,0.036821602613469,FALSE,1,"randomized",TRUE,0.001,3000,80,5,5,99,600,43
"sudo",0.75,0.697368726008677,0.0399554489386573,TRUE,1,"randomized",TRUE,0.001,3000,80,5,5,99,600,43
"scaled",0.75,0.717561864280332,0.0450559407085298,TRUE,1,"randomized",TRUE,0.001,3000,80,5,5,99,600,43
"orthogonal",0.75,0.726551146751832,0.0536038835065864,TRUE,1,"randomized",TRUE,0.001,3000,80,5,5,99,600,43
"targeted_projection",0.75,0.739694449412894,0.0467171764330786,TRUE,1,"randomized",TRUE,0.001,3000,80,5,5,99,600,43
"targeted_sudo",0.75,0.729638004771633,0.0455610364770509,TRUE,1,"randomized",TRUE,0.001,3000,80,5,5,99,600,43
"pit_intercept_tilt",0.75,0.739722825256308,0.0467192461592242,TRUE,1,"randomized",TRUE,0.001,3000,80,5,5,99,600,43
"pit_affine_tilt",0.75,0.745404869235026,0.0482080986440562,TRUE,1,"randomized",TRUE,0.001,3000,80,5,5,99,600,43
"direct",0.75,0.662920526713734,0.041138653698582,FALSE,1,"randomized",TRUE,0.001,3000,80,5,5,99,600,44
"raw_label",0.75,0.135594669306969,0.00830381344642345,FALSE,1,"randomized",TRUE,0.001,3000,80,5,5,99,600,44
"index_projection",0.75,0.66389649729958,0.041136176611347,FALSE,1,"randomized",TRUE,0.001,3000,80,5,5,99,600,44
"sudo",0.75,0.68584351083418,0.0433192230748111,TRUE,1,"randomized",TRUE,0.001,3000,80,5,5,99,600,44
"scaled",0.75,0.707056203960032,0.0469780615951491,TRUE,1,"randomized",TRUE,0.001,3000,80,5,5,99,600,44
"orthogonal",0.75,0.703536005242101,0.0635036037216408,TRUE,1,"randomized",TRUE,0.001,3000,80,5,5,99,600,44
"targeted_projection",0.75,0.724775028111869,0.0500463784817922,TRUE,1,"randomized",TRUE,0.001,3000,80,5,5,99,600,44
"targeted_sudo",0.75,0.717402941570758,0.0487426283093051,TRUE,1,"randomized",TRUE,0.001,3000,80,5,5,99,600,44
"pit_intercept_tilt",0.75,0.724775379973382,0.0500454932290761,TRUE,1,"randomized",TRUE,0.001,3000,80,5,5,99,600,44
"pit_affine_tilt",0.75,0.72503827607002,0.0511673724659719,TRUE,1,"randomized",TRUE,0.001,3000,80,5,5,99,600,44
"direct",0.75,0.662461616712395,0.0384085540890788,FALSE,1,"randomized",TRUE,0.001,3000,80,5,5,99,600,45
"raw_label",0.75,0.136674238879087,0.00788072661409683,FALSE,1,"randomized",TRUE,0.001,3000,80,5,5,99,600,45
"index_projection",0.75,0.655140984203501,0.038577983640857,FALSE,1,"randomized",TRUE,0.001,3000,80,5,5,99,600,45
"sudo",0.75,0.680716570882483,0.0395206113084763,TRUE,1,"randomized",TRUE,0.001,3000,80,5,5,99,600,45
"scaled",0.75,0.703806294433685,0.0425923936290056,TRUE,1,"randomized",TRUE,0.001,3000,80,5,5,99,600,45
"orthogonal",0.75,0.722620333994465,0.0445667886932748,TRUE,1,"randomized",TRUE,0.001,3000,80,5,5,99,600,45
"targeted_projection",0.75,0.724770465140404,0.0452737244678078,TRUE,1,"randomized",TRUE,0.001,3000,80,5,5,99,600,45
"targeted_sudo",0.75,0.717587194807086,0.0439988126472408,TRUE,1,"randomized",TRUE,0.001,3000,80,5,5,99,600,45
"pit_intercept_tilt",0.75,0.724767804460238,0.0452740012501081,TRUE,1,"randomized",TRUE,0.001,3000,80,5,5,99,600,45
"pit_affine_tilt",0.75,0.727718386265186,0.0463812538575544,TRUE,1,"randomized",TRUE,0.001,3000,80,5,5,99,600,45
"direct",0.75,0.65153598179853,0.0424269912602293,FALSE,0.98989898989899,"randomized",TRUE,0.001,3000,80,5,5,99,600,46
"raw_label",0.75,0.13475802591927,0.00781223495181325,FALSE,0.98989898989899,"randomized",TRUE,0.001,3000,80,5,5,99,600,46
"index_projection",0.75,0.64902957330213,0.0419709969254254,FALSE,0.98989898989899,"randomized",TRUE,0.001,3000,80,5,5,99,600,46
"sudo",0.75,0.670979054303098,0.0436840245974589,TRUE,0.98989898989899,"randomized",TRUE,0.001,3000,80,5,5,99,600,46
"scaled",0.75,0.690889816147629,0.0467442679501928,TRUE,0.98989898989899,"randomized",TRUE,0.001,3000,80,5,5,99,600,46
"orthogonal",0.75,0.686016938059453,0.0538628847254108,TRUE,0.98989898989899,"randomized",TRUE,0.001,3000,80,5,5,99,600,46
"targeted_projection",0.75,0.712910007220891,0.0499577442372851,TRUE,0.98989898989899,"randomized",TRUE,0.001,3000,80,5,5,99,600,46
"targeted_sudo",0.75,0.703744091771334,0.0487941733152343,TRUE,0.98989898989899,"randomized",TRUE,0.001,3000,80,5,5,99,600,46
"pit_intercept_tilt",0.75,0.712891771810883,0.049957744953503,TRUE,0.98989898989899,"randomized",TRUE,0.001,3000,80,5,5,99,600,46
"pit_affine_tilt",0.75,0.714948356101327,0.0512623616148228,TRUE,0.98989898989899,"randomized",TRUE,0.001,3000,80,5,5,99,600,46
"direct",0.75,0.699819035007181,0.0338275592064112,TRUE,0.98989898989899,"randomized",TRUE,0.001,3000,80,5,5,99,600,47
"raw_label",0.75,0.142457727438519,0.00641667567090496,FALSE,0.98989898989899,"randomized",TRUE,0.001,3000,80,5,5,99,600,47
"index_projection",0.75,0.699272857463335,0.033270210977748,TRUE,0.98989898989899,"randomized",TRUE,0.001,3000,80,5,5,99,600,47
"sudo",0.75,0.726456985858397,0.0346497678238696,TRUE,0.98989898989899,"randomized",TRUE,0.001,3000,80,5,5,99,600,47
"scaled",0.75,0.752953734432535,0.0380496786073661,TRUE,0.98989898989899,"randomized",TRUE,0.001,3000,80,5,5,99,600,47
"orthogonal",0.75,0.79478441518097,0.0423066151027228,TRUE,0.98989898989899,"randomized",TRUE,0.001,3000,80,5,5,99,600,47
"targeted_projection",0.75,0.766184441749136,0.0416660537143471,TRUE,0.98989898989899,"randomized",TRUE,0.001,3000,80,5,5,99,600,47
"targeted_sudo",0.75,0.762507983106315,0.0403113092371824,TRUE,0.98989898989899,"randomized",TRUE,0.001,3000,80,5,5,99,600,47
"pit_intercept_tilt",0.75,0.766179461061947,0.0416672798543945,TRUE,0.98989898989899,"randomized",TRUE,0.001,3000,80,5,5,99,600,47
"pit_affine_tilt",0.75,0.766750944388051,0.0429043144424188,TRUE,0.98989898989899,"randomized",TRUE,0.001,3000,80,5,5,99,600,47
"direct",0.75,0.704913278632004,0.0395133526829829,TRUE,0.98989898989899,"randomized",TRUE,0.001,3000,80,5,5,99,600,48
"raw_label",0.75,0.143995301803302,0.00755605901950623,FALSE,0.98989898989899,"randomized",TRUE,0.001,3000,80,5,5,99,600,48
"index_projection",0.75,0.703067480148996,0.0391917813077273,TRUE,0.98989898989899,"randomized",TRUE,0.001,3000,80,5,5,99,600,48
"sudo",0.75,0.727906409057902,0.0426321063551743,TRUE,0.98989898989899,"randomized",TRUE,0.001,3000,80,5,5,99,600,48
"scaled",0.75,0.75180572283805,0.0478233828195427,TRUE,0.98989898989899,"randomized",TRUE,0.001,3000,80,5,5,99,600,48
"orthogonal",0.75,0.748056891669133,0.0553609318232749,TRUE,0.98989898989899,"randomized",TRUE,0.001,3000,80,5,5,99,600,48
"targeted_projection",0.75,0.777530003578746,0.049281728077707,TRUE,0.98989898989899,"randomized",TRUE,0.001,3000,80,5,5,99,600,48
"targeted_sudo",0.75,0.76577939645097,0.0482625447393323,TRUE,0.98989898989899,"randomized",TRUE,0.001,3000,80,5,5,99,600,48
"pit_intercept_tilt",0.75,0.777510911608214,0.0492820328744433,TRUE,0.98989898989899,"randomized",TRUE,0.001,3000,80,5,5,99,600,48
"pit_affine_tilt",0.75,0.780927679827936,0.0506928981108817,TRUE,0.98989898989899,"randomized",TRUE,0.001,3000,80,5,5,99,600,48
"direct",0.75,0.742130200300443,0.0405038924533108,TRUE,0.98989898989899,"randomized",TRUE,0.001,3000,80,5,5,99,600,49
"raw_label",0.75,0.151069783013533,0.00777667653865603,FALSE,0.98989898989899,"randomized",TRUE,0.001,3000,80,5,5,99,600,49
"index_projection",0.75,0.748298637960881,0.0406197918824057,TRUE,0.98989898989899,"randomized",TRUE,0.001,3000,80,5,5,99,600,49
"sudo",0.75,0.768704881002297,0.0422390948791273,TRUE,0.98989898989899,"randomized",TRUE,0.001,3000,80,5,5,99,600,49
"scaled",0.75,0.789045134802971,0.0458655969856184,TRUE,0.98989898989899,"randomized",TRUE,0.001,3000,80,5,5,99,600,49
"orthogonal",0.75,0.799608056500921,0.0520836794388783,TRUE,0.98989898989899,"randomized",TRUE,0.001,3000,80,5,5,99,600,49
"targeted_projection",0.75,0.816298520308339,0.0483177936278353,TRUE,0.98989898989899,"randomized",TRUE,0.001,3000,80,5,5,99,600,49
"targeted_sudo",0.75,0.803900799540798,0.0471578234285034,TRUE,0.98989898989899,"randomized",TRUE,0.001,3000,80,5,5,99,600,49
"pit_intercept_tilt",0.75,0.816275069755286,0.0483201294994469,TRUE,0.98989898989899,"randomized",TRUE,0.001,3000,80,5,5,99,600,49
"pit_affine_tilt",0.75,0.819475658422121,0.0497528373237205,TRUE,0.98989898989899,"randomized",TRUE,0.001,3000,80,5,5,99,600,49
"direct",0.75,0.616930834568267,0.0433050579406077,FALSE,1,"randomized",TRUE,0.001,3000,80,5,5,99,600,50
"raw_label",0.75,0.123303468646052,0.00797195874843289,FALSE,1,"randomized",TRUE,0.001,3000,80,5,5,99,600,50
"index_projection",0.75,0.618542071296465,0.0433163171040336,FALSE,1,"randomized",TRUE,0.001,3000,80,5,5,99,600,50
"sudo",0.75,0.638141922921844,0.0456337077465126,FALSE,1,"randomized",TRUE,0.001,3000,80,5,5,99,600,50
"scaled",0.75,0.656608937332104,0.0493397969861828,TRUE,1,"randomized",TRUE,0.001,3000,80,5,5,99,600,50
"orthogonal",0.75,0.684795979848724,0.0527842270099401,TRUE,1,"randomized",TRUE,0.001,3000,80,5,5,99,600,50
"targeted_projection",0.75,0.672939076299222,0.0506017261788517,TRUE,1,"randomized",TRUE,0.001,3000,80,5,5,99,600,50
"targeted_sudo",0.75,0.666734215545395,0.0493022486269459,TRUE,1,"randomized",TRUE,0.001,3000,80,5,5,99,600,50
"pit_intercept_tilt",0.75,0.672932154831841,0.0505984917804574,TRUE,1,"randomized",TRUE,0.001,3000,80,5,5,99,600,50
"pit_affine_tilt",0.75,0.675959993011124,0.0513914383128793,TRUE,1,"randomized",TRUE,0.001,3000,80,5,5,99,600,50
"direct",0.75,0.733403681850552,0.0416275125038435,TRUE,1,"confounded",TRUE,0.001,3000,80,5,5,99,600,1
"raw_label",0.75,0.138013720901458,0.00674117295342018,FALSE,1,"confounded",TRUE,0.001,3000,80,5,5,99,600,1
"index_projection",0.75,0.734496733832983,0.0417578686768416,TRUE,1,"confounded",TRUE,0.001,3000,80,5,5,99,600,1
"sudo",0.75,0.745674966233408,0.0398166960722821,TRUE,1,"confounded",TRUE,0.001,3000,80,5,5,99,600,1
"scaled",0.75,0.75780372303958,0.0403319216488584,TRUE,1,"confounded",TRUE,0.001,3000,80,5,5,99,600,1
"orthogonal",0.75,0.790885736613659,0.0465982959170675,TRUE,1,"confounded",TRUE,0.001,3000,80,5,5,99,600,1
"targeted_projection",0.75,0.803613724622888,0.0463082087128307,TRUE,1,"confounded",TRUE,0.001,3000,80,5,5,99,600,1
"targeted_sudo",0.75,0.784903720451663,0.0448704792607892,TRUE,1,"confounded",TRUE,0.001,3000,80,5,5,99,600,1
"pit_intercept_tilt",0.75,0.803622711802148,0.0463098485111775,TRUE,1,"confounded",TRUE,0.001,3000,80,5,5,99,600,1
"pit_affine_tilt",0.75,0.805095224016159,0.0475615535198413,TRUE,1,"confounded",TRUE,0.001,3000,80,5,5,99,600,1
"direct",0.75,0.681665988312095,0.0409674667846601,TRUE,1,"confounded",TRUE,0.001,3000,80,5,5,99,600,2
"raw_label",0.75,0.125625281297432,0.00718748308194845,FALSE,1,"confounded",TRUE,0.001,3000,80,5,5,99,600,2
"index_projection",0.75,0.682221095426187,0.0408321416324377,TRUE,1,"confounded",TRUE,0.001,3000,80,5,5,99,600,2
"sudo",0.75,0.685558527979337,0.0418337615808594,TRUE,1,"confounded",TRUE,0.001,3000,80,5,5,99,600,2
"scaled",0.75,0.689117630579485,0.0450540300542105,TRUE,1,"confounded",TRUE,0.001,3000,80,5,5,99,600,2
"orthogonal",0.75,0.678124362128875,0.0603771877397908,TRUE,1,"confounded",TRUE,0.001,3000,80,5,5,99,600,2
"targeted_projection",0.75,0.748668721290226,0.0482462810031435,TRUE,1,"confounded",TRUE,0.001,3000,80,5,5,99,600,2
"targeted_sudo",0.75,0.726878591703513,0.0468757352155762,TRUE,1,"confounded",TRUE,0.001,3000,80,5,5,99,600,2
"pit_intercept_tilt",0.75,0.748660868838452,0.0482507691146803,TRUE,1,"confounded",TRUE,0.001,3000,80,5,5,99,600,2
"pit_affine_tilt",0.75,0.753108318027385,0.0503765237784053,TRUE,1,"confounded",TRUE,0.001,3000,80,5,5,99,600,2
"direct",0.75,0.633186544600431,0.0384329840872526,FALSE,1,"confounded",TRUE,0.001,3000,80,5,5,99,600,3
"raw_label",0.75,0.116394014636258,0.00685591695281139,FALSE,1,"confounded",TRUE,0.001,3000,80,5,5,99,600,3
"index_projection",0.75,0.634005398002545,0.0384415815042052,FALSE,1,"confounded",TRUE,0.001,3000,80,5,5,99,600,3
"sudo",0.75,0.64173647974925,0.0388902028349059,FALSE,1,"confounded",TRUE,0.001,3000,80,5,5,99,600,3
"scaled",0.75,0.649798849410596,0.0416059011338166,FALSE,1,"confounded",TRUE,0.001,3000,80,5,5,99,600,3
"orthogonal",0.75,0.712370560039326,0.0454632746104462,TRUE,1,"confounded",TRUE,0.001,3000,80,5,5,99,600,3
"targeted_projection",0.75,0.702785143383415,0.045327608791439,TRUE,1,"confounded",TRUE,0.001,3000,80,5,5,99,600,3
"targeted_sudo",0.75,0.685998284586557,0.044073982666126,TRUE,1,"confounded",TRUE,0.001,3000,80,5,5,99,600,3
"pit_intercept_tilt",0.75,0.702793949554785,0.0453222365343957,TRUE,1,"confounded",TRUE,0.001,3000,80,5,5,99,600,3
"pit_affine_tilt",0.75,0.70621266493851,0.0469360653438398,TRUE,1,"confounded",TRUE,0.001,3000,80,5,5,99,600,3
"direct",0.75,0.675910421540498,0.0376037032379573,FALSE,1,"confounded",TRUE,0.001,3000,80,5,5,99,600,4
"raw_label",0.75,0.129084544487923,0.0068200328472681,FALSE,1,"confounded",TRUE,0.001,3000,80,5,5,99,600,4
"index_projection",0.75,0.67406971963249,0.0375159557548515,FALSE,1,"confounded",TRUE,0.001,3000,80,5,5,99,600,4
"sudo",0.75,0.688144591003269,0.0392385676693282,TRUE,1,"confounded",TRUE,0.001,3000,80,5,5,99,600,4
"scaled",0.75,0.702474755135023,0.0435413758143617,TRUE,1,"confounded",TRUE,0.001,3000,80,5,5,99,600,4
"orthogonal",0.75,0.695183694062144,0.0548370379289745,TRUE,1,"confounded",TRUE,0.001,3000,80,5,5,99,600,4
"targeted_projection",0.75,0.753724661838121,0.0452466831228393,TRUE,1,"confounded",TRUE,0.001,3000,80,5,5,99,600,4
"targeted_sudo",0.75,0.734830657200048,0.0444339318552714,TRUE,1,"confounded",TRUE,0.001,3000,80,5,5,99,600,4
"pit_intercept_tilt",0.75,0.753747980502616,0.0452500018938014,TRUE,1,"confounded",TRUE,0.001,3000,80,5,5,99,600,4
"pit_affine_tilt",0.75,0.756145510632502,0.0467418810923927,TRUE,1,"confounded",TRUE,0.001,3000,80,5,5,99,600,4
"direct",0.75,0.655684811625316,0.0440286950981253,FALSE,1,"confounded",TRUE,0.001,3000,80,5,5,99,600,5
"raw_label",0.75,0.122024881001354,0.00777087595709371,FALSE,1,"confounded",TRUE,0.001,3000,80,5,5,99,600,5
"index_projection",0.75,0.655326722752568,0.0437875750544183,FALSE,1,"confounded",TRUE,0.001,3000,80,5,5,99,600,5
"sudo",0.75,0.665052061800319,0.045754658607364,TRUE,1,"confounded",TRUE,0.001,3000,80,5,5,99,600,5
"scaled",0.75,0.675330268297165,0.0500323136708054,TRUE,1,"confounded",TRUE,0.001,3000,80,5,5,99,600,5
"orthogonal",0.75,0.68751441886147,0.0659630035386964,TRUE,1,"confounded",TRUE,0.001,3000,80,5,5,99,600,5
"targeted_projection",0.75,0.731805123078364,0.052548780425356,TRUE,1,"confounded",TRUE,0.001,3000,80,5,5,99,600,5
"targeted_sudo",0.75,0.713546486704923,0.0514626064342926,TRUE,1,"confounded",TRUE,0.001,3000,80,5,5,99,600,5
"pit_intercept_tilt",0.75,0.731803945099273,0.0525476449445988,TRUE,1,"confounded",TRUE,0.001,3000,80,5,5,99,600,5
"pit_affine_tilt",0.75,0.732824765242277,0.0541189694546421,TRUE,1,"confounded",TRUE,0.001,3000,80,5,5,99,600,5
"direct",0.75,0.660316397226453,0.0470022520848152,TRUE,0.454545454545455,"confounded",TRUE,0.001,3000,80,5,5,99,600,6
"raw_label",0.75,0.124432525795296,0.00886626589416096,FALSE,0.454545454545455,"confounded",TRUE,0.001,3000,80,5,5,99,600,6
"index_projection",0.75,0.659037960503091,0.046900558996308,TRUE,0.454545454545455,"confounded",TRUE,0.001,3000,80,5,5,99,600,6
"sudo",0.75,0.66694043099602,0.0492631888451008,TRUE,0.454545454545455,"confounded",TRUE,0.001,3000,80,5,5,99,600,6
"scaled",0.75,0.675098328746527,0.0532464321641355,TRUE,0.454545454545455,"confounded",TRUE,0.001,3000,80,5,5,99,600,6
"orthogonal",0.75,0.713798908851506,0.0566790278715039,TRUE,0.454545454545455,"confounded",TRUE,0.001,3000,80,5,5,99,600,6
"targeted_projection",0.75,0.729682673779496,0.0565023376688351,TRUE,0.454545454545455,"confounded",TRUE,0.001,3000,80,5,5,99,600,6
"targeted_sudo",0.75,0.710308635152612,0.054856939424863,TRUE,0.454545454545455,"confounded",TRUE,0.001,3000,80,5,5,99,600,6
"pit_intercept_tilt",0.75,0.729708682037901,0.0565057579997286,TRUE,0.454545454545455,"confounded",TRUE,0.001,3000,80,5,5,99,600,6
"pit_affine_tilt",0.75,0.734452364204706,0.0584727879649523,TRUE,0.454545454545455,"confounded",TRUE,0.001,3000,80,5,5,99,600,6
"direct",0.75,0.711588022829706,0.0437569408081512,TRUE,0.424242424242424,"confounded",TRUE,0.001,3000,80,5,5,99,600,7
"raw_label",0.75,0.135847314236035,0.00867133638430364,FALSE,0.424242424242424,"confounded",TRUE,0.001,3000,80,5,5,99,600,7
"index_projection",0.75,0.712676032933427,0.0441988033721664,TRUE,0.424242424242424,"confounded",TRUE,0.001,3000,80,5,5,99,600,7
"sudo",0.75,0.717160075742571,0.044555141279669,TRUE,0.424242424242424,"confounded",TRUE,0.001,3000,80,5,5,99,600,7
"scaled",0.75,0.721809951215603,0.048028382601986,TRUE,0.424242424242424,"confounded",TRUE,0.001,3000,80,5,5,99,600,7
"orthogonal",0.75,0.753948105173625,0.0517776236586671,TRUE,0.424242424242424,"confounded",TRUE,0.001,3000,80,5,5,99,600,7
"targeted_projection",0.75,0.775965010080946,0.0514497074247536,TRUE,0.424242424242424,"confounded",TRUE,0.001,3000,80,5,5,99,600,7
"targeted_sudo",0.75,0.757285254241331,0.0506196864745088,TRUE,0.424242424242424,"confounded",TRUE,0.001,3000,80,5,5,99,600,7
"pit_intercept_tilt",0.75,0.77596504126685,0.051461194454765,TRUE,0.424242424242424,"confounded",TRUE,0.001,3000,80,5,5,99,600,7
"pit_affine_tilt",0.75,0.7762692369805,0.0520458324681518,TRUE,0.424242424242424,"confounded",TRUE,0.001,3000,80,5,5,99,600,7
"direct",0.75,0.631826572740742,0.0411679164627818,FALSE,0.454545454545455,"confounded",TRUE,0.001,3000,80,5,5,99,600,8
"raw_label",0.75,0.121895073080358,0.00742416897098629,FALSE,0.454545454545455,"confounded",TRUE,0.001,3000,80,5,5,99,600,8
"index_projection",0.75,0.630842037209341,0.0410218011657097,FALSE,0.454545454545455,"confounded",TRUE,0.001,3000,80,5,5,99,600,8
"sudo",0.75,0.641901879192433,0.0406767414207975,FALSE,0.454545454545455,"confounded",TRUE,0.001,3000,80,5,5,99,600,8
"scaled",0.75,0.652532401848718,0.041413059508834,FALSE,0.454545454545455,"confounded",TRUE,0.001,3000,80,5,5,99,600,8
"orthogonal",0.75,0.681649957289207,0.0445139684549542,TRUE,0.454545454545455,"confounded",TRUE,0.001,3000,80,5,5,99,600,8
"targeted_projection",0.75,0.693146144530951,0.0464367595246255,TRUE,0.454545454545455,"confounded",TRUE,0.001,3000,80,5,5,99,600,8
"targeted_sudo",0.75,0.678760245384703,0.044632386517754,TRUE,0.454545454545455,"confounded",TRUE,0.001,3000,80,5,5,99,600,8
"pit_intercept_tilt",0.75,0.693144757444049,0.0464353568918227,TRUE,0.454545454545455,"confounded",TRUE,0.001,3000,80,5,5,99,600,8
"pit_affine_tilt",0.75,0.699819231011415,0.0472802032213589,TRUE,0.454545454545455,"confounded",TRUE,0.001,3000,80,5,5,99,600,8
"direct",0.75,0.661001997306225,0.0356953815599806,FALSE,0.474747474747475,"confounded",TRUE,0.001,3000,80,5,5,99,600,9
"raw_label",0.75,0.120952692820054,0.00576313933679432,FALSE,0.474747474747475,"confounded",TRUE,0.001,3000,80,5,5,99,600,9
"index_projection",0.75,0.662587087040176,0.0355316224978785,FALSE,0.474747474747475,"confounded",TRUE,0.001,3000,80,5,5,99,600,9
"sudo",0.75,0.676223719335012,0.0343963866399428,FALSE,0.474747474747475,"confounded",TRUE,0.001,3000,80,5,5,99,600,9
"scaled",0.75,0.691152444234388,0.0348885180708955,TRUE,0.474747474747475,"confounded",TRUE,0.001,3000,80,5,5,99,600,9
"orthogonal",0.75,0.753261091395938,0.0457130959363501,TRUE,0.474747474747475,"confounded",TRUE,0.001,3000,80,5,5,99,600,9
"targeted_projection",0.75,0.741040344752046,0.0396908895526258,TRUE,0.474747474747475,"confounded",TRUE,0.001,3000,80,5,5,99,600,9
"targeted_sudo",0.75,0.723830567256664,0.0383148032067747,TRUE,0.474747474747475,"confounded",TRUE,0.001,3000,80,5,5,99,600,9
"pit_intercept_tilt",0.75,0.741090651057337,0.0396948148793547,TRUE,0.474747474747475,"confounded",TRUE,0.001,3000,80,5,5,99,600,9
"pit_affine_tilt",0.75,0.742873216624137,0.0423656661078551,TRUE,0.474747474747475,"confounded",TRUE,0.001,3000,80,5,5,99,600,9
"direct",0.75,0.644491880996576,0.040188468309428,FALSE,0.696969696969697,"confounded",TRUE,0.001,3000,80,5,5,99,600,10
"raw_label",0.75,0.120598525522344,0.00732874564672308,FALSE,0.696969696969697,"confounded",TRUE,0.001,3000,80,5,5,99,600,10
"index_projection",0.75,0.643482684042031,0.0401608950096733,FALSE,0.696969696969697,"confounded",TRUE,0.001,3000,80,5,5,99,600,10
"sudo",0.75,0.660834896943483,0.0403742018925875,FALSE,0.696969696969697,"confounded",TRUE,0.001,3000,80,5,5,99,600,10
"scaled",0.75,0.678963634173617,0.0422169629512969,TRUE,0.696969696969697,"confounded",TRUE,0.001,3000,80,5,5,99,600,10
"orthogonal",0.75,0.749562044294683,0.0454503406395197,TRUE,0.696969696969697,"confounded",TRUE,0.001,3000,80,5,5,99,600,10
"targeted_projection",0.75,0.720749791285995,0.0463640712874974,TRUE,0.696969696969697,"confounded",TRUE,0.001,3000,80,5,5,99,600,10
"targeted_sudo",0.75,0.706187774116738,0.0448036255932193,TRUE,0.696969696969697,"confounded",TRUE,0.001,3000,80,5,5,99,600,10
"pit_intercept_tilt",0.75,0.72075052147576,0.0463726057803697,TRUE,0.696969696969697,"confounded",TRUE,0.001,3000,80,5,5,99,600,10
"pit_affine_tilt",0.75,0.722482325831579,0.0479530358450549,TRUE,0.696969696969697,"confounded",TRUE,0.001,3000,80,5,5,99,600,10
"direct",0.75,0.639445728378195,0.0414466262747332,FALSE,1,"confounded",TRUE,0.001,3000,80,5,5,99,600,11
"raw_label",0.75,0.120321945044926,0.00762256613681069,FALSE,1,"confounded",TRUE,0.001,3000,80,5,5,99,600,11
"index_projection",0.75,0.639332079793844,0.0416450546112145,FALSE,1,"confounded",TRUE,0.001,3000,80,5,5,99,600,11
"sudo",0.75,0.648768860051399,0.0432237023737844,FALSE,1,"confounded",TRUE,0.001,3000,80,5,5,99,600,11
"scaled",0.75,0.658445708865849,0.0469509027700382,TRUE,1,"confounded",TRUE,0.001,3000,80,5,5,99,600,11
"orthogonal",0.75,0.687566558433844,0.0507781317309778,TRUE,1,"confounded",TRUE,0.001,3000,80,5,5,99,600,11
"targeted_projection",0.75,0.705070150377082,0.0478687519497464,TRUE,1,"confounded",TRUE,0.001,3000,80,5,5,99,600,11
"targeted_sudo",0.75,0.687994575661239,0.0468219753939517,TRUE,1,"confounded",TRUE,0.001,3000,80,5,5,99,600,11
"pit_intercept_tilt",0.75,0.705069470317417,0.0478691194221437,TRUE,1,"confounded",TRUE,0.001,3000,80,5,5,99,600,11
"pit_affine_tilt",0.75,0.705911022988226,0.0493067617641848,TRUE,1,"confounded",TRUE,0.001,3000,80,5,5,99,600,11
"direct",0.75,0.665480528649872,0.0462995137197248,TRUE,1,"confounded",TRUE,0.001,3000,80,5,5,99,600,12
"raw_label",0.75,0.124508438339154,0.00828254546416964,FALSE,1,"confounded",TRUE,0.001,3000,80,5,5,99,600,12
"index_projection",0.75,0.664578004184727,0.0464674173024547,TRUE,1,"confounded",TRUE,0.001,3000,80,5,5,99,600,12
"sudo",0.75,0.678098497148234,0.0471511117660034,TRUE,1,"confounded",TRUE,0.001,3000,80,5,5,99,600,12
"scaled",0.75,0.692307573486833,0.0497836900224855,TRUE,1,"confounded",TRUE,0.001,3000,80,5,5,99,600,12
"orthogonal",0.75,0.728984544645906,0.0574823024664909,TRUE,1,"confounded",TRUE,0.001,3000,80,5,5,99,600,12
"targeted_projection",0.75,0.741496919058725,0.0538927446134039,TRUE,1,"confounded",TRUE,0.001,3000,80,5,5,99,600,12
"targeted_sudo",0.75,0.723870074866,0.0525020222333426,TRUE,1,"confounded",TRUE,0.001,3000,80,5,5,99,600,12
"pit_intercept_tilt",0.75,0.741477019640106,0.0539017593867591,TRUE,1,"confounded",TRUE,0.001,3000,80,5,5,99,600,12
"pit_affine_tilt",0.75,0.745009832377874,0.055775069557327,TRUE,1,"confounded",TRUE,0.001,3000,80,5,5,99,600,12
"direct",0.75,0.661474265144491,0.0438756188017546,FALSE,1,"confounded",TRUE,0.001,3000,80,5,5,99,600,13
"raw_label",0.75,0.123768407566477,0.00742691016479838,FALSE,1,"confounded",TRUE,0.001,3000,80,5,5,99,600,13
"index_projection",0.75,0.658895833925784,0.0439401206368156,FALSE,1,"confounded",TRUE,0.001,3000,80,5,5,99,600,13
"sudo",0.75,0.671519384410807,0.0442376797778771,TRUE,1,"confounded",TRUE,0.001,3000,80,5,5,99,600,13
"scaled",0.75,0.68440676761649,0.0465779391569684,TRUE,1,"confounded",TRUE,0.001,3000,80,5,5,99,600,13
"orthogonal",0.75,0.756556131226225,0.050973043794128,TRUE,1,"confounded",TRUE,0.001,3000,80,5,5,99,600,13
"targeted_projection",0.75,0.726602648278838,0.0504184148618342,TRUE,1,"confounded",TRUE,0.001,3000,80,5,5,99,600,13
"targeted_sudo",0.75,0.709533060123159,0.0486639492657061,TRUE,1,"confounded",TRUE,0.001,3000,80,5,5,99,600,13
"pit_intercept_tilt",0.75,0.726684305067076,0.0504159938161467,TRUE,1,"confounded",TRUE,0.001,3000,80,5,5,99,600,13
"pit_affine_tilt",0.75,0.731577438589321,0.0519941599142362,TRUE,1,"confounded",TRUE,0.001,3000,80,5,5,99,600,13
"direct",0.75,0.796341097275804,0.0413968839458663,TRUE,1,"confounded",TRUE,0.001,3000,80,5,5,99,600,14
"raw_label",0.75,0.148464656827907,0.00709878538527788,FALSE,1,"confounded",TRUE,0.001,3000,80,5,5,99,600,14
"index_projection",0.75,0.795348397443023,0.0415848775266798,TRUE,1,"confounded",TRUE,0.001,3000,80,5,5,99,600,14
"sudo",0.75,0.805582304944189,0.0422473577990788,TRUE,1,"confounded",TRUE,0.001,3000,80,5,5,99,600,14
"scaled",0.75,0.817153611851523,0.0452614925839842,TRUE,1,"confounded",TRUE,0.001,3000,80,5,5,99,600,14
"orthogonal",0.75,0.871106711089381,0.0495108671323779,FALSE,1,"confounded",TRUE,0.001,3000,80,5,5,99,600,14
"targeted_projection",0.75,0.87354747210411,0.0492805053163342,FALSE,1,"confounded",TRUE,0.001,3000,80,5,5,99,600,14
"targeted_sudo",0.75,0.853307419611657,0.0480476991521407,FALSE,1,"confounded",TRUE,0.001,3000,80,5,5,99,600,14
"pit_intercept_tilt",0.75,0.873548140767383,0.0492814461293274,FALSE,1,"confounded",TRUE,0.001,3000,80,5,5,99,600,14
"pit_affine_tilt",0.75,0.878387295206545,0.0512757100420101,FALSE,1,"confounded",TRUE,0.001,3000,80,5,5,99,600,14
"direct",0.75,0.662410552583852,0.042243283011255,FALSE,1,"confounded",TRUE,0.001,3000,80,5,5,99,600,15
"raw_label",0.75,0.124195540719694,0.00715092089827496,FALSE,1,"confounded",TRUE,0.001,3000,80,5,5,99,600,15
"index_projection",0.75,0.660821467636303,0.0420802200999245,FALSE,1,"confounded",TRUE,0.001,3000,80,5,5,99,600,15
"sudo",0.75,0.676173801103825,0.041647830789042,TRUE,1,"confounded",TRUE,0.001,3000,80,5,5,99,600,15
"scaled",0.75,0.692300767258379,0.0433574151499334,TRUE,1,"confounded",TRUE,0.001,3000,80,5,5,99,600,15
"orthogonal",0.75,0.734848969230103,0.0504652989698353,TRUE,1,"confounded",TRUE,0.001,3000,80,5,5,99,600,15
"targeted_projection",0.75,0.737623095652096,0.0495309900758181,TRUE,1,"confounded",TRUE,0.001,3000,80,5,5,99,600,15
"targeted_sudo",0.75,0.721359646663246,0.0475224490631193,TRUE,1,"confounded",TRUE,0.001,3000,80,5,5,99,600,15
"pit_intercept_tilt",0.75,0.737622759425627,0.049535326779217,TRUE,1,"confounded",TRUE,0.001,3000,80,5,5,99,600,15
"pit_affine_tilt",0.75,0.740088207462283,0.0511259602900078,TRUE,1,"confounded",TRUE,0.001,3000,80,5,5,99,600,15
"direct",0.75,0.7038479241488,0.0346579530115816,TRUE,1,"confounded",TRUE,0.001,3000,80,5,5,99,600,16
"raw_label",0.75,0.130364504690863,0.00622719711794616,FALSE,1,"confounded",TRUE,0.001,3000,80,5,5,99,600,16
"index_projection",0.75,0.699201004619075,0.0345780104688764,TRUE,1,"confounded",TRUE,0.001,3000,80,5,5,99,600,16
"sudo",0.75,0.717180738131649,0.035335111466422,TRUE,1,"confounded",TRUE,0.001,3000,80,5,5,99,600,16
"scaled",0.75,0.7366546265467,0.0392930792725728,TRUE,1,"confounded",TRUE,0.001,3000,80,5,5,99,600,16
"orthogonal",0.75,0.795823811994112,0.0457954637927346,TRUE,1,"confounded",TRUE,0.001,3000,80,5,5,99,600,16
"targeted_projection",0.75,0.779822200105179,0.0406947108180476,TRUE,1,"confounded",TRUE,0.001,3000,80,5,5,99,600,16
"targeted_sudo",0.75,0.765635990372605,0.0396377587709376,TRUE,1,"confounded",TRUE,0.001,3000,80,5,5,99,600,16
"pit_intercept_tilt",0.75,0.779828941328119,0.0407001774863553,TRUE,1,"confounded",TRUE,0.001,3000,80,5,5,99,600,16
"pit_affine_tilt",0.75,0.788372699128096,0.0417257197644916,TRUE,1,"confounded",TRUE,0.001,3000,80,5,5,99,600,16
"direct",0.75,0.700278128200693,0.0432797016764271,TRUE,1,"confounded",TRUE,0.001,3000,80,5,5,99,600,17
"raw_label",0.75,0.131143282575508,0.00758186412510277,FALSE,1,"confounded",TRUE,0.001,3000,80,5,5,99,600,17
"index_projection",0.75,0.698348037436198,0.0430920694995523,TRUE,1,"confounded",TRUE,0.001,3000,80,5,5,99,600,17
"sudo",0.75,0.716126570780407,0.0445183072899253,TRUE,1,"confounded",TRUE,0.001,3000,80,5,5,99,600,17
"scaled",0.75,0.735495390742256,0.0481786035815896,TRUE,1,"confounded",TRUE,0.001,3000,80,5,5,99,600,17
"orthogonal",0.75,0.799132389183273,0.0536263214044478,TRUE,1,"confounded",TRUE,0.001,3000,80,5,5,99,600,17
"targeted_projection",0.75,0.784723927528776,0.050970677096546,TRUE,1,"confounded",TRUE,0.001,3000,80,5,5,99,600,17
"targeted_sudo",0.75,0.767363530759983,0.0497374402078774,TRUE,1,"confounded",TRUE,0.001,3000,80,5,5,99,600,17
"pit_intercept_tilt",0.75,0.784760997224885,0.0509691341340804,TRUE,1,"confounded",TRUE,0.001,3000,80,5,5,99,600,17
"pit_affine_tilt",0.75,0.792125257820491,0.052854078246005,TRUE,1,"confounded",TRUE,0.001,3000,80,5,5,99,600,17
"direct",0.75,0.549545986824203,0.0428977558115579,FALSE,1,"confounded",TRUE,0.001,3000,80,5,5,99,600,18
"raw_label",0.75,0.105931154528929,0.0078741237503568,FALSE,1,"confounded",TRUE,0.001,3000,80,5,5,99,600,18
"index_projection",0.75,0.549800279234761,0.0427243233696966,FALSE,1,"confounded",TRUE,0.001,3000,80,5,5,99,600,18
"sudo",0.75,0.559831134032953,0.043935043168818,FALSE,1,"confounded",TRUE,0.001,3000,80,5,5,99,600,18
"scaled",0.75,0.569447460948162,0.0465965206703465,FALSE,1,"confounded",TRUE,0.001,3000,80,5,5,99,600,18
"orthogonal",0.75,0.560854924503371,0.0572003371456988,FALSE,1,"confounded",TRUE,0.001,3000,80,5,5,99,600,18
"targeted_projection",0.75,0.607844680858782,0.0485455602654868,FALSE,1,"confounded",TRUE,0.001,3000,80,5,5,99,600,18
"targeted_sudo",0.75,0.591581534224483,0.0475798827514943,FALSE,1,"confounded",TRUE,0.001,3000,80,5,5,99,600,18
"pit_intercept_tilt",0.75,0.607832950868233,0.0485442439750516,FALSE,1,"confounded",TRUE,0.001,3000,80,5,5,99,600,18
"pit_affine_tilt",0.75,0.610719529017228,0.0501204633174913,FALSE,1,"confounded",TRUE,0.001,3000,80,5,5,99,600,18
"direct",0.75,0.661360516917106,0.0454905828516466,TRUE,1,"confounded",TRUE,0.001,3000,80,5,5,99,600,19
"raw_label",0.75,0.122813856432108,0.00796247598401709,FALSE,1,"confounded",TRUE,0.001,3000,80,5,5,99,600,19
"index_projection",0.75,0.660928197104614,0.0453527192601752,FALSE,1,"confounded",TRUE,0.001,3000,80,5,5,99,600,19
"sudo",0.75,0.675508376171081,0.0467263361569653,TRUE,1,"confounded",TRUE,0.001,3000,80,5,5,99,600,19
"scaled",0.75,0.69108502115079,0.0498171375979756,TRUE,1,"confounded",TRUE,0.001,3000,80,5,5,99,600,19
"orthogonal",0.75,0.752842932748836,0.0547865982761254,TRUE,1,"confounded",TRUE,0.001,3000,80,5,5,99,600,19
"targeted_projection",0.75,0.735022952543834,0.052742955063364,TRUE,1,"confounded",TRUE,0.001,3000,80,5,5,99,600,19
"targeted_sudo",0.75,0.71977979294671,0.0512373925121117,TRUE,1,"confounded",TRUE,0.001,3000,80,5,5,99,600,19
"pit_intercept_tilt",0.75,0.735019372333333,0.0527457833465696,TRUE,1,"confounded",TRUE,0.001,3000,80,5,5,99,600,19
"pit_affine_tilt",0.75,0.738071743905921,0.0545707033103992,TRUE,1,"confounded",TRUE,0.001,3000,80,5,5,99,600,19
"direct",0.75,0.697006426219051,0.0439501929431667,TRUE,1,"confounded",TRUE,0.001,3000,80,5,5,99,600,20
"raw_label",0.75,0.129233329059177,0.00755788346770034,FALSE,1,"confounded",TRUE,0.001,3000,80,5,5,99,600,20
"index_projection",0.75,0.696766870318794,0.0441314493498157,TRUE,1,"confounded",TRUE,0.001,3000,80,5,5,99,600,20
"sudo",0.75,0.706285797578921,0.0452052233503051,TRUE,1,"confounded",TRUE,0.001,3000,80,5,5,99,600,20
"scaled",0.75,0.716450674616633,0.048416523839273,TRUE,1,"confounded",TRUE,0.001,3000,80,5,5,99,600,20
"orthogonal",0.75,0.739331843348218,0.0585203655284189,TRUE,1,"confounded",TRUE,0.001,3000,80,5,5,99,600,20
"targeted_projection",0.75,0.779220574294819,0.0518727797649235,TRUE,1,"confounded",TRUE,0.001,3000,80,5,5,99,600,20
"targeted_sudo",0.75,0.756696960044194,0.050891724850893,TRUE,1,"confounded",TRUE,0.001,3000,80,5,5,99,600,20
"pit_intercept_tilt",0.75,0.779220295581174,0.0518729415113542,TRUE,1,"confounded",TRUE,0.001,3000,80,5,5,99,600,20
"pit_affine_tilt",0.75,0.789350112908997,0.0538624026440779,TRUE,1,"confounded",TRUE,0.001,3000,80,5,5,99,600,20
"direct",0.75,0.70924214292792,0.0444258710294469,TRUE,1,"confounded",TRUE,0.001,3000,80,5,5,99,600,21
"raw_label",0.75,0.134373382145747,0.00827062310947773,FALSE,1,"confounded",TRUE,0.001,3000,80,5,5,99,600,21
"index_projection",0.75,0.709440263018333,0.0441249915904033,TRUE,1,"confounded",TRUE,0.001,3000,80,5,5,99,600,21
"sudo",0.75,0.724109080035656,0.0456413016981124,TRUE,1,"confounded",TRUE,0.001,3000,80,5,5,99,600,21
"scaled",0.75,0.73991538179433,0.049070053991972,TRUE,1,"confounded",TRUE,0.001,3000,80,5,5,99,600,21
"orthogonal",0.75,0.781263993182405,0.0528566171395757,TRUE,1,"confounded",TRUE,0.001,3000,80,5,5,99,600,21
"targeted_projection",0.75,0.788722143287337,0.0533910077451437,TRUE,1,"confounded",TRUE,0.001,3000,80,5,5,99,600,21
"targeted_sudo",0.75,0.771907115008707,0.0522214662011085,TRUE,1,"confounded",TRUE,0.001,3000,80,5,5,99,600,21
"pit_intercept_tilt",0.75,0.788722353576879,0.053397458908869,TRUE,1,"confounded",TRUE,0.001,3000,80,5,5,99,600,21
"pit_affine_tilt",0.75,0.792276896959829,0.0547649715271758,TRUE,1,"confounded",TRUE,0.001,3000,80,5,5,99,600,21
"direct",0.75,0.639462668852115,0.0465806927445073,FALSE,1,"confounded",TRUE,0.001,3000,80,5,5,99,600,22
"raw_label",0.75,0.118969800651556,0.00828632487907369,FALSE,1,"confounded",TRUE,0.001,3000,80,5,5,99,600,22
"index_projection",0.75,0.638315122062547,0.0463483724986587,FALSE,1,"confounded",TRUE,0.001,3000,80,5,5,99,600,22
"sudo",0.75,0.65355183380636,0.0463046741038215,FALSE,1,"confounded",TRUE,0.001,3000,80,5,5,99,600,22
"scaled",0.75,0.669821685812551,0.0482424507127023,TRUE,1,"confounded",TRUE,0.001,3000,80,5,5,99,600,22
"orthogonal",0.75,0.713415060091622,0.0545170865589793,TRUE,1,"confounded",TRUE,0.001,3000,80,5,5,99,600,22
"targeted_projection",0.75,0.727199492244088,0.0544806334197211,TRUE,1,"confounded",TRUE,0.001,3000,80,5,5,99,600,22
"targeted_sudo",0.75,0.708388334541,0.05269675463682,TRUE,1,"confounded",TRUE,0.001,3000,80,5,5,99,600,22
"pit_intercept_tilt",0.75,0.727194270876616,0.0544770297680844,TRUE,1,"confounded",TRUE,0.001,3000,80,5,5,99,600,22
"pit_affine_tilt",0.75,0.731097324547759,0.0562614341772114,TRUE,1,"confounded",TRUE,0.001,3000,80,5,5,99,600,22
"direct",0.75,0.691532458956185,0.0464792682405911,TRUE,1,"confounded",TRUE,0.001,3000,80,5,5,99,600,23
"raw_label",0.75,0.127661163269184,0.00822914318458206,FALSE,1,"confounded",TRUE,0.001,3000,80,5,5,99,600,23
"index_projection",0.75,0.691142714146057,0.0463236618187731,TRUE,1,"confounded",TRUE,0.001,3000,80,5,5,99,600,23
"sudo",0.75,0.699212373632361,0.0458212098221412,TRUE,1,"confounded",TRUE,0.001,3000,80,5,5,99,600,23
"scaled",0.75,0.707840703272399,0.0476299953453349,TRUE,1,"confounded",TRUE,0.001,3000,80,5,5,99,600,23
"orthogonal",0.75,0.725426328107985,0.0544195904110254,TRUE,1,"confounded",TRUE,0.001,3000,80,5,5,99,600,23
"targeted_projection",0.75,0.766034026031477,0.0511248542473474,TRUE,1,"confounded",TRUE,0.001,3000,80,5,5,99,600,23
"targeted_sudo",0.75,0.744723386783543,0.0500359771872572,TRUE,1,"confounded",TRUE,0.001,3000,80,5,5,99,600,23
"pit_intercept_tilt",0.75,0.7660346402214,0.051121967832652,TRUE,1,"confounded",TRUE,0.001,3000,80,5,5,99,600,23
"pit_affine_tilt",0.75,0.770410157271166,0.0526254310443221,TRUE,1,"confounded",TRUE,0.001,3000,80,5,5,99,600,23
"direct",0.75,0.616850357629797,0.0435022510663325,FALSE,1,"confounded",TRUE,0.001,3000,80,5,5,99,600,24
"raw_label",0.75,0.120677012929625,0.00764199967098799,FALSE,1,"confounded",TRUE,0.001,3000,80,5,5,99,600,24
"index_projection",0.75,0.616587365142978,0.0434832463796537,FALSE,1,"confounded",TRUE,0.001,3000,80,5,5,99,600,24
"sudo",0.75,0.637667214234431,0.0421751307363514,FALSE,1,"confounded",TRUE,0.001,3000,80,5,5,99,600,24
"scaled",0.75,0.658255361805637,0.0431931368422589,FALSE,1,"confounded",TRUE,0.001,3000,80,5,5,99,600,24
"orthogonal",0.75,0.68431397055064,0.0503399526942518,TRUE,1,"confounded",TRUE,0.001,3000,80,5,5,99,600,24
"targeted_projection",0.75,0.691175868595543,0.0471247732173566,TRUE,1,"confounded",TRUE,0.001,3000,80,5,5,99,600,24
"targeted_sudo",0.75,0.677051355493719,0.0460095410259079,TRUE,1,"confounded",TRUE,0.001,3000,80,5,5,99,600,24
"pit_intercept_tilt",0.75,0.691175834854638,0.0471287209671094,TRUE,1,"confounded",TRUE,0.001,3000,80,5,5,99,600,24
"pit_affine_tilt",0.75,0.692240821784663,0.048532059193362,TRUE,1,"confounded",TRUE,0.001,3000,80,5,5,99,600,24
"direct",0.75,0.672430060283371,0.0345957293998804,FALSE,1,"confounded",TRUE,0.001,3000,80,5,5,99,600,25
"raw_label",0.75,0.128282923292147,0.00587641388996154,FALSE,1,"confounded",TRUE,0.001,3000,80,5,5,99,600,25
"index_projection",0.75,0.674429796043278,0.034943200248888,FALSE,1,"confounded",TRUE,0.001,3000,80,5,5,99,600,25
"sudo",0.75,0.686035021456586,0.0341476039584398,TRUE,1,"confounded",TRUE,0.001,3000,80,5,5,99,600,25
"scaled",0.75,0.698015926954625,0.0361238096126874,TRUE,1,"confounded",TRUE,0.001,3000,80,5,5,99,600,25
"orthogonal",0.75,0.730813595952807,0.0433288670273356,TRUE,1,"confounded",TRUE,0.001,3000,80,5,5,99,600,25
"targeted_projection",0.75,0.743525201077849,0.0387037238943799,TRUE,1,"confounded",TRUE,0.001,3000,80,5,5,99,600,25
"targeted_sudo",0.75,0.725823032293216,0.0375793335160915,TRUE,1,"confounded",TRUE,0.001,3000,80,5,5,99,600,25
"pit_intercept_tilt",0.75,0.743527439573956,0.0387030983781659,TRUE,1,"confounded",TRUE,0.001,3000,80,5,5,99,600,25
"pit_affine_tilt",0.75,0.748304694847919,0.0400039633532601,TRUE,1,"confounded",TRUE,0.001,3000,80,5,5,99,600,25
"direct",0.75,0.694254271919717,0.0401971237711761,TRUE,1,"confounded",TRUE,0.001,3000,80,5,5,99,600,26
"raw_label",0.75,0.129753193764131,0.00667091007915353,FALSE,1,"confounded",TRUE,0.001,3000,80,5,5,99,600,26
"index_projection",0.75,0.693033595214337,0.0402732028494907,TRUE,1,"confounded",TRUE,0.001,3000,80,5,5,99,600,26
"sudo",0.75,0.708081195593114,0.0414468860297401,TRUE,1,"confounded",TRUE,0.001,3000,80,5,5,99,600,26
"scaled",0.75,0.724374335230185,0.0452087197035441,TRUE,1,"confounded",TRUE,0.001,3000,80,5,5,99,600,26
"orthogonal",0.75,0.772112233820014,0.054133253066017,TRUE,1,"confounded",TRUE,0.001,3000,80,5,5,99,600,26
"targeted_projection",0.75,0.771111292299695,0.0464692543800909,TRUE,1,"confounded",TRUE,0.001,3000,80,5,5,99,600,26
"targeted_sudo",0.75,0.756074720546282,0.0452573950235118,TRUE,1,"confounded",TRUE,0.001,3000,80,5,5,99,600,26
"pit_intercept_tilt",0.75,0.771120955427901,0.0464660715373842,TRUE,1,"confounded",TRUE,0.001,3000,80,5,5,99,600,26
"pit_affine_tilt",0.75,0.773073023305615,0.0480464144576506,TRUE,1,"confounded",TRUE,0.001,3000,80,5,5,99,600,26
"direct",0.75,0.648969718098029,0.0434258645431522,FALSE,1,"confounded",TRUE,0.001,3000,80,5,5,99,600,27
"raw_label",0.75,0.120539193578687,0.00748160783881754,FALSE,1,"confounded",TRUE,0.001,3000,80,5,5,99,600,27
"index_projection",0.75,0.648334214642719,0.0436654201461374,FALSE,1,"confounded",TRUE,0.001,3000,80,5,5,99,600,27
"sudo",0.75,0.659775793085766,0.043653937938279,FALSE,1,"confounded",TRUE,0.001,3000,80,5,5,99,600,27
"scaled",0.75,0.671689761191283,0.0456779368388721,TRUE,1,"confounded",TRUE,0.001,3000,80,5,5,99,600,27
"orthogonal",0.75,0.722389572113553,0.0495970318276215,TRUE,1,"confounded",TRUE,0.001,3000,80,5,5,99,600,27
"targeted_projection",0.75,0.728288677693465,0.0503881039130877,TRUE,1,"confounded",TRUE,0.001,3000,80,5,5,99,600,27
"targeted_sudo",0.75,0.708137220530197,0.0486602540969045,TRUE,1,"confounded",TRUE,0.001,3000,80,5,5,99,600,27
"pit_intercept_tilt",0.75,0.72829233612101,0.0503869820609217,TRUE,1,"confounded",TRUE,0.001,3000,80,5,5,99,600,27
"pit_affine_tilt",0.75,0.732366424907796,0.0528935465336923,TRUE,1,"confounded",TRUE,0.001,3000,80,5,5,99,600,27
"direct",0.75,0.645834651184896,0.0391445595862472,FALSE,1,"confounded",TRUE,0.001,3000,80,5,5,99,600,28
"raw_label",0.75,0.122865130033252,0.00748750192130247,FALSE,1,"confounded",TRUE,0.001,3000,80,5,5,99,600,28
"index_projection",0.75,0.646152347313662,0.0392407313273766,FALSE,1,"confounded",TRUE,0.001,3000,80,5,5,99,600,28
"sudo",0.75,0.660245781033608,0.0403185785864965,FALSE,1,"confounded",TRUE,0.001,3000,80,5,5,99,600,28
"scaled",0.75,0.6746166204381,0.0433395076675211,TRUE,1,"confounded",TRUE,0.001,3000,80,5,5,99,600,28
"orthogonal",0.75,0.726857370137009,0.0484620817698188,TRUE,1,"confounded",TRUE,0.001,3000,80,5,5,99,600,28
"targeted_projection",0.75,0.716990461726456,0.046032042180269,TRUE,1,"confounded",TRUE,0.001,3000,80,5,5,99,600,28
"targeted_sudo",0.75,0.703684445215767,0.0450886283636948,TRUE,1,"confounded",TRUE,0.001,3000,80,5,5,99,600,28
"pit_intercept_tilt",0.75,0.717003189799971,0.0460302665224556,TRUE,1,"confounded",TRUE,0.001,3000,80,5,5,99,600,28
"pit_affine_tilt",0.75,0.719981780473492,0.0483277360128844,TRUE,1,"confounded",TRUE,0.001,3000,80,5,5,99,600,28
"direct",0.75,0.668474553020986,0.0479340250394587,TRUE,1,"confounded",TRUE,0.001,3000,80,5,5,99,600,29
"raw_label",0.75,0.126238768902144,0.0081554701749711,FALSE,1,"confounded",TRUE,0.001,3000,80,5,5,99,600,29
"index_projection",0.75,0.665742413713201,0.0482313403534766,TRUE,1,"confounded",TRUE,0.001,3000,80,5,5,99,600,29
"sudo",0.75,0.675700386256811,0.0494287589617348,TRUE,1,"confounded",TRUE,0.001,3000,80,5,5,99,600,29
"scaled",0.75,0.685993952250554,0.0525761204867113,TRUE,1,"confounded",TRUE,0.001,3000,80,5,5,99,600,29
"orthogonal",0.75,0.699056320613239,0.0592581630392874,TRUE,1,"confounded",TRUE,0.001,3000,80,5,5,99,600,29
"targeted_projection",0.75,0.736735879133662,0.0553775570579008,TRUE,1,"confounded",TRUE,0.001,3000,80,5,5,99,600,29
"targeted_sudo",0.75,0.717728534227771,0.0540916213793013,TRUE,1,"confounded",TRUE,0.001,3000,80,5,5,99,600,29
"pit_intercept_tilt",0.75,0.736697664731564,0.0553781486011919,TRUE,1,"confounded",TRUE,0.001,3000,80,5,5,99,600,29
"pit_affine_tilt",0.75,0.7373804868092,0.058336848207343,TRUE,1,"confounded",TRUE,0.001,3000,80,5,5,99,600,29
"direct",0.75,0.695029254338688,0.0419818164240973,TRUE,1,"confounded",TRUE,0.001,3000,80,5,5,99,600,30
"raw_label",0.75,0.130289552887102,0.00688585720637495,FALSE,1,"confounded",TRUE,0.001,3000,80,5,5,99,600,30
"index_projection",0.75,0.695883109425152,0.042075304350464,TRUE,1,"confounded",TRUE,0.001,3000,80,5,5,99,600,30
"sudo",0.75,0.705085947270841,0.0424118032414715,TRUE,1,"confounded",TRUE,0.001,3000,80,5,5,99,600,30
"scaled",0.75,0.715045814818726,0.0452733217940049,TRUE,1,"confounded",TRUE,0.001,3000,80,5,5,99,600,30
"orthogonal",0.75,0.772140047796643,0.04878257660979,TRUE,1,"confounded",TRUE,0.001,3000,80,5,5,99,600,30
"targeted_projection",0.75,0.779951969949751,0.0497242041485142,TRUE,1,"confounded",TRUE,0.001,3000,80,5,5,99,600,30
"targeted_sudo",0.75,0.760487189212599,0.0482230187657787,TRUE,1,"confounded",TRUE,0.001,3000,80,5,5,99,600,30
"pit_intercept_tilt",0.75,0.779953910133218,0.0497271051049184,TRUE,1,"confounded",TRUE,0.001,3000,80,5,5,99,600,30
"pit_affine_tilt",0.75,0.778632463147912,0.0511981436898849,TRUE,1,"confounded",TRUE,0.001,3000,80,5,5,99,600,30
"direct",0.75,0.700369516654569,0.0431562534173433,TRUE,0.98989898989899,"confounded",TRUE,0.001,3000,80,5,5,99,600,31
"raw_label",0.75,0.128035995242005,0.00745320384911437,FALSE,0.98989898989899,"confounded",TRUE,0.001,3000,80,5,5,99,600,31
"index_projection",0.75,0.699356069260627,0.0431957438691213,TRUE,0.98989898989899,"confounded",TRUE,0.001,3000,80,5,5,99,600,31
"sudo",0.75,0.706180244835276,0.0432863453288667,TRUE,0.98989898989899,"confounded",TRUE,0.001,3000,80,5,5,99,600,31
"scaled",0.75,0.71372476542126,0.0460423220746961,TRUE,0.98989898989899,"confounded",TRUE,0.001,3000,80,5,5,99,600,31
"orthogonal",0.75,0.733060414373336,0.0519839319212596,TRUE,0.98989898989899,"confounded",TRUE,0.001,3000,80,5,5,99,600,31
"targeted_projection",0.75,0.771729312951466,0.0511729595881983,TRUE,0.98989898989899,"confounded",TRUE,0.001,3000,80,5,5,99,600,31
"targeted_sudo",0.75,0.752164631029259,0.0494675221411458,TRUE,0.98989898989899,"confounded",TRUE,0.001,3000,80,5,5,99,600,31
"pit_intercept_tilt",0.75,0.771731431932593,0.0511746793632846,TRUE,0.98989898989899,"confounded",TRUE,0.001,3000,80,5,5,99,600,31
"pit_affine_tilt",0.75,0.778558381438438,0.052986758024882,TRUE,0.98989898989899,"confounded",TRUE,0.001,3000,80,5,5,99,600,31
"direct",0.75,0.699780601103829,0.041190857123278,TRUE,0.98989898989899,"confounded",TRUE,0.001,3000,80,5,5,99,600,32
"raw_label",0.75,0.132464807241519,0.00719591330944552,FALSE,0.98989898989899,"confounded",TRUE,0.001,3000,80,5,5,99,600,32
"index_projection",0.75,0.700860777192658,0.0411969484515412,TRUE,0.98989898989899,"confounded",TRUE,0.001,3000,80,5,5,99,600,32
"sudo",0.75,0.712195523399743,0.0410890677128931,TRUE,0.98989898989899,"confounded",TRUE,0.001,3000,80,5,5,99,600,32
"scaled",0.75,0.724222712048381,0.043073068337027,TRUE,0.98989898989899,"confounded",TRUE,0.001,3000,80,5,5,99,600,32
"orthogonal",0.75,0.755412091296748,0.0526297519842995,TRUE,0.98989898989899,"confounded",TRUE,0.001,3000,80,5,5,99,600,32
"targeted_projection",0.75,0.777557745413481,0.0475080017580165,TRUE,0.98989898989899,"confounded",TRUE,0.001,3000,80,5,5,99,600,32
"targeted_sudo",0.75,0.758630375459095,0.046440632702784,TRUE,0.98989898989899,"confounded",TRUE,0.001,3000,80,5,5,99,600,32
"pit_intercept_tilt",0.75,0.777564433737961,0.0475073138951461,TRUE,0.98989898989899,"confounded",TRUE,0.001,3000,80,5,5,99,600,32
"pit_affine_tilt",0.75,0.775977499987083,0.0482336670122049,TRUE,0.98989898989899,"confounded",TRUE,0.001,3000,80,5,5,99,600,32
"direct",0.75,0.634988397690655,0.0386128778242666,FALSE,0.98989898989899,"confounded",TRUE,0.001,3000,80,5,5,99,600,33
"raw_label",0.75,0.117265207343026,0.00687138614959139,FALSE,0.98989898989899,"confounded",TRUE,0.001,3000,80,5,5,99,600,33
"index_projection",0.75,0.633285995671246,0.0384859826456791,FALSE,0.98989898989899,"confounded",TRUE,0.001,3000,80,5,5,99,600,33
"sudo",0.75,0.646974027911879,0.0392910915579884,FALSE,0.98989898989899,"confounded",TRUE,0.001,3000,80,5,5,99,600,33
"scaled",0.75,0.661156971768394,0.0423487609423191,FALSE,0.98989898989899,"confounded",TRUE,0.001,3000,80,5,5,99,600,33
"orthogonal",0.75,0.717336353952297,0.0472229448917951,TRUE,0.98989898989899,"confounded",TRUE,0.001,3000,80,5,5,99,600,33
"targeted_projection",0.75,0.700686419293367,0.0463190711594156,TRUE,0.98989898989899,"confounded",TRUE,0.001,3000,80,5,5,99,600,33
"targeted_sudo",0.75,0.686003607484325,0.0449870922406345,TRUE,0.98989898989899,"confounded",TRUE,0.001,3000,80,5,5,99,600,33
"pit_intercept_tilt",0.75,0.700683627015102,0.0463231118949283,TRUE,0.98989898989899,"confounded",TRUE,0.001,3000,80,5,5,99,600,33
"pit_affine_tilt",0.75,0.705347597906859,0.047892991278551,TRUE,0.98989898989899,"confounded",TRUE,0.001,3000,80,5,5,99,600,33
"direct",0.75,0.694950537637069,0.0435397393510528,TRUE,0.98989898989899,"confounded",TRUE,0.001,3000,80,5,5,99,600,34
"raw_label",0.75,0.132481243212302,0.00748216130722712,FALSE,0.98989898989899,"confounded",TRUE,0.001,3000,80,5,5,99,600,34
"index_projection",0.75,0.693717611894435,0.0431626014611439,TRUE,0.98989898989899,"confounded",TRUE,0.001,3000,80,5,5,99,600,34
"sudo",0.75,0.703790732246661,0.0436490208307502,TRUE,0.98989898989899,"confounded",TRUE,0.001,3000,80,5,5,99,600,34
"scaled",0.75,0.71444158457743,0.0463276978261365,TRUE,0.98989898989899,"confounded",TRUE,0.001,3000,80,5,5,99,600,34
"orthogonal",0.75,0.686372417803874,0.0673382684258255,TRUE,0.98989898989899,"confounded",TRUE,0.001,3000,80,5,5,99,600,34
"targeted_projection",0.75,0.77015669940271,0.0501140620107864,TRUE,0.98989898989899,"confounded",TRUE,0.001,3000,80,5,5,99,600,34
"targeted_sudo",0.75,0.748341736283837,0.0488362993425073,TRUE,0.98989898989899,"confounded",TRUE,0.001,3000,80,5,5,99,600,34
"pit_intercept_tilt",0.75,0.770154044062563,0.0501141827549328,TRUE,0.98989898989899,"confounded",TRUE,0.001,3000,80,5,5,99,600,34
"pit_affine_tilt",0.75,0.773082431409415,0.0520834497529274,TRUE,0.98989898989899,"confounded",TRUE,0.001,3000,80,5,5,99,600,34
"direct",0.75,0.659989880934413,0.0461792567153995,TRUE,1,"confounded",TRUE,0.001,3000,80,5,5,99,600,35
"raw_label",0.75,0.125930842521221,0.00769256687520323,FALSE,1,"confounded",TRUE,0.001,3000,80,5,5,99,600,35
"index_projection",0.75,0.657833017594718,0.0464689346562487,FALSE,1,"confounded",TRUE,0.001,3000,80,5,5,99,600,35
"sudo",0.75,0.667535724380918,0.0447099093482524,TRUE,1,"confounded",TRUE,0.001,3000,80,5,5,99,600,35
"scaled",0.75,0.677248930881733,0.0448465141948119,TRUE,1,"confounded",TRUE,0.001,3000,80,5,5,99,600,35
"orthogonal",0.75,0.708571015979706,0.0510169615333934,TRUE,1,"confounded",TRUE,0.001,3000,80,5,5,99,600,35
"targeted_projection",0.75,0.72226448398833,0.0507561169492889,TRUE,1,"confounded",TRUE,0.001,3000,80,5,5,99,600,35
"targeted_sudo",0.75,0.705716919797554,0.0484825018115978,TRUE,1,"confounded",TRUE,0.001,3000,80,5,5,99,600,35
"pit_intercept_tilt",0.75,0.722300675902234,0.050760622704937,TRUE,1,"confounded",TRUE,0.001,3000,80,5,5,99,600,35
"pit_affine_tilt",0.75,0.725483358555645,0.0524664997409231,TRUE,1,"confounded",TRUE,0.001,3000,80,5,5,99,600,35
"direct",0.75,0.594704345201854,0.0463001932288647,FALSE,0.97979797979798,"confounded",TRUE,0.001,3000,80,5,5,99,600,36
"raw_label",0.75,0.115426579782438,0.00823080032876943,FALSE,0.97979797979798,"confounded",TRUE,0.001,3000,80,5,5,99,600,36
"index_projection",0.75,0.59492179305777,0.0464879359090205,FALSE,0.97979797979798,"confounded",TRUE,0.001,3000,80,5,5,99,600,36
"sudo",0.75,0.603874970191984,0.045536552450182,FALSE,0.97979797979798,"confounded",TRUE,0.001,3000,80,5,5,99,600,36
"scaled",0.75,0.612352617870791,0.0459252075735663,FALSE,0.97979797979798,"confounded",TRUE,0.001,3000,80,5,5,99,600,36
"orthogonal",0.75,0.645847489608593,0.0509964093314106,FALSE,0.97979797979798,"confounded",TRUE,0.001,3000,80,5,5,99,600,36
"targeted_projection",0.75,0.650045040066041,0.0513515900908469,TRUE,0.97979797979798,"confounded",TRUE,0.001,3000,80,5,5,99,600,36
"targeted_sudo",0.75,0.636517737112278,0.0496005202822243,FALSE,0.97979797979798,"confounded",TRUE,0.001,3000,80,5,5,99,600,36
"pit_intercept_tilt",0.75,0.650054883582282,0.0513535842465998,TRUE,0.97979797979798,"confounded",TRUE,0.001,3000,80,5,5,99,600,36
"pit_affine_tilt",0.75,0.652157602090738,0.0531711916615889,TRUE,0.97979797979798,"confounded",TRUE,0.001,3000,80,5,5,99,600,36
"direct",0.75,0.601034544665751,0.044296394406906,FALSE,0.97979797979798,"confounded",TRUE,0.001,3000,80,5,5,99,600,37
"raw_label",0.75,0.118092027443271,0.00786299042392218,FALSE,0.97979797979798,"confounded",TRUE,0.001,3000,80,5,5,99,600,37
"index_projection",0.75,0.598746736354588,0.0440387525290995,FALSE,0.97979797979798,"confounded",TRUE,0.001,3000,80,5,5,99,600,37
"sudo",0.75,0.620462378456573,0.0446959920106651,FALSE,0.97979797979798,"confounded",TRUE,0.001,3000,80,5,5,99,600,37
"scaled",0.75,0.642040521964454,0.0471672779949678,FALSE,0.97979797979798,"confounded",TRUE,0.001,3000,80,5,5,99,600,37
"orthogonal",0.75,0.686922270863203,0.050443046449303,TRUE,0.97979797979798,"confounded",TRUE,0.001,3000,80,5,5,99,600,37
"targeted_projection",0.75,0.679859736692987,0.0511793535857343,TRUE,0.97979797979798,"confounded",TRUE,0.001,3000,80,5,5,99,600,37
"targeted_sudo",0.75,0.666168557000853,0.0493305352918901,TRUE,0.97979797979798,"confounded",TRUE,0.001,3000,80,5,5,99,600,37
"pit_intercept_tilt",0.75,0.679850140175885,0.0511891876407806,TRUE,0.97979797979798,"confounded",TRUE,0.001,3000,80,5,5,99,600,37
"pit_affine_tilt",0.75,0.68076413490063,0.052220659324422,TRUE,0.97979797979798,"confounded",TRUE,0.001,3000,80,5,5,99,600,37
"direct",0.75,0.707603284340918,0.039217320817916,TRUE,0.97979797979798,"confounded",TRUE,0.001,3000,80,5,5,99,600,38
"raw_label",0.75,0.131559679995819,0.00645828249506359,FALSE,0.97979797979798,"confounded",TRUE,0.001,3000,80,5,5,99,600,38
"index_projection",0.75,0.706685826589894,0.0392016186698093,TRUE,0.97979797979798,"confounded",TRUE,0.001,3000,80,5,5,99,600,38
"sudo",0.75,0.717110982719416,0.0385016918110701,TRUE,0.97979797979798,"confounded",TRUE,0.001,3000,80,5,5,99,600,38
"scaled",0.75,0.728274946343062,0.0400296540290608,TRUE,0.97979797979798,"confounded",TRUE,0.001,3000,80,5,5,99,600,38
"orthogonal",0.75,0.775906620366546,0.0463052991201079,TRUE,0.97979797979798,"confounded",TRUE,0.001,3000,80,5,5,99,600,38
"targeted_projection",0.75,0.776408353039812,0.0432424250566438,TRUE,0.97979797979798,"confounded",TRUE,0.001,3000,80,5,5,99,600,38
"targeted_sudo",0.75,0.759336215702769,0.0420411432556546,TRUE,0.97979797979798,"confounded",TRUE,0.001,3000,80,5,5,99,600,38
"pit_intercept_tilt",0.75,0.776411118481469,0.0432443917167622,TRUE,0.97979797979798,"confounded",TRUE,0.001,3000,80,5,5,99,600,38
"pit_affine_tilt",0.75,0.779347586975717,0.0448697402690218,TRUE,0.97979797979798,"confounded",TRUE,0.001,3000,80,5,5,99,600,38
"direct",0.75,0.649031348799762,0.0392370241808957,FALSE,0.97979797979798,"confounded",TRUE,0.001,3000,80,5,5,99,600,39
"raw_label",0.75,0.123991434326694,0.00709102966784487,FALSE,0.97979797979798,"confounded",TRUE,0.001,3000,80,5,5,99,600,39
"index_projection",0.75,0.648297214711133,0.0391117784952799,FALSE,0.97979797979798,"confounded",TRUE,0.001,3000,80,5,5,99,600,39
"sudo",0.75,0.659174649350813,0.0408385158939924,FALSE,0.97979797979798,"confounded",TRUE,0.001,3000,80,5,5,99,600,39
"scaled",0.75,0.669956692682109,0.0447941726619123,TRUE,0.97979797979798,"confounded",TRUE,0.001,3000,80,5,5,99,600,39
"orthogonal",0.75,0.666142628462339,0.0589306362440238,TRUE,0.97979797979798,"confounded",TRUE,0.001,3000,80,5,5,99,600,39
"targeted_projection",0.75,0.718422332071889,0.0471075256695289,TRUE,0.97979797979798,"confounded",TRUE,0.001,3000,80,5,5,99,600,39
"targeted_sudo",0.75,0.700111163924834,0.0460058438096174,TRUE,0.97979797979798,"confounded",TRUE,0.001,3000,80,5,5,99,600,39
"pit_intercept_tilt",0.75,0.718387079819727,0.047111627543995,TRUE,0.97979797979798,"confounded",TRUE,0.001,3000,80,5,5,99,600,39
"pit_affine_tilt",0.75,0.724922913218383,0.0489431435849008,TRUE,0.97979797979798,"confounded",TRUE,0.001,3000,80,5,5,99,600,39
"direct",0.75,0.671058182245448,0.0390425339026907,FALSE,1,"confounded",TRUE,0.001,3000,80,5,5,99,600,40
"raw_label",0.75,0.124460569079189,0.00672343144863027,FALSE,1,"confounded",TRUE,0.001,3000,80,5,5,99,600,40
"index_projection",0.75,0.672246501038933,0.0392982717299824,FALSE,1,"confounded",TRUE,0.001,3000,80,5,5,99,600,40
"sudo",0.75,0.675568603279958,0.0385568572523596,TRUE,1,"confounded",TRUE,0.001,3000,80,5,5,99,600,40
"scaled",0.75,0.678955963907953,0.0398120633621788,TRUE,1,"confounded",TRUE,0.001,3000,80,5,5,99,600,40
"orthogonal",0.75,0.704717165422919,0.0478997011876302,TRUE,1,"confounded",TRUE,0.001,3000,80,5,5,99,600,40
"targeted_projection",0.75,0.737874146663602,0.0453769714928176,TRUE,1,"confounded",TRUE,0.001,3000,80,5,5,99,600,40
"targeted_sudo",0.75,0.717805745849426,0.0438755863824246,TRUE,1,"confounded",TRUE,0.001,3000,80,5,5,99,600,40
"pit_intercept_tilt",0.75,0.737873162021661,0.0453792088331145,TRUE,1,"confounded",TRUE,0.001,3000,80,5,5,99,600,40
"pit_affine_tilt",0.75,0.743630629093449,0.0472277896887473,TRUE,1,"confounded",TRUE,0.001,3000,80,5,5,99,600,40
"direct",0.75,0.682549014907703,0.0415256497615734,TRUE,0.98989898989899,"confounded",TRUE,0.001,3000,80,5,5,99,600,41
"raw_label",0.75,0.125232136084851,0.00706489131982997,FALSE,0.98989898989899,"confounded",TRUE,0.001,3000,80,5,5,99,600,41
"index_projection",0.75,0.680255106208673,0.0413786541545385,TRUE,0.98989898989899,"confounded",TRUE,0.001,3000,80,5,5,99,600,41
"sudo",0.75,0.692259308883538,0.0408464213373097,TRUE,0.98989898989899,"confounded",TRUE,0.001,3000,80,5,5,99,600,41
"scaled",0.75,0.705364792531547,0.0424353425320381,TRUE,0.98989898989899,"confounded",TRUE,0.001,3000,80,5,5,99,600,41
"orthogonal",0.75,0.746020394901509,0.0470164051456751,TRUE,0.98989898989899,"confounded",TRUE,0.001,3000,80,5,5,99,600,41
"targeted_projection",0.75,0.761554979694565,0.0489757099442354,TRUE,0.98989898989899,"confounded",TRUE,0.001,3000,80,5,5,99,600,41
"targeted_sudo",0.75,0.740024766537248,0.0470203200151858,TRUE,0.98989898989899,"confounded",TRUE,0.001,3000,80,5,5,99,600,41
"pit_intercept_tilt",0.75,0.761626069029025,0.0489714945359978,TRUE,0.98989898989899,"confounded",TRUE,0.001,3000,80,5,5,99,600,41
"pit_affine_tilt",0.75,0.764283833799576,0.0514799026223579,TRUE,0.98989898989899,"confounded",TRUE,0.001,3000,80,5,5,99,600,41
"direct",0.75,0.701967466024905,0.0409520048304089,TRUE,0.98989898989899,"confounded",TRUE,0.001,3000,80,5,5,99,600,42
"raw_label",0.75,0.128820692884271,0.00700890249666631,FALSE,0.98989898989899,"confounded",TRUE,0.001,3000,80,5,5,99,600,42
"index_projection",0.75,0.702436968467437,0.0407968572167033,TRUE,0.98989898989899,"confounded",TRUE,0.001,3000,80,5,5,99,600,42
"sudo",0.75,0.712511705330888,0.0413245036083829,TRUE,0.98989898989899,"confounded",TRUE,0.001,3000,80,5,5,99,600,42
"scaled",0.75,0.723718188502826,0.0441050648473726,TRUE,0.98989898989899,"confounded",TRUE,0.001,3000,80,5,5,99,600,42
"orthogonal",0.75,0.786351923245525,0.0506900754080939,TRUE,0.98989898989899,"confounded",TRUE,0.001,3000,80,5,5,99,600,42
"targeted_projection",0.75,0.784319665400636,0.0479524129726402,TRUE,0.98989898989899,"confounded",TRUE,0.001,3000,80,5,5,99,600,42
"targeted_sudo",0.75,0.76598300384586,0.0465141172339194,TRUE,0.98989898989899,"confounded",TRUE,0.001,3000,80,5,5,99,600,42
"pit_intercept_tilt",0.75,0.784361358575267,0.0479584032051439,TRUE,0.98989898989899,"confounded",TRUE,0.001,3000,80,5,5,99,600,42
"pit_affine_tilt",0.75,0.785260309988772,0.0500598888139593,TRUE,0.98989898989899,"confounded",TRUE,0.001,3000,80,5,5,99,600,42
"direct",0.75,0.570509226319505,0.0394336520707102,FALSE,0.98989898989899,"confounded",TRUE,0.001,3000,80,5,5,99,600,43
"raw_label",0.75,0.109927623101393,0.00681932295759281,FALSE,0.98989898989899,"confounded",TRUE,0.001,3000,80,5,5,99,600,43
"index_projection",0.75,0.571874452318856,0.0395056796966878,FALSE,0.98989898989899,"confounded",TRUE,0.001,3000,80,5,5,99,600,43
"sudo",0.75,0.585806901236086,0.0391282504842138,FALSE,0.98989898989899,"confounded",TRUE,0.001,3000,80,5,5,99,600,43
"scaled",0.75,0.599377842450529,0.0407369909908294,FALSE,0.98989898989899,"confounded",TRUE,0.001,3000,80,5,5,99,600,43
"orthogonal",0.75,0.63793238909141,0.0475824058825949,FALSE,0.98989898989899,"confounded",TRUE,0.001,3000,80,5,5,99,600,43
"targeted_projection",0.75,0.634049110208951,0.0443136499369949,FALSE,0.98989898989899,"confounded",TRUE,0.001,3000,80,5,5,99,600,43
"targeted_sudo",0.75,0.622062792259878,0.0429046719970552,FALSE,0.98989898989899,"confounded",TRUE,0.001,3000,80,5,5,99,600,43
"pit_intercept_tilt",0.75,0.634043885541792,0.0443120650878272,FALSE,0.98989898989899,"confounded",TRUE,0.001,3000,80,5,5,99,600,43
"pit_affine_tilt",0.75,0.633669232161624,0.0454974751057878,FALSE,0.98989898989899,"confounded",TRUE,0.001,3000,80,5,5,99,600,43
"direct",0.75,0.725151243620324,0.0405236151468813,TRUE,0.98989898989899,"confounded",TRUE,0.001,3000,80,5,5,99,600,44
"raw_label",0.75,0.13474419031243,0.00729163793952704,FALSE,0.98989898989899,"confounded",TRUE,0.001,3000,80,5,5,99,600,44
"index_projection",0.75,0.723685519551822,0.0398706843098426,TRUE,0.98989898989899,"confounded",TRUE,0.001,3000,80,5,5,99,600,44
"sudo",0.75,0.734919605764538,0.0401568187678296,TRUE,0.98989898989899,"confounded",TRUE,0.001,3000,80,5,5,99,600,44
"scaled",0.75,0.747023154442195,0.0426782094414336,TRUE,0.98989898989899,"confounded",TRUE,0.001,3000,80,5,5,99,600,44
"orthogonal",0.75,0.800762180873757,0.0465027321061217,TRUE,0.98989898989899,"confounded",TRUE,0.001,3000,80,5,5,99,600,44
"targeted_projection",0.75,0.801371987562395,0.0478600292064316,TRUE,0.98989898989899,"confounded",TRUE,0.001,3000,80,5,5,99,600,44
"targeted_sudo",0.75,0.782124469483775,0.0465456126992846,TRUE,0.98989898989899,"confounded",TRUE,0.001,3000,80,5,5,99,600,44
"pit_intercept_tilt",0.75,0.80137727892547,0.0478561930110173,TRUE,0.98989898989899,"confounded",TRUE,0.001,3000,80,5,5,99,600,44
"pit_affine_tilt",0.75,0.806170777796688,0.0492100862529381,TRUE,0.98989898989899,"confounded",TRUE,0.001,3000,80,5,5,99,600,44
"direct",0.75,0.694587277561349,0.0429101880250788,TRUE,1,"confounded",TRUE,0.001,3000,80,5,5,99,600,45
"raw_label",0.75,0.131595997013061,0.00746351460457819,FALSE,1,"confounded",TRUE,0.001,3000,80,5,5,99,600,45
"index_projection",0.75,0.694547691074751,0.0426239608352497,TRUE,1,"confounded",TRUE,0.001,3000,80,5,5,99,600,45
"sudo",0.75,0.705302265898798,0.0428486034624081,TRUE,1,"confounded",TRUE,0.001,3000,80,5,5,99,600,45
"scaled",0.75,0.716500883483455,0.045400274225042,TRUE,1,"confounded",TRUE,0.001,3000,80,5,5,99,600,45
"orthogonal",0.75,0.765752514758461,0.0548557471276534,TRUE,1,"confounded",TRUE,0.001,3000,80,5,5,99,600,45
"targeted_projection",0.75,0.765040677744775,0.0484314570843782,TRUE,1,"confounded",TRUE,0.001,3000,80,5,5,99,600,45
"targeted_sudo",0.75,0.751408788349056,0.0472419417582207,TRUE,1,"confounded",TRUE,0.001,3000,80,5,5,99,600,45
"pit_intercept_tilt",0.75,0.765060365904691,0.0484303592499091,TRUE,1,"confounded",TRUE,0.001,3000,80,5,5,99,600,45
"pit_affine_tilt",0.75,0.768232878432887,0.0496272264411169,TRUE,1,"confounded",TRUE,0.001,3000,80,5,5,99,600,45
"direct",0.75,0.699155803093522,0.0398581849768751,TRUE,0.98989898989899,"confounded",TRUE,0.001,3000,80,5,5,99,600,46
"raw_label",0.75,0.132365180842484,0.00674588969471558,FALSE,0.98989898989899,"confounded",TRUE,0.001,3000,80,5,5,99,600,46
"index_projection",0.75,0.698982166990165,0.0397860322384057,TRUE,0.98989898989899,"confounded",TRUE,0.001,3000,80,5,5,99,600,46
"sudo",0.75,0.710242445484435,0.039225046475217,TRUE,0.98989898989899,"confounded",TRUE,0.001,3000,80,5,5,99,600,46
"scaled",0.75,0.722110516893388,0.040826426927439,TRUE,0.98989898989899,"confounded",TRUE,0.001,3000,80,5,5,99,600,46
"orthogonal",0.75,0.756490000162478,0.0467510601769424,TRUE,0.98989898989899,"confounded",TRUE,0.001,3000,80,5,5,99,600,46
"targeted_projection",0.75,0.7810978688576,0.0446559807331762,TRUE,0.98989898989899,"confounded",TRUE,0.001,3000,80,5,5,99,600,46
"targeted_sudo",0.75,0.761598928756481,0.0433333024422769,TRUE,0.98989898989899,"confounded",TRUE,0.001,3000,80,5,5,99,600,46
"pit_intercept_tilt",0.75,0.781109044101438,0.0446543108873168,TRUE,0.98989898989899,"confounded",TRUE,0.001,3000,80,5,5,99,600,46
"pit_affine_tilt",0.75,0.783369225932806,0.0463592067266321,TRUE,0.98989898989899,"confounded",TRUE,0.001,3000,80,5,5,99,600,46
"direct",0.75,0.613650487096827,0.0434654518825875,FALSE,0.98989898989899,"confounded",TRUE,0.001,3000,80,5,5,99,600,47
"raw_label",0.75,0.116456402291581,0.00780248396126019,FALSE,0.98989898989899,"confounded",TRUE,0.001,3000,80,5,5,99,600,47
"index_projection",0.75,0.611107078211432,0.043382565139929,FALSE,0.98989898989899,"confounded",TRUE,0.001,3000,80,5,5,99,600,47
"sudo",0.75,0.623959044924203,0.0442601700531954,FALSE,0.98989898989899,"confounded",TRUE,0.001,3000,80,5,5,99,600,47
"scaled",0.75,0.636536310451955,0.0470135407951037,FALSE,0.98989898989899,"confounded",TRUE,0.001,3000,80,5,5,99,600,47
"orthogonal",0.75,0.647192918992356,0.0603176927186824,TRUE,0.98989898989899,"confounded",TRUE,0.001,3000,80,5,5,99,600,47
"targeted_projection",0.75,0.675450434781244,0.0498360636375119,TRUE,0.98989898989899,"confounded",TRUE,0.001,3000,80,5,5,99,600,47
"targeted_sudo",0.75,0.661037033234433,0.0485685784923317,TRUE,0.98989898989899,"confounded",TRUE,0.001,3000,80,5,5,99,600,47
"pit_intercept_tilt",0.75,0.675449369855147,0.049833581199152,TRUE,0.98989898989899,"confounded",TRUE,0.001,3000,80,5,5,99,600,47
"pit_affine_tilt",0.75,0.680056881252024,0.0515862679744723,TRUE,0.98989898989899,"confounded",TRUE,0.001,3000,80,5,5,99,600,47
"direct",0.75,0.589649048128613,0.0398957375771371,FALSE,0.98989898989899,"confounded",TRUE,0.001,3000,80,5,5,99,600,48
"raw_label",0.75,0.110028344563086,0.00730986526522501,FALSE,0.98989898989899,"confounded",TRUE,0.001,3000,80,5,5,99,600,48
"index_projection",0.75,0.588451501976273,0.04018702797268,FALSE,0.98989898989899,"confounded",TRUE,0.001,3000,80,5,5,99,600,48
"sudo",0.75,0.597496343596353,0.0403365713141387,FALSE,0.98989898989899,"confounded",TRUE,0.001,3000,80,5,5,99,600,48
"scaled",0.75,0.606418807223782,0.0425995595216788,FALSE,0.98989898989899,"confounded",TRUE,0.001,3000,80,5,5,99,600,48
"orthogonal",0.75,0.644352179452774,0.0498754044721138,FALSE,0.98989898989899,"confounded",TRUE,0.001,3000,80,5,5,99,600,48
"targeted_projection",0.75,0.651222290485307,0.0457654731770851,FALSE,0.98989898989899,"confounded",TRUE,0.001,3000,80,5,5,99,600,48
"targeted_sudo",0.75,0.633306342512387,0.0446203450113651,FALSE,0.98989898989899,"confounded",TRUE,0.001,3000,80,5,5,99,600,48
"pit_intercept_tilt",0.75,0.6512285733046,0.045768802742414,FALSE,0.98989898989899,"confounded",TRUE,0.001,3000,80,5,5,99,600,48
"pit_affine_tilt",0.75,0.658635845108431,0.0472868728559608,TRUE,0.98989898989899,"confounded",TRUE,0.001,3000,80,5,5,99,600,48
"direct",0.75,0.674717931061208,0.0415897733968469,TRUE,0.98989898989899,"confounded",TRUE,0.001,3000,80,5,5,99,600,49
"raw_label",0.75,0.130930276206641,0.00774486084242978,FALSE,0.98989898989899,"confounded",TRUE,0.001,3000,80,5,5,99,600,49
"index_projection",0.75,0.676197862642183,0.041602222129302,TRUE,0.98989898989899,"confounded",TRUE,0.001,3000,80,5,5,99,600,49
"sudo",0.75,0.69064593773985,0.0443406134093836,TRUE,0.98989898989899,"confounded",TRUE,0.001,3000,80,5,5,99,600,49
"scaled",0.75,0.705318957369742,0.0490759862111546,TRUE,0.98989898989899,"confounded",TRUE,0.001,3000,80,5,5,99,600,49
"orthogonal",0.75,0.723256831803189,0.0520891579219896,TRUE,0.98989898989899,"confounded",TRUE,0.001,3000,80,5,5,99,600,49
"targeted_projection",0.75,0.75302611144568,0.0518847657569843,TRUE,0.98989898989899,"confounded",TRUE,0.001,3000,80,5,5,99,600,49
"targeted_sudo",0.75,0.733192999939765,0.0504218782083333,TRUE,0.98989898989899,"confounded",TRUE,0.001,3000,80,5,5,99,600,49
"pit_intercept_tilt",0.75,0.753053278441016,0.0518826497553118,TRUE,0.98989898989899,"confounded",TRUE,0.001,3000,80,5,5,99,600,49
"pit_affine_tilt",0.75,0.757482237362382,0.0545960089400634,TRUE,0.98989898989899,"confounded",TRUE,0.001,3000,80,5,5,99,600,49
"direct",0.75,0.703219290547294,0.0419687705621355,TRUE,1,"confounded",TRUE,0.001,3000,80,5,5,99,600,50
"raw_label",0.75,0.132484853996926,0.00711356486824055,FALSE,1,"confounded",TRUE,0.001,3000,80,5,5,99,600,50
"index_projection",0.75,0.701037720295068,0.0419291407785485,TRUE,1,"confounded",TRUE,0.001,3000,80,5,5,99,600,50
"sudo",0.75,0.715121683258722,0.0427088850702775,TRUE,1,"confounded",TRUE,0.001,3000,80,5,5,99,600,50
"scaled",0.75,0.730224982697978,0.0455378827648289,TRUE,1,"confounded",TRUE,0.001,3000,80,5,5,99,600,50
"orthogonal",0.75,0.755358655435901,0.0589578417897202,TRUE,1,"confounded",TRUE,0.001,3000,80,5,5,99,600,50
"targeted_projection",0.75,0.78655332289427,0.0481257756405968,TRUE,1,"confounded",TRUE,0.001,3000,80,5,5,99,600,50
"targeted_sudo",0.75,0.767140339984927,0.0470831029033861,TRUE,1,"confounded",TRUE,0.001,3000,80,5,5,99,600,50
"pit_intercept_tilt",0.75,0.786565166845704,0.048129070157029,TRUE,1,"confounded",TRUE,0.001,3000,80,5,5,99,600,50
"pit_affine_tilt",0.75,0.789351342223877,0.0504818332256421,TRUE,1,"confounded",TRUE,0.001,3000,80,5,5,99,600,50
