"truth","rao_blackwell_theta","rao_blackwell_se","randomized_theta","randomized_se","index_only_theta","index_only_se","poisson_one_step_theta","poisson_one_step_se","structured_gam_theta","raw_label_theta","outcome_correction","completion_difference","dispersion","heldout_log_score","calibration_intercept","calibration_slope","arm","treatment","family","cell","replication","protocol_promoted","forced_coverage"
0.405465108108164,0.412449623923406,0.0209520977362923,0.413766394322788,0.0210328393319053,0.359767386643372,0.015584722404163,0.403998272959811,0.243611849776157,0.409977529124922,1.23670709300428,0.0526822372800326,0.00131677039938183,Inf,-1.76276911289098,-0.0785734800561762,1.08385432721779,"xgb_constrained","continuous","poisson","continuous_poisson_tlog1p5",1,FALSE,TRUE
0.405465108108164,0.440501310541763,0.0184361295152853,0.441451565241241,0.0184410661515975,0.365229605405779,0.0140717331537217,0.431955731008888,0.67832065243415,0.401847881829978,1.26228476302965,0.0752717051359841,0.000950254699477959,Inf,-2.78375080321179,-0.0463720751127524,1.05290609537027,"xgb_constrained","continuous","poisson","continuous_poisson_tlog1p5",2,FALSE,TRUE
0.405465108108164,0.415629405341211,0.0190488177494938,0.41375029099978,0.0191164732147215,0.362786089018318,0.0154389624780469,0.416517934534684,0.837007701365652,0.406191007102006,1.26713975603556,0.0528433163228925,-0.0018791143414304,Inf,-2.07996941008946,-0.0809543396635766,1.08909449331459,"xgb_constrained","continuous","poisson","continuous_poisson_tlog1p5",3,FALSE,TRUE
0.405465108108164,0.430333800485243,0.0187389240957118,0.428544640554319,0.0191047410762352,0.356185069836101,0.0158997345125988,0.393042034338661,13.4586680611975,0.398114046622365,1.21548354650592,0.0741487306491437,-0.00178915993092404,Inf,-2.46147733320062,-0.0807185260536816,1.08180289298585,"xgb_constrained","continuous","poisson","continuous_poisson_tlog1p5",4,FALSE,TRUE
0.405465108108164,0.41540199764109,0.0188633046389588,0.41477642609243,0.0189606733273533,0.349482227497401,0.015708602569999,0.3951737829418,0.196720380149464,0.398119930846121,1.24584480358731,0.0659197701436896,-0.000625571548660664,Inf,-2.45427586388007,-0.0438682552885579,1.05223933677396,"xgb_constrained","continuous","poisson","continuous_poisson_tlog1p5",5,FALSE,TRUE
0.405465108108164,0.435310400593343,0.0195527133494415,0.435240635703534,0.0197263195241666,0.3639442219628,0.0168994028871511,0.408917163937913,0.130178161921348,0.404740921701757,1.55107234410162,0.071366178630543,-6.97648898086989e-05,Inf,-2.09238430793252,-0.0627738732819343,1.07336436453036,"xgb_constrained","continuous","poisson","continuous_poisson_tlog1p5",6,FALSE,TRUE
0.405465108108164,0.456620581584988,0.0196730956010186,0.457634135113631,0.0199372580856987,0.360693640920907,0.0144152652335941,0.413371525033967,0.200997366352247,0.412208766839302,1.2153633388494,0.0959269406640807,0.00101355352864319,Inf,-2.47163987482191,-0.0315351297084607,1.05848017555629,"xgb_constrained","continuous","poisson","continuous_poisson_tlog1p5",7,FALSE,TRUE
0.405465108108164,0.390637917825451,0.0184526908156335,0.392424447226062,0.0186405226288555,0.348043134376846,0.0171768594779253,0.369527247186972,0.0833592990063459,0.38393766656893,1.18704850467812,0.0425947834486039,0.00178652940061147,Inf,-2.16345148925548,-0.0550010590574855,1.06017428542998,"xgb_constrained","continuous","poisson","continuous_poisson_tlog1p5",8,FALSE,TRUE
0.405465108108164,0.44741921917031,0.0193726294514706,0.447724709669854,0.019637390326021,0.38584683034043,0.0152119589445414,0.421793789337545,0.206713176355376,0.425164990238818,1.13828262434789,0.061572388829881,0.000305490499544037,Inf,-2.09810917923907,-0.0592353835157745,1.0674228812027,"xgb_constrained","continuous","poisson","continuous_poisson_tlog1p5",9,FALSE,TRUE
0.405465108108164,0.392434286939773,0.0167668278192843,0.393120147374957,0.0166862783473127,0.34015658902275,0.0142725262321919,0.379582376037418,0.212177849334695,0.384156730042092,1.1173688464891,0.0522776979170219,0.00068586043518426,Inf,-2.81630171485188,0.0459553962199837,0.982260236996605,"xgb_constrained","continuous","poisson","continuous_poisson_tlog1p5",10,FALSE,TRUE
0.405465108108164,0.432511059672972,0.0209023932537935,0.433097342433315,0.0209686738169992,0.366334212756595,0.0162149031072998,0.415955425478468,0.315816959273048,0.414067820575486,1.19764248732326,0.0661768469163768,0.000586282760343393,Inf,-2.4455826771204,-0.0759917148350719,1.07989059959021,"xgb_constrained","continuous","poisson","continuous_poisson_tlog1p5",11,FALSE,TRUE
0.405465108108164,0.412495312640318,0.0171182452923846,0.413293246258727,0.0171961514927653,0.367224260500915,0.0118325874208425,0.37751028379211,0.341004660778768,0.401469235248069,1.04939481356097,0.045271052139403,0.000797933618409796,Inf,-2.42897902367087,0.011556596815843,1.01945619371252,"xgb_constrained","continuous","poisson","continuous_poisson_tlog1p5",12,FALSE,TRUE
0.405465108108164,0.401059232635298,0.0181550364014843,0.401637387212058,0.0179285360589311,0.361654180666908,0.0138365474949698,0.395002040176252,0.0575896787401901,0.394781499162098,1.11190908075878,0.0394050519683897,0.000578154576760248,Inf,-2.45852914608618,-0.00508810240108888,1.02420957663172,"xgb_constrained","continuous","poisson","continuous_poisson_tlog1p5",13,FALSE,TRUE
0.405465108108164,0.427751608261001,0.0187772091155632,0.427370131757575,0.0191166252891581,0.339823507289381,0.0197557892411483,0.370575111305475,0.546203674080705,0.393382257401574,1.25451506178842,0.0879281009716199,-0.00038147650342657,Inf,-2.11255311434265,-0.0460598681544282,1.05926269224852,"xgb_constrained","continuous","poisson","continuous_poisson_tlog1p5",14,FALSE,TRUE
0.405465108108164,0.404721379819583,0.0201077752396694,0.403476744435446,0.0197114044442704,0.376609736246487,0.0154190058112354,0.780836564071126,0.207019337169538,0.394008843223023,1.0101378555749,0.0281116435730948,-0.00124463538413672,Inf,-2.44490840062935,-0.06194864784879,1.07158027749739,"xgb_constrained","continuous","poisson","continuous_poisson_tlog1p5",15,FALSE,TRUE
0.405465108108164,0.418702777975117,0.018977929402775,0.41893434283995,0.019049977870673,0.352961951296369,0.0146540339383521,-0.446254781341301,1.00323512578375,0.41181073537714,1.31219243408446,0.0657408266787481,0.000231564864833167,Inf,-2.44294011013123,-0.120114579520145,1.11601407339638,"xgb_constrained","continuous","poisson","continuous_poisson_tlog1p5",16,FALSE,TRUE
0.405465108108164,0.411829664749459,0.0179837007367714,0.412650811980404,0.0181432756456288,0.365119172809364,0.016178303376547,0.402714999991473,0.252342552582506,0.403019022613753,1.22393896998552,0.0467104919400953,0.000821147230945452,Inf,-2.4172947740571,-0.0561098744856913,1.06443859732471,"xgb_constrained","continuous","poisson","continuous_poisson_tlog1p5",17,FALSE,TRUE
0.405465108108164,0.404518558546737,0.0169996285678905,0.405858906931698,0.0169546398605298,0.335692194749465,0.0134039829548583,0.378693365370461,0.0140111925411381,0.385674729898836,1.2554108126951,0.0688263637972718,0.001340348384961,Inf,-3.17141028486262,0.0283318685732661,1.00899377534964,"xgb_constrained","continuous","poisson","continuous_poisson_tlog1p5",18,FALSE,TRUE
0.405465108108164,0.440477358680267,0.0198702084328441,0.441541921384826,0.0197331588845949,0.397277762908775,0.0163522545751574,0.981765725602633,0.280210401290205,0.419520401855316,1.23230103568529,0.0431995957714935,0.00106456270455946,Inf,-1.7316671261689,-0.031450397393717,1.04698169104388,"xgb_constrained","continuous","poisson","continuous_poisson_tlog1p5",19,FALSE,TRUE
0.405465108108164,0.431563723482463,0.0187872280190398,0.432237313048401,0.0187861549306881,0.371194827695133,0.016308487222396,0.397226325849813,0.764104259907236,0.422409205003296,1.45858096472554,0.0603688957873292,0.000673589565938604,Inf,-2.91805944174051,0.0524858673459016,1.01048068139123,"xgb_constrained","continuous","poisson","continuous_poisson_tlog1p5",20,FALSE,TRUE
0.405465108108164,0.41775328633933,0.0187326871862447,0.415366529007798,0.0187794075444704,0.355390688641365,0.0163158832784238,0.424561750877367,0.0790105321733638,0.418092819545626,1.28151849264737,0.062362597697965,-0.00238675733153176,Inf,-2.10080264275175,-0.0591169671051061,1.06875608349603,"xgb_constrained","continuous","poisson","continuous_poisson_tlog1p5",21,FALSE,TRUE
0.405465108108164,0.429600932420696,0.0187992237378584,0.431157481503335,0.0187209601738226,0.362164046023086,0.015994127434677,0.391259302228924,0.253793243947291,0.40380484670057,1.64946625929947,0.0674368863976094,0.0015565490826383,Inf,-2.46069316685226,-0.0914184699842183,1.09127854768083,"xgb_constrained","continuous","poisson","continuous_poisson_tlog1p5",22,FALSE,TRUE
0.405465108108164,0.43669527205886,0.0180456798891837,0.435309606529215,0.0182486675356885,0.352381845749242,0.0165802824007079,0.456738171214322,3.46360418320547,0.414488932354215,1.21646904520165,0.0843134263096176,-0.00138566552964425,Inf,-2.13364722254082,-0.0501047153592287,1.05658403125322,"xgb_constrained","continuous","poisson","continuous_poisson_tlog1p5",23,FALSE,TRUE
0.405465108108164,0.426740178500498,0.0207665390353606,0.426009127087458,0.0210102235515834,0.334616406350129,0.0142510965066627,0.433409340371527,0.129054193405708,0.397291164230734,1.69694831922838,0.0921237721503693,-0.000731051413039752,Inf,-2.09409417333158,-0.146256244715589,1.13633835393432,"xgb_constrained","continuous","poisson","continuous_poisson_tlog1p5",24,FALSE,TRUE
0.405465108108164,0.430359147904205,0.0205286596052454,0.431313493796529,0.0204344034552412,0.373184289037551,0.015974181952235,0.219780013211152,0.0900300520311893,0.398361169065503,1.37167151504316,0.0571748588666544,0.000954345892324182,Inf,-2.81032538554725,-0.0565821959352041,1.07547176309093,"xgb_constrained","continuous","poisson","continuous_poisson_tlog1p5",25,FALSE,TRUE
0.405465108108164,0.436571781735489,0.0196493679770998,0.436845741001626,0.0197897320715427,0.353090892170392,0.0194566781697816,0.384724974236795,0.147690759775038,0.413839378244205,1.44352108110823,0.0834808895650966,0.000273959266136714,Inf,-2.42955124103351,-0.0436604732618339,1.06564517562601,"xgb_constrained","continuous","poisson","continuous_poisson_tlog1p5",26,FALSE,TRUE
0.405465108108164,0.390304345089452,0.0175996551586565,0.3920701652683,0.0178329855043616,0.331568133980232,0.0158996998034662,0.383478867566421,0.263766112089364,0.379265026991747,1.12448649365602,0.0587362111092194,0.00176582017884802,Inf,-2.44245967833606,-0.0889386825830502,1.10093829224468,"xgb_constrained","continuous","poisson","continuous_poisson_tlog1p5",27,FALSE,TRUE
0.405465108108164,0.421131294336365,0.0195066603644081,0.42100596614076,0.0196330887875636,0.366407020847555,0.015216570001649,0.444577526617457,0.185314366914247,0.401316899845935,1.41589642800437,0.0547242734888094,-0.000125328195604901,Inf,-2.40324574680936,-0.220976456490614,1.21179502663297,"xgb_constrained","continuous","poisson","continuous_poisson_tlog1p5",28,FALSE,TRUE
0.405465108108164,0.402424671939105,0.0186421936199165,0.403022151812343,0.0187422875549831,0.330622217414206,0.0146069476592724,0.400302210597591,0.0920654473676812,0.389647101594022,1.18301844846589,0.0718024545248993,0.000597479873238216,Inf,-2.10226744915214,-0.165744276234685,1.161442268834,"xgb_constrained","continuous","poisson","continuous_poisson_tlog1p5",29,FALSE,TRUE
0.405465108108164,0.424807361618561,0.0186537888634868,0.426013505477498,0.0188286554412182,0.374105666507517,0.0161096948315276,0.388127784150463,0.188337861468571,0.394367322495387,1.0701289458689,0.0507016951110453,0.00120614385893647,Inf,-2.43043840371872,-0.0577597747030199,1.05807719412197,"xgb_constrained","continuous","poisson","continuous_poisson_tlog1p5",30,FALSE,TRUE
0.405465108108164,0.439289591699712,0.0201134802973543,0.441258440260632,0.0203755544464704,0.359055327870928,0.0179717248521894,0.40343982345848,0.0159084279605871,0.407313516728476,1.27012843803154,0.0802342638287828,0.00196884856091967,Inf,-3.0901514770612,-0.0938342244126998,1.10314841734985,"xgb_constrained","continuous","poisson","continuous_poisson_tlog1p5",31,FALSE,TRUE
0.405465108108164,0.420091502759436,0.0173545690399644,0.420007571837409,0.0172406340750436,0.345980050570081,0.0162268031525035,0.402575351917503,0.499855427138755,0.394639740958277,1.12183766914047,0.0741114521893556,-8.39309220275752e-05,Inf,-2.45909132526415,-0.0353221671746827,1.0446834903431,"xgb_constrained","continuous","poisson","continuous_poisson_tlog1p5",32,FALSE,TRUE
0.405465108108164,0.41100469852378,0.0166511527072525,0.408766462002181,0.0168313123057701,0.352525076294498,0.0153897398141188,0.417136063671204,0.0675267209744262,0.40826790913878,1.64682093960692,0.0584796222292807,-0.00223823652159966,Inf,-2.47038759341597,-0.0738282548591429,1.09916986652895,"xgb_constrained","continuous","poisson","continuous_poisson_tlog1p5",33,FALSE,TRUE
0.405465108108164,0.436624077325838,0.0188044214784129,0.435910395645881,0.018809163411207,0.347007672636093,0.0148198536826085,0.713836233215765,0.140870548080379,0.406004284547037,1.74422227951528,0.0896164046897442,-0.000713681679956613,Inf,-2.46489643004728,-0.0302884848361392,1.05194629135781,"xgb_constrained","continuous","poisson","continuous_poisson_tlog1p5",34,FALSE,TRUE
0.405465108108164,0.430982403244043,0.0168044161041667,0.429466751089014,0.0167635362978389,0.373829248794867,0.0151509749977339,0.384466209869981,3.44527064226555,0.401158143188113,1.04219366965175,0.0571531544491751,-0.00151565215502864,Inf,-2.10401580405426,0.0305236043768673,0.99403205005401,"xgb_constrained","continuous","poisson","continuous_poisson_tlog1p5",35,FALSE,TRUE
0.405465108108164,0.412203861863464,0.0186751979743224,0.41105942709715,0.0186700427746051,0.351448612944307,0.0153335709213195,0.386372520448389,0.204913526256957,0.399292989925259,0.792224702828817,0.0607552489191587,-0.00114443476631443,Inf,-2.82646109278428,0.0213286515999767,1.05861006920604,"xgb_constrained","continuous","poisson","continuous_poisson_tlog1p5",36,FALSE,TRUE
0.405465108108164,0.416690439893747,0.0202539844026056,0.41789101620344,0.0202600683489671,0.363205512330222,0.0158232155983845,0.406347147058089,0.223311430459341,0.404532398269681,1.19229207674904,0.0534849275635254,0.00120057630969284,Inf,-1.76252587703258,-0.0547036895849355,1.06130361539884,"xgb_constrained","continuous","poisson","continuous_poisson_tlog1p5",37,FALSE,TRUE
0.405465108108164,0.43759570108268,0.0198569769403392,0.438790177725124,0.0197891143341469,0.368230769490607,0.017445053325003,0.411053258960097,0.149937340025202,0.414814104163251,1.24573028479573,0.0693649315920734,0.00119447664244354,Inf,-1.71639012902047,-0.0629980372884784,1.06695002745496,"xgb_constrained","continuous","poisson","continuous_poisson_tlog1p5",38,FALSE,TRUE
0.405465108108164,0.410670225619953,0.0174740703689081,0.409764788017882,0.0174624425195755,0.354780862367288,0.0140387994522893,-0.190569887779998,8.0303466120401,0.416358371861285,1.22131587862589,0.0558893632526637,-0.00090543760207068,Inf,-2.50347254420464,0.0404226140059703,0.988609726932572,"xgb_constrained","continuous","poisson","continuous_poisson_tlog1p5",39,FALSE,TRUE
0.405465108108164,0.428277919798866,0.0180380122051478,0.428768173457379,0.018021532980927,0.362504065781316,0.018155066857794,0.411008786052492,0.587902861769917,0.400426012933533,1.19257529995003,0.0657738540175496,0.000490253658512851,Inf,-2.42644147256232,-0.0646417137084196,1.07821538228102,"xgb_constrained","continuous","poisson","continuous_poisson_tlog1p5",40,FALSE,TRUE
0.405465108108164,0.45017923099725,0.0196792497825761,0.450523255642629,0.0198711650040427,0.386488378253741,0.0153048669187975,0.448666889143745,0.473531214999685,0.441417298095849,1.29265437522582,0.063690852743509,0.000344024645379803,Inf,-2.44238300803867,-0.0212542888109498,1.02688094244366,"xgb_constrained","continuous","poisson","continuous_poisson_tlog1p5",41,FALSE,TRUE
0.405465108108164,0.434629942783654,0.0165583853897823,0.43626836894308,0.0167442958843013,0.355761305411653,0.0152230950678906,0.43390211390205,0.379556230680656,0.406530619207304,1.40549612324282,0.0788686373720024,0.00163842615942544,Inf,-2.13586599936456,-0.0348270028808824,1.05068306333898,"xgb_constrained","continuous","poisson","continuous_poisson_tlog1p5",42,FALSE,TRUE
0.405465108108164,0.385299848844544,0.0181009695001085,0.384895293087868,0.0180300499035601,0.336855666890684,0.0154993550401554,0.374175659833923,0.160287645076674,0.372143656633334,1.2431834186273,0.0484441819538601,-0.000404555756675251,Inf,-2.44478604782315,-0.0318546058029985,1.05239183056354,"xgb_constrained","continuous","poisson","continuous_poisson_tlog1p5",43,FALSE,TRUE
0.405465108108164,0.414354240659427,0.0166144793169472,0.41720213780864,0.0166294044175595,0.366024494519922,0.0178270674853705,0.417461368935494,0.454251915952011,0.42840643712521,1.25714448782696,0.0483297461395047,0.00284789714921274,Inf,-2.82118954824726,0.0745770349591515,0.971025274153284,"xgb_constrained","continuous","poisson","continuous_poisson_tlog1p5",44,FALSE,TRUE
0.405465108108164,0.426478787451616,0.0177688212113251,0.42548101604644,0.0178818238472251,0.359444564115253,0.0126195210810963,-0.532944620187186,0.563915205641164,0.407587411672412,1.3257135382394,0.0670342233363631,-0.00099777140517604,Inf,-1.77677117273552,-0.0507321149587875,1.05394178790295,"xgb_constrained","continuous","poisson","continuous_poisson_tlog1p5",45,FALSE,TRUE
0.405465108108164,0.432631957309155,0.0207174884514611,0.432350282179314,0.0207752558285591,0.362106283918246,0.0154322327226804,-0.615031123614571,3.9768090868151,0.401903710669163,1.35533446047914,0.0705256733909087,-0.00028167512984123,Inf,-1.80544920409078,-0.048824868596639,1.05296791530214,"xgb_constrained","continuous","poisson","continuous_poisson_tlog1p5",46,FALSE,TRUE
0.405465108108164,0.397239265583518,0.0197224813107984,0.395928097595639,0.0195884032376107,0.336228193526012,0.0152496824868843,0.382271554524569,0.0162251065659281,0.385837572670675,1.00960863839344,0.0610110720575064,-0.00131116798787939,Inf,-2.45975276141212,-0.0553981832023031,1.05980773236756,"xgb_constrained","continuous","poisson","continuous_poisson_tlog1p5",47,FALSE,TRUE
0.405465108108164,0.434258020620415,0.018113565867793,0.436065509392149,0.0181800134708325,0.384389491011642,0.0147392475104713,0.398672056152347,0.115638707278962,0.409922025093177,1.05847477639718,0.0498685296087721,0.00180748877173398,Inf,-1.72293386587322,-0.0680545385528249,1.06859721376943,"xgb_constrained","continuous","poisson","continuous_poisson_tlog1p5",48,FALSE,TRUE
0.405465108108164,0.375622757777665,0.0170450884613484,0.376068429147977,0.0169115915152643,0.355482170636861,0.0165845997164612,0.395305969392832,0.114989086622831,0.39424017578175,1.18022967940749,0.0201405871408042,0.000445671370312095,Inf,-2.40755657233002,-0.0194343036736027,1.03574831920621,"xgb_constrained","continuous","poisson","continuous_poisson_tlog1p5",49,FALSE,TRUE
0.405465108108164,0.417681703925937,0.0171949179599078,0.418330973382782,0.0170715315766304,0.377346830051766,0.0160197874505233,54.8973981268471,21.3203042713373,0.395378892727355,1.16192668975799,0.0403348738741704,0.000649269456844404,Inf,-2.41561052147936,-0.0240296095653154,1.03348874714136,"xgb_constrained","continuous","poisson","continuous_poisson_tlog1p5",50,FALSE,TRUE
0.405465108108164,0.422260678150935,0.0182431729984374,0.42265217488317,0.0185074489022796,0.372073806508098,0.0161563013992203,1.56658364672638,0.39637769958429,0.397869143793049,1.2455730048566,0.0501868716428373,0.000391496732234486,Inf,-2.4604362041155,-0.0336610876079559,1.04700543856276,"xgb_constrained","continuous","poisson","continuous_poisson_tlog1p5",51,FALSE,TRUE
0.405465108108164,0.396425716750871,0.0184625060652157,0.395942358017118,0.0186201647515839,0.339927847562831,0.0131374942615382,0.388632647184455,27.1767536458066,0.387697930041791,1.25061537691677,0.0564978691880397,-0.000483358733752604,Inf,-2.47313227381698,-0.0411532905626124,1.0504082747115,"xgb_constrained","continuous","poisson","continuous_poisson_tlog1p5",52,FALSE,TRUE
0.405465108108164,0.415233840108832,0.0192515379746945,0.414529743732405,0.0190128784575775,0.344955936318503,0.0167642157777143,0.399593286753136,0.0421052671910674,0.395907968359736,1.06662109709292,0.0702779037903294,-0.000704096376427099,Inf,-2.10312472153938,-0.0143516892778076,1.04470061202899,"xgb_constrained","continuous","poisson","continuous_poisson_tlog1p5",53,FALSE,TRUE
0.405465108108164,0.405379835354131,0.0187392850845024,0.406558526477009,0.0188614352351524,0.361100123997798,0.0147727105089845,0.41769974148128,0.302297798082061,0.407210913588428,1.18217566107374,0.0442797113563334,0.00117869112287838,Inf,-2.42961279377456,-0.074313347421887,1.08268656721362,"xgb_constrained","continuous","poisson","continuous_poisson_tlog1p5",54,FALSE,TRUE
0.405465108108164,0.460776900473721,0.0208619033511907,0.462597207750089,0.0207373054393999,0.384759148784857,0.0201348885613444,0.364838168894293,6.91606764498471,0.436970467948952,1.06871562026406,0.0760177516888637,0.00182030727636784,Inf,-2.44487436708858,-0.0839156072287422,1.1269092929803,"xgb_constrained","continuous","poisson","continuous_poisson_tlog1p5",55,FALSE,TRUE
0.405465108108164,0.409136640509128,0.0182916529394191,0.408784294847248,0.0182838257711774,0.351007207070017,0.0150358475492329,0.386184301197971,0.320524944418285,0.395994749447417,1.32983491052221,0.0581294334391122,-0.000352345661879971,Inf,-2.80308513091307,-0.102823070049363,1.11261911965577,"xgb_constrained","continuous","poisson","continuous_poisson_tlog1p5",56,FALSE,TRUE
0.405465108108164,0.435219729899954,0.0234230694828432,0.438804430601773,0.023319279094272,0.362327732962683,0.0175466836446422,0.422091630983982,0.0949790901393797,0.410806567670313,2.09091253576479,0.0728919969372712,0.00358470070181821,Inf,-2.4850909457284,-0.140032475693951,1.12968978483656,"xgb_constrained","continuous","poisson","continuous_poisson_tlog1p5",57,FALSE,TRUE
0.405465108108164,0.420454257287758,0.0217383937164247,0.420579906044681,0.0219252989154817,0.343514108955971,0.0160363404838318,0.474881712700892,0.209308248627893,0.400841750334386,1.70719649671394,0.0769401483317875,0.000125648756922503,Inf,-3.00456036991538,0.109432384114268,1.02989120279308,"xgb_constrained","continuous","poisson","continuous_poisson_tlog1p5",58,FALSE,TRUE
0.405465108108164,0.407709417758957,0.0190716796734611,0.408749921954302,0.019375402898978,0.339398105286483,0.0139218729428315,0.392302950563758,0.0257049559198493,0.40023862821347,1.18352559525578,0.0683113124724736,0.00104050419534452,Inf,-2.51475902323006,-0.103652037424834,1.10866545258355,"xgb_constrained","continuous","poisson","continuous_poisson_tlog1p5",59,FALSE,TRUE
0.405465108108164,0.403088218358379,0.0204416443949982,0.40337645321547,0.0203258139283884,0.340518115991813,0.0157424390468517,1.07183497942305,0.494319713932666,0.388838004601416,1.49123761807384,0.0625701023665663,0.000288234857091563,Inf,-3.2096159771495,0.0964560553590273,0.990592080673177,"xgb_constrained","continuous","poisson","continuous_poisson_tlog1p5",60,FALSE,TRUE
0.405465108108164,0.418169829944696,0.0185015242011861,0.416481712966198,0.0184825908904354,0.366896375820263,0.0148582059088908,6.9619201707443,2.64856183262895,0.397128524949429,1.13542792436424,0.0512734541244327,-0.00168811697849852,Inf,-2.08658861957973,-0.108704027603326,1.10661913233402,"xgb_constrained","continuous","poisson","continuous_poisson_tlog1p5",61,FALSE,TRUE
0.405465108108164,0.404169350182249,0.017401929973624,0.405354412125773,0.0175645666240999,0.341533578594622,0.014268316140912,0.402451916234463,0.206585840532418,0.400558245579063,1.19378605967651,0.0626357715876268,0.00118506194352475,Inf,-1.75879953627933,-0.0871556619502156,1.08634642758191,"xgb_constrained","continuous","poisson","continuous_poisson_tlog1p5",62,FALSE,TRUE
0.405465108108164,0.432962609355527,0.0228467709271761,0.433074832548703,0.0229903032523127,0.359992340640732,0.0181093311526707,0.279183469414995,0.222006861281089,0.41268116252701,0.668517972906686,0.0729702687147954,0.000112223193175998,Inf,-2.4876589306849,-0.191107425760807,1.20767680697782,"xgb_constrained","continuous","poisson","continuous_poisson_tlog1p5",63,FALSE,TRUE
0.405465108108164,0.45014006485719,0.0203383885970293,0.453314366926347,0.020372351060852,0.395888880105155,0.0171439053237978,0.417143930505675,0.232055076607185,0.422032705239908,1.34557815331585,0.0542511847520354,0.00317430206915748,Inf,-2.08470281403698,-0.06600155418489,1.07980940476024,"xgb_constrained","continuous","poisson","continuous_poisson_tlog1p5",64,FALSE,TRUE
0.405465108108164,0.426447467166282,0.020097829788857,0.427394240545997,0.0201688025253647,0.379270340104414,0.0158273561166394,0.383367907410304,0.913739699006937,0.400251596396195,1.32917871109962,0.0471771270618673,0.000946773379715327,Inf,-2.7762612929871,-0.0646650419533969,1.09325720018123,"xgb_constrained","continuous","poisson","continuous_poisson_tlog1p5",65,FALSE,TRUE
0.405465108108164,0.404888841155158,0.0203639081580705,0.405459973994176,0.0201478829034864,0.322111291602517,0.0174358181907716,0.38619167404931,0.232046800872006,0.39084493389155,1.59285461338509,0.0827775495526415,0.00057113283901733,Inf,-3.17371204959366,-0.0695691830122621,1.08330129092189,"xgb_constrained","continuous","poisson","continuous_poisson_tlog1p5",66,FALSE,TRUE
0.405465108108164,0.411897660063681,0.0173140940885596,0.410699846403693,0.017241726366883,0.369914264701472,0.0119534326873463,0.40545049636948,0.0474799912819109,0.406789185386193,1.14566032061756,0.0419833953622084,-0.00119781365998844,Inf,-2.10357245322461,-0.0609959102193015,1.06775635599125,"xgb_constrained","continuous","poisson","continuous_poisson_tlog1p5",67,FALSE,TRUE
0.405465108108164,0.421976757555776,0.0187240407935368,0.423051593847095,0.0185770694172572,0.366884687276623,0.0168761935697421,0.419892021750177,1.0641459777353,0.407825147153198,1.28574953490522,0.0550920702791536,0.00107483629131888,Inf,-2.13472954771957,-0.0576704883025622,1.05763336921781,"xgb_constrained","continuous","poisson","continuous_poisson_tlog1p5",68,FALSE,TRUE
0.405465108108164,0.447018051571866,0.0171455551526838,0.444109158176894,0.0172781789073617,0.375293715109699,0.0142153676136584,0.413264048893521,0.120058195743782,0.410197134648513,1.23247325690398,0.0717243364621655,-0.0029088933949713,Inf,-2.81979289815935,-0.0136693218697576,1.03376690827017,"xgb_constrained","continuous","poisson","continuous_poisson_tlog1p5",69,FALSE,TRUE
0.405465108108164,0.383740555164415,0.0182613006163608,0.384085757494698,0.017975962928881,0.350647268494623,0.0150082286412354,-0.440048164021248,0.44094356852917,0.390359185951281,1.2564575128207,0.0330932866697914,0.000345202330283401,Inf,-2.08805520377924,-0.0407213508946209,1.05930829157222,"xgb_constrained","continuous","poisson","continuous_poisson_tlog1p5",70,FALSE,TRUE
0.405465108108164,0.419982049398379,0.018107553220732,0.419781446600396,0.0183068932034289,0.359728393793768,0.0155549731822393,0.403888262543189,0.0786019477796781,0.405811151045504,1.14738787322733,0.0602536556046113,-0.000200602797982341,Inf,-2.76712234507162,-0.0468386900094262,1.06609823363658,"xgb_constrained","continuous","poisson","continuous_poisson_tlog1p5",71,FALSE,TRUE
0.405465108108164,0.432136718139816,0.0214523523845828,0.432948215203836,0.0214055857854993,0.338315833778902,0.0221192470187437,0.395370056645251,0.305377777585415,0.41770027936695,1.4674366855586,0.0938208843609141,0.000811497064020117,Inf,-2.82970725576649,-0.000715207521400384,1.03382696806205,"xgb_constrained","continuous","poisson","continuous_poisson_tlog1p5",72,FALSE,TRUE
0.405465108108164,0.440990419711849,0.018029918491489,0.442104980210842,0.0181692928059683,0.376553345626984,0.0158683896867906,0.430645602850457,0.676766998003726,0.41914079403422,1.28811894063336,0.0644370740848661,0.0011145604989925,Inf,-1.75739870310984,-0.0349766167521907,1.04130869969376,"xgb_constrained","continuous","poisson","continuous_poisson_tlog1p5",73,FALSE,TRUE
0.405465108108164,0.447373624024356,0.018278286155636,0.446530273030957,0.0183141128759604,0.3870017214779,0.0159373994890901,0.435420639408031,0.33396150076401,0.410898293534596,1.49684637014186,0.0603719025464556,-0.00084335099339905,Inf,-2.11025902108122,-0.0985096470278287,1.11432262598484,"xgb_constrained","continuous","poisson","continuous_poisson_tlog1p5",74,FALSE,TRUE
0.405465108108164,0.437091698185517,0.0214060102046455,0.437113812142704,0.0212930212611907,0.350702213564466,0.0177183627881352,0.405476936106622,0.226625120485987,0.403412629895763,1.48543495849904,0.0863894846210503,2.21139571872642e-05,Inf,-3.17519065106921,-0.0613366887639304,1.07265293251726,"xgb_constrained","continuous","poisson","continuous_poisson_tlog1p5",75,FALSE,TRUE
0.405465108108164,0.438202727751862,0.0163439236365326,0.438942832377301,0.0164950748060591,0.36752801661227,0.0137819041364573,0.416872880872867,4.30380432834691,0.4100803260181,1.46198012208902,0.0706747111395923,0.000740104625439331,Inf,-2.49807532082278,-0.126580646727678,1.1114042177741,"xgb_constrained","continuous","poisson","continuous_poisson_tlog1p5",76,FALSE,TRUE
0.405465108108164,0.40178807872297,0.0187878541319748,0.399941322495573,0.018753036799977,0.368027461017294,0.0149902210574228,0.414407914529473,0.0404895302182333,0.402313560103625,1.23307573662351,0.0337606177056768,-0.00184675622739705,Inf,-2.12469672935482,-0.0881834581576075,1.09608779312165,"xgb_constrained","continuous","poisson","continuous_poisson_tlog1p5",77,FALSE,TRUE
0.405465108108164,0.420472873818209,0.0168770293323516,0.418826228069012,0.0169322028362593,0.353705644722585,0.0161758903583903,0.402328543106267,0.128873292274745,0.400965837932798,1.18304402089021,0.0667672290956239,-0.00164664574919687,Inf,-2.44287080650225,-0.0713954847733678,1.07541863598855,"xgb_constrained","continuous","poisson","continuous_poisson_tlog1p5",78,FALSE,TRUE
0.405465108108164,0.406221055221631,0.0202639365145304,0.405713163876819,0.020068905865091,0.373451418250819,0.018145818510242,0.345570174690477,0.940388996484082,0.411266409164432,1.00802886984232,0.0327696369708111,-0.000507891344811717,Inf,-2.07074653343982,-0.0438766295876629,1.0513391415742,"xgb_constrained","continuous","poisson","continuous_poisson_tlog1p5",79,FALSE,TRUE
0.405465108108164,0.399636777370298,0.021643175533404,0.399024727148749,0.0219779788805052,0.349976012327884,0.0162498321718688,1.48550489202905,0.641200876789971,0.397223474854667,26.8397683004109,0.0496607650424145,-0.000612050221548865,Inf,-2.76589006277118,0.107888696329606,1.53169344227408,"xgb_constrained","continuous","poisson","continuous_poisson_tlog1p5",80,FALSE,TRUE
0.405465108108164,0.411229351711541,0.0170879822102941,0.413071840483204,0.0172070730729553,0.360990524964466,0.0150246056685366,0.354061865525195,1.12149177575451,0.398140117177405,1.14691412469282,0.0502388267470738,0.00184248877166338,Inf,-2.31443640284578,0.0904524926428958,1.01873482608096,"xgb_constrained","continuous","poisson","continuous_poisson_tlog1p5",81,FALSE,TRUE
0.405465108108164,0.417702290035627,0.0189220327003458,0.417443972440615,0.0187075857408511,0.353889114222941,0.0174449867740772,0.41034597169122,0.189061308712249,0.407414018656132,1.16311386468006,0.0638131758126863,-0.000258317595011437,Inf,-2.10385352771415,-0.015865578658415,1.03386856075539,"xgb_constrained","continuous","poisson","continuous_poisson_tlog1p5",82,FALSE,TRUE
0.405465108108164,0.393636476405165,0.018094705756227,0.393343741796334,0.0179130330535928,0.341946213228861,0.0165203717433366,0.385140476381186,0.315619290632686,0.384784960307946,1.0580773185834,0.0516902631763029,-0.000292734608830281,Inf,-1.74792120272771,-0.039901525424135,1.04516420972641,"xgb_constrained","continuous","poisson","continuous_poisson_tlog1p5",83,FALSE,TRUE
0.405465108108164,0.417614001215083,0.0180177348284833,0.417480484763925,0.018107816539309,0.363903738425542,0.0139122903078583,0.403347874171937,0.0817908119620653,0.39822782971032,1.2226215232775,0.053710262789541,-0.000133516451158,Inf,-2.09496178139697,-0.0356852242484064,1.03352006954133,"xgb_constrained","continuous","poisson","continuous_poisson_tlog1p5",84,FALSE,TRUE
0.405465108108164,0.410151815059319,0.0216682125622437,0.409792167323225,0.0216679052046906,0.356679335483399,0.0168606010064229,0.720163752269929,0.143753487051651,0.410430536338369,1.2791824304067,0.0534724795759205,-0.00035964773609426,Inf,-3.42734913204898,-0.10696227086413,1.12064800936395,"xgb_constrained","continuous","poisson","continuous_poisson_tlog1p5",85,FALSE,TRUE
0.405465108108164,0.420703991721773,0.0193557738105613,0.419495125198092,0.0194307025796098,0.381970145649329,0.0174025267046694,0.837175467996228,0.222081519905581,0.408847091459112,1.13191838993348,0.0387338460724433,-0.00120886652368074,Inf,-2.05600540176136,-0.0493910160518291,1.06115044498537,"xgb_constrained","continuous","poisson","continuous_poisson_tlog1p5",86,FALSE,TRUE
0.405465108108164,0.426094685975926,0.0170979662618815,0.42609049300377,0.0172875846452771,0.354279206933249,0.0160418329554547,0.417781815809761,0.435533493557663,0.421170658322328,1.01889904610598,0.0718154790426771,-4.19297215614733e-06,Inf,-3.15499416924317,-0.0461728855053562,1.06636468887806,"xgb_constrained","continuous","poisson","continuous_poisson_tlog1p5",87,FALSE,TRUE
0.405465108108164,0.411133825968567,0.0166103520179796,0.411427562385201,0.0166999060830659,0.32909820008465,0.0177784624442973,0.403516141218913,0.367206843892131,0.40220325074858,1.16232163692393,0.0820356258839186,0.000293736416633328,Inf,-2.44247136412138,-0.0222569438710163,1.04640828867216,"xgb_constrained","continuous","poisson","continuous_poisson_tlog1p5",88,FALSE,TRUE
0.405465108108164,0.423262071591809,0.0200403852683255,0.425218910825898,0.0201303006324858,0.350849409655737,0.0165146717947673,0.410261387618778,1.85724783255553,0.39788456425758,1.33815335894505,0.0724126619360713,0.00195683923408946,Inf,-2.10026211477152,-0.0682583706634652,1.06784132393929,"xgb_constrained","continuous","poisson","continuous_poisson_tlog1p5",89,FALSE,TRUE
0.405465108108164,0.445972099940311,0.018970843497571,0.447318683862178,0.0193292957448401,0.366440033527997,0.0152990796136207,0.408942939172596,0.163937615228265,0.410576090356893,1.26225288925848,0.0795320664123149,0.00134658392186682,Inf,-2.49668261891215,-0.0207427654923828,1.03057934809282,"xgb_constrained","continuous","poisson","continuous_poisson_tlog1p5",90,FALSE,TRUE
0.405465108108164,0.42797514950097,0.0176308869068916,0.425856130551519,0.0178781086517501,0.335335836665619,0.0141266983585477,0.390723804256248,0.014806242561454,0.389040294204719,1.27909231166591,0.0926393128353517,-0.00211901894945149,Inf,-2.45822335895109,0.0156875412210128,0.998812830481682,"xgb_constrained","continuous","poisson","continuous_poisson_tlog1p5",91,FALSE,TRUE
0.405465108108164,0.422788158655065,0.0237104392073543,0.422477594173074,0.0235572050078679,0.355489873526364,0.0164813254266299,0.403897399011918,0.821902913369228,0.402214843910826,1.16172314058397,0.0672982851287017,-0.000310564481991071,Inf,-2.80263904471942,-0.101516556341639,1.11650754950713,"xgb_constrained","continuous","poisson","continuous_poisson_tlog1p5",92,FALSE,TRUE
0.405465108108164,0.437937680859259,0.0172140288804251,0.438769168267265,0.017434832186767,0.376333855103072,0.0152525726907547,0.413815073357208,0.144240596194694,0.406639584072376,1.21127559621953,0.0616038257561867,0.000831487408006093,Inf,-2.49422943994555,-0.0284658201486504,1.03937102119584,"xgb_constrained","continuous","poisson","continuous_poisson_tlog1p5",93,FALSE,TRUE
0.405465108108164,0.410458495626391,0.0178720837345571,0.410207787834144,0.0179116539536899,0.351819701463688,0.0150549020778438,0.399581704473028,0.0717791868854955,0.400505289783184,1.14465628029458,0.0586387941627026,-0.00025070779224784,Inf,-1.7559820647961,-0.0248273945772251,1.03900571799628,"xgb_constrained","continuous","poisson","continuous_poisson_tlog1p5",94,FALSE,TRUE
0.405465108108164,0.442942182480397,0.0179101708570074,0.442437351809103,0.0178733448137015,0.358618134649516,0.0128097928652237,0.677421148728637,0.149967829853551,0.39409885674798,1.73908483340332,0.0843240478308813,-0.000504830671294476,Inf,-2.46350105735639,-0.154948238696069,1.14752396603789,"xgb_constrained","continuous","poisson","continuous_poisson_tlog1p5",95,FALSE,TRUE
0.405465108108164,0.435157941457873,0.0195802980072533,0.432403626591475,0.0194604955293162,0.370905354019028,0.0160666291424466,0.391544672661173,0.81814087926271,0.410304652129717,1.12453603485271,0.0642525874388448,-0.00275431486639849,Inf,-2.07184400499247,-0.0141806024991484,1.02556505182176,"xgb_constrained","continuous","poisson","continuous_poisson_tlog1p5",96,FALSE,TRUE
0.405465108108164,0.438726461795715,0.0195998660895649,0.441171146913511,0.0194798317370634,0.377770355478786,0.0166831275641567,0.417054343870651,0.202570082101925,0.420314838610438,1.67471036111658,0.0609561063169288,0.00244468511779661,Inf,-2.50400788793016,0.0410654579526454,0.994511275211711,"xgb_constrained","continuous","poisson","continuous_poisson_tlog1p5",97,FALSE,TRUE
0.405465108108164,0.444047842234,0.022266832580792,0.445191672374817,0.0220471029500788,0.379348749866153,0.0174916585652919,0.421502099297998,0.0196507866345364,0.419823072116722,1.43976355738459,0.064699092367847,0.00114383014081681,Inf,-2.4573977617877,-0.127250541962905,1.12403188120136,"xgb_constrained","continuous","poisson","continuous_poisson_tlog1p5",98,FALSE,TRUE
0.405465108108164,0.444563068019125,0.02094044846288,0.443553748407307,0.0210937289837321,0.353323095564909,0.0195471147261167,0.403250189431583,0.302801990671199,0.401190295921811,1.49101236195116,0.0912399724542162,-0.00100931961181777,Inf,-2.80879694716833,-0.0388539459450738,1.05902299925784,"xgb_constrained","continuous","poisson","continuous_poisson_tlog1p5",99,FALSE,TRUE
0.405465108108164,0.440823989603647,0.0207605600891281,0.440001972925509,0.0208993509828607,0.357468789782182,0.017694244083672,0.391263287410219,0.238222803786059,0.412510470878363,1.25844580392425,0.0833551998214646,-0.000822016678137971,Inf,-2.09864001326622,-0.130764165741932,1.14682774865264,"xgb_constrained","continuous","poisson","continuous_poisson_tlog1p5",100,FALSE,TRUE
0.405465108108164,0.364851179866079,0.0253582082566952,0.365071692862027,0.0254175953222228,0.33995456695693,0.0211939067391829,0.338844449332717,0.197728182636825,0.392148670671668,1.50996951270504,0.0248966129091497,0.000220512995947664,2.70123841943765,-1.97987218985887,-0.0343988017629254,1.05700533419084,"xgb_constrained","continuous","negbin","continuous_negbin_tlog1p5",1,FALSE,TRUE
0.405465108108164,0.383805842486986,0.0270825504504166,0.382998018810046,0.0271946833125904,0.331249911948306,0.0305056997403408,0.366387605328184,0.440598392834874,0.418899708072192,1.01258070262078,0.0525559305386806,-0.000807823676940655,2.69125905936171,-1.97426822577042,0.101580148010883,0.946944696038298,"xgb_constrained","continuous","negbin","continuous_negbin_tlog1p5",2,FALSE,TRUE
0.405465108108164,0.390370929402561,0.0230464367511173,0.390463536419455,0.0231196320273257,0.355140924980729,0.0232286400170809,0.441608347035877,1.28763726807962,0.417314337985089,1.50807077464426,0.0352300044218312,9.26070168942306e-05,2.58082924846122,-1.9706996705196,0.0514698349078359,0.99278684271967,"xgb_constrained","continuous","negbin","continuous_negbin_tlog1p5",3,FALSE,TRUE
0.405465108108164,0.388053918732363,0.0248967912876406,0.386105532461363,0.0249114330477632,0.355273903039663,0.0248299694189904,0.366089063648172,0.670737975718201,0.387203857789992,1.11126894425255,0.032780015692699,-0.00194838627100002,2.55179932195635,-1.97099203837918,0.00341862046486427,1.0218223264033,"xgb_constrained","continuous","negbin","continuous_negbin_tlog1p5",4,FALSE,TRUE
0.405465108108164,0.41087466689482,0.0233096893628969,0.410744083314781,0.023211765751547,0.354574696180907,0.0210237718578685,0.40435003019447,0.560295382731211,0.417175312946162,1.48704711093558,0.0562999707139136,-0.000130583580039256,2.99466824288667,-1.95390039777989,-0.0158020156772029,1.03333828989613,"xgb_constrained","continuous","negbin","continuous_negbin_tlog1p5",5,FALSE,TRUE
0.405465108108164,0.3827016424122,0.0221339907714529,0.382473613836562,0.0222094610561294,0.32558118826571,0.0258532797943342,0.261385839315664,0.898045007509203,0.406077592904659,0.592456599137146,0.0571204541464898,-0.000228028575638028,2.65444064374843,-2.33301156801884,-0.0166594437770844,1.061068394059,"xgb_constrained","continuous","negbin","continuous_negbin_tlog1p5",6,FALSE,TRUE
0.405465108108164,0.442313016143461,0.025000796216619,0.442465624344702,0.0250842171672199,0.37539389723301,0.0233978392296313,0.324460245239622,323.355933370029,0.454371400253574,1.38468983558943,0.0669191189104509,0.000152608201241022,2.86707601858997,-2.28464028353799,0.378517338250696,0.800271842348167,"xgb_constrained","continuous","negbin","continuous_negbin_tlog1p5",7,FALSE,TRUE
0.405465108108164,0.398399062090318,0.0246599324650572,0.39876671220886,0.0247315951713981,0.362706434681849,0.0227711516228997,0.4154800628255,3.1607609292442,0.425459285267847,1.20398462276067,0.0356926274084695,0.000367650118542451,2.62921243462598,-1.99168432416411,0.00627878262081624,1.01807611112795,"xgb_constrained","continuous","negbin","continuous_negbin_tlog1p5",8,FALSE,TRUE
0.405465108108164,0.397200577484904,0.0238467243954712,0.39600403888434,0.0237402866801487,0.345382083408511,0.020246331055238,0.380322724024426,0.138379299897446,0.404530904809319,1.2295863823582,0.0518184940763934,-0.00119653860056401,2.84688593347751,-1.96847820302397,-0.00365712993829452,1.02865479087852,"xgb_constrained","continuous","negbin","continuous_negbin_tlog1p5",9,FALSE,TRUE
0.405465108108164,0.38117658330561,0.0239088739047628,0.382161768855431,0.0237714504732427,0.343181578204066,0.0274975059796775,0.351655582332604,1.98014699852135,0.391064634459853,1.10030814625494,0.0379950051015445,0.000985185549821022,2.73698988430404,-1.96435151291669,0.019630781021346,1.01933098663381,"xgb_constrained","continuous","negbin","continuous_negbin_tlog1p5",10,FALSE,TRUE
0.405465108108164,0.424590530339476,0.0253478125008333,0.427880224241472,0.0254215013460988,0.38395861841429,0.0198611567593585,0.466542243736498,0.414462483007908,0.430014352109071,1.32704705148653,0.0406319119251854,0.00328969390199613,2.79969131555719,-1.96106715416324,0.0414018706652759,0.994493494896254,"xgb_constrained","continuous","negbin","continuous_negbin_tlog1p5",11,FALSE,TRUE
0.405465108108164,0.373660584322609,0.0199600859175063,0.373219558720342,0.0196871172684636,0.333662433107551,0.0202448680529755,0.399970577556254,0.0435981444972165,0.391381378341445,1.06825879836301,0.0399981512150581,-0.000441025602266609,2.84870346697504,-2.26006925064328,0.00458237927736778,1.044227389892,"xgb_constrained","continuous","negbin","continuous_negbin_tlog1p5",12,FALSE,TRUE
0.405465108108164,0.389616595592473,0.0242440560641388,0.386332627264747,0.0244024090278726,0.356989943596064,0.0241845908224038,0.419469547210164,0.439562929151134,0.393597669040772,1.17398513918636,0.032626651996408,-0.0032839683277256,3.1714362494198,-1.92809013093224,-0.0189643782899417,1.0457204825087,"xgb_constrained","continuous","negbin","continuous_negbin_tlog1p5",13,FALSE,TRUE
0.405465108108164,0.377935214833656,0.0226981291034939,0.378719013725201,0.0228250376599284,0.334662946800269,0.0191556405446811,0.373715840279831,0.353987694825826,0.3849907541503,1.20895233888558,0.0432722680333873,0.00078379889154484,2.71572337232825,-1.9708646542433,0.0327870426608886,1.00791292512793,"xgb_constrained","continuous","negbin","continuous_negbin_tlog1p5",14,FALSE,TRUE
0.405465108108164,0.403647250003893,0.0233203233784462,0.403924283874084,0.0232664086946632,0.366387019137725,0.022298216923161,0.426708747740889,1.52334378071488,0.416284258532631,0.983352691511322,0.0372602308661678,0.000277033870190679,2.87518241522785,-1.90463296475199,0.0232739985578688,0.9952795490858,"xgb_constrained","continuous","negbin","continuous_negbin_tlog1p5",15,FALSE,TRUE
0.405465108108164,0.390530469848056,0.0241557502224795,0.389612563832643,0.024352303838171,0.340328449109188,0.0244556218489369,0.469436240305902,1.24153896856357,0.408096702877139,1.64932550877208,0.0502020207388691,-0.000917906015413028,2.89904118080919,-1.99671678813445,-0.0171050459217289,1.06723329268003,"xgb_constrained","continuous","negbin","continuous_negbin_tlog1p5",16,FALSE,TRUE
0.405465108108164,0.38344526108999,0.023291754420971,0.385083307858584,0.0235076692227464,0.315526828715889,0.0233587479258122,0.376279202335848,1.88248045899451,0.395438963654964,0.984309933153313,0.0679184323741012,0.00163804676859419,2.62580680545012,-1.98817345380001,-0.0510526124918255,1.07448064990966,"xgb_constrained","continuous","negbin","continuous_negbin_tlog1p5",17,FALSE,TRUE
0.405465108108164,0.380878761004901,0.0256410665948712,0.381137903188619,0.0253508738993905,0.352867892083376,0.024315686670156,0.403111147195403,0.842052445975372,0.399119635240092,1.03702982512582,0.0280108689215258,0.000259142183717254,2.58016064313358,-2.01022549682453,0.0352752427254384,0.991631319188155,"xgb_constrained","continuous","negbin","continuous_negbin_tlog1p5",18,FALSE,TRUE
0.405465108108164,0.391141167834437,0.0209712299120981,0.391254663251419,0.0208969342834561,0.34201730978577,0.0209712588585892,0.394489414332363,0.245401455700517,0.411076044559986,1.11382633435308,0.0491238580486671,0.000113495416982523,3.35685094235639,-1.95883672448913,-0.0148682254414954,1.04183904316047,"xgb_constrained","continuous","negbin","continuous_negbin_tlog1p5",19,FALSE,TRUE
0.405465108108164,0.409798578687815,0.0221325137940534,0.414310536843736,0.0221974363151824,0.37135693751489,0.020042086496808,0.383868260311568,0.446622265457615,0.409937701092944,1.13745212379598,0.0384416411729256,0.00451195815592081,3.00597767997311,-1.95948719929426,0.0571653160949061,0.999730303104171,"xgb_constrained","continuous","negbin","continuous_negbin_tlog1p5",20,FALSE,TRUE
0.405465108108164,0.398847374178877,0.0203839825013541,0.396574705600633,0.0205442159948519,0.35971709824894,0.0182268644106955,0.561650336158327,0.148227438631697,0.419965033818532,1.15635837260079,0.0391302759299367,-0.00227266857824387,2.755881608769,-1.97470791406163,0.0024927479927793,1.02328134449624,"xgb_constrained","continuous","negbin","continuous_negbin_tlog1p5",21,FALSE,TRUE
0.405465108108164,0.391535048084748,0.0202552297949326,0.391038865644545,0.0198677875359496,0.3280881348856,0.0264170822664964,0.36871578892208,0.254757872894659,0.404934915474753,1.06004533867617,0.0634469131991481,-0.000496182440202997,2.66821359629097,-1.98863657492604,0.0834523526896657,0.962289779624254,"xgb_constrained","continuous","negbin","continuous_negbin_tlog1p5",22,FALSE,TRUE
0.405465108108164,0.437706978927891,0.0226690333113655,0.435297669220284,0.0227245523961812,0.373973498047786,0.0215191771408803,0.450378945455491,0.400712500749101,0.429182382489098,1.30745680888022,0.0637334808801057,-0.00240930970760744,2.91680202820285,-1.95547281515545,0.0529157839729177,0.994364697694301,"xgb_constrained","continuous","negbin","continuous_negbin_tlog1p5",23,FALSE,TRUE
0.405465108108164,0.351419775738122,0.0213573265554744,0.352293622577251,0.0214287330036463,0.324650193479844,0.0205157925656118,0.365137566028622,0.290147458619342,0.36732686688665,1.23363543229471,0.0267695822582772,0.000873846839128833,3.21582180826315,-1.94410776205611,-0.0145025099399131,1.03207653669425,"xgb_constrained","continuous","negbin","continuous_negbin_tlog1p5",24,FALSE,TRUE
0.405465108108164,0.412287101668907,0.0215877726178311,0.41262941391774,0.021790588213819,0.378267018352266,0.0219054562043907,0.549051068285643,0.266483794252772,0.420136035085897,1.76110121341574,0.034020083316642,0.000342312248832799,2.62657594178766,-1.99647528479208,-0.0964212292639392,1.09615087812886,"xgb_constrained","continuous","negbin","continuous_negbin_tlog1p5",25,FALSE,TRUE
0.405465108108164,0.399031524988614,0.0234653976727716,0.396428714484364,0.0236864007624937,0.343027561609045,0.0220908789479099,0.370793758805437,0.243591431382217,0.412426031354553,1.07045184722653,0.0560039633795683,-0.00260281050425043,3.04883039553549,-1.95293601231758,0.0302320252967921,1.0005857862292,"xgb_constrained","continuous","negbin","continuous_negbin_tlog1p5",26,FALSE,TRUE
0.405465108108164,0.393402114812604,0.0238611249266515,0.392044116116071,0.0240035280108914,0.343851050337058,0.026122242535323,0.212624683616205,108.838078210251,0.402207096148348,1.10626570961456,0.0495510644755473,-0.00135799869653291,2.8715276176752,-2.33733096719633,0.415936823011676,0.81118559184578,"xgb_constrained","continuous","negbin","continuous_negbin_tlog1p5",27,FALSE,TRUE
0.405465108108164,0.377404652443866,0.0227567261888386,0.378112995056481,0.0226839713359585,0.358894092921069,0.0249065009477859,0.454812658725601,3.86575176670509,0.405886646132238,2.12211527483201,0.0185105595227971,0.000708342612615209,2.81676351548424,-1.95277885816177,-0.0726663870037099,1.1084736144875,"xgb_constrained","continuous","negbin","continuous_negbin_tlog1p5",28,FALSE,TRUE
0.405465108108164,0.385545896135206,0.0250169009066475,0.383650860758224,0.0252758351308663,0.373816344394368,0.0235960737537095,0.398148297469937,2.70834979173435,0.402805234067898,1.14173146933628,0.0117295517408368,-0.00189503537698155,3.34816693705832,-1.91284078914871,-0.0739797205398126,1.07636417565587,"xgb_constrained","continuous","negbin","continuous_negbin_tlog1p5",29,FALSE,TRUE
0.405465108108164,0.365177683815856,0.0239758020333051,0.367159196405378,0.0238291092477538,0.322729882913856,0.0219665523772946,0.411718925812071,0.151934437289544,0.373823184859418,1.18826132421086,0.0424478009019999,0.00198151258952228,2.51136761854901,-2.28667078263801,0.116728839166451,0.944336516312096,"xgb_constrained","continuous","negbin","continuous_negbin_tlog1p5",30,FALSE,TRUE
0.405465108108164,0.380578677396738,0.0212497607819051,0.381553661112832,0.0214368008300769,0.347434181172369,0.0194695436203052,0.384152398295309,0.0685269430796604,0.385194870588743,1.03385639975648,0.0331444962243692,0.000974983716094224,2.54672351692852,-1.95827554334728,0.0247581277000117,0.998262702716696,"xgb_constrained","continuous","negbin","continuous_negbin_tlog1p5",31,FALSE,TRUE
0.405465108108164,0.43219215096799,0.0225151528087546,0.431620575019569,0.0226778776483145,0.34503527353701,0.0195859024495982,1.13808778617194,2.18892527225389,0.438161770420996,1.52417930749651,0.0871568774309805,-0.000571575948421055,2.39562516048513,-1.93127388287741,-0.167172475084632,1.18056603670618,"xgb_constrained","continuous","negbin","continuous_negbin_tlog1p5",32,FALSE,TRUE
0.405465108108164,0.362604523552295,0.0263323481012469,0.361384830576543,0.0263790667747833,0.329793722622529,0.0227982699143357,0.404395076730492,3.10832491647641,0.387223048089894,1.64772929188883,0.032810800929766,-0.00121969297575142,2.72881862026111,-1.98724509050698,-0.0598469789527611,1.0968242345676,"xgb_constrained","continuous","negbin","continuous_negbin_tlog1p5",33,FALSE,TRUE
0.405465108108164,0.366031729841842,0.0227444038674153,0.36645631098204,0.0230282292092381,0.334078263859411,0.0233421358049864,1.05532964276704,77.9437655559328,0.388541378754141,1.65693144480827,0.0319534659824309,0.000424581140197611,2.63410918432212,-1.97997883574454,-0.0628213805799356,1.0967074443328,"xgb_constrained","continuous","negbin","continuous_negbin_tlog1p5",34,FALSE,TRUE
0.405465108108164,0.412800986086131,0.0239322179440245,0.412174844417018,0.0240798171248545,0.361915663016298,0.0258985233377307,0.4388638930643,0.212105364950954,0.419526026623464,1.24302985157813,0.050885323069834,-0.000626141669113511,2.80533010845455,-1.94912047202823,-0.0540882444110201,1.08292938184593,"xgb_constrained","continuous","negbin","continuous_negbin_tlog1p5",35,FALSE,TRUE
0.405465108108164,0.411864923846007,0.0234805337674546,0.411162965198247,0.0232825285121176,0.365814876544132,0.0204772566996032,0.462512246842362,0.179301044025805,0.425063338841763,1.23586464512862,0.0460500473018761,-0.000701958647759793,2.90020781306476,-1.92816686947427,-0.0721192905874762,1.08798035126299,"xgb_constrained","continuous","negbin","continuous_negbin_tlog1p5",36,FALSE,TRUE
0.405465108108164,0.401281218271371,0.021563603696056,0.398837883810305,0.0214878849016671,0.354867616754764,0.020821137675398,0.402984041072418,2.94762726623376,0.422549808746481,1.34154065892117,0.046413601516608,-0.00244333446106654,2.96940780413053,-1.93389877645005,-0.036963174403686,1.05645952086991,"xgb_constrained","continuous","negbin","continuous_negbin_tlog1p5",37,FALSE,TRUE
0.405465108108164,0.427697354445445,0.0239726947226425,0.428211046691624,0.0240224779290764,0.35906548438926,0.0229231924843743,1.01121412949289,0.632015537317512,0.429775348497445,1.25849454444764,0.068631870056186,0.000513692246178366,2.78701463945653,-1.94609986631674,-0.013534889319058,1.03512885623713,"xgb_constrained","continuous","negbin","continuous_negbin_tlog1p5",38,FALSE,TRUE
0.405465108108164,0.402410571981946,0.0209306756839027,0.399976978142731,0.0206827744263258,0.355361455755944,0.0203539096495034,1.0286313369104,0.791737153677881,0.40657060144665,0.914715168353842,0.0470491162260017,-0.00243359383921465,2.87313837466392,-1.9268257867171,-0.0318932029671545,1.04558609854896,"xgb_constrained","continuous","negbin","continuous_negbin_tlog1p5",39,FALSE,TRUE
0.405465108108164,0.373591204571137,0.0226445078982899,0.372390741307282,0.0225655464740987,0.346490556335459,0.0215658669433082,0.33515398094263,0.23075397003143,0.390621985981413,1.10291431951765,0.0271006482356779,-0.00120046326385581,2.58607014634267,-2.28176567533124,-0.0769701868121505,1.11581087125906,"xgb_constrained","continuous","negbin","continuous_negbin_tlog1p5",40,FALSE,TRUE
0.405465108108164,0.449599867661013,0.0193412212332108,0.449295600642047,0.0191182508401088,0.39297005559495,0.0201118338197571,0.42489229308981,40.3375700561612,0.446570856468907,1.44408695313233,0.0566298120660629,-0.000304267018965687,2.63183107949787,-1.95823477348077,-0.084576163828116,1.10261241231948,"xgb_constrained","continuous","negbin","continuous_negbin_tlog1p5",41,FALSE,TRUE
0.405465108108164,0.395014457443452,0.0251458266372248,0.394136137524714,0.0252514610388404,0.331476674448958,0.0257902297890389,0.399336823433378,317.286494448399,0.405181836228604,1.15744852345273,0.0635377829944943,-0.00087831991873838,3.09372646047863,-1.91478833839388,-0.0558039595344818,1.07907794834008,"xgb_constrained","continuous","negbin","continuous_negbin_tlog1p5",42,FALSE,TRUE
0.405465108108164,0.398422151544699,0.0242464548352395,0.397720809938677,0.0245996812245327,0.341382615985849,0.0210501069341124,0.388436926384808,1.33793956816831,0.417795261691556,1.17536323911613,0.0570395355588514,-0.000701341606022476,2.76917551042561,-1.96533024491482,-0.0106513544496913,1.03546133013106,"xgb_constrained","continuous","negbin","continuous_negbin_tlog1p5",43,FALSE,TRUE
0.405465108108164,0.380758205435617,0.0211519120178474,0.379155482768623,0.0210863903168625,0.331603359719512,0.0197589271298537,0.374077068006009,0.0759618999838561,0.380824173961376,1.087274948309,0.0491548457161058,-0.00160272266699424,3.26848223460764,-1.96956687673984,-0.0634474146695881,1.0715134322452,"xgb_constrained","continuous","negbin","continuous_negbin_tlog1p5",44,FALSE,TRUE
0.405465108108164,0.405272730877774,0.0255084918098027,0.404896928621233,0.0255897633053578,0.342513247607328,0.0246475313476835,0.401104410997688,0.131033813920081,0.411427189462702,1.35911968582906,0.0627594832704449,-0.000375802256541158,2.98080849598161,-1.97453288155815,0.00540696964865377,1.01882943501873,"xgb_constrained","continuous","negbin","continuous_negbin_tlog1p5",45,FALSE,TRUE
0.405465108108164,0.413257264980323,0.0258092007706911,0.413342649141302,0.0259949361793601,0.367930112320217,0.0223134709133175,0.436112198275762,0.258685301549862,0.428776621580496,1.24870075482936,0.0453271526601056,8.53841609790851e-05,3.24413213650349,-2.25951036021466,0.0290386226464113,1.01238927853093,"xgb_constrained","continuous","negbin","continuous_negbin_tlog1p5",46,FALSE,TRUE
0.405465108108164,0.386990221237116,0.0247705863062962,0.387064583425226,0.0248761556600008,0.329990929958062,0.0254913848316297,0.441003955422466,0.784399209610235,0.407320144410181,1.24596250883447,0.0569992912790533,7.43621881095224e-05,2.36859502758069,-2.01331152433904,0.068888053300895,0.983488340898314,"xgb_constrained","continuous","negbin","continuous_negbin_tlog1p5",47,FALSE,TRUE
0.405465108108164,0.37527581677209,0.0245680186486994,0.377527753667753,0.0244410394027317,0.348365489141079,0.0221054210892149,0.35943274916458,0.0559083436996185,0.39161513831344,1.2219235938363,0.0269103276310109,0.00225193689566322,2.77718836620236,-2.01439440511479,0.0789058382072897,0.959653808333851,"xgb_constrained","continuous","negbin","continuous_negbin_tlog1p5",48,FALSE,TRUE
0.405465108108164,0.416974887464751,0.0222575242719526,0.415984665123803,0.0224278389585513,0.370139849269079,0.0201789890031549,0.413011250481311,0.137702856285249,0.426243178331668,1.30624261132462,0.0468350381956717,-0.000990222340947977,2.67845983809254,-1.98862294895672,0.00666725718182911,1.03018888400864,"xgb_constrained","continuous","negbin","continuous_negbin_tlog1p5",49,FALSE,TRUE
0.405465108108164,0.390623548130349,0.0236124040697804,0.390764162186253,0.0236107066454525,0.372080259978943,0.0210310093705048,0.437115954958982,1.73112097469306,0.416085001702645,1.32044823732865,0.0185432881514049,0.000140614055904043,3.16159193429037,-1.94655900197002,-0.00103724277614316,1.02641755019117,"xgb_constrained","continuous","negbin","continuous_negbin_tlog1p5",50,FALSE,TRUE
0.405465108108164,0.412545672455304,0.0224867169396706,0.413405222399271,0.0224241999878267,0.369863996432418,0.0201958475612463,0.12924081566968,0.199431840008437,0.42429409577601,1.18530742676665,0.0426816760228882,0.000859549943966531,2.86527155863061,-1.97324168765622,0.0509205203823942,0.977796102481782,"xgb_constrained","continuous","negbin","continuous_negbin_tlog1p5",51,FALSE,TRUE
0.405465108108164,0.385337763445141,0.0233289574122363,0.383558572442839,0.023599896590652,0.348244830399643,0.0236963249052348,0.374490367812365,0.622013776894245,0.406999653027566,1.06217999977969,0.0370929330454968,-0.00177919100230223,2.64253959999888,-1.95170087668533,0.0784040884132061,0.941467400347189,"xgb_constrained","continuous","negbin","continuous_negbin_tlog1p5",52,FALSE,TRUE
0.405465108108164,0.374050200321055,0.0233838358400409,0.373526317641154,0.0233781867305753,0.326630038020648,0.0226417668718738,0.33923257045096,0.300263964859558,0.381728754792149,0.898386515130478,0.0474201623004075,-0.0005238826799015,2.63333287497249,-1.96720539230087,0.0321027686267124,0.98726673436449,"xgb_constrained","continuous","negbin","continuous_negbin_tlog1p5",53,FALSE,TRUE
0.405465108108164,0.370902006096283,0.024466019069599,0.370025649872216,0.0243247527951219,0.331104200705832,0.021391083915798,0.373850044741455,0.10027564378626,0.387891503767327,1.03130490371093,0.0397978053904493,-0.000876356224067065,2.94427065552337,-1.96673176357799,-0.0135478544672424,1.04649280289232,"xgb_constrained","continuous","negbin","continuous_negbin_tlog1p5",54,FALSE,TRUE
0.405465108108164,0.39262722567565,0.0267893993179791,0.394329771754538,0.0270155485581143,0.324431912988588,0.0292115329049922,0.632480368168231,0.187408750311342,0.409376501977585,1.38349959572451,0.068195312687062,0.00170254607888815,2.68315867591982,-1.96385691840104,0.00909283883845539,1.02614060964213,"xgb_constrained","continuous","negbin","continuous_negbin_tlog1p5",55,FALSE,TRUE
0.405465108108164,0.388469711993626,0.0220463556177048,0.387922123776271,0.0218267174885703,0.344409576988714,0.0200327631937334,0.397804046357895,2.48386742513753,0.395436345221526,1.09414739680521,0.0440601350049117,-0.000547588217355177,3.01059866810675,-1.95528728679033,0.0131555226479112,1.01036047376203,"xgb_constrained","continuous","negbin","continuous_negbin_tlog1p5",56,FALSE,TRUE
0.405465108108164,0.415280310588137,0.0235323545395056,0.415539056457035,0.0237832423081013,0.365354616209973,0.0227799847238909,0.425994283557131,19.8531224250867,0.42368268294334,1.1615182176638,0.049925694378164,0.000258745868898624,2.65351857770706,-1.96970092157366,0.0185318647440276,1.00608345578454,"xgb_constrained","continuous","negbin","continuous_negbin_tlog1p5",57,FALSE,TRUE
0.405465108108164,0.390021586236719,0.024551907804634,0.388477063281594,0.0246621951140298,0.335509710461026,0.0275423600214401,0.347083707928755,0.307371313218007,0.401733145409651,1.18227299378998,0.0545118757756931,-0.00154452295512486,2.75843276071518,-2.32728491548231,0.166854863925464,0.913973314333284,"xgb_constrained","continuous","negbin","continuous_negbin_tlog1p5",58,FALSE,TRUE
0.405465108108164,0.348637658835009,0.0223160531820149,0.350320157134996,0.0224908129998259,0.316210026433691,0.0214843392737662,0.362333372982867,0.433954044002165,0.374369211258564,1.01581912301433,0.0324276324013176,0.00168249829998673,2.59738585743881,-1.98952680750736,0.0243033733180344,1.00508980478748,"xgb_constrained","continuous","negbin","continuous_negbin_tlog1p5",59,FALSE,TRUE
0.405465108108164,0.37817721372656,0.0223658367596026,0.377587199729031,0.022530487844868,0.302487990875445,0.0247640310099835,0.324746050641441,1.00944735902892,0.396323719332814,0.947904247112217,0.0756892228511158,-0.000590013997528782,2.80980548623886,-1.98648820562926,0.0658911932853396,0.977068074905697,"xgb_constrained","continuous","negbin","continuous_negbin_tlog1p5",60,FALSE,TRUE
0.405465108108164,0.360265006793678,0.0231764769312106,0.359756699209715,0.0234189220969141,0.312350674756829,0.0223818629139122,0.694634065043804,0.275531435236702,0.381062540054276,1.04683370129839,0.0479143320368491,-0.000508307583963086,2.58238682167951,-1.98911039365455,0.0396791368410717,0.993156781123287,"xgb_constrained","continuous","negbin","continuous_negbin_tlog1p5",61,FALSE,TRUE
0.405465108108164,0.402411918073882,0.02292473655358,0.399275384148978,0.0229815228689268,0.345463150623777,0.0233095011092607,0.434645306759892,0.477363653466484,0.403211326957944,1.44153734504732,0.0569487674501047,-0.00313653392490448,2.79260132994728,-1.98172043901296,-0.00271606265240642,1.04986430068561,"xgb_constrained","continuous","negbin","continuous_negbin_tlog1p5",62,FALSE,TRUE
0.405465108108164,0.403499147865,0.0260380732686674,0.403096446005686,0.0262053112168708,0.364883679801628,0.0231373322710335,0.376088392062907,0.207439127119051,0.401583700954054,1.23387802868271,0.0386154680633716,-0.000402701859313515,2.87628366725639,-1.93742356360041,0.02261932804927,1.00420767226303,"xgb_constrained","continuous","negbin","continuous_negbin_tlog1p5",63,FALSE,TRUE
0.405465108108164,0.380987270945975,0.0232951596505971,0.382038971980644,0.023208865891697,0.324187871939986,0.0172169792024291,0.422711693008891,0.0929441620224048,0.393535202905763,1.38051220677131,0.056799399005989,0.00105170103466956,3.20166671597466,-1.97675021572197,-0.00970348970787698,1.04042548523129,"xgb_constrained","continuous","negbin","continuous_negbin_tlog1p5",64,FALSE,TRUE
0.405465108108164,0.378309155659722,0.0220731791924192,0.379138517051878,0.0221312768164738,0.348522315600258,0.0203407388856052,0.348007342261927,0.269030299660034,0.402798668973162,1.31448203265623,0.0297868400594634,0.000829361392156058,3.36321743171481,-1.94993287043408,-0.0628389536193426,1.07728333461094,"xgb_constrained","continuous","negbin","continuous_negbin_tlog1p5",65,FALSE,TRUE
0.405465108108164,0.383617871602334,0.0242390677221182,0.382659511995625,0.0241109074047335,0.332800832836124,0.0281744750441686,-0.0238184935568299,1.47086658499788,0.405164565871302,0.88758807313919,0.0508170387662097,-0.000958359606709314,2.63310736036485,-2.3216876147991,0.157689413871102,1.00545576124472,"xgb_constrained","continuous","negbin","continuous_negbin_tlog1p5",66,FALSE,TRUE
0.405465108108164,0.416389843003213,0.0247601793633838,0.417461219865641,0.0248315464579545,0.382083433018743,0.022407368821945,0.400950472377701,0.0331687462556155,0.415216183567717,0.981033631490139,0.03430640998447,0.00107137686242798,2.94017629457241,-1.8987158834066,-0.00270425644804108,1.0318812586979,"xgb_constrained","continuous","negbin","continuous_negbin_tlog1p5",67,FALSE,TRUE
0.405465108108164,0.417867140949116,0.0244795563712072,0.420650024589684,0.0245154278229054,0.366164540224025,0.0211661027963375,0.39364345961804,0.243335928952134,0.431620864193917,1.12953736565252,0.0517026007250906,0.00278288364056845,2.92638552424292,-2.0083528774994,0.026793075265893,1.01074813982526,"xgb_constrained","continuous","negbin","continuous_negbin_tlog1p5",68,FALSE,TRUE
0.405465108108164,0.39584374981343,0.0215159429271231,0.397517761768478,0.0216333730262464,0.36301873968346,0.0208182325508415,0.50722529039124,0.332426233760154,0.424058410987776,1.3209139257729,0.0328250101299693,0.00167401195504785,2.87515318132948,-2.2761923016813,-0.0241959077062475,1.08023689169633,"xgb_constrained","continuous","negbin","continuous_negbin_tlog1p5",69,FALSE,TRUE
0.405465108108164,0.410589884457925,0.0207104048366245,0.408740786959329,0.0206915557503307,0.333619386578217,0.018314462017845,0.402986245120073,0.385246820968013,0.411318965902878,1.45418261305267,0.0769704978797085,-0.00184909749859591,3.22703336909674,-1.93869452085448,-0.0686798748399873,1.09471865155413,"xgb_constrained","continuous","negbin","continuous_negbin_tlog1p5",70,FALSE,TRUE
0.405465108108164,0.41619814408925,0.0238960154939948,0.416400026952621,0.0240494216047302,0.377249249429671,0.0205612963768017,0.425307778527364,1.35738271660143,0.426748018007083,1.3212415562184,0.0389488946595793,0.000201882863371194,2.9591295665208,-1.94994771732777,-0.0844470138011934,1.08833961357615,"xgb_constrained","continuous","negbin","continuous_negbin_tlog1p5",71,FALSE,TRUE
0.405465108108164,0.450428660280595,0.0239787034745758,0.45089646392359,0.0238927707667404,0.391677088039321,0.0213065523062123,0.49026306661725,0.539745786342747,0.451734596192781,1.54244353130648,0.0587515722412725,0.000467803642995701,2.51676018243738,-1.99711701395513,-0.0447935901260847,1.06145271776543,"xgb_constrained","continuous","negbin","continuous_negbin_tlog1p5",72,FALSE,TRUE
0.405465108108164,0.377251853138027,0.0253541040617104,0.377284359839866,0.0252800995190644,0.344974489119752,0.0212137618311708,0.420004545373871,0.373472119447126,0.392996468912033,1.39652672529686,0.0322773640182756,3.25067018392966e-05,2.8341307980332,-1.9915802102097,-0.0284785817035457,1.05553107087909,"xgb_constrained","continuous","negbin","continuous_negbin_tlog1p5",73,FALSE,TRUE
0.405465108108164,0.368391173791929,0.0238900245373802,0.367857888705506,0.0238708861768286,0.322515567984919,0.0224061351487928,0.371137397583387,0.515837767966582,0.382967327966507,1.25558900713107,0.0458756058070107,-0.000533285086422919,2.46605905464326,-1.98642282343181,-0.0780874748692495,1.10249012287718,"xgb_constrained","continuous","negbin","continuous_negbin_tlog1p5",74,FALSE,TRUE
0.405465108108164,0.397727843828438,0.0214855401428097,0.396849803646547,0.0214264557092164,0.361273847281412,0.0189541881211325,0.603119930871978,0.137552574525011,0.41575091760769,2.22143293899021,0.0364539965470271,-0.000878040181891804,2.7111151689822,-2.3103214169914,-0.13316394639741,1.15888628701819,"xgb_constrained","continuous","negbin","continuous_negbin_tlog1p5",75,FALSE,TRUE
0.405465108108164,0.430752927763268,0.0186102264336804,0.432468743078808,0.0188121525817795,0.397801124702616,0.0193312856203632,0.788272399746081,0.294764003792937,0.457033782284136,1.35984151385607,0.0329518030606521,0.00171581531553938,2.94631535331718,-1.90675687821462,-0.0347461213745497,1.06392607980553,"xgb_constrained","continuous","negbin","continuous_negbin_tlog1p5",76,FALSE,TRUE
0.405465108108164,0.410723669776556,0.0249397512634516,0.410209465293803,0.0249715624788705,0.3681567143299,0.0225114336143136,0.783656192447697,0.41822756079691,0.42741645759692,1.07625752504169,0.0425669554466567,-0.000514204482753189,3.00089731305503,-1.9394128720419,0.0723667939390618,0.962311488818546,"xgb_constrained","continuous","negbin","continuous_negbin_tlog1p5",77,FALSE,TRUE
0.405465108108164,0.376091073385435,0.0248571416388417,0.376462773490515,0.0251019291445649,0.342309328928354,0.024720619091857,0.413646305770182,0.265718199331825,0.393781890798275,1.04612154939445,0.0337817444570813,0.000371700105080697,2.84742255559207,-1.96688826389059,0.0276611538941736,1.00257213813691,"xgb_constrained","continuous","negbin","continuous_negbin_tlog1p5",78,FALSE,TRUE
0.405465108108164,0.446118341004422,0.0222868419549319,0.442275895388978,0.022649799046338,0.397557093378499,0.0198152210570945,0.427076919001897,0.176349728397211,0.449896276953649,1.29225998123391,0.0485612476259244,-0.00384244561544445,2.83331891341483,-1.96816865314812,-0.0844258011087487,1.1076018628235,"xgb_constrained","continuous","negbin","continuous_negbin_tlog1p5",79,FALSE,TRUE
0.405465108108164,0.382424608780838,0.0224537242285021,0.383997720074349,0.0225810751734989,0.341357803390111,0.0223668106241844,0.372568561446036,0.0858936070809742,0.37697161823482,0.962378720263852,0.0410668053907275,0.00157311129351106,2.55667453094528,-1.90272796673447,0.00378967003960428,1.02678172198744,"xgb_constrained","continuous","negbin","continuous_negbin_tlog1p5",80,FALSE,TRUE
0.405465108108164,0.379880898984982,0.0237677254957208,0.377159254061471,0.0236994600766327,0.334216672480443,0.019090638877481,0.388219396466631,0.123116599988753,0.383035478094751,1.34886418169766,0.0456642265045375,-0.00272164492351046,2.7723208843967,-1.94667948087881,-0.0276113285999955,1.05043172540739,"xgb_constrained","continuous","negbin","continuous_negbin_tlog1p5",81,FALSE,TRUE
0.405465108108164,0.424480586900844,0.0248540684454789,0.420264009928755,0.0246515478127768,0.368315939237312,0.0236512333922798,-0.855039473372778,13.5031517384508,0.441416242599979,1.27867271787017,0.0561646476635321,-0.00421657697208938,3.29708466918852,-1.94324173646187,-0.0437530602247733,1.06968639863689,"xgb_constrained","continuous","negbin","continuous_negbin_tlog1p5",82,FALSE,TRUE
0.405465108108164,0.395015943708773,0.0221124229590713,0.394134390279323,0.0220003816552559,0.351373946809572,0.0205115997948908,0.385933246486139,0.464813960802145,0.398042277449983,1.15576236141184,0.0436419968992007,-0.000881553429450233,2.74544005722245,-2.3144712311394,-0.0141865514187151,1.04452233300048,"xgb_constrained","continuous","negbin","continuous_negbin_tlog1p5",83,FALSE,TRUE
0.405465108108164,0.386287284112955,0.0241944084417538,0.385424504268587,0.0243234822591477,0.315455463806722,0.0209711154450527,0.392044973388012,1.37497280361631,0.377995936041719,0.940139493210741,0.0708318203062329,-0.0008627798443675,2.87389956258308,-1.9538331368905,0.038381521370883,0.993361228338043,"xgb_constrained","continuous","negbin","continuous_negbin_tlog1p5",84,FALSE,TRUE
0.405465108108164,0.418499382596066,0.0236201404656954,0.418639323060058,0.0234805610863866,0.361859620694046,0.0221256722838935,0.434866766464819,1.77574141490192,0.43135520574066,1.30171415963023,0.0566397619020213,0.000139940463991184,2.51786793714907,-2.28494898922313,0.0662440947081985,1.00697702758997,"xgb_constrained","continuous","negbin","continuous_negbin_tlog1p5",85,FALSE,TRUE
0.405465108108164,0.352680786526363,0.0217840135807494,0.352104395578855,0.0217135602915568,0.311512015524367,0.0264495258594898,0.340274911951413,0.204229695744933,0.36679819635899,0.766816086643715,0.0411687710019938,-0.000576390947507333,2.94006052987743,-2.27084786253781,0.0233703634274935,1.01992338026668,"xgb_constrained","continuous","negbin","continuous_negbin_tlog1p5",86,FALSE,TRUE
0.405465108108164,0.395472747522018,0.0228359116461571,0.396502561675593,0.0228927004304089,0.351871691232884,0.02158205100624,0.566501134987326,0.156533896934463,0.409860146076598,2.32204313555366,0.0436010562891337,0.00102981415357511,2.7618611865977,-1.95326985625794,-0.135197405036744,1.14242983119973,"xgb_constrained","continuous","negbin","continuous_negbin_tlog1p5",87,FALSE,TRUE
0.405465108108164,0.395928341770288,0.024474432339739,0.3959880325488,0.0244648922139513,0.350389785160699,0.0209943290921801,0.409695523205599,0.18372584616926,0.401449574446112,1.17182548459666,0.0455385566095893,5.96907785123668e-05,2.7737684089409,-2.30155698343399,0.162092614371939,0.913653029116419,"xgb_constrained","continuous","negbin","continuous_negbin_tlog1p5",88,FALSE,TRUE
0.405465108108164,0.374245497247509,0.0263513345255966,0.37383286100854,0.0264414781784193,0.331872556871059,0.0264596572605592,-1.12515398420624,1.77791367158228,0.402010746513069,1.33481000838636,0.0423729403764499,-0.0004126362389687,3.02719779926667,-1.96600806223844,0.115932727300734,0.944127673237917,"xgb_constrained","continuous","negbin","continuous_negbin_tlog1p5",89,FALSE,TRUE
0.405465108108164,0.375708706950481,0.0221832035932802,0.3748653488809,0.0220693851616733,0.324873923034824,0.0327343028133182,0.102268232142682,0.421251675567597,0.38296536353117,0.305945982612694,0.0508347839156569,-0.000843358069581079,3.21263116592986,-2.26166131107896,0.270262562527962,0.997135149413162,"xgb_constrained","continuous","negbin","continuous_negbin_tlog1p5",90,FALSE,TRUE
0.405465108108164,0.383153595352283,0.0195402157425704,0.38150977879622,0.0194075837117269,0.329175050582612,0.0203722954572746,0.624835000652041,0.136778709174283,0.388675860455132,1.12204701851566,0.0539785447696714,-0.00164381655606349,3.27654063456939,-1.93626899661435,-0.00744187101649219,1.03413189168794,"xgb_constrained","continuous","negbin","continuous_negbin_tlog1p5",91,FALSE,TRUE
0.405465108108164,0.362602906046157,0.0209427120429644,0.366418123956258,0.0210040084074172,0.310392347683354,0.0263137560005417,0.318792676084992,0.223723063708749,0.375725354548418,0.922330634851992,0.0522105583628033,0.00381521791010148,2.67067364895812,-2.30092370414006,0.189456559016411,0.876834071507377,"xgb_constrained","continuous","negbin","continuous_negbin_tlog1p5",92,FALSE,TRUE
0.405465108108164,0.425742958523067,0.0226369618768764,0.425933364765649,0.0225795359925578,0.368697071638229,0.0232137093814349,0.411926212693956,0.369881559112638,0.417423659812601,1.30150905018834,0.057045886884838,0.00019040624258243,2.93817077424529,-1.94303750956709,-0.0157723260542458,1.0498232349262,"xgb_constrained","continuous","negbin","continuous_negbin_tlog1p5",93,FALSE,TRUE
0.405465108108164,0.354264355357019,0.0243784241439013,0.355054272130698,0.0243957851344611,0.298853065449402,0.0224996385209483,0.360352804904281,0.147475545949283,0.36169672457733,0.97876384127207,0.0554112899076164,0.0007899167736799,2.41994459398051,-1.95192151746281,0.0681926300488582,0.963802187170253,"xgb_constrained","continuous","negbin","continuous_negbin_tlog1p5",94,FALSE,TRUE
0.405465108108164,0.368932067911971,0.0230769879383455,0.368356227804865,0.0233340771080579,0.326263264025075,0.0216768842157091,0.353411249429278,0.0274689938124973,0.374214166965861,1.07533036130008,0.0426688038868968,-0.000575840107106484,2.8303767361742,-1.95470788339782,0.0360399642178619,1.00145337155185,"xgb_constrained","continuous","negbin","continuous_negbin_tlog1p5",95,FALSE,TRUE
0.405465108108164,0.409802085328647,0.0221934758995442,0.408420384203584,0.0223603805585152,0.358861247718843,0.02169243126669,0.638282990590659,0.39984798761434,0.416131555407988,1.28349122597829,0.0509408376098032,-0.0013817011250632,2.57088271307817,-1.93287779910172,0.0193670930399733,1.02084389305034,"xgb_constrained","continuous","negbin","continuous_negbin_tlog1p5",96,FALSE,TRUE
0.405465108108164,0.413360530434926,0.0222430194996452,0.413653366548877,0.0222323600513163,0.385520709942042,0.0209252664737208,0.41958518480047,0.170543217769024,0.431717981600028,1.23351012809956,0.027839820492885,0.000292836113951089,3.36124131422631,-1.91385253405385,0.01054581024605,1.02065166525493,"xgb_constrained","continuous","negbin","continuous_negbin_tlog1p5",97,FALSE,TRUE
0.405465108108164,0.388346184984101,0.0213762551100593,0.39043586018433,0.0214496510632832,0.346432577034968,0.0200207323375513,-0.0489269343596062,0.611349229015859,0.40604122294124,1.18980442595539,0.041913607949133,0.00208967520022885,2.60888114301257,-1.94302761788321,0.00649630446430684,1.02385895389424,"xgb_constrained","continuous","negbin","continuous_negbin_tlog1p5",98,FALSE,TRUE
0.405465108108164,0.38910276763561,0.0215995580467686,0.388185786879937,0.0215779537297634,0.342667480549142,0.021996947180787,0.890110373828161,1.04599184813533,0.420285759256909,1.37948610419455,0.0464352870864686,-0.000916980755673147,2.69086912651045,-1.96245827903392,0.0177353155461336,1.00705256089149,"xgb_constrained","continuous","negbin","continuous_negbin_tlog1p5",99,FALSE,TRUE
0.405465108108164,0.355037071011793,0.02553218498315,0.353836833777205,0.0256436576049762,0.301340284382514,0.0226183876750261,0.397014724574427,0.179596771482627,0.378965949372935,1.37953527162528,0.0536967866292798,-0.00120023723458784,2.48771170619025,-2.30234381286837,0.00470604219585765,1.05568496632547,"xgb_constrained","continuous","negbin","continuous_negbin_tlog1p5",100,FALSE,TRUE
0.693147180559945,0.722875546747367,0.02027340395042,0.722729420580329,0.0201099014060781,0.614897363369963,0.0171593769107372,0.652408091126573,3.43603399539827,0.687695320216108,3.35815575634071,0.107978183377402,-0.000146126167037797,Inf,-2.56430183944177,-0.0858674703574772,1.06233971620285,"xgb_constrained","continuous","poisson","continuous_poisson_tlog2",1,FALSE,TRUE
0.693147180559945,0.693785174355866,0.0175899253048768,0.693648366199224,0.0177223375238686,0.608951751528755,0.0161591583694698,1.05897952585787,0.799104666416772,0.673014955247357,2.90557101889479,0.0848334228271101,-0.000136808156641854,Inf,-2.57035263533602,-0.133458384677749,1.09560196173231,"xgb_constrained","continuous","poisson","continuous_poisson_tlog2",2,FALSE,TRUE
0.693147180559945,0.714131613877073,0.0225146163481299,0.71254371528596,0.0224154028539012,0.622691961096881,0.0266645659084783,0.726762271031048,3.13395110705171,0.696164822927717,2.82416879152115,0.0914396527801924,-0.00158789859111308,Inf,-2.54176767688913,-0.005138451793636,1.0168155252705,"xgb_constrained","continuous","poisson","continuous_poisson_tlog2",3,FALSE,TRUE
0.693147180559945,0.715521593179299,0.0237634050011756,0.715902484833218,0.0239056070559667,0.622367059286181,0.0201434520386912,0.881840356495394,0.498176924853979,0.708767422558756,3.19940898199504,0.0931545338931173,0.000380891653918747,Inf,-2.56234461198979,-0.112714889621107,1.09080455103664,"xgb_constrained","continuous","poisson","continuous_poisson_tlog2",4,FALSE,TRUE
0.693147180559945,0.707946572539248,0.0220914075476293,0.70878616469358,0.0222140509410641,0.618972061009624,0.0211016992145968,0.297987388700548,6.1818573423556,0.702752859234196,2.74860956185111,0.0889745115296248,0.000839592154332269,Inf,-2.6024651374351,-0.0576462210496814,1.05802062851164,"xgb_constrained","continuous","poisson","continuous_poisson_tlog2",5,FALSE,TRUE
0.693147180559945,0.726995668979642,0.0200103249801935,0.72742764676713,0.0197190973455952,0.623450304004772,0.0164086377043606,0.543326661453236,9.16760478646823,0.683653942021652,2.50186705375898,0.103545364974868,0.000431977787487825,Inf,-2.15112011911008,-0.108788337718948,1.08612085005242,"xgb_constrained","continuous","poisson","continuous_poisson_tlog2",6,FALSE,TRUE
0.693147180559945,0.711209562921504,0.0184327532972338,0.712810894269914,0.0183191225015913,0.645890422982856,0.0164851408645932,0.681765595765855,5.58875417754626,0.705637150457628,2.65267773997655,0.065319139938648,0.00160133134840945,Inf,-2.85064309304788,-0.157119545174002,1.12300014909977,"xgb_constrained","continuous","poisson","continuous_poisson_tlog2",7,FALSE,TRUE
0.693147180559945,0.751151776810588,0.0234387246355081,0.751210063880318,0.0232798194996939,0.601268898820207,0.0223875162446033,0.528729571599758,1.06634624542264,0.689721032713636,4.45558181154165,0.149882877990383,5.82870697292126e-05,Inf,-2.93119110841856,-0.20270505033447,1.17149300412122,"xgb_constrained","continuous","poisson","continuous_poisson_tlog2",8,FALSE,TRUE
0.693147180559945,0.715972508328861,0.0203059384551756,0.717614461509529,0.0205203174352735,0.652159938406014,0.0165737062624211,0.86054502863579,1.53994468504548,0.684597753145292,2.87950213566274,0.0638125699228467,0.00164195318066718,Inf,-2.53597840197061,-0.128137172002774,1.09709151906093,"xgb_constrained","continuous","poisson","continuous_poisson_tlog2",9,FALSE,TRUE
0.693147180559945,0.724797780152864,0.0225467272669204,0.725830261555016,0.022683492678986,0.612230369877866,0.0195163326857795,0.41360566478644,0.297192517621147,0.692773656813899,3.7682777077627,0.112567410274999,0.00103248140215151,Inf,-4.01746476712758,-0.135258443709693,1.15778345309251,"xgb_constrained","continuous","poisson","continuous_poisson_tlog2",10,FALSE,TRUE
0.693147180559945,0.70600311778237,0.0217645001840121,0.70493789759186,0.0220208087877113,0.621913189250883,0.0185238010569601,0.470729637560899,2.0218250852078,0.705635082277784,2.47459932250221,0.0840899285314856,-0.0010652201905097,Inf,-2.52302760279684,-0.0931233303802837,1.07975508916833,"xgb_constrained","continuous","poisson","continuous_poisson_tlog2",11,FALSE,TRUE
0.693147180559945,0.678604272078602,0.0219216110777671,0.679387706721737,0.0217721454854158,0.592828893862655,0.0172024843376418,0.828813127805582,1.66411283325754,0.667730959859999,2.78797182720314,0.0857753782159465,0.000783434643135128,Inf,-2.62554297035966,0.0625205848536107,0.975050227996979,"xgb_constrained","continuous","poisson","continuous_poisson_tlog2",12,FALSE,TRUE
0.693147180559945,0.740115801300343,0.0209549178590374,0.73797654352316,0.0212341763065789,0.66051036240023,0.0162225262721406,0.73708062874737,8.25623135273337,0.708249217368653,3.10772009542369,0.0796054389001126,-0.00213925777718371,Inf,-2.53141513659136,-0.120930180568546,1.08540818199425,"xgb_constrained","continuous","poisson","continuous_poisson_tlog2",13,FALSE,TRUE
0.693147180559945,0.731656587753331,0.0208271293115585,0.732669233277718,0.0207215175276817,0.634795759981019,0.0178865533833899,0.0625912524739164,10.0594775252289,0.694858319656277,3.2549562998629,0.0968608277723117,0.00101264552438718,Inf,-2.57155676940251,-0.111069447139956,1.08865928882375,"xgb_constrained","continuous","poisson","continuous_poisson_tlog2",14,FALSE,TRUE
0.693147180559945,0.735606914089471,0.0208142131391377,0.737729519679297,0.0211026331564251,0.631578035589627,0.0176465670706796,0.986984287545043,0.521228992991825,0.733196495615357,2.85172088727372,0.104028878499844,0.00212260558982647,Inf,-2.59735849358939,-0.0736070056948301,1.06300123231799,"xgb_constrained","continuous","poisson","continuous_poisson_tlog2",15,FALSE,TRUE
0.693147180559945,0.69397124763035,0.0191453402105918,0.692184039716749,0.0190822794647664,0.624571085482519,0.0162657026245166,0.67735864148529,2.6804671848516,0.679828646942256,3.31326867499393,0.0694001621478314,-0.00178720791360121,Inf,-2.51553193475279,-0.160707531805369,1.11320342541414,"xgb_constrained","continuous","poisson","continuous_poisson_tlog2",16,FALSE,TRUE
0.693147180559945,0.746333776581757,0.0262852868892045,0.745811830358111,0.0265313004564436,0.645928538288318,0.0215324112172634,0.744424544034474,2.79145568677464,0.705342200789685,3.48400370706896,0.100405238293437,-0.00052194622364532,Inf,-2.62757369972758,-0.149551688773803,1.10571443739221,"xgb_constrained","continuous","poisson","continuous_poisson_tlog2",17,FALSE,TRUE
0.693147180559945,0.723302280100038,0.0228729962225919,0.724183037533354,0.0229646801630004,0.632102796426653,0.0196166861563825,1.05774109951751,56.1981351350123,0.682640961279531,2.95109215472269,0.0911994836733848,0.000880757433316615,Inf,-2.55902941864595,-0.076161895121974,1.06217455826925,"xgb_constrained","continuous","poisson","continuous_poisson_tlog2",18,FALSE,TRUE
0.693147180559945,0.678273955278074,0.0198225076534862,0.677946292067152,0.0199300172031641,0.568948261749417,0.0197163512628885,0.972776384779901,0.904813366751537,0.671602036828321,2.4395651960623,0.109325693528656,-0.000327663210921925,Inf,-2.94451238505819,-0.0394267604732615,1.03765306615399,"xgb_constrained","continuous","poisson","continuous_poisson_tlog2",19,FALSE,TRUE
0.693147180559945,0.710101399817461,0.021190689079613,0.708024625396372,0.0212886212720061,0.639738690996326,0.0165038274758698,0.387412299955423,0.474290108475012,0.704895853340949,2.82796502223278,0.0703627088211368,-0.00207677442108867,Inf,-2.84852754691825,-0.058259691464591,1.04626888409776,"xgb_constrained","continuous","poisson","continuous_poisson_tlog2",20,FALSE,TRUE
0.693147180559945,0.738550084670584,0.0221123097287854,0.737400035506682,0.0221433256662262,0.654605989172504,0.0191126268307872,0.731021744661828,0.678341091066651,0.700846345745854,3.08419626408041,0.0839440954980809,-0.00115004916390216,Inf,-2.91443177887364,-0.0037685499715268,1.02793440248272,"xgb_constrained","continuous","poisson","continuous_poisson_tlog2",21,FALSE,TRUE
0.693147180559945,0.730089611693946,0.0223488743507043,0.729459501662503,0.0222811912936786,0.617693763423337,0.0310730687151112,0.949726706406176,1.57581951127897,0.686102461962312,3.01410474999227,0.112395848270608,-0.000630110031443087,Inf,-3.610812360499,-0.147338688880568,1.11388816226802,"xgb_constrained","continuous","poisson","continuous_poisson_tlog2",22,FALSE,TRUE
0.693147180559945,0.726865998737988,0.0234704928280137,0.726958763145742,0.0235938741610149,0.654642284678283,0.0187858287392676,0.956594608655246,1.78940915157605,0.713394345162372,2.69177174213388,0.0722237140597033,9.27644077546308e-05,Inf,-2.47570475946417,-0.105520242910517,1.08440484507881,"xgb_constrained","continuous","poisson","continuous_poisson_tlog2",23,FALSE,TRUE
0.693147180559945,0.728352350657101,0.0198485833532318,0.726922416800058,0.0198470258378405,0.630419391581418,0.0154028293628065,0.361792698687182,0.730577775284951,0.692652848008628,2.80739401497539,0.097932959075683,-0.00142993385704304,Inf,-2.5495647080087,-0.132453194181984,1.0986564927189,"xgb_constrained","continuous","poisson","continuous_poisson_tlog2",24,FALSE,TRUE
0.693147180559945,0.729650491240394,0.0213183861327521,0.730832074829799,0.0215098466447811,0.642761104511156,0.017367285397126,0.78165298550286,1.06523179233402,0.708993597627014,3.18851021198678,0.0868893867292374,0.00118158358940434,Inf,-2.92485577302923,-0.0837460605252554,1.07865279967926,"xgb_constrained","continuous","poisson","continuous_poisson_tlog2",25,FALSE,TRUE
0.693147180559945,0.727449817507097,0.0193436180806747,0.727102142454098,0.0194918358071597,0.615124912153255,0.0193592712070972,0.393073755329783,0.545830500767858,0.690040229309758,2.98689280747839,0.112324905353842,-0.000347675052999263,Inf,-3.59011267947699,-0.178125501340901,1.12633984416824,"xgb_constrained","continuous","poisson","continuous_poisson_tlog2",26,FALSE,TRUE
0.693147180559945,0.732186093402943,0.025742735302048,0.730603808082662,0.0255241522876664,0.601797068002865,0.0227495658151416,0.55797929362875,2.83939717177773,0.689247401733384,3.12686934608748,0.130389025400076,-0.00158228532028104,Inf,-2.95640217365809,-0.124078775667759,1.10264236905616,"xgb_constrained","continuous","poisson","continuous_poisson_tlog2",27,FALSE,TRUE
0.693147180559945,0.702298223975301,0.0223664455615831,0.703396271957614,0.0225275852062354,0.60173984976919,0.0226408936584323,0.907754997908779,0.394419368842553,0.672060148009627,2.79723006169478,0.100558374206109,0.00109804798231272,Inf,-2.30272961839871,0.0941966108347294,0.95402714789286,"xgb_constrained","continuous","poisson","continuous_poisson_tlog2",28,FALSE,TRUE
0.693147180559945,0.724810368336486,0.0212551131632651,0.72690643920943,0.0212011572292003,0.612054250926911,0.0181865366516371,0.297182875631078,0.700498953707611,0.692752799876927,3.25424602828192,0.112756117409574,0.0020960708729435,Inf,-2.92636331018602,-0.126424378081706,1.08948101330746,"xgb_constrained","continuous","poisson","continuous_poisson_tlog2",29,FALSE,TRUE
0.693147180559945,0.705871140600718,0.0227686093442391,0.708958778262079,0.0228968960786868,0.588660652221596,0.0255734706208674,-0.296024484880022,0.784694477898717,0.683109520433553,2.51150154722596,0.117210488379121,0.00308763766136078,Inf,-2.88286363680296,-0.0547889829365787,1.06600661342629,"xgb_constrained","continuous","poisson","continuous_poisson_tlog2",30,FALSE,TRUE
0.693147180559945,0.710190973354076,0.0206295791681911,0.707403201203871,0.0210298719372806,0.622465152009295,0.0192217340853364,0.212921953459257,3.97129747455125,0.682435943200069,2.97071434377145,0.087725821344782,-0.00278777215020531,Inf,-3.24833150351588,-0.11066320420802,1.07697940841425,"xgb_constrained","continuous","poisson","continuous_poisson_tlog2",31,FALSE,TRUE
0.693147180559945,0.731812794446518,0.021221182126934,0.73313263224597,0.0215385656220551,0.635671178372548,0.0206353134497818,1.8433039953805,1.64929219969956,0.704806142415266,2.99699466155494,0.0961416160739705,0.00131983779945133,Inf,-3.23739855080233,-0.0945315278852074,1.07520199234033,"xgb_constrained","continuous","poisson","continuous_poisson_tlog2",32,FALSE,TRUE
0.693147180559945,0.725544060634535,0.0245077006711863,0.720460042872425,0.0246065959410044,0.64077293736722,0.0201026623250771,0.792356768333525,0.453794493094371,0.713126093606387,3.8916891429347,0.0847711232673153,-0.0050840177621102,Inf,-3.29115574647683,-0.159708123141911,1.14318315506438,"xgb_constrained","continuous","poisson","continuous_poisson_tlog2",33,FALSE,TRUE
0.693147180559945,0.702726938334284,0.0216144236951863,0.702754726713061,0.0217428395613988,0.62647820067086,0.0221472001082184,0.69943868204967,2.36463003563791,0.672855729038701,3.11386302947681,0.0762487376634225,2.77883787761501e-05,Inf,-2.61987188677472,-0.0520782125823824,1.04895007415951,"xgb_constrained","continuous","poisson","continuous_poisson_tlog2",34,FALSE,TRUE
0.693147180559945,0.708528073850433,0.0210403037683677,0.710370458417294,0.0213328478492046,0.63084274379502,0.0191011819863383,0.289660108551415,1.52654625707501,0.702370645191634,2.46891301914595,0.0776853300554124,0.00184238456686059,Inf,-2.52980987721158,-0.0470619082880842,1.04268435618728,"xgb_constrained","continuous","poisson","continuous_poisson_tlog2",35,FALSE,TRUE
0.693147180559945,0.691547336427831,0.0220835412682788,0.692634183980593,0.0219716074388137,0.600799388270132,0.015031442354663,0.625137529435774,1.86195708595912,0.69246518253253,2.90617276655711,0.0907479481576987,0.001086847552762,Inf,-2.91565845201067,-0.079996664677219,1.06528220388445,"xgb_constrained","continuous","poisson","continuous_poisson_tlog2",36,FALSE,TRUE
0.693147180559945,0.67628181347356,0.0205800977149211,0.675679543300575,0.0205441175427779,0.601658259778196,0.0159778122711762,0.164671386842555,3.86878193482421,0.680811034050507,2.57883235421702,0.0746235536953636,-0.000602270172985642,Inf,-1.83656833360657,-0.0874502580287612,1.06768903906689,"xgb_constrained","continuous","poisson","continuous_poisson_tlog2",37,FALSE,TRUE
0.693147180559945,0.726063525278414,0.020878038862238,0.727723484352224,0.0209327571676497,0.61413200291867,0.0233355828516772,0.88811193211368,7.07029950389505,0.682957507905684,3.52929581835651,0.111931522359743,0.00165995907380989,Inf,-2.88051904638102,-0.314249505040221,1.22957198428627,"xgb_constrained","continuous","poisson","continuous_poisson_tlog2",38,FALSE,TRUE
0.693147180559945,0.725707400184066,0.0197653054285174,0.727339293831022,0.0198650592272098,0.621976495767916,0.0260631526232023,1.05415000402442,3.95631396558408,0.691724376150967,2.43551015191003,0.103730904416153,0.00163189364695582,Inf,-2.54916808716264,-0.0396070365088201,1.0483573607325,"xgb_constrained","continuous","poisson","continuous_poisson_tlog2",39,FALSE,TRUE
0.693147180559945,0.692591721748172,0.0215891505753649,0.691837216835292,0.0216219515085159,0.599374574797088,0.0215888344089253,0.938561070965433,0.395847800528164,0.675906245310799,2.96170213070446,0.0932171469510852,-0.00075450491287965,Inf,-3.64889847446977,0.194911465820702,0.929757700262315,"xgb_constrained","continuous","poisson","continuous_poisson_tlog2",40,FALSE,TRUE
0.693147180559945,0.695579296643563,0.020377320177694,0.695521375566448,0.0204496938041912,0.606679803323487,0.021873126748532,0.937295809916679,5.02804267495535,0.685124374288153,3.462774414346,0.0888994933200774,-5.79210771155525e-05,Inf,-2.67271601956042,-0.13046022885333,1.09862455431972,"xgb_constrained","continuous","poisson","continuous_poisson_tlog2",41,FALSE,TRUE
0.693147180559945,0.705592109079756,0.0231435020300314,0.708664905417703,0.0231153756583458,0.626995301298283,0.017915987648281,0.744005175467774,0.43687753685734,0.68898742773232,3.99700966718957,0.0785968077814712,0.00307279633794622,Inf,-2.58787089347347,-0.065272296719115,1.04322677322887,"xgb_constrained","continuous","poisson","continuous_poisson_tlog2",42,FALSE,TRUE
0.693147180559945,0.746268717348283,0.0212428253562703,0.746746959282781,0.0214147179137995,0.636801297326135,0.0183831196092931,0.839448338272747,7.63295252106119,0.703163761125291,2.83740098077338,0.109467420022149,0.000478241934498191,Inf,-2.49297045113892,-0.100804075920872,1.07878867434409,"xgb_constrained","continuous","poisson","continuous_poisson_tlog2",43,FALSE,TRUE
0.693147180559945,0.745739731859041,0.0203849438379553,0.747229940094187,0.0203687774860337,0.623190973308704,0.0180662785961597,1.15171668253444,1.12659385502713,0.688839410456475,3.08874096087752,0.122548758550336,0.0014902082351459,Inf,-2.50019654490735,-0.163839012052405,1.11813753719637,"xgb_constrained","continuous","poisson","continuous_poisson_tlog2",44,FALSE,TRUE
0.693147180559945,0.730878873581803,0.0202227156695226,0.729466271061652,0.0203444281672834,0.60765468871196,0.0216861447435646,0.66035919070067,0.639680047703513,0.698718849021209,3.1640998560213,0.123224184869844,-0.00141260252015107,Inf,-2.55777350215727,-0.122876016886211,1.09885987893943,"xgb_constrained","continuous","poisson","continuous_poisson_tlog2",45,FALSE,TRUE
0.693147180559945,0.741255536707064,0.0225561450489386,0.74088031988409,0.022689238740655,0.616624429629587,0.0171129777764699,0.828336796357168,0.50220931663641,0.707123510733312,2.71056008751728,0.124631107077477,-0.000375216822973923,Inf,-2.8967623022308,-0.150350190670193,1.10720848198327,"xgb_constrained","continuous","poisson","continuous_poisson_tlog2",46,FALSE,TRUE
0.693147180559945,0.706016658125708,0.0194013205806185,0.707044127917707,0.0193489625471418,0.603355645386647,0.0161256351768105,0.756782026429492,0.820017833098797,0.693888197712298,3.08305145988971,0.10266101273906,0.00102746979199908,Inf,-2.93653137859177,-0.119336055182724,1.09533321889763,"xgb_constrained","continuous","poisson","continuous_poisson_tlog2",47,FALSE,TRUE
0.693147180559945,0.688157228362568,0.0207552518885895,0.687205056294942,0.0207686354465852,0.619658374704498,0.0160369477991704,0.970028889765343,0.91315873645883,0.672367387232895,2.91523837834713,0.0684988536580701,-0.000952172067626766,Inf,-2.22877738967026,-0.1000712096827,1.07369155706005,"xgb_constrained","continuous","poisson","continuous_poisson_tlog2",48,FALSE,TRUE
0.693147180559945,0.727998888628498,0.0200300515995362,0.726487507517287,0.0201635408707837,0.642109756943218,0.0210899459471422,0.958749893653578,0.351842850915394,0.693783220159137,2.71245032490187,0.0858891316852802,-0.00151138111121052,Inf,-2.83939296875201,-0.0730634191231768,1.06311309985331,"xgb_constrained","continuous","poisson","continuous_poisson_tlog2",49,FALSE,TRUE
0.693147180559945,0.731946637808676,0.0216356005843466,0.732260703336679,0.021767981518877,0.629212686192742,0.017735489044333,-0.562614994751543,3.62021424112986,0.695091164289958,3.1040394811925,0.102733951615934,0.000314065528002394,Inf,-2.94268289250789,-0.0707080575183937,1.06821326607189,"xgb_constrained","continuous","poisson","continuous_poisson_tlog2",50,FALSE,TRUE
0.693147180559945,0.746017393976837,0.0290496036645896,0.74580483341579,0.0290642993615785,0.589264282718925,0.0259614796861437,0.778513921377303,0.41694433579789,0.687269637383013,2.84257014174119,0.156753111257915,-0.000212560561046682,Inf,-2.99078396472369,-0.161554019820557,1.13490268260984,"xgb_constrained","continuous","poisson","continuous_poisson_tlog2",51,FALSE,TRUE
0.693147180559945,0.704806812885843,0.0211596321963205,0.705784486141843,0.0215605505705696,0.64124397627752,0.0172945484850182,0.630452096278216,1.01201723054905,0.696785053762855,3.18923633894328,0.0635628366083246,0.000977673255999401,Inf,-2.26193017795864,-0.142842500720217,1.09203216257431,"xgb_constrained","continuous","poisson","continuous_poisson_tlog2",52,FALSE,TRUE
0.693147180559945,0.725567706783999,0.0299622267675196,0.725804836856372,0.0300173814358276,0.574513891148794,0.0335611870974326,0.605017996226266,7.614986911231,0.682076913164207,3.76177615214743,0.151053815635207,0.000237130072373026,Inf,-3.30973762657271,0.148633975201886,1.05740743168126,"xgb_constrained","continuous","poisson","continuous_poisson_tlog2",53,FALSE,TRUE
0.693147180559945,0.702493086598153,0.0217038957369051,0.705283172617814,0.0218595980759223,0.597605389138422,0.0151420305807746,0.61467103801936,1.32158809050248,0.682505474579044,3.04466190627694,0.104887697459731,0.00279008601966124,Inf,-2.92549556261462,-0.116064259628997,1.09792588972547,"xgb_constrained","continuous","poisson","continuous_poisson_tlog2",54,FALSE,TRUE
0.693147180559945,0.73117902028526,0.0207382451043675,0.730068454021408,0.0209974353970574,0.613032143370314,0.0160792383629641,0.709926909035117,0.600783016661731,0.717503220473876,2.78411930096057,0.118146876914946,-0.0011105662638512,Inf,-2.24022244316836,-0.123054833071962,1.09335687455387,"xgb_constrained","continuous","poisson","continuous_poisson_tlog2",55,FALSE,TRUE
0.693147180559945,0.716320126395973,0.0226726296310813,0.715946535925929,0.0228416646954381,0.63644111884821,0.018783283756266,0.680360821195646,0.407950904325343,0.699707048079356,2.75199386378035,0.0798790075477655,-0.000373590470044594,Inf,-2.53388296339666,-0.120773854120895,1.09488875428341,"xgb_constrained","continuous","poisson","continuous_poisson_tlog2",56,FALSE,TRUE
0.693147180559945,0.733964770245422,0.0239359891286863,0.733241163896212,0.0239960551210301,0.632810316521537,0.0190364145552017,0.584258495876611,9.6757397481111,0.698793074844579,3.38567045991452,0.101154453723886,-0.000723606349210537,Inf,-2.24656680139743,-0.118212702980546,1.08862097542144,"xgb_constrained","continuous","poisson","continuous_poisson_tlog2",57,FALSE,TRUE
0.693147180559945,0.688382198245916,0.018908126507938,0.686905553395499,0.0188590070722338,0.640466010573481,0.0152139550114826,0.231731313097495,0.961886733666062,0.684468292550305,2.25208721686404,0.0479161876724358,-0.00147664485041676,Inf,-3.1788716102381,-0.24687787810191,1.16784927417696,"xgb_constrained","continuous","poisson","continuous_poisson_tlog2",58,FALSE,TRUE
0.693147180559945,0.728348466129123,0.0238036707748324,0.727612911085802,0.0238323786973459,0.61714204874741,0.0282186303612057,0.853513255008763,2.78650748515651,0.691288502089839,2.54764444289739,0.111206417381714,-0.00073555504332079,Inf,-2.5891107426757,-0.0732002951678461,1.08163714912896,"xgb_constrained","continuous","poisson","continuous_poisson_tlog2",59,FALSE,TRUE
0.693147180559945,0.732392545276459,0.0177482881066668,0.731099715924425,0.0178267889318376,0.638996711057036,0.0166539702460122,0.00740671675496307,2.14591217882548,0.693745540898443,2.74004215516801,0.0933958342194213,-0.00129282935203356,Inf,-2.50901889201572,-0.155763104475736,1.11402741144618,"xgb_constrained","continuous","poisson","continuous_poisson_tlog2",60,FALSE,TRUE
0.693147180559945,0.7144150608475,0.0204239952741029,0.71339445575497,0.0205838668180718,0.627852595085504,0.0182254868845424,0.846974134740337,0.656958732096472,0.69039260879805,2.94747659544578,0.0865624657619953,-0.00102060509252966,Inf,-2.20326029040103,-0.109343816417039,1.08052368952197,"xgb_constrained","continuous","poisson","continuous_poisson_tlog2",61,FALSE,TRUE
0.693147180559945,0.703282134344085,0.0210347005378531,0.706391908005428,0.0210974618454448,0.63565436386699,0.0172598863686363,0.555149137073536,1.69046754306334,0.694372413274845,3.39120519462457,0.0676277704770975,0.00310977366134246,Inf,-2.51815740396012,-0.0762932244209072,1.05899777480893,"xgb_constrained","continuous","poisson","continuous_poisson_tlog2",62,FALSE,TRUE
0.693147180559945,0.683389253710526,0.02173249438584,0.684983440774151,0.0217022794803018,0.583915869946142,0.0193190349488536,-0.0424747014360974,1.34588431467666,0.685745173847648,2.88282584321282,0.0994733837643827,0.00159418706362491,Inf,-1.91412928860677,-0.0887643520746446,1.06199749825827,"xgb_constrained","continuous","poisson","continuous_poisson_tlog2",63,FALSE,TRUE
0.693147180559945,0.70886018050484,0.0225538262555398,0.710792957383485,0.0227406203014236,0.623044518636967,0.0191501140527924,0.788699877491908,0.328929610960593,0.678493663381859,2.99520619954983,0.0858156618678718,0.00193277687864513,Inf,-2.20616741867823,-0.105590261238265,1.07778273818033,"xgb_constrained","continuous","poisson","continuous_poisson_tlog2",64,FALSE,TRUE
0.693147180559945,0.723639622738768,0.0186557267344527,0.723017496898332,0.0188652309258616,0.625728822432337,0.0192062217076814,0.985056333901083,1.04700207386831,0.69439749213077,3.07817676696108,0.09791080030643,-0.000622125840435639,Inf,-2.92678230591813,-0.134652631239279,1.09806446221679,"xgb_constrained","continuous","poisson","continuous_poisson_tlog2",65,FALSE,TRUE
0.693147180559945,0.688570901166465,0.0179799117738845,0.687762039042887,0.0179435272508091,0.593399361421584,0.0176959202897894,1.31715718062578,78.4550178377627,0.677410509025314,2.65144044682251,0.0951715397448797,-0.000808862123578336,Inf,-2.52782061895853,-0.114915468557997,1.09428936994342,"xgb_constrained","continuous","poisson","continuous_poisson_tlog2",66,FALSE,TRUE
0.693147180559945,0.738427327924731,0.0226986978900374,0.737570984179465,0.0227581310935599,0.630050694358203,0.019670920414536,0.33786450010026,1.5545332957282,0.688697943986772,2.8003173732913,0.108376633566527,-0.000856343745265664,Inf,-2.54759079964936,-0.131312968485042,1.09689424097544,"xgb_constrained","continuous","poisson","continuous_poisson_tlog2",67,FALSE,TRUE
0.693147180559945,0.709591570478988,0.0202607957375054,0.710065489091638,0.0202513442687501,0.618805557669043,0.0149195697432921,0.748302419413091,1.46241717434287,0.69634403188062,2.92862395439544,0.090786012809946,0.000473918612649893,Inf,-2.90477640525613,-0.179032560228845,1.11938703736898,"xgb_constrained","continuous","poisson","continuous_poisson_tlog2",68,FALSE,TRUE
0.693147180559945,0.701069071280775,0.0208606433469946,0.699641941910635,0.0207452467510699,0.633671221386888,0.0183744223080152,0.644766471250936,0.620845173282264,0.704492996324542,2.93556640524612,0.0673978498938875,-0.00142712937014045,Inf,-2.56837611515154,-0.0678980640128328,1.05247882734812,"xgb_constrained","continuous","poisson","continuous_poisson_tlog2",69,FALSE,TRUE
0.693147180559945,0.707466657373877,0.0175885388839579,0.707941988866497,0.0175403717220033,0.61599896175843,0.0176818142012074,1.21638762254889,0.489022650139867,0.68345337980243,2.71881510370337,0.0914676956154487,0.000475331492619135,Inf,-3.20406647483962,-0.170113176565611,1.12346090821183,"xgb_constrained","continuous","poisson","continuous_poisson_tlog2",70,FALSE,TRUE
0.693147180559945,0.735865341899792,0.0204681534189159,0.734368830124639,0.0202580495630117,0.661298850358521,0.0168317778139796,1.16299229885359,0.743360604454449,0.709867344985567,3.43628210877928,0.0745664915412703,-0.00149651177515309,Inf,-2.23440562295679,-0.105833904808527,1.07616183496744,"xgb_constrained","continuous","poisson","continuous_poisson_tlog2",71,FALSE,TRUE
0.693147180559945,0.745813241536803,0.0221907331890705,0.747726017263607,0.022583411836847,0.626543603488902,0.0172564141090826,0.611117480764982,1.43895947448966,0.688185258435351,3.29095448279482,0.119269638047901,0.00191277572680371,Inf,-2.58167812671857,-0.10193539319132,1.08304647225406,"xgb_constrained","continuous","poisson","continuous_poisson_tlog2",72,FALSE,TRUE
0.693147180559945,0.702858696301513,0.0190282010158953,0.704057021077966,0.0191238744344443,0.608961475308608,0.0190034819632635,0.800723774387683,0.542291838519859,0.696041886367316,2.98912343647225,0.0938972209929034,0.00119832477645299,Inf,-1.90121054288154,-0.129305867050563,1.08955147497536,"xgb_constrained","continuous","poisson","continuous_poisson_tlog2",73,FALSE,TRUE
0.693147180559945,0.71539531162844,0.0189134288861148,0.714180217071343,0.0189617822509927,0.602993678516708,0.0185488629530608,0.598414608253178,5.25699743611409,0.68687290023519,3.38433666799876,0.112401633111733,-0.0012150945570969,Inf,-2.58936435453994,-0.109394125371135,1.08482360199993,"xgb_constrained","continuous","poisson","continuous_poisson_tlog2",74,FALSE,TRUE
0.693147180559945,0.734075689160816,0.0237782848873624,0.73327000590311,0.0241027031559032,0.63930535025165,0.0200365272538805,1.21486698304501,11.6113979675046,0.698058251523314,3.12957430647857,0.0947703389091674,-0.000805683257705692,Inf,-3.30715800080723,-0.121245479334628,1.09098954065123,"xgb_constrained","continuous","poisson","continuous_poisson_tlog2",75,FALSE,TRUE
0.693147180559945,0.736470901018844,0.0182411734138955,0.736999999544424,0.0181804398901692,0.632707379739561,0.0174046153463633,1.03743112945498,0.21010333451683,0.698300818170982,3.13789731111961,0.103763521279284,0.000529098525579585,Inf,-2.19596564171876,-0.113125957177451,1.08126036232301,"xgb_constrained","continuous","poisson","continuous_poisson_tlog2",76,FALSE,TRUE
0.693147180559945,0.714758629234452,0.0190211977190872,0.715352091052034,0.0188121373688391,0.60915735210974,0.0171694415584074,0.794537029224729,0.511891377262461,0.706527852807931,2.48195994160828,0.105601277124711,0.000593461817581242,Inf,-2.51557046108526,-0.110984473807235,1.08240931101986,"xgb_constrained","continuous","poisson","continuous_poisson_tlog2",77,FALSE,TRUE
0.693147180559945,0.717885756141344,0.0237531506843851,0.716352659592371,0.0237071732786616,0.640872321391044,0.0176623733975406,0.214722949181102,2.88533287727407,0.692747345004424,3.45267775080658,0.0770134347502993,-0.0015330965489736,Inf,-2.87707105131545,-0.195650257860269,1.13445787351293,"xgb_constrained","continuous","poisson","continuous_poisson_tlog2",78,FALSE,TRUE
0.693147180559945,0.71073264521926,0.017915613273438,0.711134386889492,0.0177686539874078,0.626788675828663,0.0179909760654708,0.77175796356063,9.0082398631233,0.700299618052838,2.86826930845452,0.0839439693905984,0.000401741670232214,Inf,-1.84710395321555,-0.0941800061958766,1.07357197220364,"xgb_constrained","continuous","poisson","continuous_poisson_tlog2",79,FALSE,TRUE
0.693147180559945,0.711856970732501,0.0211832271516793,0.712203256660612,0.0213949000197642,0.6289631304883,0.0166587403389856,1.09227741060731,1.43660789644956,0.71097077929962,3.52525319444063,0.0828938402441999,0.000346285928111478,Inf,-2.90692929370824,-0.0759618315169595,1.06937887636857,"xgb_constrained","continuous","poisson","continuous_poisson_tlog2",80,FALSE,TRUE
0.693147180559945,0.726892743955077,0.0226653497101652,0.727599778404958,0.0226682849338597,0.644485796802492,0.0217545802873576,0.372461217467044,5.45070554524845,0.686595728045328,2.71796755210881,0.0824069471525869,0.000707034449880628,Inf,-2.56346072101862,-0.125258489910614,1.08966711055094,"xgb_constrained","continuous","poisson","continuous_poisson_tlog2",81,FALSE,TRUE
0.693147180559945,0.730676145701951,0.0206613781763892,0.732028871940572,0.0204304366469979,0.628917163933337,0.0166344908306989,0.752838496363808,0.56427508297168,0.699637808853054,3.78851335935709,0.101758981768614,0.00135272623862093,Inf,-2.92529244542892,-0.132079604656642,1.09709555542471,"xgb_constrained","continuous","poisson","continuous_poisson_tlog2",82,FALSE,TRUE
0.693147180559945,0.732277082334809,0.0233892552285427,0.732389297520152,0.0233014341421764,0.618062066524378,0.018975818225441,0.593819995185246,0.410665111680534,0.699439245277192,3.20984551607035,0.114215015810431,0.000112215185343323,Inf,-2.6036867287917,-0.0558853288178229,1.04779876351254,"xgb_constrained","continuous","poisson","continuous_poisson_tlog2",83,FALSE,TRUE
0.693147180559945,0.757875315939667,0.0252758473791999,0.758723750797465,0.0254636687047811,0.651250584658166,0.018222268103493,0.701862191572992,0.830060267191465,0.70208483817885,3.17659774750555,0.106624731281502,0.000848434857797842,Inf,-2.91748929089756,-0.0691723656945573,1.05371059805978,"xgb_constrained","continuous","poisson","continuous_poisson_tlog2",84,FALSE,TRUE
0.693147180559945,0.740983648191401,0.017580016700567,0.738386694429567,0.0173280821883636,0.636793761211101,0.02048989383457,0.542234793078874,0.627239135254166,0.709558797214517,3.02712546315497,0.104189886980301,-0.002596953761834,Inf,-2.90514556236279,-0.0463537099188069,1.04474398228035,"xgb_constrained","continuous","poisson","continuous_poisson_tlog2",85,FALSE,TRUE
0.693147180559945,0.709188726806636,0.01889978571328,0.709789628800873,0.018790766480522,0.619767113912414,0.0202318553368439,1.53669601693528,3.54219938645551,0.706546769986823,2.81666177019574,0.0894216128942209,0.000600901994236347,Inf,-2.17197223146425,-0.0520079746259668,1.04502436503963,"xgb_constrained","continuous","poisson","continuous_poisson_tlog2",86,FALSE,TRUE
0.693147180559945,0.700325508218268,0.0214338274066717,0.701171594838634,0.0215776968449286,0.614431136749284,0.0221582745293826,0.60445436343716,2.09783532122007,0.710718935836157,4.75558174825754,0.0858943714689849,0.000846086620365449,Inf,-2.94138107881052,-0.286304084266131,1.19933426709183,"xgb_constrained","continuous","poisson","continuous_poisson_tlog2",87,FALSE,TRUE
0.693147180559945,0.705422915019563,0.0216747469334235,0.704592601522116,0.0216450933186564,0.621752420608397,0.0159033653173912,0.573456355800566,0.90981400428314,0.674571925379506,3.10187132959028,0.0836704944111675,-0.000830313497447777,Inf,-2.59543148657062,-0.0811286309663294,1.06464965634593,"xgb_constrained","continuous","poisson","continuous_poisson_tlog2",88,FALSE,TRUE
0.693147180559945,0.724048521949223,0.0203849417690686,0.726279930930506,0.0202916785333068,0.64735725164389,0.0146686684212718,0.612573764977449,3.84210916569694,0.707371038090723,2.59206214856835,0.0766912703053318,0.00223140898128293,Inf,-1.81398364652723,-0.0530810612473223,1.04440121991154,"xgb_constrained","continuous","poisson","continuous_poisson_tlog2",89,FALSE,TRUE
0.693147180559945,0.740655275156425,0.0200482974288509,0.742984849686673,0.0201964400138259,0.660903367003164,0.0184836245014334,1.01405235468523,2.52889236862945,0.717666965169676,3.51170832567364,0.0797519081532587,0.00232957453024818,Inf,-2.21174016562368,-0.2075033104947,1.13288265287972,"xgb_constrained","continuous","poisson","continuous_poisson_tlog2",90,FALSE,TRUE
0.693147180559945,0.717984438677911,0.0229521737255382,0.719034558453871,0.022774023113315,0.61706854212143,0.0167856642721997,0.80109276450035,2.61580889383274,0.681624014057655,2.64939380667675,0.100915896556481,0.00105011977595948,Inf,-2.8962218843878,-0.161701935707385,1.12392310695724,"xgb_constrained","continuous","poisson","continuous_poisson_tlog2",91,FALSE,TRUE
0.693147180559945,0.718978088019032,0.0204254632529896,0.718326116181227,0.02062386005827,0.646141293937304,0.0172960884566891,0.654698990776798,0.42401311298706,0.688813750212748,3.24049689002857,0.0728367940817307,-0.000651971837805743,Inf,-2.5324642022833,-0.052864694428101,1.0429676452595,"xgb_constrained","continuous","poisson","continuous_poisson_tlog2",92,FALSE,TRUE
0.693147180559945,0.732858542064304,0.0217467716156295,0.733151772942286,0.0218840697237419,0.653852167043926,0.0181277442630316,0.891160061543615,2.0587265281619,0.689983423942109,3.27380512591036,0.079006375020378,0.00029323087798272,Inf,-2.86464452890708,-0.137056618473275,1.09802678640983,"xgb_constrained","continuous","poisson","continuous_poisson_tlog2",93,FALSE,TRUE
0.693147180559945,0.695675052882769,0.0209424345240992,0.696175907626261,0.0212301356899013,0.614840204009436,0.0167816188124323,0.639127765442879,1.33564678567704,0.674844681302804,2.73127832431111,0.0808348488733339,0.000500854743492041,Inf,-1.84616272217122,-0.0878326182019963,1.07064039941738,"xgb_constrained","continuous","poisson","continuous_poisson_tlog2",94,FALSE,TRUE
0.693147180559945,0.710039510803297,0.0262971983747946,0.712377397526008,0.0260805881117778,0.602122056956909,0.0205140369633077,0.422546667040034,0.363759055076054,0.693743863586351,3.29783025350301,0.107917453846389,0.00233788672271107,Inf,-2.57380701117381,-0.203519785135597,1.14757417059471,"xgb_constrained","continuous","poisson","continuous_poisson_tlog2",95,FALSE,TRUE
0.693147180559945,0.732676148798883,0.0184487563894279,0.733397718933822,0.0185799073426506,0.62567903439849,0.0152078357858796,0.50293162714669,0.928605731878485,0.70827660185665,3.28384408660152,0.106997114400391,0.000721570134939009,Inf,-2.87555439838328,-0.246073044909241,1.16047835684608,"xgb_constrained","continuous","poisson","continuous_poisson_tlog2",96,FALSE,TRUE
0.693147180559945,0.689525780949326,0.0213719754355716,0.689928999496669,0.0214742645618213,0.623014620607565,0.017259955014899,0.98117620153454,1.4111526721464,0.669839819738275,2.73799855445593,0.0665111603417616,0.000403218547343043,Inf,-1.87246335669938,-0.104096557136055,1.07412166802315,"xgb_constrained","continuous","poisson","continuous_poisson_tlog2",97,FALSE,TRUE
0.693147180559945,0.740723964158813,0.0221003201527016,0.741102100855559,0.0224997736484733,0.65833520379509,0.0197432014185944,0.792350242047343,0.303406815113905,0.693078243938452,2.92746490467307,0.0823887603637222,0.000378136696746689,Inf,-2.19505979533423,-0.0745349979858509,1.05614681413456,"xgb_constrained","continuous","poisson","continuous_poisson_tlog2",98,FALSE,TRUE
0.693147180559945,0.74171708151192,0.0208568124877393,0.741059245936239,0.0210184497199099,0.637441419999794,0.0170763877978733,0.601300621600683,3.52836474818854,0.670401111060754,2.87099084919493,0.104275661512128,-0.000657835575680776,Inf,-2.59653067873658,-0.111602770010835,1.08233384926008,"xgb_constrained","continuous","poisson","continuous_poisson_tlog2",99,FALSE,TRUE
0.693147180559945,0.719069950338643,0.0202100982706239,0.720392977320492,0.0204396109494367,0.631346122762997,0.0180140595367947,0.467466166862966,0.281451805608284,0.703055320082324,3.15775810627465,0.0877238275756444,0.0013230269818495,Inf,-2.8664640162695,-0.125519428954509,1.09391994374669,"xgb_constrained","continuous","poisson","continuous_poisson_tlog2",100,FALSE,TRUE
0.693147180559945,0.668603840538848,0.0254509595301143,0.668117493227285,0.0253945128350347,0.608630638996902,0.027831037920674,1.61605855983345,39.0000352154195,0.706174767852698,3.0329722734416,0.0599732015419435,-0.000486347311562718,2.49047510226018,-2.06961079517853,-0.130336956991136,1.10951537554443,"xgb_constrained","continuous","negbin","continuous_negbin_tlog2",1,FALSE,TRUE
0.693147180559945,0.690962766886642,0.0270214410138078,0.690026573366096,0.0271364307258899,0.636431977309539,0.0258217777475709,0.457211859883726,3.46233427132271,0.718819281271088,2.9377115347626,0.0545307895771011,-0.000936193520545969,2.66193083556319,-2.40282023649096,0.136634746055675,0.970312468195771,"xgb_constrained","continuous","negbin","continuous_negbin_tlog2",2,FALSE,TRUE
0.693147180559945,0.654945557737644,0.0263138094073846,0.654305045574525,0.0263048415369389,0.60788415565291,0.0253167779597118,0.544543691859494,2.0617676136434,0.689578416869127,3.13294824786049,0.0470614020847313,-0.000640512163118556,2.69491235015763,-2.06858278757943,-0.123170229688477,1.09724695071872,"xgb_constrained","continuous","negbin","continuous_negbin_tlog2",3,FALSE,TRUE
0.693147180559945,0.649265207565507,0.0214330680778041,0.646011329740311,0.0214785016384791,0.598168813330525,0.0209689074802475,-0.236922873019802,0.906433124943224,0.659784486403997,2.49705023617265,0.0510963942349816,-0.00325387782519615,2.51323989741909,-2.09168932702076,0.00524191898874131,1.01319177698858,"xgb_constrained","continuous","negbin","continuous_negbin_tlog2",4,FALSE,TRUE
0.693147180559945,0.673115705479505,0.0264075792584658,0.67304039457905,0.0265209499832248,0.608922100681579,0.0270287348984754,0.45412369926815,9.11336267983012,0.671302046908137,2.16718243413245,0.0641936047979245,-7.53109004556496e-05,2.39364096667441,-2.08514403118469,0.0591580438497696,0.989382841958056,"xgb_constrained","continuous","negbin","continuous_negbin_tlog2",5,FALSE,TRUE
0.693147180559945,0.675289392356935,0.0238326845447221,0.674183076916578,0.023722919957183,0.593473820153855,0.0232214936067672,0.47718442500929,0.484464707875062,0.700101541325329,3.70550242046493,0.0818155722030783,-0.00110631544035744,2.24129083026195,-2.13106715721535,-0.0385705642953497,1.04815097662279,"xgb_constrained","continuous","negbin","continuous_negbin_tlog2",6,FALSE,TRUE
0.693147180559945,0.655181866271013,0.0256128449846437,0.657813169180563,0.0257790070664973,0.590839526024723,0.023805081552346,0.670695975141859,99.2545746994646,0.682849955008361,3.79831108699574,0.0643423402462899,0.00263130290954994,2.38642279254933,-2.07461272583524,0.0386909741480059,1.0040486207064,"xgb_constrained","continuous","negbin","continuous_negbin_tlog2",7,FALSE,TRUE
0.693147180559945,0.641174241616393,0.025370047413864,0.6394623838756,0.0253187529372589,0.610127528150772,0.0233080547182285,0.756539486594662,0.883297648481043,0.686282965957135,2.99042924483161,0.0310467134656222,-0.00171185774079285,2.76871480748841,-2.09383933465422,0.011997071177289,1.00730478494848,"xgb_constrained","continuous","negbin","continuous_negbin_tlog2",8,FALSE,TRUE
0.693147180559945,0.696224232023455,0.0231739852901194,0.695343147867392,0.0230622560817296,0.651561953425797,0.0217038022671984,0.966204056010107,32.2369821747242,0.7126852539405,2.83212111063886,0.0446622785976587,-0.000881084156062806,2.6128945547713,-2.06173956758116,0.00955429966679678,1.01964373456909,"xgb_constrained","continuous","negbin","continuous_negbin_tlog2",9,FALSE,TRUE
0.693147180559945,0.692907142873533,0.025776483068692,0.690909049345218,0.0261151031885459,0.640301830351586,0.0230785568814126,-0.94094933625579,4.89902841752227,0.732939854008524,3.37444245100472,0.0526053125219462,-0.00199809352831481,2.779524110929,-2.07286780149114,0.0556265564351634,1.00356075104252,"xgb_constrained","continuous","negbin","continuous_negbin_tlog2",10,FALSE,TRUE
0.693147180559945,0.630170142399389,0.0276326933191179,0.629195285174037,0.0278180563319888,0.590822134341335,0.0237135967023457,0.903629707132206,0.518645742078289,0.678323856088483,2.63975464247448,0.0393480080580535,-0.000974857225351289,2.73890525532616,-2.10672718728297,-0.0279739299925742,1.04065166577632,"xgb_constrained","continuous","negbin","continuous_negbin_tlog2",11,FALSE,TRUE
0.693147180559945,0.65164006236673,0.0258288491062287,0.65408590161246,0.0259981372290707,0.608007899327546,0.0242244760216114,0.871661750005278,8.3183142499654,0.691891400873626,2.94174324599725,0.043632163039184,0.00244583924573083,2.56327022460881,-2.11135717788953,-0.000971842333348071,1.01731795204994,"xgb_constrained","continuous","negbin","continuous_negbin_tlog2",12,FALSE,TRUE
0.693147180559945,0.645017377694024,0.0245072663429478,0.64628019047692,0.0245410382119181,0.57255600653552,0.0267847607751199,0.610781875711995,1.26373040752463,0.678389852729933,3.37302405717679,0.0724613711585035,0.00126281278289697,2.26068069794678,-2.37860170080499,0.0489197747174859,1.01553000931512,"xgb_constrained","continuous","negbin","continuous_negbin_tlog2",13,FALSE,TRUE
0.693147180559945,0.673637732216496,0.0236477940912458,0.672400789999139,0.023986756707084,0.613436730771979,0.023353486701332,0.675581966370167,1.27690455395688,0.712487288249744,3.27059821897757,0.060201001444518,-0.00123694221735682,2.71272868700575,-2.06453110017218,-0.0410950322662234,1.04732023095729,"xgb_constrained","continuous","negbin","continuous_negbin_tlog2",14,FALSE,TRUE
0.693147180559945,0.637345577217942,0.0221410936276766,0.637294994550726,0.0220323423785204,0.592761306529276,0.0221703898287954,0.264601363559469,1.92041228635951,0.664793195271046,2.47322150062499,0.0445842706886653,-5.05826672162479e-05,2.41484138612458,-2.06091300790115,0.00271151520011998,1.01732670080549,"xgb_constrained","continuous","negbin","continuous_negbin_tlog2",15,FALSE,TRUE
0.693147180559945,0.647587935386047,0.023359797882849,0.644749260943346,0.0233050680520738,0.581883991213494,0.0311080835417983,0.864532901048578,2.70982773233425,0.678561169914082,3.01672844988461,0.0657039441725536,-0.00283867444270036,2.58689227646005,-2.08328528778486,0.0152600801203609,1.02011676994759,"xgb_constrained","continuous","negbin","continuous_negbin_tlog2",16,FALSE,TRUE
0.693147180559945,0.668891822317234,0.0226024064616887,0.668571960593351,0.0226571656393901,0.620058658920432,0.0215990277222063,1.86720391625791,1.43458547778852,0.689082448051563,2.58335403833309,0.0488331633968017,-0.000319861723882764,2.75520068697992,-2.07207116317833,-0.00498705208662734,1.02416472634655,"xgb_constrained","continuous","negbin","continuous_negbin_tlog2",17,FALSE,TRUE
0.693147180559945,0.664122112407541,0.0207621276482032,0.665374422596645,0.0209336052782808,0.580973986082146,0.0380010732809458,-0.280292629558052,0.690820287489971,0.695034454884665,3.00401661873981,0.0831481263253947,0.00125231018910454,2.68807709564483,-2.39329755320271,0.170315695591849,0.968387413086658,"xgb_constrained","continuous","negbin","continuous_negbin_tlog2",18,FALSE,TRUE
0.693147180559945,0.700646267928723,0.0225171281699446,0.700860386775437,0.0225544577186168,0.635351651813854,0.0185209778636918,0.642634816890173,5.78597704706298,0.7339062085043,2.89040872071282,0.0652946161148684,0.000214118846713962,2.54205104698301,-2.09845213656506,-0.0734672912109394,1.06479899157744,"xgb_constrained","continuous","negbin","continuous_negbin_tlog2",19,FALSE,TRUE
0.693147180559945,0.674699132352897,0.0221657444450786,0.677367200239432,0.0219962264970754,0.61805979553425,0.0226468363044217,0.356609284690216,0.443691526856242,0.698846649741939,2.54923333330368,0.0566393368186491,0.0026680678865344,2.96462742619592,-2.42593947767123,-0.00276533183039279,1.01893494669797,"xgb_constrained","continuous","negbin","continuous_negbin_tlog2",20,FALSE,TRUE
0.693147180559945,0.67553851394904,0.0236804631255571,0.677447026493552,0.0238394410547623,0.592076600573116,0.0202748356750378,0.750488492866544,6.77378462095409,0.723822341728437,3.51421469479096,0.0834619133759254,0.00190851254451185,2.79569260556111,-2.08112933026642,0.11453789386909,0.979911055214118,"xgb_constrained","continuous","negbin","continuous_negbin_tlog2",21,FALSE,TRUE
0.693147180559945,0.649086406802314,0.0254740521988321,0.647987019422514,0.0255701146699908,0.563579810949766,0.0236527536803883,0.945127206624591,1.8965473775892,0.698520836192631,3.06128939089557,0.0855065958525491,-0.00109938737980064,2.4619230486039,-2.07610634778069,-0.0391676039028207,1.06177831020498,"xgb_constrained","continuous","negbin","continuous_negbin_tlog2",22,FALSE,TRUE
0.693147180559945,0.667908923757316,0.0231043751642834,0.66920763459064,0.0229580681121671,0.614017636240153,0.0263282838976433,1.10930143195919,0.829124818634208,0.701260118249533,2.98125055325545,0.0538912875171609,0.00129871083332433,2.43289114057624,-2.11639589282536,-0.080009970591429,1.0749911056696,"xgb_constrained","continuous","negbin","continuous_negbin_tlog2",23,FALSE,TRUE
0.693147180559945,0.659962386131758,0.020442449013115,0.660534470806237,0.020493113099294,0.598888080512831,0.0184004954006767,1.61839541066318,0.912529501860176,0.681734864233906,3.04811363655116,0.0610743056189263,0.000572084674479112,2.70901237075047,-2.43351443900794,-0.0580886919006885,1.05564075028712,"xgb_constrained","continuous","negbin","continuous_negbin_tlog2",24,FALSE,TRUE
0.693147180559945,0.63196846950585,0.0258238926846827,0.633860638519789,0.0261029942759547,0.57838337853684,0.0226859109679524,0.937590951495126,0.477435202306805,0.66983555463668,2.60722755397506,0.0535850909690113,0.00189216901393807,2.78541456488229,-2.14016338513105,0.0723573862946783,0.97996649401571,"xgb_constrained","continuous","negbin","continuous_negbin_tlog2",25,FALSE,TRUE
0.693147180559945,0.695563740661281,0.0244534080467713,0.69679970363681,0.0244262602192937,0.633959054972565,0.0234162493512862,-20.6346957767718,12.9116823014417,0.72608628504689,2.74915841816796,0.0616046856887156,0.00123596297552897,2.52146059599948,-2.06279959112473,-0.0162742204779237,1.03767468593422,"xgb_constrained","continuous","negbin","continuous_negbin_tlog2",26,FALSE,TRUE
0.693147180559945,0.592479848222917,0.022740714216035,0.592010622445987,0.0228409903996013,0.554723505210766,0.0241391112562157,0.745870780793542,1.04951154152075,0.634691231355842,2.22756835582795,0.0377563430121499,-0.000469225776929427,2.91020571685888,-2.07750995914387,0.0445475812485035,0.989338536702323,"xgb_constrained","continuous","negbin","continuous_negbin_tlog2",27,FALSE,TRUE
0.693147180559945,0.685711292093365,0.0234349135969034,0.685562048541265,0.0236126243332468,0.629055782790455,0.0227135459313289,0.608297240481277,10.0604293448878,0.744276405980654,4.0165880137471,0.0566555093029085,-0.000149243552099665,2.79846234317885,-2.07356375188425,0.0357002355930023,1.00810549725705,"xgb_constrained","continuous","negbin","continuous_negbin_tlog2",28,FALSE,TRUE
0.693147180559945,0.665482514477675,0.0243603632605593,0.664874782015513,0.0242870279701407,0.622718645146093,0.022881461184564,0.566486847855986,34.2753805518355,0.69623676406674,2.63890629586545,0.0427638693315806,-0.000607732462162613,2.69650778003548,-2.09143418293634,0.00486723750595822,1.01165450585423,"xgb_constrained","continuous","negbin","continuous_negbin_tlog2",29,FALSE,TRUE
0.693147180559945,0.657851622301861,0.0258602011588624,0.65644969445967,0.0259560248928194,0.622304978441064,0.0259577032730674,0.758683189025658,2.60822590609581,0.714105682028771,3.57420148745042,0.0355466438607974,-0.00140192784219118,2.29249606161055,-2.46473417621421,0.0290314951180243,1.05206437869796,"xgb_constrained","continuous","negbin","continuous_negbin_tlog2",30,FALSE,TRUE
0.693147180559945,0.68174611565815,0.0251184866156587,0.680987973564024,0.024964773569281,0.615851583038033,0.0258383193874676,-0.0871774372002004,1.39805225935282,0.703730380139385,4.83868183229823,0.0658945326201173,-0.000758142094125613,2.65795617486747,-2.11612247384158,-0.179155066015538,1.12851119270115,"xgb_constrained","continuous","negbin","continuous_negbin_tlog2",31,FALSE,TRUE
0.693147180559945,0.687354790158877,0.0250860822597203,0.687757228223306,0.0252339713759027,0.589256056377367,0.0293764714650528,0.954105935669472,2.23772759088358,0.718827289702239,2.83461114022932,0.0980987337815096,0.000402438064429633,2.40343798311191,-2.79272122730759,0.0641051729060479,1.04176290182942,"xgb_constrained","continuous","negbin","continuous_negbin_tlog2",32,FALSE,TRUE
0.693147180559945,0.684824961252966,0.0223455400398679,0.685211648203743,0.0224047058393807,0.62385158192937,0.0238929939745945,4.0058948215542,1.11678673947669,0.710121546424267,2.99706764782894,0.0609733793235966,0.000386686950776927,2.58531241338225,-2.08064165446136,-0.026287540501067,1.03071705673407,"xgb_constrained","continuous","negbin","continuous_negbin_tlog2",33,FALSE,TRUE
0.693147180559945,0.686012584948565,0.0227008424920447,0.684770398454329,0.0227380417265955,0.612115093114265,0.0271018708243209,1.13907655019766,3.32701705567353,0.722434410924566,3.06139332255666,0.0738974918342998,-0.00124218649423591,2.87620599832959,-2.41048591909672,-0.0232916099924519,1.04954378554842,"xgb_constrained","continuous","negbin","continuous_negbin_tlog2",34,FALSE,TRUE
0.693147180559945,0.713802836995633,0.0229641517244768,0.714807133523355,0.0229016534915788,0.63784784347572,0.0230261757503601,1.35685363950353,11.9174205696074,0.74709849446074,3.78576132962889,0.0759549935199139,0.00100429652772138,2.48363560984436,-2.10664202581852,0.0439493223636657,0.98989077411666,"xgb_constrained","continuous","negbin","continuous_negbin_tlog2",35,FALSE,TRUE
0.693147180559945,0.681338370854283,0.0257775729372363,0.681013613886131,0.0257570175151483,0.619435264392136,0.0249352667711261,0.519377852097812,11.8506492247564,0.699769914507797,2.95605074245726,0.0619031064621447,-0.000324756968151818,2.90039542823253,-2.07733755135952,0.0430252425494289,0.993006220044281,"xgb_constrained","continuous","negbin","continuous_negbin_tlog2",36,FALSE,TRUE
0.693147180559945,0.674613634041923,0.0245346099446037,0.676552947677543,0.0243156587287512,0.613565916079756,0.0241610613645215,1.04124028623666,4.70696591251748,0.702725474886214,2.96847181832822,0.0610477179621669,0.00193931363562061,2.64142342820554,-2.38935122624816,0.0492007701295272,1.00661296023764,"xgb_constrained","continuous","negbin","continuous_negbin_tlog2",37,FALSE,TRUE
0.693147180559945,0.668287339881045,0.0256708330581787,0.66795360589147,0.0257756451079111,0.585216479538682,0.0312024985221528,0.711329198462105,10.1572534961086,0.689525831641252,2.73810709359168,0.0830708603423635,-0.000333733989575369,2.63581752130774,-2.12585485008278,0.0219642509487852,1.01292190104363,"xgb_constrained","continuous","negbin","continuous_negbin_tlog2",38,FALSE,TRUE
0.693147180559945,0.670364485996164,0.0242274184578161,0.667603223914196,0.0241798325325245,0.628242834218245,0.0233327129464312,0.831236237367486,18.5030652256038,0.696004776314111,4.14148271806208,0.0421216517779221,-0.00276126208196825,2.23403921657303,-2.13733345468864,-0.197476805888311,1.13501471964045,"xgb_constrained","continuous","negbin","continuous_negbin_tlog2",39,FALSE,TRUE
0.693147180559945,0.623651125289802,0.026692259693728,0.624285660201571,0.0266560104383359,0.53662664639934,0.0312295111946582,0.808665600231486,1.29064247007301,0.632223344075627,2.38509322784718,0.0870244788904632,0.000634534911769014,2.32534130399512,-2.43987507468035,0.063558876526828,1.00552115226212,"xgb_constrained","continuous","negbin","continuous_negbin_tlog2",40,FALSE,TRUE
0.693147180559945,0.677486015109095,0.0240118562132051,0.678321291096929,0.023997341073552,0.620680219760011,0.0323850834141097,0.789814831573326,0.618515137675909,0.689612816862063,3.27721438825517,0.0568057953490858,0.000835275987833395,2.52440034931631,-2.42964901088415,0.0571033005397338,0.994481000221993,"xgb_constrained","continuous","negbin","continuous_negbin_tlog2",41,FALSE,TRUE
0.693147180559945,0.692719873141931,0.023845787161556,0.694071718504955,0.0239784540635354,0.626427417506471,0.025771246485855,-1.32219379044518,2.39204808099945,0.723655183795335,2.62154574933481,0.066292455635459,0.00135184536302368,2.45304990318222,-2.45365109848081,0.0504699742440301,1.02410822886764,"xgb_constrained","continuous","negbin","continuous_negbin_tlog2",42,FALSE,TRUE
0.693147180559945,0.633263883005656,0.0185959625326408,0.632141287596263,0.018590399241818,0.557454600493865,0.0260444390726476,-0.215675127526256,0.777192696978814,0.666101209843347,4.95624770614968,0.0758092825117906,-0.00112259540939252,2.35018486498259,-2.46035546864146,0.768288262874078,0.948382838072372,"xgb_constrained","continuous","negbin","continuous_negbin_tlog2",43,FALSE,TRUE
0.693147180559945,0.671747066419127,0.0209015675238048,0.669500171129648,0.0210966802318899,0.630662021486081,0.0205033910658951,-6.82649442586482,3.21864953129538,0.726537958586157,2.98997976597626,0.0410850449330469,-0.0022468952894793,2.70170572751703,-2.09578098279668,0.022272644896838,1.00521381606025,"xgb_constrained","continuous","negbin","continuous_negbin_tlog2",44,FALSE,TRUE
0.693147180559945,0.664102760249688,0.0246334074394192,0.663343713551624,0.0246432356957273,0.608400363835294,0.0238360998360778,0.734757869549876,6.46032573516767,0.692725474373305,2.56860650385656,0.0557023964143954,-0.000759046698064036,2.72063623996572,-2.05793702980131,-0.165547674232511,1.12287513170195,"xgb_constrained","continuous","negbin","continuous_negbin_tlog2",45,FALSE,TRUE
0.693147180559945,0.673175706427628,0.0235737769722314,0.672727316673813,0.0236306973672553,0.609828764971885,0.0242109690896768,0.415072274297232,1.28653221267391,0.720064566870267,3.25528497004679,0.0633469414557431,-0.000448389753815226,2.72569916373427,-2.08576981039539,-0.105467943846425,1.08484718667837,"xgb_constrained","continuous","negbin","continuous_negbin_tlog2",46,FALSE,TRUE
0.693147180559945,0.633467884650665,0.0244358525600928,0.633878102143869,0.0244297870292288,0.564031766310835,0.0261008041286631,1.0320999855355,0.51353433784487,0.691879602927437,3.17534367979895,0.0694361183398298,0.000410217493204024,2.31166596533137,-2.09893043503039,-0.00189576597845729,1.02614550814601,"xgb_constrained","continuous","negbin","continuous_negbin_tlog2",47,FALSE,TRUE
0.693147180559945,0.662047780164052,0.0204317108213393,0.662566190283623,0.0205245413844926,0.609936422210606,0.0192930519216616,0.687922190431462,0.39259249552941,0.695460239327058,2.9140479004612,0.0521113579534476,0.0005184101195711,2.92900463293411,-2.06746088981688,-0.0265675433407219,1.05238238439766,"xgb_constrained","continuous","negbin","continuous_negbin_tlog2",48,FALSE,TRUE
0.693147180559945,0.67664082894976,0.0267095214473597,0.677420209449041,0.0268688990018687,0.544119102127396,0.0320789280379657,1.63339804295969,2.66243404685659,0.704096843043391,4.12895717169176,0.132521726822364,0.000779380499281279,2.14456351873446,-2.43932744443294,0.175926806370374,1.02722174995926,"xgb_constrained","continuous","negbin","continuous_negbin_tlog2",49,FALSE,TRUE
0.693147180559945,0.625602037572568,0.0256965022795595,0.625173940941033,0.0258239150021452,0.572828350668088,0.029546606449753,0.308093416321012,0.930314763663198,0.661526881586421,3.29895389239616,0.0527736869044778,-0.000428096631534869,2.31762712243517,-2.10370907360672,-0.0475703382265346,1.05982198934128,"xgb_constrained","continuous","negbin","continuous_negbin_tlog2",50,FALSE,TRUE
0.693147180559945,0.659884533230356,0.0233434287352982,0.660037658658137,0.0233731516647831,0.605695057570318,0.0235831490315087,4.27876749790081,6.44822451118227,0.703047544296902,2.90176687467732,0.0541894756600366,0.000153125427781786,2.71365869713303,-2.11925706756579,0.103672943586453,0.956228475843515,"xgb_constrained","continuous","negbin","continuous_negbin_tlog2",51,FALSE,TRUE
0.693147180559945,0.65142321666945,0.0241477760107807,0.650523672290927,0.0243509320133829,0.606655197086986,0.0232857209417942,0.870692496378529,5.03681697969564,0.675752292066082,2.62429187775775,0.0447680195824624,-0.000899544378522688,2.64166572226596,-2.09503076272246,-0.0575527540038432,1.05759628589175,"xgb_constrained","continuous","negbin","continuous_negbin_tlog2",52,FALSE,TRUE
0.693147180559945,0.636149844287858,0.0214911470242798,0.634735931510656,0.0216899902237958,0.560026649635447,0.0218316101464389,0.761694573931789,0.439560288499911,0.671975616286414,2.56433045311062,0.0761231946524119,-0.00141391277720226,2.6311492724061,-2.11596803707805,-0.00230320277075943,1.03122386379829,"xgb_constrained","continuous","negbin","continuous_negbin_tlog2",53,FALSE,TRUE
0.693147180559945,0.691213785311176,0.0212871591429736,0.692252820132686,0.0214590887437777,0.614331930457949,0.0228992955578555,0.366401022978258,3.29574712867052,0.747299065997491,3.38539252489431,0.0768818548532271,0.00103903482151002,2.51471963013316,-2.12527494356409,0.0582355439250499,0.997048619455446,"xgb_constrained","continuous","negbin","continuous_negbin_tlog2",54,FALSE,TRUE
0.693147180559945,0.666099654600225,0.0272505927243174,0.667920100076349,0.0275067254443385,0.590891544274707,0.0434928371986428,-0.610960790313928,63.556069031664,0.725925378662925,2.80926596232981,0.0752081103255186,0.00182044547612403,2.50496513641204,-2.46326721432095,0.0827393100381396,0.99505976055224,"xgb_constrained","continuous","negbin","continuous_negbin_tlog2",55,FALSE,TRUE
0.693147180559945,0.660577813115216,0.0210327316362682,0.658569006736528,0.0210478154136684,0.589779597843834,0.0213260899268853,3.40379786506865,6.58189401228282,0.694202837317372,2.8937108666298,0.0707982152713828,-0.00200880637868783,2.5740272900693,-2.08857270815738,-0.0945190759826305,1.08299261310106,"xgb_constrained","continuous","negbin","continuous_negbin_tlog2",56,FALSE,TRUE
0.693147180559945,0.667743477841323,0.0250090479038383,0.669629861574868,0.024952743982883,0.600571821774939,0.0236269168277893,0.329916462176516,0.412215586877371,0.690799627378142,3.15374457374727,0.0671716560663848,0.00188638373354411,2.83869476255543,-2.04468878995246,-0.149897674260044,1.11982991769329,"xgb_constrained","continuous","negbin","continuous_negbin_tlog2",57,FALSE,TRUE
0.693147180559945,0.639946139836442,0.023172706376067,0.64061994272076,0.0231685908656146,0.576818396380661,0.025528717986626,0.579606038580673,1.11502072043063,0.683566375481874,2.93805320261154,0.0631277434557836,0.000673802884318397,2.8744372903712,-2.02851202986561,-0.132491621511938,1.10944112183354,"xgb_constrained","continuous","negbin","continuous_negbin_tlog2",58,FALSE,TRUE
0.693147180559945,0.63646989553878,0.0237840519868926,0.636823368017059,0.0237981586966528,0.58261624101417,0.0231256037422581,0.518038882659963,0.370523101171272,0.688431618731081,4.37011300846056,0.0538536545246099,0.000353472478278993,2.418082078719,-2.09185640999183,0.0490624475624491,1.03995667727919,"xgb_constrained","continuous","negbin","continuous_negbin_tlog2",59,FALSE,TRUE
0.693147180559945,0.626438353952148,0.0237437853866443,0.62812432695482,0.0235176992191224,0.596298072000552,0.021030663077211,0.535978619744321,0.41371210744634,0.673795303482821,2.77761686635498,0.0301402819515963,0.00168597300267193,2.59165761807077,-2.40800280859717,-0.0399771767082382,1.0519240277383,"xgb_constrained","continuous","negbin","continuous_negbin_tlog2",60,FALSE,TRUE
0.693147180559945,0.678556173139824,0.0237386018506624,0.6813376122104,0.0238499049643383,0.602031081446195,0.0260093944196816,1.0660394288466,1.54873943071429,0.720451846207951,2.8591930353416,0.0765250916936298,0.0027814390705756,2.43162431459093,-2.09129649509648,-0.125947027986791,1.11289022971104,"xgb_constrained","continuous","negbin","continuous_negbin_tlog2",61,FALSE,TRUE
0.693147180559945,0.662914074679279,0.0242916377439446,0.660663892035528,0.0242225917899764,0.588844536022517,0.0271941760063528,0.288648175687781,1.60559536585403,0.668851336233097,2.91156957228979,0.0740695386567625,-0.00225018264375132,2.7456528264245,-2.10102415101284,-0.120154785516637,1.10055613156028,"xgb_constrained","continuous","negbin","continuous_negbin_tlog2",62,FALSE,TRUE
0.693147180559945,0.64564547293676,0.024132873936184,0.646471762753483,0.0242554180497809,0.589547916159297,0.0219702689357866,0.311343627417433,1.357343661065,0.682353893373436,2.97872423067226,0.0560975567774656,0.000826289816723169,2.78902156787796,-2.11429591860235,-0.0277191304481983,1.03277071676471,"xgb_constrained","continuous","negbin","continuous_negbin_tlog2",63,FALSE,TRUE
0.693147180559945,0.685548976849294,0.024479206548409,0.686631955033065,0.0243357571872982,0.637975825006043,0.0231749610008959,0.732154843945944,2.52082565733357,0.705658549090131,3.28179015094725,0.047573151843249,0.00108297818377057,2.33323441452687,-2.09524098476847,-0.216970794881538,1.15085422463906,"xgb_constrained","continuous","negbin","continuous_negbin_tlog2",64,FALSE,TRUE
0.693147180559945,0.658151343595241,0.0254251402133276,0.658440629014793,0.025517601942028,0.579026128112117,0.0241830420475718,0.590596876090359,0.689200741031612,0.679496073734557,3.01193268336315,0.0791252154831233,0.000289285419551533,2.34192284413527,-2.14930738317422,0.118425115470373,0.995072774494327,"xgb_constrained","continuous","negbin","continuous_negbin_tlog2",65,FALSE,TRUE
0.693147180559945,0.65984365954972,0.0221656324663405,0.659931586988377,0.0221050348396218,0.6221593465726,0.0203517297020902,0.940307116807292,3.22326013398022,0.693214044545133,3.23058194489132,0.0376843129771219,8.79274386564877e-05,2.36523804915237,-2.09601889327713,-0.0247409303592372,1.03972373306175,"xgb_constrained","continuous","negbin","continuous_negbin_tlog2",66,FALSE,TRUE
0.693147180559945,0.717899671101936,0.0253815542555738,0.722605305631239,0.0257305905870286,0.669668400851757,0.021393328974113,127.521366535105,2.76319897222922,0.734599200664755,3.18528008348407,0.0482312702501804,0.00470563452930262,2.77863613131329,-2.08155814514341,-0.111381859536869,1.09458296492599,"xgb_constrained","continuous","negbin","continuous_negbin_tlog2",67,FALSE,TRUE
0.693147180559945,0.679563596677752,0.0251155496448106,0.682320809043739,0.0250461771826881,0.599115828654585,0.0272301020414167,1.02123679752003,2.33945986425768,0.70194842706124,3.6002908300288,0.0804477680231687,0.00275721236598725,2.36959647141098,-2.16210627185271,0.019822166552179,1.0391191470848,"xgb_constrained","continuous","negbin","continuous_negbin_tlog2",68,FALSE,TRUE
0.693147180559945,0.664566973504206,0.0226861784625105,0.667745428775492,0.0231654256490112,0.623700562649308,0.0211143802971723,0.932545580433294,2.11531155362107,0.680649708442506,3.21877599294853,0.0408664108548973,0.00317845527128591,2.85138195932811,-2.08868486278006,-0.0389144556126372,1.04149223571907,"xgb_constrained","continuous","negbin","continuous_negbin_tlog2",69,FALSE,TRUE
0.693147180559945,0.657467483568135,0.0233645325354378,0.656812036290316,0.0233641728061439,0.60632302516718,0.0229178133853852,0.808397790437437,0.453967903463582,0.692432289954325,2.73495268897491,0.0511444584009567,-0.000655447277818966,2.71806603414259,-2.08006479661191,-0.021470608206939,1.03784226695239,"xgb_constrained","continuous","negbin","continuous_negbin_tlog2",70,FALSE,TRUE
0.693147180559945,0.652113946572136,0.026365561450424,0.653459990167259,0.0264149034547208,0.614077234484452,0.0259171990483779,0.533163737045205,9.84799035299224,0.670832747063404,3.1802076077124,0.0380367120876817,0.00134604359512269,2.69912644548119,-2.0759360080671,-0.0751016673325451,1.0752686081675,"xgb_constrained","continuous","negbin","continuous_negbin_tlog2",71,FALSE,TRUE
0.693147180559945,0.680804341901695,0.0232740125603989,0.681378602811654,0.0236956627009303,0.59400900797885,0.0284818195251641,0.807819803476686,9.07226083612682,0.727685549925305,14.1840463018469,0.0867953339228454,0.000574260909959379,2.25721092407947,-2.43263519982994,1.01392160471892,1.03104367082935,"xgb_constrained","continuous","negbin","continuous_negbin_tlog2",72,FALSE,TRUE
0.693147180559945,0.653812969158787,0.0188040128043943,0.654901619586148,0.0189159149866137,0.598364376973256,0.0188211236257545,0.404846206381477,0.651381001909783,0.6851212613656,2.93665914878939,0.0554485921855313,0.00108865042736073,2.51937888848111,-2.13815621104902,0.00972087855602226,1.02517781544151,"xgb_constrained","continuous","negbin","continuous_negbin_tlog2",73,FALSE,TRUE
0.693147180559945,0.658520520291318,0.0224372676558608,0.658040134281586,0.0224563790560121,0.614135879474603,0.0224450409339993,0.388325132343687,0.583034939814967,0.700305572778299,2.4809904069489,0.0443846408167151,-0.000480386009732103,2.58146484021118,-2.04678017962829,-0.037006896505345,1.04447422036197,"xgb_constrained","continuous","negbin","continuous_negbin_tlog2",74,FALSE,TRUE
0.693147180559945,0.647409539315788,0.020733055640336,0.648495628333021,0.0207011005570677,0.587366883137897,0.0216683740777292,1.32266378559803,0.868590465231076,0.69388585129771,3.15335268824507,0.0600426561778899,0.00108608901723306,2.67328759039023,-2.06744152945555,-0.0355988748225883,1.03967182229265,"xgb_constrained","continuous","negbin","continuous_negbin_tlog2",75,FALSE,TRUE
0.693147180559945,0.693842228186678,0.0248535004230973,0.68875382757301,0.0246365600196183,0.636850368806586,0.0283305317467824,0.339497426132501,1.39015333647967,0.733405524234276,3.14073393168925,0.0569918593800908,-0.00508840061366767,2.55925284752819,-2.42631839735982,0.05009837673336,1.04288152611488,"xgb_constrained","continuous","negbin","continuous_negbin_tlog2",76,FALSE,TRUE
0.693147180559945,0.655815928162254,0.0235779927195123,0.655317611961283,0.0239193494289158,0.616730084151458,0.0212461486138415,0.803439002322936,0.543599982076477,0.684808183898325,2.79642249080872,0.039085844010794,-0.000498316200971072,2.81947671282051,-2.41656384907745,-0.0304202773180492,1.04420260251852,"xgb_constrained","continuous","negbin","continuous_negbin_tlog2",77,FALSE,TRUE
0.693147180559945,0.638325671934715,0.0209391813517071,0.64015754721574,0.0210112835735609,0.553115526172412,0.0266155271470018,0.242612024518861,0.395853362361584,0.681762837357511,2.73616791733856,0.0852101457623036,0.00183187528102535,2.66495641841468,-2.41221494417294,-0.0940725173814096,1.11419342005446,"xgb_constrained","continuous","negbin","continuous_negbin_tlog2",78,FALSE,TRUE
0.693147180559945,0.692869259980241,0.0249573618694864,0.693533447697869,0.0251137449235843,0.589451444165385,0.0433676476411963,1.03379383972611,6.28161623256898,0.70319266262357,3.69663303003469,0.103417815814858,0.00066418771762744,2.264750268802,-2.47892370178395,-0.106170853301243,1.15336991228842,"xgb_constrained","continuous","negbin","continuous_negbin_tlog2",79,FALSE,TRUE
0.693147180559945,0.676365079652963,0.0255405261302266,0.674222428474681,0.0254806741240639,0.610216209780197,0.0234826619395293,0.86111961967101,1.7835302125284,0.702752815771737,3.46445430362037,0.0661488698727649,-0.0021426511782815,2.38097001567653,-2.10529064975182,-0.161310717802429,1.13044626581002,"xgb_constrained","continuous","negbin","continuous_negbin_tlog2",80,FALSE,TRUE
0.693147180559945,0.651844633945995,0.0240324504369264,0.65191859911009,0.024134852957692,0.60428035453699,0.024351239843282,0.245825799673266,0.972710945171616,0.695654153736466,3.23000332108313,0.0475642794090042,7.396516409508e-05,2.64007929835818,-2.10247310717303,-0.0897851644955336,1.0782981757861,"xgb_constrained","continuous","negbin","continuous_negbin_tlog2",81,FALSE,TRUE
0.693147180559945,0.630997507143137,0.0239213875608653,0.636561846116529,0.0238323874022957,0.589519318813617,0.0212963489229413,0.907187814039306,1.35677285575834,0.669038021559887,3.05670900219158,0.0414781883295194,0.00556433897339126,2.17218683921543,-2.80503096691619,0.025655605360782,1.04077155226853,"xgb_constrained","continuous","negbin","continuous_negbin_tlog2",82,FALSE,TRUE
0.693147180559945,0.663793194778562,0.0233328843269063,0.664394571061503,0.0235718803789953,0.601175170272513,0.0283748811467705,0.615199644911437,2.31654892361546,0.694738910755989,2.21356165737662,0.0626180245060483,0.000601376282941324,2.62215658559325,-2.4519508917009,0.108460050053854,0.998104080110965,"xgb_constrained","continuous","negbin","continuous_negbin_tlog2",83,FALSE,TRUE
0.693147180559945,0.659597430300409,0.0207764478258094,0.658285165203105,0.020832278078921,0.591149609860479,0.0234993685843348,1.31854176428907,2.46393593352055,0.710877163308712,2.72489343754844,0.0684478204399293,-0.00131226509730364,2.50798064839936,-2.06513188414398,-0.0255463475269066,1.04297389255643,"xgb_constrained","continuous","negbin","continuous_negbin_tlog2",84,FALSE,TRUE
0.693147180559945,0.68783348427813,0.0232440388307411,0.687286877992905,0.0232630815235756,0.611462613434409,0.0224368589449233,1.23843998273503,0.674030750642516,0.708475578421939,3.05142127902424,0.0763708708437185,-0.000546606285224849,2.62860913837025,-2.38669910808659,-0.0738660807179116,1.08336828218835,"xgb_constrained","continuous","negbin","continuous_negbin_tlog2",85,FALSE,TRUE
0.693147180559945,0.680946454933628,0.0231288801765199,0.682820700089245,0.0232748619059243,0.607166654302487,0.0240670717688333,0.907772270327224,3.75777318697482,0.727202442063267,3.31948754375365,0.0737798006311395,0.00187424515561618,2.50670665458316,-2.13005211208717,-0.0188792149155493,1.03904073815214,"xgb_constrained","continuous","negbin","continuous_negbin_tlog2",86,FALSE,TRUE
0.693147180559945,0.649849345945713,0.0245323283511011,0.648021156202677,0.0246112331077969,0.596324537959655,0.0290742159470694,0.988959284449125,1.39312742450349,0.680082936871996,3.29393608887831,0.0535248079860598,-0.00182818974303622,2.58644346595699,-2.44564424283561,-0.0891328041279977,1.07779537332186,"xgb_constrained","continuous","negbin","continuous_negbin_tlog2",87,FALSE,TRUE
0.693147180559945,0.648832986196872,0.0264851791137216,0.648692595359436,0.0265454922437826,0.598401091263583,0.0240664343654232,0.722576370155813,0.905947963866781,0.675499831480355,3.03708532174087,0.0504318949332879,-0.000140390837435445,2.46205326859362,-2.09189138213777,-0.0659131071767347,1.06961210744976,"xgb_constrained","continuous","negbin","continuous_negbin_tlog2",88,FALSE,TRUE
0.693147180559945,0.666950136526062,0.0258449101199805,0.668976631477177,0.0259354149443754,0.630002781481397,0.0268546614153233,2.22293660122688,2.80607853464728,0.693954409341434,3.19953035647652,0.0369473550446655,0.00202649495111484,2.68206705924847,-2.08110921083685,-0.0458072412412754,1.04284605071071,"xgb_constrained","continuous","negbin","continuous_negbin_tlog2",89,FALSE,TRUE
0.693147180559945,0.615566451207219,0.0240164242907223,0.616370271907843,0.0238934511517094,0.553541518764384,0.022060363455593,0.78048775615807,0.990539659643103,0.655968452434167,2.65068596353002,0.0620249324428351,0.000803820700624236,2.80310172688221,-2.13748615243383,-0.0457421238666574,1.0494742735695,"xgb_constrained","continuous","negbin","continuous_negbin_tlog2",90,FALSE,TRUE
0.693147180559945,0.64577548873139,0.025074563610987,0.643345625561583,0.024909761919059,0.570616955034728,0.0245503640007979,2.1984006123034,0.725685804545585,0.683246853086089,2.56345940330991,0.0751585336966626,-0.00242986316980665,2.84422706407898,-2.07257599815451,-0.00928040080902882,1.03454891330057,"xgb_constrained","continuous","negbin","continuous_negbin_tlog2",91,FALSE,TRUE
0.693147180559945,0.687241312511997,0.0260496166812074,0.69030124777457,0.0263261973648597,0.6182563234495,0.0256605469904283,-1.18588225354013,1.35804275042444,0.707200448361824,2.85003115715805,0.0689849890624988,0.00305993526257253,2.76187378795542,-2.05774713538852,-0.0408026172362122,1.05197789715814,"xgb_constrained","continuous","negbin","continuous_negbin_tlog2",92,FALSE,TRUE
0.693147180559945,0.675955329630209,0.0253052805279182,0.676956726568397,0.0251598543605416,0.614100442412332,0.0223784737822346,0.842385371367427,12.6988463100881,0.698333718356857,2.96447656861972,0.0618548872178777,0.00100139693818724,2.87653966046595,-2.0796908585928,-0.0740575369502542,1.07256983923546,"xgb_constrained","continuous","negbin","continuous_negbin_tlog2",93,FALSE,TRUE
0.693147180559945,0.653424189943106,0.0210969288766851,0.654915662857119,0.0210400164593747,0.605992583922935,0.0203680375206353,1.03055987537158,2.05940070872809,0.706993956713704,3.08615403269365,0.0474316060201716,0.00149147291401341,2.67681194603347,-2.12266244045002,-0.140215511848751,1.10398162956753,"xgb_constrained","continuous","negbin","continuous_negbin_tlog2",94,FALSE,TRUE
0.693147180559945,0.615336327361286,0.0214566710478388,0.61372421719437,0.0214314811776289,0.566977994684048,0.0193962854261117,20.5388014476524,19.6107329955011,0.633436394308045,2.89764569246944,0.0483583326772371,-0.00161211016691676,2.55118637075243,-2.13167862719235,-0.0250240665527682,1.03742119298426,"xgb_constrained","continuous","negbin","continuous_negbin_tlog2",95,FALSE,TRUE
0.693147180559945,0.692918238286185,0.0250396708286058,0.692804709350028,0.0249339519079342,0.65099361441578,0.0234223908585687,0.694203484336934,1.50834904462473,0.735640390123731,2.9285443046323,0.041924623870407,-0.000113528936157126,2.87014403423714,-2.40519165267324,-0.0399770685884724,1.05541933650943,"xgb_constrained","continuous","negbin","continuous_negbin_tlog2",96,FALSE,TRUE
0.693147180559945,0.672690448018559,0.0243020449807964,0.674317608406761,0.0240179634056289,0.624930147963645,0.0223506270854632,0.602736939409092,3.12980011259789,0.699009193723273,2.90820072554192,0.0477603000549145,0.00162716038820232,2.4585155434959,-2.10270095753878,-0.0253817182335608,1.03535092043308,"xgb_constrained","continuous","negbin","continuous_negbin_tlog2",97,FALSE,TRUE
0.693147180559945,0.653084752458982,0.0211631733642615,0.652957125771627,0.0213255927074623,0.617367423349862,0.0222265514097303,0.0739770214521459,0.898118864841732,0.677062148671692,2.89770623412988,0.0357173291091227,-0.000127626687355664,2.70576437454428,-2.11748190875018,-0.00501673824114161,1.04740653368887,"xgb_constrained","continuous","negbin","continuous_negbin_tlog2",98,FALSE,TRUE
0.693147180559945,0.667128379885324,0.0206223026965654,0.667775791055395,0.0206916120413723,0.602513014287189,0.0217903758079612,0.371354422810116,2.24502015304161,0.68412776048668,3.13468360731493,0.0646153655981365,0.000647411170071721,2.56402168739141,-2.42678523006114,-0.0204837998009225,1.05833597923751,"xgb_constrained","continuous","negbin","continuous_negbin_tlog2",99,FALSE,TRUE
0.693147180559945,0.663279104619333,0.0244342890223313,0.665957491268504,0.0244248081971052,0.603655691063044,0.0271952011574347,0.355483878572592,4.37476444128724,0.688250221358511,3.31138636016627,0.0596234135562911,0.00267838664917097,2.3130011744603,-2.11229475572995,-0.041019102965843,1.04923780366864,"xgb_constrained","continuous","negbin","continuous_negbin_tlog2",100,FALSE,TRUE
0.693147180559945,0.713030236881603,0.0386792663250124,0.711194316108862,0.0388029653816705,0.607764466304114,0.0295736527780113,0.781411388408681,0.10433050963973,0.700450647515515,3.35704611777483,0.105265770577488,-0.0018359207727412,Inf,-2.57167415208075,-0.412987184552749,1.33316450525504,"xgb_constrained","binary","poisson","binary_poisson_tlog2",1,FALSE,TRUE
0.693147180559945,0.773265340554151,0.0350072041824488,0.77602489809643,0.0349720802078232,0.663068440983807,0.0327007350240497,0.779196693131433,0.0437289076582476,0.729046096652783,2.757549098792,0.110196899570345,0.00275955754227819,Inf,-2.77387122526531,0.136755601535601,0.939033324728051,"xgb_constrained","binary","poisson","binary_poisson_tlog2",2,FALSE,TRUE
0.693147180559945,0.671449427448187,0.0378531656979672,0.669550885666174,0.0382567145758129,0.593629111746658,0.0319693588046826,0.679763371436335,10171.3541234818,0.672244269420817,2.54493387605161,0.0778203157015282,-0.00189854178201299,Inf,-3.40711926865964,-0.0702709524800437,1.0874307968226,"xgb_constrained","binary","poisson","binary_poisson_tlog2",3,FALSE,TRUE
0.693147180559945,0.725205023001434,0.0431362700773615,0.727099118134952,0.0430247018390726,0.54453948786173,0.0337965353932669,0.651068920904862,0.0369278082295585,0.655658238519711,2.18458147767265,0.180665535139702,0.00189409513351779,Inf,-2.58887568758853,-0.0131864587771578,1.02449235732391,"xgb_constrained","binary","poisson","binary_poisson_tlog2",4,FALSE,TRUE
0.693147180559945,0.758511954048108,0.03565430563363,0.757820697943489,0.0355183051066712,0.622571747012349,0.0319944070022318,0.700548786779393,0.0318448708913176,0.71583165169632,2.06740470824222,0.135940207035759,-0.000691256104619287,Inf,-2.61872771513498,-0.0366137260153019,1.04388126819789,"xgb_constrained","binary","poisson","binary_poisson_tlog2",5,FALSE,TRUE
0.693147180559945,0.777062578447156,0.0466392188441449,0.773001893058847,0.0465895244331999,0.589428913055104,0.03390570410891,0.702227745572784,0.0357821557672973,0.683545162043531,2.0678386064653,0.187633665392053,-0.00406068538830873,Inf,-1.9152786745374,-0.0399438739385016,1.03448029210889,"xgb_constrained","binary","poisson","binary_poisson_tlog2",6,FALSE,TRUE
0.693147180559945,0.84111700361117,0.0367573810897235,0.836537981802444,0.0368520571780818,0.648031158371095,0.0340423570055338,0.75795648681672,0.0664217770290956,0.766667406501302,2.76396315056062,0.193085845240075,-0.0045790218087266,Inf,-2.62486000550988,-0.0122037064332322,1.01649403373085,"xgb_constrained","binary","poisson","binary_poisson_tlog2",7,FALSE,TRUE
0.693147180559945,0.811298400397398,0.039866251723726,0.810332275162352,0.0398899732007558,0.688286524092427,0.0370999311057352,0.757988576223213,0.0350326250044691,0.757980885333367,2.27342092955128,0.123011876304971,-0.000966125235046023,Inf,-2.22507909147878,-0.0597766151423846,1.05550648728022,"xgb_constrained","binary","poisson","binary_poisson_tlog2",8,FALSE,TRUE
0.693147180559945,0.761813985452132,0.0340002502961048,0.76015600200802,0.0341653144922522,0.605996929724481,0.0319944269242947,0.719736980663194,0.0331628512592453,0.723455912956546,2.18194591475468,0.155817055727653,-0.0016579834441115,Inf,-2.55205145539757,-0.00787788980251732,1.01564420970871,"xgb_constrained","binary","poisson","binary_poisson_tlog2",9,FALSE,TRUE
0.693147180559945,0.771256822061266,0.0368227435507913,0.773981337891051,0.0370792219854177,0.669691260668388,0.0402964126078657,0.72010547576058,0.0333072484900297,0.721352365111688,2.63125744977873,0.101565561392879,0.0027245158297855,Inf,-3.34861638088575,-0.0579995118052239,1.06230851623482,"xgb_constrained","binary","poisson","binary_poisson_tlog2",10,FALSE,TRUE
0.693147180559945,0.777435109367178,0.0410628052087681,0.777915391301136,0.040734287491368,0.60576627059447,0.0351940729867295,0.717427920894738,0.0332176782745371,0.707807202607661,2.45053634655946,0.17166883877271,0.000480281933958548,Inf,-2.94946217299288,-0.0559939334314214,1.05636887139345,"xgb_constrained","binary","poisson","binary_poisson_tlog2",11,FALSE,TRUE
0.693147180559945,0.693288472088053,0.0381801462393734,0.695787473577868,0.0382776502250821,0.599529416471462,0.0352487166122083,0.752398496548691,0.067310420831925,0.683159942145592,2.671712762167,0.0937590556165918,0.00249900148981519,Inf,-3.61325793803602,0.153816161621717,0.929572972520757,"xgb_constrained","binary","poisson","binary_poisson_tlog2",12,FALSE,TRUE
0.693147180559945,0.740436732590719,0.0372702135889775,0.744451302546445,0.036873504034351,0.573456511925424,0.0317657510475555,0.674593810717276,49667.7348802013,0.677799197551349,2.11937926216156,0.166980220665296,0.00401456995572602,Inf,-2.2373563318649,-0.0777329888426319,1.06881363864092,"xgb_constrained","binary","poisson","binary_poisson_tlog2",13,FALSE,TRUE
0.693147180559945,0.73900152710342,0.0460087826474679,0.736654060648038,0.0459452045947193,0.569897567605298,0.0433708091132376,0.679924188286538,0.0443145410964009,0.681253601688443,1.98155739859207,0.16910395949812,-0.0023474664553822,Inf,-2.9463331070433,-0.058861006101062,1.05551101889156,"xgb_constrained","binary","poisson","binary_poisson_tlog2",14,FALSE,TRUE
0.693147180559945,0.805178603165422,0.0343279224991264,0.807111187212729,0.034672764601233,0.649486056590845,0.0291135163239508,0.710338808016584,65190.7939091832,0.756559098147893,2.06172750324475,0.155692546574579,0.00193258404730723,Inf,-2.22858601123765,-0.0722085293704902,1.06199512702968,"xgb_constrained","binary","poisson","binary_poisson_tlog2",15,FALSE,TRUE
0.693147180559945,0.710505241509805,0.0433661137513747,0.712866692891097,0.0438562227168493,0.544845131636556,0.0313541439160577,0.633168685001547,0.0350244640175461,0.634725928703541,1.81593900926038,0.165660109873247,0.00236145138129229,Inf,-2.2222575667957,-0.0499360299717812,1.04361330665037,"xgb_constrained","binary","poisson","binary_poisson_tlog2",16,FALSE,TRUE
0.693147180559945,0.713394692594251,0.034418081388389,0.710836973019712,0.0342666258803871,0.557258115374757,0.035729873469017,0.636396781665992,0.0376975873293975,0.676640758001468,1.74508241209811,0.156136577219494,-0.0025577195745391,Inf,-2.24328704468538,-0.00643337435328962,1.01917504101767,"xgb_constrained","binary","poisson","binary_poisson_tlog2",17,FALSE,TRUE
0.693147180559945,0.711347213929631,0.0337300118507611,0.711818991816499,0.0337473129066103,0.567136611443594,0.0294331382492782,0.651936632854369,0.0283329518727264,0.656634331709673,2.12119042510182,0.144210602486038,0.000471777886867586,Inf,-2.28684405777318,-0.0285241584614825,1.03336227270611,"xgb_constrained","binary","poisson","binary_poisson_tlog2",18,FALSE,TRUE
0.693147180559945,0.76748058340258,0.0442218689091502,0.769480486555368,0.0440514840754996,0.582859819278827,0.0331068892263944,0.672892291686893,0.0417923616517644,0.66364531939271,2.32189932707994,0.184620764123753,0.00199990315278786,Inf,-2.6632411893551,0.0601813551014055,0.975728437212907,"xgb_constrained","binary","poisson","binary_poisson_tlog2",19,FALSE,TRUE
0.693147180559945,0.704286224409485,0.0363983978926247,0.701255618797176,0.0361785012514628,0.591275156229159,0.0294932713370959,0.681196264533212,0.0288421358299491,0.677580915506244,2.11254264089337,0.113011068180326,-0.00303060561230928,Inf,-2.24825695064667,-0.0554255861381373,1.05032086554937,"xgb_constrained","binary","poisson","binary_poisson_tlog2",20,FALSE,TRUE
0.693147180559945,0.741001750679717,0.0417572562023967,0.742612592191876,0.0416111486736496,0.645707640368236,0.0361338873160613,0.692199374811954,0.0417916504917553,0.689814948972101,2.13707196769409,0.0952941103114817,0.00161084151215829,Inf,-2.59566586087558,-0.0916341482736518,1.08557398392354,"xgb_constrained","binary","poisson","binary_poisson_tlog2",21,FALSE,TRUE
0.693147180559945,0.760802606368204,0.0378915513853251,0.763619064363613,0.0376447350059037,0.607082900363612,0.0329491908657166,0.768145946737398,0.0592506396984161,0.690293065558896,3.18922329335161,0.153719706004593,0.00281645799540831,Inf,-2.96993531406143,-0.0654968808090164,1.07022421698809,"xgb_constrained","binary","poisson","binary_poisson_tlog2",22,FALSE,TRUE
0.693147180559945,0.777536325429325,0.0390477656117867,0.777376307226079,0.0389074532390519,0.606822031953485,0.0429418657904475,0.680312113699126,0.0494804141521113,0.730096620136431,2.12872179132204,0.170714293475839,-0.000160018203245738,Inf,-2.62610195788778,0.0284497619535659,0.996889041436062,"xgb_constrained","binary","poisson","binary_poisson_tlog2",23,FALSE,TRUE
0.693147180559945,0.734997499113136,0.038408580623733,0.739443675520869,0.0385909779625069,0.61357855273519,0.0272918355004905,0.705770365508365,0.0313406008916288,0.713740643784796,2.2386762937103,0.121418946377947,0.0044461764077327,Inf,-2.19942538629681,-0.0823583537265958,1.07353897817404,"xgb_constrained","binary","poisson","binary_poisson_tlog2",24,FALSE,TRUE
0.693147180559945,0.759887609370742,0.0379314247664284,0.757386038223372,0.0384284869496753,0.675740847408276,0.0329508686612475,0.804698733311777,0.07828858941928,0.754728035052116,2.61841054621419,0.0841467619624673,-0.00250157114737004,Inf,-2.92618168700548,-0.140016588681822,1.12567729336413,"xgb_constrained","binary","poisson","binary_poisson_tlog2",25,FALSE,TRUE
0.693147180559945,0.760086679988502,0.0338588167975628,0.757902880443791,0.034243472242132,0.618498205864443,0.0285672331926624,0.700897496640718,41343.5154130514,0.698830775897438,2.09431122080277,0.141588474124057,-0.00218379954471104,Inf,-2.59964599427887,-0.0834736116877941,1.07592748639311,"xgb_constrained","binary","poisson","binary_poisson_tlog2",26,FALSE,TRUE
0.693147180559945,0.767513218887155,0.0403807532613705,0.767155598426071,0.0402591223619552,0.588251521310492,0.0388616045402521,0.696576291549584,0.0413355768571882,0.70960750831696,2.19681622422356,0.17926169757666,-0.000357620461083674,Inf,-2.89017520514457,-0.00580399575735945,1.01709940329665,"xgb_constrained","binary","poisson","binary_poisson_tlog2",27,FALSE,TRUE
0.693147180559945,0.708618137975589,0.0372105595892333,0.705995295921123,0.0374249641820856,0.607456598192833,0.0324377338792657,0.681224018504229,0.0301503946800864,0.673152193392481,2.58622133802237,0.101161539782754,-0.0026228420544655,Inf,-2.60803703641942,-0.0166740897583877,1.0148257585449,"xgb_constrained","binary","poisson","binary_poisson_tlog2",28,FALSE,TRUE
0.693147180559945,0.754298704176855,0.0347642794504248,0.750766448207528,0.03463257950747,0.625280585551014,0.0316227182787631,0.717158227381993,0.0275813741085827,0.722915168259079,2.49399959518688,0.129018118625841,-0.00353225596932749,Inf,-3.29309983744957,-0.0765975109634548,1.06804501396899,"xgb_constrained","binary","poisson","binary_poisson_tlog2",29,FALSE,TRUE
0.693147180559945,0.724774869369438,0.0389610443959003,0.723459453946261,0.0391442468220522,0.592429158398172,0.0387462176500902,0.649856325136311,0.032762271503904,0.680957120719779,2.15095414287595,0.132345710971266,-0.0013154154231777,Inf,-2.94203140668691,-0.0660204644803296,1.05527230931191,"xgb_constrained","binary","poisson","binary_poisson_tlog2",30,FALSE,TRUE
0.693147180559945,0.716113674964489,0.0406923437133166,0.71700796864265,0.0410025653930941,0.560093732702993,0.039927426162252,0.667263326487147,0.0742919628326763,0.672680915696087,2.17078826873716,0.156019942261498,0.000894293678161184,Inf,-2.57624700346989,-0.0188640443604159,1.02275472597458,"xgb_constrained","binary","poisson","binary_poisson_tlog2",31,FALSE,TRUE
0.693147180559945,0.75496581886837,0.0431711905859755,0.754655026762197,0.0427757764050474,0.603848786312612,0.0426161306436825,0.817505378694394,28.6924888568769,0.725063649951699,4.62931707852681,0.151117032555758,-0.000310792106172797,Inf,-2.68783401715701,-0.171179166915318,1.25763037432316,"xgb_constrained","binary","poisson","binary_poisson_tlog2",32,FALSE,TRUE
0.693147180559945,0.68398718160211,0.0398776892522809,0.690215951394577,0.040120519800476,0.496671690059218,0.0474422058361637,0.629444126002322,0.0765195324649541,0.643171203381363,1.62506057456459,0.187315491542891,0.00622876979246667,Inf,-3.35444550219932,-0.081553547845997,1.09686598794577,"xgb_constrained","binary","poisson","binary_poisson_tlog2",33,FALSE,TRUE
0.693147180559945,0.801357349446914,0.037630035581796,0.800994327520528,0.037571744492445,0.692839616348618,0.031598088183969,0.759406862465301,0.0300731222447089,0.757857631326035,2.55255666824079,0.108517733098296,-0.000363021926386375,Inf,-2.97054649521675,-0.00897934282611057,1.01071766815084,"xgb_constrained","binary","poisson","binary_poisson_tlog2",34,FALSE,TRUE
0.693147180559945,0.734215853933898,0.04476844024358,0.735436552013709,0.0445587156275166,0.626846483349149,0.0321338911557663,0.712452742066876,0.0333784152926352,0.704041607686715,2.07125318944138,0.107369370584748,0.00122069807981096,Inf,-2.93853299805282,-0.0415550797986619,1.04555350664985,"xgb_constrained","binary","poisson","binary_poisson_tlog2",35,FALSE,TRUE
0.693147180559945,0.715026423603189,0.0385687310395061,0.712809624478533,0.0387974940857762,0.60549620931264,0.0302916462286176,0.709641343223794,0.0351299748869584,0.686209481458997,2.08159898785654,0.109530214290548,-0.00221679912465544,Inf,-2.56338926531892,-0.0675753236179921,1.06167642267564,"xgb_constrained","binary","poisson","binary_poisson_tlog2",36,FALSE,TRUE
0.693147180559945,0.726003113456767,0.0435500950028542,0.727369118678862,0.0433985677547881,0.592047584905305,0.0389148955273167,0.687868414938418,0.0446680420773423,0.684596779792816,2.42628576199194,0.13395552855146,0.00136600522209496,Inf,-2.98887799803797,-0.0654770159107385,1.05972908655872,"xgb_constrained","binary","poisson","binary_poisson_tlog2",37,FALSE,TRUE
0.693147180559945,0.723389243688927,0.0368874816121622,0.727593686140173,0.0373569241774893,0.6047249759166,0.0317371303521246,0.898774801439756,0.206401463080305,0.694602879313015,4.72373512837585,0.118664267772327,0.00420444245124607,Inf,-2.23864609388194,-0.307141536321287,1.25599026283381,"xgb_constrained","binary","poisson","binary_poisson_tlog2",38,FALSE,TRUE
0.693147180559945,0.735502507755469,0.0435560658126811,0.732169557428614,0.0435761261789009,0.562918656279501,0.0402651317536973,0.69963811760125,0.040460338344103,0.684386135095372,2.55443164554136,0.17258385147597,-0.0033329503268551,Inf,-2.63703822815911,-0.0377425405402638,1.03610085964725,"xgb_constrained","binary","poisson","binary_poisson_tlog2",39,FALSE,TRUE
0.693147180559945,0.771221486036987,0.044728040633935,0.776708579657791,0.0452872321292147,0.60289960501068,0.0516259015720285,0.78874167448875,0.0394792698223538,0.775942380363914,4.00277909188525,0.168321881026308,0.00548709362080368,Inf,-3.15283573467471,0.13200599018312,0.949641850694452,"xgb_constrained","binary","poisson","binary_poisson_tlog2",40,FALSE,TRUE
0.693147180559945,0.70685085907327,0.0414928549160268,0.710019474477061,0.0415498070224715,0.577629144253302,0.0339471438533676,0.694608181224155,0.0354420083397031,0.661828036331702,2.18612617125625,0.129221714819966,0.00316861540379099,Inf,-2.25040254791319,-0.100193108551427,1.08783355781267,"xgb_constrained","binary","poisson","binary_poisson_tlog2",41,FALSE,TRUE
0.693147180559945,0.718112377843204,0.0363894212519743,0.72274201994592,0.0364472317557509,0.594087545956919,0.0297839931572446,0.694362603272575,0.0507489305851332,0.68339851150258,2.16181213165564,0.124024831886287,0.00462964210271599,Inf,-2.58543635035455,0.0171403928286382,1.00112472966021,"xgb_constrained","binary","poisson","binary_poisson_tlog2",42,FALSE,TRUE
0.693147180559945,0.692963418623904,0.033816041768595,0.692579740174483,0.0341157208056942,0.569590652110339,0.0283521630005373,0.644127661300173,0.0278796197622455,0.654188032543479,2.02992163214223,0.123372766513567,-0.000383678449420666,Inf,-1.89607844382064,-0.0247802987172095,1.02193324811132,"xgb_constrained","binary","poisson","binary_poisson_tlog2",43,FALSE,TRUE
0.693147180559945,0.707853478358635,0.0395475535722133,0.704851597231438,0.0392322318320719,0.630362720589272,0.0321958086712788,0.727992167435933,0.0972321698463937,0.702490662008336,2.78968872280501,0.0774907577693628,-0.00300188112719768,Inf,-2.69878360179904,-0.0140777866727646,1.04065714656322,"xgb_constrained","binary","poisson","binary_poisson_tlog2",44,FALSE,TRUE
0.693147180559945,0.725419778126244,0.0354833607280254,0.7217977035324,0.0356986169726848,0.599581661174178,0.0307729298824623,0.675653956661604,0.0294442479052055,0.675898297790443,2.11304661415491,0.125838116952065,-0.003622074593845,Inf,-2.24485305288611,-0.0421541886820568,1.03877970620529,"xgb_constrained","binary","poisson","binary_poisson_tlog2",45,FALSE,TRUE
0.693147180559945,0.754982750215144,0.039661988072222,0.755860281296809,0.0390384466868998,0.625446588182412,0.0298823309902563,0.694469293434775,0.0324972348027721,0.699406172036027,2.25482895083674,0.129536162032732,0.000877531081664995,Inf,-2.59009286822105,-0.167223613014539,1.13727490504974,"xgb_constrained","binary","poisson","binary_poisson_tlog2",46,FALSE,TRUE
0.693147180559945,0.691149403574377,0.0433082565158854,0.694311797970298,0.0433522668275677,0.600772014550349,0.0361537537738012,0.67286090174431,0.0426426079297903,0.69117625610336,2.02839344030186,0.0903773890240269,0.00316239439592036,Inf,-2.62228901772456,0.0081405148126465,1.01375685227806,"xgb_constrained","binary","poisson","binary_poisson_tlog2",47,FALSE,TRUE
0.693147180559945,0.709383999856045,0.0372963356540636,0.717128285790128,0.0373952194755996,0.616374882908007,0.0359165763519512,0.704331676498217,0.0333449497703299,0.696291504736166,2.04293384610538,0.0930091169480373,0.00774428593408294,Inf,-2.55372336746618,-0.106188948022663,1.09382649169905,"xgb_constrained","binary","poisson","binary_poisson_tlog2",48,FALSE,TRUE
0.693147180559945,0.713143238848532,0.0417634279166155,0.711860951078514,0.0418557150219391,0.601324363809157,0.0331610402195914,0.660870089209157,0.0340661430407858,0.681494629583842,2.13455584005018,0.111818875039375,-0.00128228777001826,Inf,-2.59959366597466,-0.00570733176976792,1.01373172651238,"xgb_constrained","binary","poisson","binary_poisson_tlog2",49,FALSE,TRUE
0.693147180559945,0.809392415200065,0.037154837753373,0.806978206309291,0.037288272943714,0.649396085741281,0.0279984689289353,0.76333443314242,0.0279298154586148,0.754121082703726,2.21751319750114,0.159996329458784,-0.00241420889077459,Inf,-1.88231526376505,-0.0588156880544025,1.04737965442208,"xgb_constrained","binary","poisson","binary_poisson_tlog2",50,FALSE,TRUE
0.693147180559945,0.81435633624484,0.0433737095781264,0.811372076016192,0.0435549042033465,0.659136737761155,0.0354568115261155,0.751448740149382,0.040201061579805,0.734420464966005,2.53404533961802,0.155219598483683,-0.00298426022864728,Inf,-2.5686861046543,-0.066183384180849,1.06410117769648,"xgb_constrained","binary","poisson","binary_poisson_tlog2",51,FALSE,TRUE
0.693147180559945,0.692227356311678,0.0458378413262754,0.68986279943353,0.0460023447698341,0.515113592298531,0.0700134572680367,0.355723562375517,128858.794290899,0.678025288623745,0.474170704393397,0.177113764013146,-0.00236455687814785,Inf,-3.10774091410367,0.11166535147452,0.950424239138614,"xgb_constrained","binary","poisson","binary_poisson_tlog2",52,FALSE,TRUE
0.693147180559945,0.778085798293904,0.0379107403685946,0.77654316120385,0.0382518328335171,0.599074910937699,0.031954181379871,0.674869325445558,0.0318537655247698,0.682269062851212,1.9928320519571,0.179010887356204,-0.00154263709005387,Inf,-2.59554549909277,-0.0758948061792532,1.06701444885308,"xgb_constrained","binary","poisson","binary_poisson_tlog2",53,FALSE,TRUE
0.693147180559945,0.708877465179614,0.0365598702789399,0.709562620331738,0.0369057742743631,0.618694593059234,0.0336605705848205,0.69087278417223,0.0308623612075311,0.694918076281348,2.22879802247853,0.0901828721203818,0.000685155152124195,Inf,-2.59311941361023,-0.02638351447833,1.02633072454989,"xgb_constrained","binary","poisson","binary_poisson_tlog2",54,FALSE,TRUE
0.693147180559945,0.735572206087003,0.0408705719179043,0.737427475843482,0.0409759345774862,0.594862268455157,0.0371562573508893,0.748331500233284,50892.792238713,0.702904507660241,2.82024056236299,0.140709937631847,0.00185526975647909,Inf,-2.32003074802557,-0.0405846592515347,1.04760781410156,"xgb_constrained","binary","poisson","binary_poisson_tlog2",55,FALSE,TRUE
0.693147180559945,0.753437156107334,0.0458212780425829,0.749481497097517,0.0458110857227373,0.578751800206263,0.0370308252357851,0.78816393467512,0.071876035554233,0.701750366664734,3.23916345980245,0.174685355901069,-0.00395565900981654,Inf,-3.77626114516532,-0.0988454316812219,1.08527484547764,"xgb_constrained","binary","poisson","binary_poisson_tlog2",56,FALSE,TRUE
0.693147180559945,0.706582305333338,0.0421232773504662,0.708121499002791,0.0417728256401389,0.588105520752852,0.0305125328287678,0.708985032948638,0.0312256694411044,0.706360098390832,2.3161219834148,0.118476784580488,0.00153919366945232,Inf,-2.60325971599247,-0.104380314475011,1.09120489889503,"xgb_constrained","binary","poisson","binary_poisson_tlog2",57,FALSE,TRUE
0.693147180559945,0.711438031835571,0.0402088134605013,0.712641697434232,0.0401933705349947,0.591367217324855,0.0356191195867031,0.699667904170047,0.0511614128910837,0.670003809929126,1.9994502450083,0.120070814510716,0.00120366559866081,Inf,-2.60494761505387,-0.048500453605415,1.04681224166283,"xgb_constrained","binary","poisson","binary_poisson_tlog2",58,FALSE,TRUE
0.693147180559945,0.75948248180919,0.039903094448619,0.758550943723765,0.0404880178767482,0.626848838981064,0.0338738899639416,0.740993935645888,0.0325867924396502,0.726262372786375,2.27514380733199,0.132633642828128,-0.00093153808542501,Inf,-2.56215420638047,-0.0553101178410009,1.04884908831571,"xgb_constrained","binary","poisson","binary_poisson_tlog2",59,FALSE,TRUE
0.693147180559945,0.790026835029653,0.0346561683061221,0.790808465685649,0.0350053503888648,0.6385886985458,0.0283505403373003,0.742807932196168,0.0287076731506071,0.727866863062988,2.32450554293817,0.151438136483854,0.000781630655995347,Inf,-2.60342408862248,-0.0203897749651712,1.02461815986938,"xgb_constrained","binary","poisson","binary_poisson_tlog2",60,FALSE,TRUE
0.693147180559945,0.740628315421886,0.0366896623481995,0.741599325603017,0.03674832202083,0.636015712209505,0.030112925253228,0.706443488647427,0.0337912478923625,0.707995381286463,2.12726063143832,0.104612603212381,0.000971010181130105,Inf,-1.89402739247567,-0.0582867837385585,1.05016271813784,"xgb_constrained","binary","poisson","binary_poisson_tlog2",61,FALSE,TRUE
0.693147180559945,0.717895359287817,0.0373094049709343,0.715067185796441,0.03730790516216,0.563285846259953,0.031346406098263,0.672356175439038,0.0303204517643984,0.678526794915374,1.96053958709444,0.154609513027864,-0.00282817349137565,Inf,-2.59309542244444,-0.0454070164984401,1.04702397377738,"xgb_constrained","binary","poisson","binary_poisson_tlog2",62,FALSE,TRUE
0.693147180559945,0.782738734897547,0.0374322701407582,0.782766726325132,0.0372683709118522,0.620001522419884,0.0329330014294237,0.705280416122523,0.0332385825915269,0.703292351585924,2.23044279970848,0.162737212477663,2.79914275844728e-05,Inf,-2.93176852252909,-0.0609841689680043,1.05603861053277,"xgb_constrained","binary","poisson","binary_poisson_tlog2",63,FALSE,TRUE
0.693147180559945,0.758138319022749,0.0346228224824916,0.749820162331845,0.0350542716285756,0.627334051841403,0.0305524782826402,0.72745022999155,16723.8349728405,0.712106647475976,2.1697768137925,0.130804267181345,-0.00831815669090363,Inf,-2.58711813902181,-0.013280978085869,1.03348052137752,"xgb_constrained","binary","poisson","binary_poisson_tlog2",64,FALSE,TRUE
0.693147180559945,0.738300082808604,0.0415976723266885,0.74051103376876,0.0414620999687233,0.5474166816302,0.0364813260793232,0.776246522008256,0.0547105975521315,0.667225909799143,2.5198745328442,0.190883401178405,0.00221095096015544,Inf,-3.26708363597929,-0.202997843246401,1.20053731711819,"xgb_constrained","binary","poisson","binary_poisson_tlog2",65,FALSE,TRUE
0.693147180559945,0.717156129224394,0.0404143785141121,0.719903219909825,0.040619314204163,0.532953216396114,0.0684962363927688,0.345664639424723,0.209087469046046,0.690554675191035,0.241064612908875,0.184202912828281,0.00274709068543022,Inf,-2.78037423974589,0.122356925238077,0.965936839575389,"xgb_constrained","binary","poisson","binary_poisson_tlog2",66,FALSE,TRUE
0.693147180559945,0.668395636390788,0.0362439548830298,0.662866897645092,0.0366165071546703,0.572893080030926,0.0299026812097109,0.655503129705886,0.0276083719924947,0.653239543598683,2.30021630798748,0.0955025563598626,-0.0055287387456957,Inf,-2.23234182970685,-0.0292302688153951,1.02448562003655,"xgb_constrained","binary","poisson","binary_poisson_tlog2",67,FALSE,TRUE
0.693147180559945,0.703736298578135,0.0390252988114895,0.699425914438424,0.0389742613470037,0.590690382874895,0.0359983444654577,0.708728042753521,0.0390378287480706,0.681054561296566,2.57102930903579,0.11304591570324,-0.00431038413971085,Inf,-3.38854170462161,0.0214799513500231,1.02739242444108,"xgb_constrained","binary","poisson","binary_poisson_tlog2",68,FALSE,TRUE
0.693147180559945,0.742364906270371,0.0425924315761936,0.73951341241133,0.0423180183449993,0.640255609763735,0.0314369786714328,0.714821573473275,76685.9673118433,0.722026362722367,2.404927618831,0.102109296506634,-0.00285149385904082,Inf,-2.24247021572933,-0.00772297626686814,1.01153189936506,"xgb_constrained","binary","poisson","binary_poisson_tlog2",69,FALSE,TRUE
0.693147180559945,0.741619135345378,0.040095324794483,0.741513380959797,0.0396756014724748,0.583473751134184,0.034075026119294,0.701474147025576,0.0445308746872719,0.693736962761714,2.6877741471332,0.158145384211193,-0.000105754385580914,Inf,-2.23677554674451,-0.117744496080558,1.10702902718493,"xgb_constrained","binary","poisson","binary_poisson_tlog2",70,FALSE,TRUE
0.693147180559945,0.731962930278804,0.0440242831046559,0.730759691531079,0.0437879276755249,0.600394132818124,0.0328751861916617,0.705564602531469,0.0347649043363872,0.69932059566916,2.04259984352888,0.131568797460681,-0.00120323874772543,Inf,-2.18905857506916,-0.0191780094117437,1.01586093636665,"xgb_constrained","binary","poisson","binary_poisson_tlog2",71,FALSE,TRUE
0.693147180559945,0.784408453386987,0.0424504129188091,0.783878796715691,0.0426403083021997,0.55401704062963,0.03570961768552,0.703446520442783,0.0358539006108378,0.709822901142486,2.6712257675097,0.230391412757355,-0.000529656671296341,Inf,-3.31859631303589,-0.0721104771235801,1.06221633633888,"xgb_constrained","binary","poisson","binary_poisson_tlog2",72,FALSE,TRUE
0.693147180559945,0.707411419297346,0.0327671601586018,0.71186595330978,0.0329862379533798,0.55638315712852,0.0388851486525047,0.689750969226211,0.0520137980818554,0.686097875214753,2.21045432930104,0.151028262168828,0.00445453401243368,Inf,-2.62845584252068,-0.146297493006804,1.14183571600142,"xgb_constrained","binary","poisson","binary_poisson_tlog2",73,FALSE,TRUE
0.693147180559945,0.762164786732551,0.0439266311588885,0.762845718914884,0.0441977480155966,0.626290059768119,0.0350714646546685,0.726195508125114,0.0341995771807858,0.726443857777872,2.20597846138833,0.135874726964434,0.000680932182333227,Inf,-2.56499177856745,-0.0619526591911133,1.05724602612816,"xgb_constrained","binary","poisson","binary_poisson_tlog2",74,FALSE,TRUE
0.693147180559945,0.819657361081425,0.0456425523489163,0.820515583250825,0.0458328725920405,0.606277570910191,0.0356467837205945,0.747780198859072,0.0673586045364546,0.71415890950351,2.83157383060288,0.213379790171233,0.000858222169399903,Inf,-4.01498196876632,-0.1053697870801,1.12572234770366,"xgb_constrained","binary","poisson","binary_poisson_tlog2",75,FALSE,TRUE
0.693147180559945,0.710372484576463,0.0412461498884195,0.709916432866705,0.041341515575103,0.611679394155382,0.0360289162751083,0.67626088508807,0.0380608100276193,0.683238990410281,2.04860751421273,0.0986930904210801,-0.000456051709758487,Inf,-2.56195716892825,-0.116902149814037,1.09909316411393,"xgb_constrained","binary","poisson","binary_poisson_tlog2",76,FALSE,TRUE
0.693147180559945,0.791236072010128,0.0388738080342043,0.796812842254274,0.0391874702878779,0.604158609080113,0.0351418695369947,0.746004884420156,0.0288617301178451,0.733330408164532,2.47896225977905,0.187077462930016,0.0055767702441466,Inf,-2.34988053818038,0.0382406329273514,0.979731187274484,"xgb_constrained","binary","poisson","binary_poisson_tlog2",77,FALSE,TRUE
0.693147180559945,0.683204148309315,0.0375928492587422,0.685892101567058,0.0371761465257021,0.576213012897975,0.0353483506724851,0.652272071969289,0.0336241478466769,0.665721077392978,2.04262074572138,0.106991135411341,0.00268795325774263,Inf,-2.89811329759894,-0.0423001488151597,1.04813069578624,"xgb_constrained","binary","poisson","binary_poisson_tlog2",78,FALSE,TRUE
0.693147180559945,0.799434312210017,0.0370629104229949,0.799832404099239,0.0367355679796637,0.65203520152707,0.0319571993125795,0.762897955534283,0.0315774747823429,0.73866441890549,2.43757756399185,0.147399110682947,0.000398091889221575,Inf,-2.60780071441514,-0.0565759853134272,1.06397188597328,"xgb_constrained","binary","poisson","binary_poisson_tlog2",79,FALSE,TRUE
0.693147180559945,0.738266730379066,0.0356965280583112,0.743124395902948,0.0354684249609344,0.570506685050487,0.0321434405997741,0.658455879578913,0.0471316347328176,0.671737754241763,2.33190975255996,0.167760045328578,0.004857665523882,Inf,-2.56056918645006,-0.042673065841321,1.04939039894071,"xgb_constrained","binary","poisson","binary_poisson_tlog2",80,FALSE,TRUE
0.693147180559945,0.715003500363278,0.0365640591493519,0.717709524435331,0.0363537743439636,0.547021642781046,0.0322955917782239,0.659987784551805,0.028693506754172,0.660693646923212,2.25168113494525,0.167981857582232,0.00270602407205267,Inf,-2.62192328176377,-0.0782529192098359,1.06907600435476,"xgb_constrained","binary","poisson","binary_poisson_tlog2",81,FALSE,TRUE
0.693147180559945,0.678462087586834,0.0375444031397939,0.679864942894122,0.0370519092576098,0.457503825412009,0.0491566173465986,3.17563894019348,3.31032902230919,0.628766121488588,30.8958135710148,0.220958262174824,0.00140285530728779,Inf,-4.59531601304646,2.032608617658,0.757564946471162,"xgb_constrained","binary","poisson","binary_poisson_tlog2",82,FALSE,TRUE
0.693147180559945,0.750422740757162,0.0372987989407663,0.748791470538804,0.0374714574039254,0.626303480938353,0.0322568445850761,0.701384319253152,0.0297215179636416,0.69562719776289,2.50728533475311,0.124119259818812,-0.00163127021835785,Inf,-2.93845476656447,-0.0928918537263439,1.07719868666428,"xgb_constrained","binary","poisson","binary_poisson_tlog2",83,FALSE,TRUE
0.693147180559945,0.718181856087965,0.0312121524473506,0.719370823880693,0.0313561710943363,0.557137039146563,0.034241612310813,0.662090438676772,0.0327533461203685,0.650187752113526,2.09014838515389,0.161044816941402,0.00118896779272737,Inf,-1.87940127367073,-0.0392162669851563,1.03925086570226,"xgb_constrained","binary","poisson","binary_poisson_tlog2",84,FALSE,TRUE
0.693147180559945,0.760514781866937,0.0390901702712401,0.763717949288688,0.0390897152178184,0.584744833519652,0.0284759765651765,0.697836562080479,112236.927226335,0.701202340198881,2.24916416392604,0.175769948347284,0.00320316742175131,Inf,-2.58907586527439,-0.0228851876047582,1.02695432565992,"xgb_constrained","binary","poisson","binary_poisson_tlog2",85,FALSE,TRUE
0.693147180559945,0.757784075455117,0.0398989102516451,0.757685108402905,0.0401266645097653,0.615079040339597,0.0331337844079832,0.694227149640576,159494.064170195,0.695258226403302,2.37195117652086,0.142705035115523,-9.89670522119068e-05,Inf,-1.90662057599383,-0.0154269404739316,1.01724710814036,"xgb_constrained","binary","poisson","binary_poisson_tlog2",86,FALSE,TRUE
0.693147180559945,0.662853411234943,0.0334883835084202,0.663026034909033,0.033399646645008,0.549489187799154,0.0301076222835062,0.643967377043674,0.0298302485982344,0.654494677823515,1.900926518944,0.113364223435789,0.0001726236740901,Inf,-2.24020128455391,-0.0888006446364963,1.08035158369726,"xgb_constrained","binary","poisson","binary_poisson_tlog2",87,FALSE,TRUE
0.693147180559945,0.744698707166924,0.0393535554976358,0.745406373439305,0.0394196017209266,0.57221277154696,0.0313250780194553,0.675950228865368,0.0353086667024472,0.66481277382411,2.20348268658728,0.172485935619965,0.000707666272381502,Inf,-2.9529924397617,-0.0931896098864832,1.09165338147421,"xgb_constrained","binary","poisson","binary_poisson_tlog2",88,FALSE,TRUE
0.693147180559945,0.780400044717846,0.0369564625436542,0.778753940714495,0.0372624627179829,0.666524385662759,0.0325720248930235,0.735676677205129,0.0346927063851739,0.720754988494704,2.45787515079215,0.113875659055088,-0.0016461040033503,Inf,-2.94256214111736,-0.0451128553718708,1.04275419089928,"xgb_constrained","binary","poisson","binary_poisson_tlog2",89,FALSE,TRUE
0.693147180559945,0.797597098559219,0.0495260796315837,0.796294963988115,0.0497701293397292,0.50456893035821,0.0723749048130795,0.307409509696964,0.603807133584888,0.705956158531931,1.2692220479614,0.293028168201008,-0.00130213457110429,Inf,-2.6379042546747,-0.109432608997707,1.14523182664907,"xgb_constrained","binary","poisson","binary_poisson_tlog2",90,FALSE,TRUE
0.693147180559945,0.764737825448748,0.045236013703456,0.763411172160263,0.0453601297552287,0.63688941148289,0.0318604694775304,0.728218296069904,65009.5553068293,0.717306431604704,2.48635157325714,0.127848413965857,-0.00132665328848491,Inf,-2.58541666972526,-0.0162813173689777,1.02058738676199,"xgb_constrained","binary","poisson","binary_poisson_tlog2",91,FALSE,TRUE
0.693147180559945,0.702184034060372,0.0369572032997518,0.701339486012895,0.0369901190349896,0.625082545038804,0.0338310241330689,0.710528361393825,0.0382065968090999,0.707141086091829,2.16521139955658,0.0771014890215681,-0.00084454804747669,Inf,-2.91731652948806,-0.0227321904825133,1.02604057800255,"xgb_constrained","binary","poisson","binary_poisson_tlog2",92,FALSE,TRUE
0.693147180559945,0.695666160381396,0.0367037166852233,0.69929877791175,0.0370136703597025,0.562407624606319,0.0313680932826724,0.641288910502482,0.0277538435739334,0.645113777798178,2.05863535894276,0.133258535775078,0.00363261753035349,Inf,-2.91960722814568,-0.0302964933635833,1.03126554672381,"xgb_constrained","binary","poisson","binary_poisson_tlog2",93,FALSE,TRUE
0.693147180559945,0.700688189558005,0.0391450675401368,0.705314303296277,0.0395085833649955,0.551333517614485,0.0376581972731315,0.652627362347239,0.0371449402794515,0.673108307608582,2.1780644755953,0.14935467194352,0.00462611373827204,Inf,-2.63470185516387,0.0419772246422662,0.978589225753353,"xgb_constrained","binary","poisson","binary_poisson_tlog2",94,FALSE,TRUE
0.693147180559945,0.741994055082103,0.0366602821044201,0.739468053490817,0.0367858157266842,0.59683544555259,0.0311970572819547,0.717595807523741,0.0321880664469299,0.698940924199637,2.30087819349728,0.145158609529513,-0.00252600159128635,Inf,-2.59199510135579,-0.0286969633748975,1.03480752473249,"xgb_constrained","binary","poisson","binary_poisson_tlog2",95,FALSE,TRUE
0.693147180559945,0.715700957942156,0.0403556828311863,0.714388420257627,0.0407078136220732,0.616481853982001,0.0316933198646731,0.710789938738274,0.0450400349366268,0.690838334269624,2.41744421651092,0.0992191039601564,-0.00131253768452966,Inf,-2.96017522732966,-0.0927441807590008,1.09023735586842,"xgb_constrained","binary","poisson","binary_poisson_tlog2",96,FALSE,TRUE
0.693147180559945,0.737297146250794,0.0530339493066553,0.733500993577138,0.0528928227697246,0.53045570237141,0.05590697396927,0.375425665803613,0.207804536441732,0.682081882063882,0.936637575794191,0.206841443879382,-0.00379615267365518,Inf,-3.02783964706293,0.0827162201352517,0.983186134870648,"xgb_constrained","binary","poisson","binary_poisson_tlog2",97,FALSE,TRUE
0.693147180559945,0.705195786456121,0.0350752267332408,0.704794268371066,0.0353605082983447,0.607833099094502,0.0321310122809729,0.65840784537655,0.0310074367725573,0.660496460309238,1.98522012700105,0.0973626873616189,-0.000401518085055175,Inf,-1.88918735363411,-0.0687018805326462,1.05540819077506,"xgb_constrained","binary","poisson","binary_poisson_tlog2",98,FALSE,TRUE
0.693147180559945,0.749672354975859,0.0423998588967673,0.751791175858847,0.0425519518098043,0.600826577224179,0.033035138119737,0.695869633646756,0.0332993702619494,0.698686908200163,2.21148633434299,0.148845777751679,0.00211882088298776,Inf,-2.95726196456978,-0.10676334862976,1.08570428640412,"xgb_constrained","binary","poisson","binary_poisson_tlog2",99,FALSE,TRUE
0.693147180559945,0.784528613310709,0.0380092208022736,0.784991491079872,0.0384621250633651,0.638066621643119,0.0333376030681343,0.732315429333653,0.0312610333568907,0.726007118359667,2.53257271659327,0.14646199166759,0.000462877769162984,Inf,-2.28675589771932,-0.0520323642987088,1.04771931377617,"xgb_constrained","binary","poisson","binary_poisson_tlog2",100,FALSE,TRUE
0.693147180559945,0.606267960948299,0.059773706677451,0.602842730030341,0.0592499095899955,0.605105957525128,0.0556534237827061,0.645392389296332,0.100038233918013,0.654926544222829,2.1717326800383,0.00116200342317442,-0.00342523091795777,2.58069212271387,-2.08502057587714,-0.0169429439048538,1.03866806516423,"xgb_constrained","binary","negbin","binary_negbin_tlog2",1,FALSE,TRUE
0.693147180559945,0.770710519968427,0.0455009709924025,0.76576963125917,0.0457506155296507,0.605590752839723,0.0525797372635811,0.661938092211319,0.0762381820057514,0.781200643391778,2.05705289375919,0.165119767128702,-0.00494088870925646,2.85870699853783,-2.15435432574188,0.0307651675000994,0.993031838980504,"xgb_constrained","binary","negbin","binary_negbin_tlog2",2,FALSE,TRUE
0.693147180559945,0.693030438263736,0.0526830997145264,0.692382743063297,0.0529132145997059,0.629042055374968,0.0468097786422713,0.758669284665858,0.0580185394200954,0.719433195129593,2.52852264628757,0.063988382888768,-0.000647695200439169,2.47806476549508,-2.13385818366081,-0.0372624203861651,1.04485570284132,"xgb_constrained","binary","negbin","binary_negbin_tlog2",3,FALSE,TRUE
0.693147180559945,0.614620868330414,0.0499371908540982,0.610201077370383,0.0502189794329148,0.529742230749878,0.050825564598004,0.64065211485312,0.535487363571631,0.616576129143568,1.89687208268583,0.0848786375805369,-0.00441979096003065,2.70745642818174,-2.14885936664037,0.0662306222081655,0.999467213282246,"xgb_constrained","binary","negbin","binary_negbin_tlog2",4,FALSE,TRUE
0.693147180559945,0.698266943899469,0.0435157040586593,0.700081482555241,0.0432495783544824,0.515743253995376,0.0532303948527919,0.608123759111266,0.0681119921003815,0.702949291329796,1.9788083754012,0.182523689904092,0.00181453865577286,2.60161258487162,-2.14923584346155,0.0734026404723971,0.971801584867167,"xgb_constrained","binary","negbin","binary_negbin_tlog2",5,FALSE,TRUE
0.693147180559945,0.54617065178647,0.0490100502150846,0.543411011367402,0.0492531579093157,0.501066170214104,0.0476599800621145,0.547158394050405,0.0845264713750576,0.559095173254887,2.13582349349732,0.045104481572365,-0.00275964041906707,2.51145038522805,-2.13325770573309,0.024682797541171,1.00273102402145,"xgb_constrained","binary","negbin","binary_negbin_tlog2",6,FALSE,TRUE
0.693147180559945,0.706232207643474,0.0544700829397805,0.706931754374739,0.054934582823594,0.616287959198237,0.0497699282352467,0.69370484631759,0.0605085708006109,0.731031441212817,2.0139123326316,0.0899442484452372,0.000699546731265155,2.68780601007931,-2.11663769423728,-0.0102838852092343,1.02040794097702,"xgb_constrained","binary","negbin","binary_negbin_tlog2",7,FALSE,TRUE
0.693147180559945,0.712630859257544,0.0469540999103772,0.712549413841951,0.0470930252274785,0.615863568187479,0.0473074369311124,0.683508027447963,0.0735508379042114,0.71485092932418,2.23389872990608,0.0967672910700657,-8.14454155931843e-05,2.61314075609232,-2.14051383605675,0.0356235964600213,0.995533293444854,"xgb_constrained","binary","negbin","binary_negbin_tlog2",8,FALSE,TRUE
0.693147180559945,0.727121312591715,0.0462218303684595,0.731011410158122,0.0462451190226238,0.521057351536257,0.0774123515915739,0.513262722337945,0.213764069421119,0.746847517568674,2.73798190912102,0.206063961055457,0.00389009756640712,2.5242860803022,-2.80107561336727,0.185244793274947,0.95793135395567,"xgb_constrained","binary","negbin","binary_negbin_tlog2",9,FALSE,TRUE
0.693147180559945,0.693568328562923,0.0533849951438505,0.694884236791614,0.0538819068715805,0.533566564144483,0.0559047014828338,0.986754436786632,0.227040552886085,0.697036245508518,2.82249167361276,0.160001764418441,0.0013159082286911,2.64453643791338,-2.1582742460194,-0.146560317657358,1.13367013767506,"xgb_constrained","binary","negbin","binary_negbin_tlog2",10,FALSE,TRUE
0.693147180559945,0.784781624520426,0.0532666779720512,0.784851856603016,0.0530841180096807,0.652994897332148,0.0482497499704684,0.799947927208965,0.0769840264736093,0.768768444588435,2.75691016101578,0.131786727188277,7.02320825898273e-05,2.61998789166412,-2.15799164384106,-0.0309065529734417,1.04559974134507,"xgb_constrained","binary","negbin","binary_negbin_tlog2",11,FALSE,TRUE
0.693147180559945,0.641315383978518,0.0475413417854286,0.641344831719913,0.0473855856563318,0.517749110741405,0.0579654787929767,0.600116692879196,0.0662697572661646,0.676335140772215,1.89502400884776,0.123566273237113,2.94477413955718e-05,2.47813043446565,-2.14489707165246,-0.0078373889093389,1.01665256774787,"xgb_constrained","binary","negbin","binary_negbin_tlog2",12,FALSE,TRUE
0.693147180559945,0.697273142431038,0.0513703192956225,0.698313942370241,0.0513988421717262,0.580404844900498,0.054631059979316,0.747537549996257,0.166225681785455,0.700573331381435,3.39122829140397,0.11686829753054,0.00104079993920292,2.6889256456619,-2.50256713227406,0.0722145507987639,1.00933288978733,"xgb_constrained","binary","negbin","binary_negbin_tlog2",13,FALSE,TRUE
0.693147180559945,0.614093074733822,0.0482466108397109,0.617272680514057,0.0479168282957688,0.527770567281806,0.0463885613768705,0.820162113568655,0.109036641182097,0.634962184876011,2.25074648953775,0.086322507452017,0.00317960578023535,2.5005154366059,-2.14382568253524,-0.0726030609892951,1.06694494615591,"xgb_constrained","binary","negbin","binary_negbin_tlog2",14,FALSE,TRUE
0.693147180559945,0.67698118060594,0.0505735910547476,0.678773350204933,0.0507244428069331,0.543117343462457,0.0527823648526319,0.596321678275972,0.0841739783582956,0.680780451679328,1.78176079247187,0.133863837143483,0.00179216959899231,2.85251291387078,-2.14036303698879,-0.000746710603279131,1.0208937441494,"xgb_constrained","binary","negbin","binary_negbin_tlog2",15,FALSE,TRUE
0.693147180559945,0.758484172884009,0.0528542674049684,0.756909668268946,0.0528864672813248,0.682064783381862,0.0523507449676245,1.03068479984306,0.164672896409153,0.799344984937172,3.74888335020422,0.0764193895021465,-0.00157450461506337,2.50716625009848,-2.46135255207147,-0.0814451757529262,1.13394797002712,"xgb_constrained","binary","negbin","binary_negbin_tlog2",16,FALSE,TRUE
0.693147180559945,0.742407067555341,0.0526809627520451,0.744443908767026,0.0521841867693901,0.61484520700188,0.0611014713977779,0.693106874136943,0.0815196194445373,0.798023958618282,2.22290002148649,0.127561860553459,0.00203684121168435,2.6140935562507,-2.10523788369627,0.0080459639440178,1.01803100480192,"xgb_constrained","binary","negbin","binary_negbin_tlog2",17,FALSE,TRUE
0.693147180559945,0.680347321774696,0.0477433987028906,0.675336298545738,0.0477576228542946,0.566072578730559,0.0475964884101049,0.702193614001963,0.0775894107263867,0.694826209941858,2.41559152425703,0.114274743044136,-0.00501102322895774,2.73997144763787,-2.12879052576926,-0.0198168553963254,1.02938106465296,"xgb_constrained","binary","negbin","binary_negbin_tlog2",18,FALSE,TRUE
0.693147180559945,0.751348449605721,0.0491704834132111,0.75225526723996,0.0489311585731222,0.627184406129286,0.0483329698728186,0.743225654157865,53544.2166043692,0.737633975805597,2.15655507828374,0.124164043476434,0.00090681763423861,2.84974499053807,-2.08942947256183,0.00923137599687846,1.01433810724237,"xgb_constrained","binary","negbin","binary_negbin_tlog2",19,FALSE,TRUE
0.693147180559945,0.680957343108221,0.0517457502717307,0.684247645104469,0.0517395318615889,0.574269316876259,0.0496461964868357,0.636812739534514,0.0733252132765758,0.682068806041467,1.88123441668542,0.106688026231963,0.00329030199624725,2.86942229485718,-2.11347779146937,0.0105419826871701,0.999025542956281,"xgb_constrained","binary","negbin","binary_negbin_tlog2",20,FALSE,TRUE
0.693147180559945,0.648594050079259,0.0471000218684505,0.644949057247727,0.0468038760419229,0.6036625131425,0.0465016266502172,0.757848696850727,0.0792348217954109,0.663267901538077,2.50925451513183,0.0449315369367601,-0.00364499283153241,2.67950592493349,-2.12690877857756,0.0192354877098264,1.00155088734717,"xgb_constrained","binary","negbin","binary_negbin_tlog2",21,FALSE,TRUE
0.693147180559945,0.615204345766992,0.0503487182825797,0.612313665406987,0.0500518544225018,0.518091261926948,0.0464891075883191,0.631069537189615,0.0635472416273983,0.636178945441402,2.03218196907517,0.0971130838400416,-0.00289068036000473,2.57692004981668,-2.12920526833328,-0.0105552145372791,1.02615253227966,"xgb_constrained","binary","negbin","binary_negbin_tlog2",22,FALSE,TRUE
0.693147180559945,0.745772327107988,0.0403441206143136,0.749700192376426,0.0402288786944772,0.648848032960432,0.0472541355700555,0.704354274088462,0.0681994491493228,0.757293000366221,2.08986929268962,0.0969242941475548,0.00392786526843869,3.33836878057527,-2.10308101505431,-0.0378581336615598,1.03395630290098,"xgb_constrained","binary","negbin","binary_negbin_tlog2",23,FALSE,TRUE
0.693147180559945,0.658506595928518,0.054682848329206,0.654001427974548,0.0543464568817139,0.525371166821274,0.0570787225833193,0.550791363896508,0.0959070143742112,0.661849048522618,1.98747037219892,0.133135429107241,-0.00450516795397049,2.65946416242161,-2.11819158242664,0.0325343131528416,0.994290771389052,"xgb_constrained","binary","negbin","binary_negbin_tlog2",24,FALSE,TRUE
0.693147180559945,0.771102373566328,0.0575326972612692,0.768949871242256,0.0570115090892165,0.63351624875256,0.0618467165282027,0.783157010399501,0.0643841259251744,0.774297120060056,2.31071088355075,0.137586124813768,-0.00215250232407227,2.72229551305052,-2.1159346188582,-0.0124925012278853,1.0251609410811,"xgb_constrained","binary","negbin","binary_negbin_tlog2",25,FALSE,TRUE
0.693147180559945,0.744129738530043,0.0502948220308022,0.749543021088876,0.0503702209944311,0.616126777023633,0.0530044715389397,0.751861998282111,0.0593091382202006,0.746854781244242,2.35282193066618,0.12800296150641,0.005413282558833,2.64875799290719,-2.15095348527004,0.0431629258723482,0.995930441932037,"xgb_constrained","binary","negbin","binary_negbin_tlog2",26,FALSE,TRUE
0.693147180559945,0.621309874298733,0.0468763784702968,0.617769367581756,0.0473511291857692,0.545044445530164,0.0428299931251145,0.639807401611954,0.0544232712500384,0.632199385622023,2.05067737678848,0.0762654287685686,-0.00354050671697703,2.48912139060344,-2.10655089495407,-0.0278900175599862,1.03410047193651,"xgb_constrained","binary","negbin","binary_negbin_tlog2",27,FALSE,TRUE
0.693147180559945,0.591133101842095,0.0481037632512258,0.590138018572673,0.047838176590699,0.480557747861892,0.0449377305421258,0.531640135755967,0.0654614077095169,0.606011022112907,1.82292478615237,0.110575353980203,-0.000995083269422326,2.42821958056402,-2.49861426880775,-0.00225405200221016,1.02189827519792,"xgb_constrained","binary","negbin","binary_negbin_tlog2",28,FALSE,TRUE
0.693147180559945,0.584677542017405,0.0504338146218603,0.584119681006938,0.0502386754799654,0.473627907381926,0.0476996553165012,0.559046278917704,0.0552707703509568,0.60556922628768,2.23445959725739,0.11104963463548,-0.000557861010467398,2.87855609653575,-2.14898937614803,-0.00552192216633305,1.02004048057149,"xgb_constrained","binary","negbin","binary_negbin_tlog2",29,FALSE,TRUE
0.693147180559945,0.674004803552221,0.0582701782683322,0.678386614662487,0.0585970736130891,0.59129244637711,0.0624725889378769,0.689134007644491,0.0726320845619316,0.680372285185971,2.28450659866214,0.0827123571751116,0.00438181111026548,2.78287741489684,-2.1604067046898,0.0509672461410154,0.977154204976956,"xgb_constrained","binary","negbin","binary_negbin_tlog2",30,FALSE,TRUE
0.693147180559945,0.592384804920834,0.0525338526411709,0.592533172041425,0.0524125060379468,0.482088370795715,0.0566055267115507,0.590004481280594,0.0962174625396685,0.622271013919019,2.10775361727504,0.11029643412512,0.000148367120591519,2.26069972584049,-2.14212604629055,0.0139020753254542,1.01081318204862,"xgb_constrained","binary","negbin","binary_negbin_tlog2",31,FALSE,TRUE
0.693147180559945,0.637133778393836,0.049144938714651,0.635017447082511,0.0493873884392137,0.543691871096886,0.0557015055136403,0.66897192956039,1234987.18331859,0.669777889138032,2.10159452164953,0.0934419072969516,-0.00211633131132449,2.47406917887501,-2.46965956229711,0.00638848679551354,1.02368664781312,"xgb_constrained","binary","negbin","binary_negbin_tlog2",32,FALSE,TRUE
0.693147180559945,0.677909156324816,0.0547300405369889,0.673057323615807,0.0546886798766095,0.502686303369792,0.0786954585596732,0.556811594808395,0.204363257959162,0.694558163930034,2.34102531641642,0.175222852955025,-0.00485183270900924,2.4927012741125,-2.82003567109723,0.0738337928506096,1.02735255678911,"xgb_constrained","binary","negbin","binary_negbin_tlog2",33,FALSE,TRUE
0.693147180559945,0.721420338474567,0.0488546774883102,0.724339685604973,0.0492175677471083,0.570633955418207,0.0534798609605999,0.660535178609403,0.15430081165108,0.748490883312194,2.95457464533297,0.15078638305636,0.00291934713040598,2.3260987233662,-2.14709502925712,-0.283840437649494,1.20472870375989,"xgb_constrained","binary","negbin","binary_negbin_tlog2",34,FALSE,TRUE
0.693147180559945,0.65699885103648,0.0570020992667072,0.654806460917219,0.0571779711283192,0.516008324694322,0.0610616158101766,0.717369233919654,0.0959220557376714,0.651341994324118,3.21482228213712,0.14099052634216,-0.00219239011926042,2.35252174574079,-2.52564476776566,0.0372636671360213,1.0211044138499,"xgb_constrained","binary","negbin","binary_negbin_tlog2",35,FALSE,TRUE
0.693147180559945,0.716396099789694,0.0482712981430263,0.716765032073067,0.0485219373065215,0.607774693514758,0.0534667396490627,0.635853629646311,0.0905464872434344,0.717738710017653,2.07069867638535,0.108621406274938,0.000368932283372647,2.5638891181032,-2.12200017121823,0.0175563145285128,1.01090383955561,"xgb_constrained","binary","negbin","binary_negbin_tlog2",36,FALSE,TRUE
0.693147180559945,0.586725409812968,0.0475310134217194,0.579741958867195,0.0474615499374893,0.508584580194744,0.0480702861213984,0.540031628484258,0.0642284765253476,0.601540444668559,1.85097678186539,0.0781408296182232,-0.00698345094577368,2.62782055053717,-2.12626702843326,0.0240917944060388,0.999352935922627,"xgb_constrained","binary","negbin","binary_negbin_tlog2",37,FALSE,TRUE
0.693147180559945,0.677088997064296,0.0508602544715928,0.67493328193854,0.0505577544513808,0.537279859574908,0.0538934341629237,0.594785076762345,0.0840318955076446,0.685665346139945,1.9231248081499,0.139809137489388,-0.00215571512575685,2.11289515824311,-2.16475755472044,-0.0664696139089128,1.07327279353083,"xgb_constrained","binary","negbin","binary_negbin_tlog2",38,FALSE,TRUE
0.693147180559945,0.591993159166955,0.0502171757967653,0.594163180483662,0.0498036368518445,0.467713374119937,0.0468986787534696,0.578114593449737,0.0538748346248912,0.592390597591245,1.43468551991733,0.124279785047019,0.00217002131670674,2.5500485747586,-2.13091183476548,-0.0577572450245846,1.06559561157051,"xgb_constrained","binary","negbin","binary_negbin_tlog2",39,FALSE,TRUE
0.693147180559945,0.763479205379984,0.0484632093297595,0.759844335605245,0.0486102378722134,0.676693476429569,0.046912851697081,0.710194491980245,0.0730220242052212,0.792685479857663,2.30499279163309,0.0867857289504142,-0.00363486977473926,2.70271983831633,-2.13348152635299,0.0265276278846737,1.00031922709373,"xgb_constrained","binary","negbin","binary_negbin_tlog2",40,FALSE,TRUE
0.693147180559945,0.655504311551422,0.0534654164324752,0.654933767756447,0.0532800808589755,0.480130227247804,0.0649399072562922,0.307587795841248,4309311.66550016,0.682765851808613,1.78756737137463,0.175374084303618,-0.000570543794974232,2.43114491815622,-2.47019305825574,-0.0287346914379838,1.10262275085773,"xgb_constrained","binary","negbin","binary_negbin_tlog2",41,FALSE,TRUE
0.693147180559945,0.642285944075619,0.0490217758448318,0.642425593347642,0.0487581013321953,0.591234210530354,0.0512858570183825,0.880969300859938,9529.0786422206,0.679395001661833,2.54663451999305,0.0510517335452668,0.000139649272023035,2.50094209809498,-2.15908983739416,-0.0683846089004064,1.06951047313597,"xgb_constrained","binary","negbin","binary_negbin_tlog2",42,FALSE,TRUE
0.693147180559945,0.594213512423327,0.0541673345783634,0.592905969383192,0.0539176214879033,0.478576896742835,0.0560948811393721,0.535427579450139,0.122361028211189,0.599326002671197,1.54096030076283,0.115636615680492,-0.00130754304013436,2.48139841912375,-2.5068194440146,0.238091866013205,0.852135918569256,"xgb_constrained","binary","negbin","binary_negbin_tlog2",43,FALSE,TRUE
0.693147180559945,0.717139595707148,0.0523465779087083,0.717684173350965,0.0529113847243335,0.648706680153975,0.0467655939236348,0.703019471974945,0.0808306153435272,0.719874693051257,2.73299982171904,0.0684329155531739,0.000544577643816879,2.65940163034493,-2.19137609922481,-0.001517089201119,1.01865431663757,"xgb_constrained","binary","negbin","binary_negbin_tlog2",44,FALSE,TRUE
0.693147180559945,0.692461602082176,0.0473903454084495,0.689886559314643,0.0478353567119693,0.539968202650061,0.0463035774108425,0.654178834161113,0.0660942357474983,0.69208952794951,1.9355057802589,0.152493399432115,-0.00257504276753273,2.69274887318382,-2.13078322062626,-0.0521814771433178,1.04997977758634,"xgb_constrained","binary","negbin","binary_negbin_tlog2",45,FALSE,TRUE
0.693147180559945,0.662886617063055,0.0599182758240037,0.6633616477286,0.0600890991783747,0.58015179892775,0.0584593943006758,0.673136357437855,0.070111651675412,0.685650425255983,2.30237946471852,0.0827348181353057,0.000475030665545662,2.36591734159432,-2.20304582295404,0.0276829984452744,0.995150745356218,"xgb_constrained","binary","negbin","binary_negbin_tlog2",46,FALSE,TRUE
0.693147180559945,0.655509028787221,0.0542398939979314,0.656596846890743,0.054192981041685,0.522401453262455,0.0660366771707217,0.824760366608969,0.162292005623031,0.665060961748167,3.34841749307328,0.133107575524765,0.00108781810352199,2.33597217844563,-2.51680998115417,-0.0119910472164504,1.06901992784184,"xgb_constrained","binary","negbin","binary_negbin_tlog2",47,FALSE,TRUE
0.693147180559945,0.776090431266665,0.0508618530102357,0.779199866264758,0.0507285200739567,0.660567976470223,0.0455429679828762,0.810810609537437,0.0573587903449654,0.773441325746969,2.89708124290417,0.115522454796441,0.00310943499809313,2.9257374382757,-2.13295060615308,-0.069885101495536,1.06635458525193,"xgb_constrained","binary","negbin","binary_negbin_tlog2",48,FALSE,TRUE
0.693147180559945,0.666730609255511,0.0485395046579802,0.665638646242264,0.049050886304222,0.496914773326246,0.0741387091222648,0.219890682215954,0.219243874162478,0.684673251437352,0.648041821818679,0.169815835929266,-0.00109196301324699,2.93202158079708,-2.14806750934544,-0.188796471286799,1.14994319696595,"xgb_constrained","binary","negbin","binary_negbin_tlog2",49,FALSE,TRUE
0.693147180559945,0.667149198149776,0.0514041418466241,0.668436030869347,0.0516437258925743,0.588712392827994,0.0475198927533246,0.746105729358355,0.0700384735589419,0.685122506115494,2.68462633979285,0.0784368053217823,0.00128683271957064,2.75521037207627,-2.15090556631017,0.00842415982362003,1.01676541233232,"xgb_constrained","binary","negbin","binary_negbin_tlog2",50,FALSE,TRUE
0.693147180559945,0.824910194177698,0.0567585722136034,0.830293896953514,0.0567922072807073,0.668510271192789,0.0583737099126072,0.70716694943055,0.0772293632555672,0.843742317850656,2.11067291924183,0.156399922984907,0.00538370277581601,2.45525887230536,-2.12096456635254,0.0195115985016501,1.00354452684768,"xgb_constrained","binary","negbin","binary_negbin_tlog2",51,FALSE,TRUE
0.693147180559945,0.674037367859925,0.051670279669998,0.674258340512614,0.0517302566982855,0.610362967292806,0.0505541254023172,0.631230301999417,0.0597500112968867,0.690582148929045,1.96961131969723,0.0636744005671213,0.000220972652688722,2.26680478878175,-2.14585883052828,0.0229067110396967,1.00574122893185,"xgb_constrained","binary","negbin","binary_negbin_tlog2",52,FALSE,TRUE
0.693147180559945,0.719433132504894,0.0496735736882174,0.722948243619743,0.0498346756723419,0.580916296014625,0.0512986442488919,0.449561652111721,1.11075806285732,0.699613903737067,3.42299567638689,0.138516836490269,0.0035151111148487,2.81527418239109,-2.44508681461328,0.174643185079298,0.943421667580235,"xgb_constrained","binary","negbin","binary_negbin_tlog2",53,FALSE,TRUE
0.693147180559945,0.673030216022126,0.0556849114933536,0.67160721052068,0.0555653356308038,0.578829987645021,0.0536609445164457,0.608417569272571,0.0669656883698208,0.705319678465662,1.83789706552323,0.0942002283771053,-0.00142300550144614,2.59794979587499,-2.11265700813783,-0.0210688436458762,1.02917698571457,"xgb_constrained","binary","negbin","binary_negbin_tlog2",54,FALSE,TRUE
0.693147180559945,0.687485229157849,0.0482548412823067,0.687467759637973,0.048623923632091,0.588369411741805,0.0444032457580811,0.665990135896989,0.0493177509566621,0.693194524335195,1.99759321302364,0.0991158174160436,-1.74695198754682e-05,2.56559597223499,-2.11086242255757,-0.0238848470749016,1.02836697242538,"xgb_constrained","binary","negbin","binary_negbin_tlog2",55,FALSE,TRUE
0.693147180559945,0.661621864937328,0.0517492787838789,0.66112984614705,0.0518138850744082,0.553469297600321,0.0491399828721438,0.694082296757241,0.0644764491111824,0.680526616677606,2.03006760643662,0.108152567337007,-0.000492018790277715,2.53342060444921,-2.47419247979815,-0.112215060877893,1.12719966488933,"xgb_constrained","binary","negbin","binary_negbin_tlog2",56,FALSE,TRUE
0.693147180559945,0.663908229226363,0.0471373327169857,0.661867921447154,0.047425568310355,0.603689504264067,0.049823573123375,0.830227720339639,0.187325104154734,0.692537033773353,3.55891485900676,0.0602187249622946,-0.00204030777920838,2.59493011571639,-2.47107699556543,-0.103244269053071,1.12665636108322,"xgb_constrained","binary","negbin","binary_negbin_tlog2",57,FALSE,TRUE
0.693147180559945,0.627430766211657,0.0523120848716767,0.629034177727505,0.0522410803146998,0.535708964194968,0.0567494989047034,0.694681353493424,0.137051224066244,0.62465913233658,2.70989354361235,0.0917218020166883,0.0016034115158472,2.71460785089987,-2.13258646038272,-0.0190019598721552,1.03442320663218,"xgb_constrained","binary","negbin","binary_negbin_tlog2",58,FALSE,TRUE
0.693147180559945,0.614947224697001,0.0476089851974398,0.609160350150029,0.0477406933926204,0.524126647884237,0.0516501324516984,0.582241042395618,0.060451750375196,0.639275162452729,1.80872574300408,0.0908205768127635,-0.0057868745469728,3.09585496991491,-2.13752809928555,0.0761759581223044,0.962377992506563,"xgb_constrained","binary","negbin","binary_negbin_tlog2",59,FALSE,TRUE
0.693147180559945,0.608187937354441,0.0528884786190927,0.608593699482245,0.0526996462832144,0.545302153381893,0.0592455649039833,0.686658645029401,0.101712080921305,0.658604042962286,2.20641447823521,0.0628857839725464,0.000405762127804299,2.62066758521026,-2.14188996232544,0.045170723863859,0.986048942122783,"xgb_constrained","binary","negbin","binary_negbin_tlog2",60,FALSE,TRUE
0.693147180559945,0.631029616292191,0.0404029319317013,0.630545886428999,0.0404489349676205,0.493764893194504,0.0439135017988636,0.528057999732603,0.0594195706673763,0.633533921995824,1.8016249261773,0.137264723097686,-0.000483729863192117,2.89543329179269,-2.11981309548236,0.0166807005609536,1.00628563193917,"xgb_constrained","binary","negbin","binary_negbin_tlog2",61,FALSE,TRUE
0.693147180559945,0.719276327227195,0.0495725108832938,0.726376671924173,0.0487324170217279,0.613597744117287,0.0578954819982024,0.676497071002133,0.095254052147056,0.717097044554049,2.01286199970692,0.105678583109908,0.00710034469697829,2.63865453362681,-2.47927798245092,0.0556000780489598,0.98079913580499,"xgb_constrained","binary","negbin","binary_negbin_tlog2",62,FALSE,TRUE
0.693147180559945,0.681137820685394,0.0484692652043649,0.680667744258635,0.0481859923676693,0.573941801289046,0.050519269196269,0.818741681206769,0.167834103757889,0.661540690289479,4.42294766339263,0.107196019396347,-0.000470076426758781,2.64305583318104,-2.44906348553447,-0.196440633755893,1.2287187521457,"xgb_constrained","binary","negbin","binary_negbin_tlog2",63,FALSE,TRUE
0.693147180559945,0.67668130800234,0.0512461085324595,0.676565520800694,0.0513326567658401,0.560137574293934,0.0513924811354933,0.767463112533021,0.076252488316526,0.696974704733719,2.19790032289145,0.116543733708406,-0.000115787201645956,2.67882464135805,-2.13343755571548,-0.0173608456837263,1.03506043625491,"xgb_constrained","binary","negbin","binary_negbin_tlog2",64,FALSE,TRUE
0.693147180559945,0.755808282544715,0.0526594534325483,0.754592556462482,0.052547374993585,0.65879181317748,0.057498663292484,0.80521288164173,0.0868799847620323,0.772515827944331,2.63098612713814,0.097016469367234,-0.00121572608223219,2.5545066485685,-2.17773509581917,0.0670161602751738,0.971186788127834,"xgb_constrained","binary","negbin","binary_negbin_tlog2",65,FALSE,TRUE
0.693147180559945,0.648349164994612,0.0490059727921841,0.647413645452739,0.0485845208041793,0.5404457631089,0.053377340745529,0.61262123570081,0.0766092258042881,0.653937014860112,2.04638025180532,0.107903401885711,-0.000935519541872987,2.40426076444189,-2.16754079315874,0.0468488445361727,0.985241927766441,"xgb_constrained","binary","negbin","binary_negbin_tlog2",66,FALSE,TRUE
0.693147180559945,0.657230667047609,0.0539169628142458,0.66099180551905,0.0539680406422693,0.558391603291111,0.0482423500370783,0.839205638422753,0.128793424239248,0.691985739928418,2.56720237486908,0.0988390637564963,0.00376113847144133,2.31972099291279,-2.4521270064152,0.119394840231076,0.98765653285456,"xgb_constrained","binary","negbin","binary_negbin_tlog2",67,FALSE,TRUE
0.693147180559945,0.671664036949992,0.0597129334264193,0.668022072785657,0.0592154955515401,0.585333492808037,0.0532955309847062,0.727519992468826,0.0633152362945259,0.690140229403943,2.45009124397805,0.086330544141955,-0.00364196416433582,2.69049182440262,-2.1124718000696,-0.0636958644457818,1.05958450016182,"xgb_constrained","binary","negbin","binary_negbin_tlog2",68,FALSE,TRUE
0.693147180559945,0.645508894197609,0.0497063549400841,0.643162133013406,0.0497599563530307,0.54116044424626,0.053464690665589,0.645193561275885,67698.3957710513,0.613121305305159,2.08622191468829,0.104348449951347,-0.00234676118420241,2.70473420245298,-2.16645220054531,0.0748835114683385,0.963082925573645,"xgb_constrained","binary","negbin","binary_negbin_tlog2",69,FALSE,TRUE
0.693147180559945,0.669740050349973,0.053578509640793,0.668298413774005,0.0533876476860984,0.602943673033103,0.053149170560577,0.711265131001911,0.06205699731189,0.688620746863095,2.25486691705665,0.0667963773168699,-0.00144163657596841,2.65382154451164,-2.08704598142144,0.0081337555061687,1.00432857868357,"xgb_constrained","binary","negbin","binary_negbin_tlog2",70,FALSE,TRUE
0.693147180559945,0.660596830671886,0.0497558539014323,0.66065663463799,0.049882636209119,0.603414858593706,0.0578364084065275,0.741418264766819,0.0806790800431796,0.674479327956241,3.38780666388577,0.0571819720781784,5.98039661044991e-05,2.91393069891194,-2.14449725655367,-0.0849864451489225,1.08221062954124,"xgb_constrained","binary","negbin","binary_negbin_tlog2",71,FALSE,TRUE
0.693147180559945,0.658156095680522,0.055209852279034,0.660141960696324,0.0552516055332948,0.544130947735631,0.0529981656595639,0.585659369749205,0.0747022595565906,0.652797104845537,1.66021524894439,0.11402514794489,0.00198586501580267,2.59531917792841,-2.1074953723519,-0.0652830006410372,1.06553600154514,"xgb_constrained","binary","negbin","binary_negbin_tlog2",72,FALSE,TRUE
0.693147180559945,0.641344361373504,0.0520525347951986,0.642038134149086,0.0516281170260898,0.575442753665572,0.0467954943469343,0.702121850806238,0.0686175358181837,0.663911578880346,1.95926662023953,0.0659016077079321,0.000693772775581802,3.09314551544284,-2.08943394185329,0.0359071152033257,0.99244611911818,"xgb_constrained","binary","negbin","binary_negbin_tlog2",73,FALSE,TRUE
0.693147180559945,0.655496842192749,0.0544583589491986,0.657251828394241,0.0537137027417586,0.55974713046804,0.0538543864156733,0.768869997858721,0.154742842422942,0.669017880755239,2.88154964188339,0.0957497117247103,0.00175498620149184,2.34075926765288,-2.49103630263001,-0.0299417284996717,1.07624600009921,"xgb_constrained","binary","negbin","binary_negbin_tlog2",74,FALSE,TRUE
0.693147180559945,0.725415123159647,0.0508689754218054,0.725312696746306,0.0509212681919254,0.580032792149506,0.0482806841047774,0.724644870428201,0.0628394033997025,0.714580086033263,2.35371925941896,0.145382331010141,-0.000102426413340573,2.98112932093209,-2.13920695359248,0.00481155028328529,1.009461053333,"xgb_constrained","binary","negbin","binary_negbin_tlog2",75,FALSE,TRUE
0.693147180559945,0.734762504531885,0.0478165626849478,0.73601344492486,0.0478813071310583,0.555092852373988,0.0518566658093724,0.544258467112084,0.0986099520841277,0.720176499375117,2.30042710727287,0.179669652157894,0.00125094039297502,2.59005918439771,-2.14971270971971,0.0235513840481784,1.00946532671833,"xgb_constrained","binary","negbin","binary_negbin_tlog2",76,FALSE,TRUE
0.693147180559945,0.593886847339928,0.0499582093940299,0.592905944736733,0.0501415980188166,0.451388414940959,0.0723419973411779,0.36547573926533,0.137152334732944,0.609870178440064,1.00028649640587,0.142498432398968,-0.000980902603195166,2.63978380406743,-2.1286596608474,-0.101395688676993,1.0965628492897,"xgb_constrained","binary","negbin","binary_negbin_tlog2",77,FALSE,TRUE
0.693147180559945,0.610990613875992,0.0511335124141423,0.613091150074295,0.051754435127104,0.513927728150025,0.0509437426817311,0.68646890220228,0.0853073462582764,0.623035780729313,2.34313374042658,0.0970628857259677,0.00210053619830286,2.84379063248025,-2.44625329031558,0.054208397900406,0.993710057723886,"xgb_constrained","binary","negbin","binary_negbin_tlog2",78,FALSE,TRUE
0.693147180559945,0.681518147462253,0.049106402380034,0.678672066145322,0.0493876661666742,0.563150172105716,0.0847153577355909,0.514210761394539,0.362723324907819,0.74998324460038,1.14472639166314,0.118367975356537,-0.00284608131693043,2.52677611164967,-2.46826313472782,0.102556286594115,0.978934731903955,"xgb_constrained","binary","negbin","binary_negbin_tlog2",79,FALSE,TRUE
0.693147180559945,0.732913897198939,0.0529436700032313,0.728384708692983,0.0527288488660733,0.602305542272958,0.0533448048005653,0.766148245650854,0.076397024861971,0.744440253932134,2.51290796538424,0.130608354925981,-0.00452918850595596,2.34113860927169,-2.18064116533867,0.0567130950317025,0.986181183361667,"xgb_constrained","binary","negbin","binary_negbin_tlog2",80,FALSE,TRUE
0.693147180559945,0.700038364845464,0.0509742979336322,0.701316338813939,0.0511977468978701,0.567835411106291,0.0493461903123013,0.733509783072574,0.0635571685784274,0.724849301729201,2.06746522279205,0.132202953739173,0.00127797396847551,2.81060584183811,-2.09908335795158,-0.0581516186428638,1.06551160412814,"xgb_constrained","binary","negbin","binary_negbin_tlog2",81,FALSE,TRUE
0.693147180559945,0.693175279295425,0.0475417017863657,0.691968975104642,0.0479934009281409,0.574847095563091,0.0483226906468253,0.654578867573011,0.203102536880862,0.677514356650711,4.16793133379972,0.118328183732334,-0.00120630419078305,2.37211476293881,-2.150004503989,0.00222652643360784,1.04296118948579,"xgb_constrained","binary","negbin","binary_negbin_tlog2",82,FALSE,TRUE
0.693147180559945,0.751880559165634,0.050949729950815,0.751267448052904,0.051009775040839,0.609826677329235,0.0468879429304092,0.810015950652003,29011.8667650337,0.745747720887333,2.88415007762121,0.1420538818364,-0.000613111112730325,2.4863274042593,-2.4753321094285,0.274261998134073,0.843814491291455,"xgb_constrained","binary","negbin","binary_negbin_tlog2",83,FALSE,TRUE
0.693147180559945,0.721834216278282,0.0524338514354244,0.718547657958953,0.0521383463646223,0.660662887409164,0.0454798580330241,0.834234086836787,0.0686802877434419,0.756779181295984,2.57366457193083,0.0611713288691192,-0.00328655831932878,2.66998680138572,-2.09506520703355,-0.0175891645982954,1.0248431241021,"xgb_constrained","binary","negbin","binary_negbin_tlog2",84,FALSE,TRUE
0.693147180559945,0.715311396476584,0.0473520308741398,0.718739744291649,0.047234547840989,0.616970221682017,0.0509898062537072,0.73298258776371,0.0581461398029386,0.773841604545327,2.21899301142475,0.0983411747945668,0.00342834781506507,2.74089807218325,-2.12059683962806,0.0377635958532214,0.991343568939667,"xgb_constrained","binary","negbin","binary_negbin_tlog2",85,FALSE,TRUE
0.693147180559945,0.728621272623819,0.0567441906688745,0.727278040707557,0.0567491290433564,0.570845042211484,0.0531366796156065,0.719862429095842,0.0761498898153864,0.738712749742658,2.11074232217914,0.157776230412334,-0.00134323191626162,2.74190584453514,-2.12041583157106,0.027721871811216,0.99055389553399,"xgb_constrained","binary","negbin","binary_negbin_tlog2",86,FALSE,TRUE
0.693147180559945,0.686076845640439,0.056086069251616,0.689484931189307,0.0557486086468483,0.597891143856377,0.0533016753346105,0.950507420580387,0.163606353530507,0.689566250038991,3.73165342251767,0.0881857017840634,0.00340808554886796,2.26730108797402,-2.48954795628582,0.0330796517058362,1.02667918100387,"xgb_constrained","binary","negbin","binary_negbin_tlog2",87,FALSE,TRUE
0.693147180559945,0.724473266808304,0.0493072732746559,0.723369012720469,0.0491620891836285,0.608361790553833,0.0501681717343393,0.629207981173093,0.0745663956167552,0.72427697314655,2.18919816312494,0.116111476254471,-0.00110425408783521,2.61616378037317,-2.11216816117212,0.000542998110770282,1.02863788675324,"xgb_constrained","binary","negbin","binary_negbin_tlog2",88,FALSE,TRUE
0.693147180559945,0.614645018197296,0.0475118591548478,0.615157319066851,0.0471163627147866,0.573305285708344,0.041777294054556,0.646231401911852,0.0522329612345981,0.661389300068661,1.93934554627338,0.0413397324889508,0.000512300869554894,2.38545030844194,-2.11802841168973,0.00878904279853777,1.0058996081042,"xgb_constrained","binary","negbin","binary_negbin_tlog2",89,FALSE,TRUE
0.693147180559945,0.81697572329762,0.0466300836835311,0.817123249795338,0.0467341876941317,0.703562514970079,0.0462093548965287,0.823201968654926,0.0598290833737459,0.818257412207391,2.53691908712088,0.113413208327542,0.000147526497717654,2.60621583437092,-2.13285490228045,0.00102197077683651,1.01709484099824,"xgb_constrained","binary","negbin","binary_negbin_tlog2",90,FALSE,TRUE
0.693147180559945,0.687676553899621,0.0586171559565146,0.686517893913105,0.0587184172309109,0.547353571112317,0.0543399668561456,0.725935083114941,0.100204053386013,0.66888513578627,2.76831474386066,0.140322982787303,-0.00115865998651621,2.6052210244546,-2.18137152638561,0.0265430765253976,1.02823225935424,"xgb_constrained","binary","negbin","binary_negbin_tlog2",91,FALSE,TRUE
0.693147180559945,0.72088257437825,0.0537382921102029,0.719849558682516,0.0536289912004905,0.627886626506208,0.0558212854505955,0.719189395722336,0.0640342664014857,0.74264157252992,2.30992675922493,0.0929959478720428,-0.001033015695734,2.43631915454812,-2.15603105930711,0.0752213404733589,0.961299296957821,"xgb_constrained","binary","negbin","binary_negbin_tlog2",92,FALSE,TRUE
0.693147180559945,0.676899090061057,0.0475641151564396,0.676307131587845,0.0474564078696383,0.598494490539059,0.0501842071440025,0.875514950333954,0.0830061453552364,0.711678677762949,2.98419502472657,0.0784045995219979,-0.000591958473212029,3.08076138342301,-2.13724328742467,-0.127046265895966,1.10675968792296,"xgb_constrained","binary","negbin","binary_negbin_tlog2",93,FALSE,TRUE
0.693147180559945,0.639754524242728,0.0476898653757832,0.637539529642607,0.0477044572916552,0.595978896305216,0.0467367083434924,0.716723295904343,0.0548915848447489,0.653702352154621,2.09228261848087,0.0437756279375117,-0.00221499460012131,2.70918393577748,-2.13627731549318,0.0267223331863387,0.989539094318591,"xgb_constrained","binary","negbin","binary_negbin_tlog2",94,FALSE,TRUE
0.693147180559945,0.640002697241558,0.0477526962624136,0.644412344134765,0.0485223702434548,0.545990530430999,0.052610273911496,0.937998099633387,0.197231401281549,0.650471669616181,3.38067612996877,0.0940121668105571,0.00440964689320733,2.59641988968799,-2.49713954550628,0.240384389865864,0.955893304213544,"xgb_constrained","binary","negbin","binary_negbin_tlog2",95,FALSE,TRUE
0.693147180559945,0.630090450063589,0.0499265625798221,0.631960012073416,0.0501339050631657,0.533891367131184,0.0495962124281844,1.47524912018527,0.571522983936066,0.65048560919954,5.35887929225925,0.0961990829324046,0.00186956200982791,2.45823648552729,-2.44024083989882,0.0271605426421621,1.04939248909753,"xgb_constrained","binary","negbin","binary_negbin_tlog2",96,FALSE,TRUE
0.693147180559945,0.735485966341958,0.0485536023010583,0.735544848756556,0.048538385138137,0.605688477540045,0.0547172518079908,0.77903033737173,5279311.53706592,0.750588660311964,2.14495168583324,0.129797488801912,5.88824145979494e-05,2.7173879407983,-2.51278948989593,0.0766128129322757,0.972464828219842,"xgb_constrained","binary","negbin","binary_negbin_tlog2",97,FALSE,TRUE
0.693147180559945,0.675539947630232,0.0519388539900234,0.678446612281241,0.0516683863159055,0.548524634769287,0.0510087858620743,0.665374753232731,0.057814555750925,0.685023433284899,2.06644657816717,0.127015312860944,0.00290666465100964,2.94233329838737,-2.10277821509945,0.0268151913531999,0.993254149867816,"xgb_constrained","binary","negbin","binary_negbin_tlog2",98,FALSE,TRUE
0.693147180559945,0.689759064228375,0.0582095937670638,0.692639343928966,0.0576472964580903,0.59146924097076,0.0535079143727805,0.737459647139037,0.0638030554281199,0.677793491887759,1.96825102286701,0.098289823257615,0.0028802797005909,2.68466549179872,-2.10965188071633,-0.00523482110509371,1.01879815267684,"xgb_constrained","binary","negbin","binary_negbin_tlog2",99,FALSE,TRUE
0.693147180559945,0.637149711710244,0.0463822652437744,0.636627342310921,0.0464517972097068,0.503370805708148,0.0468382295444263,0.584593317578077,0.0922442378242849,0.675425797167751,1.87711731828926,0.133778906002094,-0.000522369399322709,2.65910355862479,-2.16683898860398,0.0482344964175677,0.981135814492691,"xgb_constrained","binary","negbin","binary_negbin_tlog2",100,FALSE,TRUE
