"arm","sudo","sudo_mi","T_U_plug","T_W_plug","T_U_os","T_W_os","PL_OS","B_total","B_X","B_D","B_D_first","B_X_first","direct_treat_err","mean_lambda","mean_nz","d_selected","min_p","min_q","oracle","n","p","seed"
"pen",1.38643660461428,1.37148319967313,1.21220492838695,1.21251102532217,1.50182241938556,1.49878688865884,1.50175625592932,-0.204605226915608,-0.059025773943402,-0.145579452972206,-0.155836592685886,-0.0780977965353776,-0.287628481676106,0.0405944223278348,10.8,1,0.334514222541507,0.123130585452675,1.45764863807956,1000,500,1011001
"unpen",1.587608511123,1.58374691102369,1.68869346300502,1.68872954368137,1.53365851511411,1.5179861553296,1.50400711452404,-0.00239010565285522,-0.0992073221213126,0.0968172164684574,0.102109890368681,-0.116411310672614,0.188740885174195,0.0434503746058712,6.2,1,0.328053218538285,0.106807995977072,1.45764863807956,1000,500,1011001
"pen",1.18347298080095,1.20998750971747,1.06207694539259,1.06201304263093,1.35290671107095,1.35547765817799,1.36994284424132,-0.239921569873626,-0.0121799884829034,-0.227741581390722,-0.236106487959837,-0.0308992326732265,-0.437474489515542,0.034661961755633,16.8,1,0.231571298075025,0.0436122567380057,1.31161282339835,1000,500,1011002
"unpen",1.3610637187599,1.39533388314175,1.47640762375548,1.47634230986379,1.40111613996851,1.38121484963857,1.37526044918952,-0.0612876700539751,-0.0492775805965795,-0.0120100894573957,-0.0121947602110739,-0.0636870163764304,-0.0229373529401731,0.0349126073124588,16.6,1,0.211267815007028,0.0413245917211658,1.31161282339835,1000,500,1011002
"pen",1.41454234614718,1.40294303971889,1.27139824602035,1.27132954369162,1.5072588020038,1.51387100549202,1.53370418682592,-0.178138920292502,-0.0640369032777482,-0.114102017014754,-0.123287254219499,-0.0786168106011902,-0.22859069430954,0.0311966077406971,28.2,1,0.171393167268551,0.0743093123119973,1.48168419063216,1000,500,1011003
"unpen",1.57571354497853,1.57389648707396,1.65126215530439,1.65123642896066,1.55835158979184,1.54482726681274,1.54261840590799,-0.018242106945311,-0.0947899145809927,0.0765478076356817,0.0818684471637934,-0.109755498377483,0.151271468450433,0.0322548003999368,24.8,1,0.160604235310835,0.069545878762203,1.48168419063216,1000,500,1011003
"pen",1.6121095202447,1.60017537519321,1.46187986604677,1.46206659798311,1.73874438885232,1.74017070716338,1.71759956446068,-0.0742239530094437,-0.0546258994655783,-0.0195980535438654,-0.0202473028708952,-0.071482115823919,-0.0383789282188335,0.0294791931843064,34.6,1,0.198654480386024,0.069863834132921,1.70258126586918,1000,500,1011004
"unpen",1.78306723886211,1.77600072991395,1.84235724671577,1.84243343680364,1.74738315072118,1.73950708307293,1.72578384335239,0.0882796668623376,-0.0891174174748532,0.177397084337191,0.182226350327149,-0.105371313173164,0.342212522642551,0.0333420773290661,21.6,1,0.19660954923724,0.0593555334560041,1.70258126586918,1000,500,1011004
"pen",1.29086484356944,1.30513610665338,1.17905147116931,1.17898318854934,1.44761537413328,1.45438029179412,1.45699748937575,-0.199571818098467,-0.0357628412954634,-0.163808976803004,-0.171739073571939,-0.0515229660485237,-0.320908177604622,0.033840851791781,21.4,1,0.247856903443676,0.0790923204921654,1.43858481208519,1000,500,1011005
"unpen",1.47487492520488,1.49513283839247,1.59469672365749,1.59460029251812,1.5068124870493,1.49100449108086,1.46409744645715,-0.0199019797642781,-0.0691286843534096,0.0492267045891314,0.0506697037682585,-0.0827886858324614,0.0946857695393458,0.0355157707914639,17.6,1,0.260117145149754,0.0765144533494412,1.43858481208519,1000,500,1011005
"pen",1.55227369809192,1.55952620271425,1.37425749001223,1.37526296472961,1.7651348482876,1.75047521403254,1.74291453549759,-0.104121265382735,-0.0384686009357766,-0.0656526644469584,-0.066850826655499,-0.0600087050634536,-0.125649635891011,0.0368987801665186,17.6,1,0.311921287908718,0.0586778439256378,1.71879364899246,1000,500,1011006
"unpen",1.77467252386555,1.80224166375155,1.85246353641457,1.85350516110419,1.81996645941865,1.79463827241391,1.75579949949625,0.114896338350553,-0.074425893918566,0.189322232269119,0.189360904568643,-0.0930264113019347,0.352445199937295,0.0396009342867689,10.6,1,0.314947772714972,0.0534058896656813,1.71879364899246,1000,500,1011006
"pen",1.50120826244155,1.47145950154954,1.30907653257876,1.30838320220918,1.6007398405309,1.60835533652863,1.65493375353271,-0.145985778166437,-0.047602367974372,-0.0983834101920652,-0.103511253491902,-0.0639586998784392,-0.190678084897338,0.0396155651064833,10.6,1,0.293958415930878,0.0707488371793178,1.63126579211601,1000,500,1011007
"unpen",1.72000968421656,1.7027292900991,1.80427599944236,1.80363833222055,1.61245681522336,1.60338861293552,1.65952167988809,0.0734579530714317,-0.0876716989984354,0.161129652069867,0.163887362558705,-0.101933552026568,0.304577338221474,0.0409818253427085,9.6,1,0.300796507035312,0.0617978778813279,1.63126579211601,1000,500,1011007
"pen",1.37613575021412,1.41396976980777,1.2565455356352,1.25639549520531,1.53556047914836,1.53545347615215,1.5403481604316,-0.186032469287586,-0.0662432358021294,-0.119789233485456,-0.128878079006675,-0.0840045446878278,-0.24325922020131,0.0348921833752768,20.4,1,0.239411487829605,0.108231183346932,1.55679126752003,1000,500,1011008
"unpen",1.55018722224875,1.59665631310025,1.66352267296235,1.66322270554384,1.55755423177466,1.54368529181923,1.54728449530961,-0.0132182794382377,-0.0950299922710731,0.0818117128328354,0.0865834583342744,-0.112628673960723,0.163751535708274,0.0379974271818441,17.2,1,0.230736813224432,0.0891680059870707,1.55679126752003,1000,500,1011008
"pen",1.4841810246563,1.48858513769013,1.33071175775136,1.33095757745299,1.63689916850942,1.646092941674,1.65425657706415,-0.126727300353543,-0.0393196549780183,-0.0874076453755251,-0.0908455414135272,-0.0513311623734594,-0.169360925906049,0.0304657862190251,27,1,0.187041979860781,0.0352126203987012,1.61837123471215,1000,500,1011009
"unpen",1.66500062369283,1.66813875562041,1.71864031884068,1.71891481952171,1.68514710372321,1.67695163712179,1.65734766274178,0.0442845491447326,-0.070117244167962,0.114401793312695,0.117579664887325,-0.0810553812376992,0.218675752832213,0.0313966420414554,25.4,1,0.162527030354307,0.0298120179493859,1.61837123471215,1000,500,1011009
"pen",1.44370909274222,1.46074353735394,1.30433612227994,1.30477408276136,1.53149938821571,1.54104559950406,1.62384693689899,-0.148342388880293,-0.0482300845441908,-0.100112304336102,-0.105549358042354,-0.0638741033818336,-0.194930827100392,0.0351528332300092,21,1,0.137037848214892,0.049069584806473,1.66844617778274,1000,500,1011010
"unpen",1.63335687670097,1.66761945293728,1.74840822723391,1.74862959268993,1.56095268027201,1.55358417834859,1.62934758263036,0.0400144865777364,-0.0914928617468539,0.13150734832459,0.136127536231766,-0.106494413752054,0.248941796081188,0.0406763090199911,11.8,1,0.171691960201147,0.0509843362281157,1.66844617778274,1000,500,1011010
"pen",1.2754542051685,1.29267784795779,1.18310358370266,1.18209908925961,1.35417982982911,1.36062177203742,1.40943831545538,-0.199080411855805,-0.0395887103676982,-0.159491701488107,-0.169250966292625,-0.0503517766137864,-0.317264341099237,0.030869790397899,29.2,1,0.193663140275729,0.0618994140555011,1.39913364440234,1000,500,1011011
"unpen",1.44146997592313,1.46992225207155,1.57584689767082,1.57490619219042,1.38587774656427,1.36970339535846,1.42041900736308,-0.0345195923464047,-0.0735965769584427,0.039076984612038,0.0404425849467724,-0.0838195447379926,0.075538367466901,0.0328555739518755,24.8,1,0.184711498369839,0.0561456543574111,1.39913364440234,1000,500,1011011
"pen",1.13513951000846,1.1560402623457,0.959593415821273,0.959569880865327,1.28364698735875,1.2906118517092,1.28630754223488,-0.300842549659559,-0.0344521538807147,-0.266390395778844,-0.285622632302621,-0.057983890684036,-0.54035949781822,0.0391723638359349,13,1,0.345233220712902,0.127231583918364,1.21855172804666,1000,500,1011012
"unpen",1.30270574771259,1.33672324773345,1.38845926195904,1.38855779555404,1.31420353331775,1.30331206556393,1.30575480781345,-0.12624765130387,-0.070597127957905,-0.0556505233459651,-0.0591020123681191,-0.0899905311215379,-0.111425753091358,0.0425062021559668,9.8,1,0.331156071701993,0.108084035261183,1.21855172804666,1000,500,1011012
"pen",1.39792567158859,1.40959193561255,1.26738563238888,1.26692185847741,1.47567932433183,1.48520465746602,1.52430486012757,-0.160132763372059,-0.0398623245545937,-0.120270438817465,-0.12501751833578,-0.0612461880895537,-0.232951311657115,0.0319895922920824,27.8,1,0.32830104552512,0.0900329380972631,1.54431932116648,1000,500,1011013
"unpen",1.56034793425663,1.58647129364306,1.65577184624409,1.65526073227107,1.49841856702459,1.49181038050429,1.5256261371319,0.00397347823533636,-0.0768650290494477,0.0808385072847841,0.0827004949016235,-0.0963557599090393,0.155406247353804,0.0368638438180145,14.8,1,0.325597434598161,0.0962072456005615,1.54431932116648,1000,500,1011013
"pen",1.7542268226989,1.73352939176131,1.59832230629534,1.59840259666346,1.83782488922335,1.86425758493429,1.89352001802554,-0.0288165730612942,-0.0793036930843895,0.0504871200230954,0.0525523169457074,-0.0912976631270472,0.0978572129048143,0.0311296124115044,25.6,1,0.186021238302222,0.0445085672024448,1.90612340822736,1000,500,1011014
"unpen",1.94456475696325,1.93257576610471,2.02333838820594,2.02350408600763,1.86490558761896,1.86943806604977,1.89885699129323,0.16192623254672,-0.108704148470047,0.270630381016767,0.280418276645753,-0.12326700243429,0.522831986163492,0.0338575818317415,19.8,1,0.19200651426011,0.0397381913184215,1.90612340822736,1000,500,1011014
"pen",1.38885748176102,1.41733932036586,1.23998122358435,1.23978480970953,1.51650383569214,1.52979536645576,1.54202370714157,-0.17796553660227,-0.0454165229863966,-0.132549013615873,-0.139716620909411,-0.0611023977914995,-0.260159661746228,0.0307095810391694,35,1,0.165645044418665,0.0560062291585329,1.51360720515061,1000,500,1011015
"unpen",1.53541348804739,1.56959175323425,1.60243553008741,1.60201220964419,1.50867420393264,1.51521688644649,1.54386017416438,-0.0252654696679428,-0.0778383116212831,0.0525728419533403,0.0551748175649044,-0.0922411383186995,0.1025318250099,0.0339691740498275,30.6,1,0.145268025328272,0.0417396628415151,1.51360720515061,1000,500,1011015
"pen",1.39732058613178,1.40428573833366,1.22661129799638,1.22623914131047,1.5460029809221,1.5627683704209,1.55519062010225,-0.201866354411761,-0.0672214465922194,-0.134644907819541,-0.145761652912388,-0.0815574777339987,-0.272953114504039,0.0353287561783283,15.8,1,0.238309109766629,0.0694432803513838,1.53581162837327,1000,500,1011016
"unpen",1.56560486837787,1.57732629680639,1.62080155573645,1.62040559213579,1.57717214190444,1.58696441293911,1.56638665323296,-0.0340301561187417,-0.0948087453663263,0.0607785892475846,0.064937012343437,-0.109266453109301,0.120838863103108,0.0376715227358576,13.8,1,0.229036693533587,0.0496842755592623,1.53581162837327,1000,500,1011016
"pen",1.56920630069358,1.59303444980956,1.43615724200632,1.43604388131733,1.71592577901006,1.71698979658601,1.74592541728321,-0.11196876840175,-0.0796100241392865,-0.032358744262464,-0.0347812997942844,-0.0950516292503593,-0.063920138928389,0.0374416925896135,10.6,1,0.34091950454522,0.101480425461753,1.71188738368111,1000,500,1011017
"unpen",1.79330337701319,1.82344953431157,1.92823519496452,1.92812443960975,1.73875045064907,1.70974262817013,1.75353857019959,0.106272264964095,-0.117402985139657,0.223675250103752,0.232820052027643,-0.134106303966038,0.427959465294642,0.0422636176066243,6.8,1,0.32609312190529,0.0976317076823055,1.71188738368111,1000,500,1011017
"pen",1.54322325261672,1.56652850466008,1.41375605260147,1.41374765658757,1.69626904350171,1.70882747568597,1.72584121410231,-0.105913754733135,-0.0618416779119908,-0.0440720768211441,-0.0462549685793856,-0.0746433108482061,-0.0862329825831352,0.0324638396158483,25,1,0.240049016577787,0.0419001363167841,1.73869152436504,1000,500,1011018
"unpen",1.72449931652519,1.75398718110739,1.82205891478246,1.82214817669363,1.72653721182843,1.71598708227916,1.72522165176396,0.0742964520232301,-0.0933446892223255,0.167641141245556,0.173799856139832,-0.106458957874377,0.32204051409786,0.0347071127202978,19.6,1,0.233580404420543,0.0376794035107539,1.73869152436504,1000,500,1011018
"pen",1.21779347893768,1.23419571956655,1.04183809208165,1.0419944369121,1.3428294932944,1.356768983202,1.36723311790356,-0.287724602047767,-0.0663553281079763,-0.221369273939791,-0.244042090200239,-0.0867654956799293,-0.458061166911121,0.0417133201783093,7.4,1,0.376774207796832,0.165735286486223,1.33271615118771,1000,500,1011019
"unpen",1.39190813029905,1.40885469874564,1.47878640247289,1.47886638060274,1.36422413018706,1.36138900449988,1.37407844985087,-0.111402069720943,-0.10129294285156,-0.0101091268693827,-0.0110713254615961,-0.120299204929766,-0.020930198437865,0.0471312687190923,5.6,1,0.35443965584419,0.144102376663431,1.33271615118771,1000,500,1011019
"pen",1.13241192145701,1.12798609382543,0.974905722747943,0.975001587518837,1.26461065027773,1.26953242646631,1.28881111004484,-0.284259122051582,-0.019709506587849,-0.264549615463733,-0.281408903457487,-0.0337924077726273,-0.525068813653948,0.0344781575698479,19.2,1,0.193740357921827,0.0683953630381872,1.24092295855811,1000,500,1011020
"unpen",1.30269722404069,1.29744527922644,1.37135075958824,1.37140978859903,1.3061715254493,1.29179869667557,1.29590929428077,-0.116621251324711,-0.0512062934301296,-0.0654149578945812,-0.0687642305336973,-0.0622711313473153,-0.128536080224434,0.0339559408123331,19,1,0.191736866288076,0.0558959623965528,1.24092295855811,1000,500,1011020
"pen",1.34819741672262,1.35370094772054,1.17481088538399,1.17490289220033,1.48345613271806,1.48972513739722,1.5044664482064,-0.212640864222231,-0.0491293330044203,-0.163511531217811,-0.174305011566216,-0.0647551136443344,-0.325411025001855,0.0376623719273644,15.4,1,0.244711902829014,0.0817588676452304,1.4473164838052,1000,500,1011021
"unpen",1.53204286370508,1.5417203438675,1.60629793775662,1.6061698702544,1.50599327206293,1.50249436869013,1.50269019627063,-0.0285692938205535,-0.0826615470175336,0.0540922531969801,0.0567633299397734,-0.0959867376943364,0.106137186889113,0.0380040995215402,15,1,0.227611340888632,0.0727302586582509,1.4473164838052,1000,500,1011021
"pen",1.25103649245551,1.25358650529128,1.11207864499792,1.11264029899279,1.38745059366175,1.37781455425696,1.38356679273652,-0.224307097448741,-0.025193367883284,-0.199113729565457,-0.207857640572301,-0.045688243786088,-0.386981293933822,0.0323257422888274,32.2,1,0.294556072694562,0.074756245296631,1.37981982677082,1000,500,1011022
"unpen",1.42014777577575,1.44421503099123,1.52668769280617,1.52661414529327,1.42898303911455,1.40127909633749,1.3912690513264,-0.0499302618246557,-0.0638532911396488,0.0139230293149931,0.0141878983964164,-0.0825966790911203,0.0267140322848103,0.0379839890470636,25,1,0.312889808429165,0.0757766013136611,1.37981982677082,1000,500,1011022
"pen",1.49652803983807,1.52234962237818,1.31731808728416,1.31744487523039,1.70006726379366,1.70278641064281,1.71986778105224,-0.160569843549862,-0.0687522516485569,-0.0918175919013056,-0.0980111979958918,-0.0871846906071304,-0.182594124157347,0.038228051751751,14.2,1,0.33518422705036,0.10882428539452,1.72747957829668,1000,500,1011023
"unpen",1.68326043430042,1.73593256997829,1.76829577407996,1.76849435751542,1.72652262487363,1.72748242886678,1.73394202659405,0.0342996685798127,-0.10364513956056,0.137944808140373,0.144386517828322,-0.120945656717952,0.268405876071476,0.0431893597171788,8,1,0.33636288142835,0.105293903937391,1.72747957829668,1000,500,1011023
"pen",1.35824803248199,1.38591069768088,1.2330954455178,1.23240555883067,1.48104006182526,1.49462489638465,1.5052729828238,-0.183405607643718,-0.0463210150656567,-0.137084592578061,-0.142931499992916,-0.070855563638426,-0.268484931937232,0.0394953416261101,15.4,1,0.289012524375947,0.117999986038715,1.52626427073726,1000,500,1011024
"unpen",1.56517634599111,1.59690243508488,1.6950946870483,1.69446631303498,1.51939354985278,1.51027010487422,1.52004228751772,0.0125618916708786,-0.087022446436738,0.0995843381076166,0.102626651269054,-0.108708277478596,0.193894839254809,0.047846593069306,4.4,1,0.347050310335646,0.126286619509359,1.52626427073726,1000,500,1011024
"pen",1.38463842298223,1.38639709341274,1.24779254546749,1.24743506070726,1.50485769509971,1.51713779092626,1.51173032473258,-0.173933972602865,-0.0459602188064558,-0.127973753796409,-0.134610659910181,-0.0604843761419354,-0.252297303704303,0.0303673192951531,32,1,0.261673377025737,0.0686475028027458,1.5620014239421,1000,500,1011025
"unpen",1.54700073752252,1.55874585509278,1.62734520083749,1.62664075147609,1.52922605058156,1.52957636109173,1.51933576735231,-0.00975122941737313,-0.0753603582059863,0.0656091287886132,0.068399248295355,-0.0886397848972446,0.12724554985962,0.0314521422930245,28.8,1,0.24863590827194,0.0610851080958777,1.5620014239421,1000,500,1011025
"pen",1.29080380524852,1.29815741000089,1.11257901216395,1.11278594093969,1.43020850332042,1.45007182535295,1.47108179550982,-0.23353205272168,-0.0402119601921536,-0.193320092529527,-0.206397503729354,-0.0578492564255419,-0.387165994528013,0.040244748745908,11.4,1,0.232797736118808,0.0863584827598173,1.40973263567007,1000,500,1011026
"unpen",1.48065972431493,1.50116448979877,1.5731169678997,1.57326935242843,1.46884550821721,1.47356555234771,1.47987164813077,-0.0397903956456843,-0.0771587807557225,0.0373683851100382,0.0389005625429514,-0.0925477982900355,0.0731907773033387,0.0416419608233787,9.6,1,0.2542422128718,0.076792897512335,1.40973263567007,1000,500,1011026
"pen",1.46378660629514,1.49462979587953,1.32944512002444,1.32885075110843,1.61476263815327,1.62205985346967,1.63645143413182,-0.162212870581896,-0.0780255507406006,-0.0841873198412951,-0.0906659881621949,-0.0943860536616035,-0.170652468368153,0.0360769461565489,17.8,1,0.284773613028839,0.0902696826907983,1.52693432838734,1000,500,1011027
"unpen",1.65099528547549,1.68743323557744,1.76443364010233,1.76376983262116,1.64978074851272,1.63686883521154,1.64559760497176,0.0187766919370697,-0.113941493497782,0.132718185434852,0.141123321920138,-0.130917249062511,0.264671541022697,0.0423565004979853,9.4,1,0.285907190849569,0.104280499029023,1.52693432838734,1000,500,1011027
"pen",1.40129241927072,1.40201842847383,1.24627977700683,1.2458283162149,1.50153643647575,1.52335207474078,1.52606435806131,-0.193966680653277,-0.0660627721099435,-0.127903908543333,-0.138116369431737,-0.0805863586697399,-0.253663643575866,0.0353616320263685,19,1,0.282047106028699,0.0974256358328658,1.45204775951529,1000,500,1011028
"unpen",1.57369801857935,1.5854392682023,1.66872211228972,1.66791892638749,1.50934112011361,1.51764693309053,1.52997174152459,-0.0158121606226343,-0.101495019091605,0.0856828584689709,0.0913478355080289,-0.11623915145634,0.169024743436163,0.0370443318886538,14.2,1,0.296704804132055,0.0942467083805937,1.45204775951529,1000,500,1011028
"pen",1.2260648852894,1.23041074542192,1.05038681220691,1.05032255184689,1.36148325703765,1.37277720926061,1.38600178675316,-0.247583688960583,-0.0137360650743454,-0.233847623886238,-0.242645649371709,-0.0346941239768612,-0.449121366632055,0.0368759544825067,16.2,1,0.255269428709986,0.0701618158478141,1.33555504381549,1000,500,1011029
"unpen",1.40875754422426,1.42317923904866,1.49058377199016,1.49043056042315,1.38462865748688,1.37596660498313,1.393025591557,-0.0589477361731931,-0.054059173238965,-0.00488856293422806,-0.0047433865411795,-0.0709460875207776,-0.00913399717824222,0.0389696106772627,13,1,0.262052783029741,0.0651544132214623,1.33555504381549,1000,500,1011029
"pen",1.669852824487,1.66184714582677,1.52965684884412,1.52969165995063,1.75579314078948,1.77018287740792,1.80122319737478,-0.0751159447016612,-0.0909140964157089,0.0157981517140477,0.0161876359624177,-0.102745930116253,0.029829609665776,0.03351641150301,23.2,1,0.213321313594864,0.0753845696812731,1.80859392535112,1000,500,1011030
"unpen",1.85590327815586,1.87417718410868,1.97591184786609,1.9757239274777,1.79611379132903,1.79710300821331,1.81516940411151,0.114891629365092,-0.12758809272336,0.242479722088452,0.257508835060929,-0.143219385490548,0.475856819313389,0.0405312831991,10.2,1,0.242064981277646,0.0813034827328129,1.80859392535112,1000,500,1011030
"pen",1.37591422009712,1.38665936880511,1.23216951531702,1.23281460395466,1.46294993471717,1.47116368274762,1.52161215472615,-0.195759246244483,-0.0609826011958165,-0.134776645048667,-0.144913176825505,-0.0767080793389386,-0.267188063160939,0.0338980134190145,21,1,0.197012723096039,0.0817132119714897,1.45685615213704,1000,500,1011031
"unpen",1.54768532552851,1.5859658169114,1.66160704345577,1.66205752071526,1.47447399088438,1.46782212478181,1.52860148559538,-0.0177885774562205,-0.102053161106204,0.0842645836499832,0.0887098358274887,-0.119884903871387,0.16227639619652,0.0426794368167631,11.2,1,0.193367336956103,0.067447781984218,1.45685615213704,1000,500,1011031
"pen",1.64791010300038,1.6654123770628,1.51271548704763,1.51284138361459,1.79101175827139,1.80542967791324,1.83273770448923,-0.0507451260466379,-0.057947206291023,0.0072020802443851,0.00729566699537847,-0.0755214630220761,0.013498310439014,0.0297411385480224,39,1,0.165332681165158,0.056935484713961,1.80811841627619,1000,500,1011032
"unpen",1.85047166417918,1.86806206132287,1.91771445309223,1.91792205533856,1.82287108362511,1.82464383803362,1.83586809693852,0.135770372725196,-0.0886023403329916,0.224372713058188,0.228284077405118,-0.105174952783013,0.41873180332583,0.0320355135025351,30.4,1,0.166551287285836,0.0412480486112239,1.80811841627619,1000,500,1011032
"pen",1.65617919077704,1.67694870967631,1.53982845701496,1.54009395451455,1.79722246831947,1.79947429926155,1.81999545126724,-0.0604876872166899,-0.0814384255855331,0.0209507383688431,0.022897874403835,-0.0962468375408843,0.0401285011846789,0.0316126469528428,24.6,1,0.186570063948298,0.0827113628632987,1.81979071480079,1000,500,1011033
"unpen",1.84724756316264,1.87010550612664,1.95197198336558,1.95211616458747,1.8305134859436,1.81231700806053,1.82277767294305,0.124230035171524,-0.109173239685311,0.233403274856835,0.24507722789694,-0.125579830502108,0.452314660958255,0.0330318780741526,21.8,1,0.179906963087906,0.0684212058175937,1.81979071480079,1000,500,1011033
"pen",1.17799425142848,1.18691692262149,1.04241088387397,1.04242906299179,1.31231203094739,1.33031817492425,1.35727843278003,-0.249759065947635,-0.0131584495899725,-0.236600616357662,-0.247700228937357,-0.0284440058115462,-0.457586618799219,0.0324776981675229,22.4,1,0.221359980803385,0.0232782996590334,1.29485520239921,1000,500,1011034
"unpen",1.34257091033804,1.3631224979355,1.43446611090654,1.43434805683076,1.35299293323155,1.35152348693696,1.36534638029953,-0.0821156103122124,-0.0477434349910021,-0.0343721753212103,-0.0357189953115017,-0.0603650638665683,-0.0656540125632988,0.0336468769671137,20.2,1,0.218208044586203,0.0223774518426218,1.29485520239921,1000,500,1011034
"pen",1.41008104423449,1.41564762871915,1.28735745820195,1.28782852406107,1.51519963726497,1.52264114558692,1.56485268915694,-0.12681610878553,-0.0135679728605356,-0.113248135924995,-0.114624329909713,-0.032599746809689,-0.212345059105537,0.0312533878211615,26.4,1,0.257970795582897,0.0516109399309151,1.54906168577102,1000,500,1011035
"unpen",1.594759753359,1.61247269560177,1.69317965763312,1.69377398218227,1.54673400654806,1.53783734031464,1.5720231268539,0.0565356903864657,-0.0491678486197024,0.105703539006168,0.105074618918246,-0.0644412845379369,0.194250068273147,0.0327104616800272,25,1,0.245983645618298,0.0463734209329019,1.54906168577102,1000,500,1011035
"pen",1.35045733901047,1.33293947868572,1.20178170638377,1.20168878332267,1.4227025714078,1.44057664711453,1.45094837851635,-0.200934238962314,-0.0500369757065113,-0.150897263255802,-0.161298431563065,-0.0646117609653302,-0.298094938416131,0.0316390475841486,24.4,1,0.241493589280892,0.0991176634427226,1.40218174410439,1000,500,1011036
"unpen",1.50277323103369,1.48727581290201,1.56659527940357,1.56651474451474,1.43766571758061,1.44350070341333,1.44321389974624,-0.0469287933642793,-0.0807708204370384,0.0338420270727591,0.0355604586364867,-0.0943815160808419,0.0668702122466406,0.0311359632384806,24.6,1,0.211025380375365,0.0853838329695478,1.40218174410439,1000,500,1011036
"pen",1.44981351977916,1.45615676056299,1.29052725635078,1.29016868005147,1.57206396893709,1.5867381354714,1.63320422220591,-0.155156633312915,-0.0491799578358188,-0.105976675477096,-0.112145770792398,-0.0616112548088849,-0.209650793921561,0.032936285949563,19.6,1,0.187652825808329,0.0612181734727941,1.60149031242252,1000,500,1011037
"unpen",1.62594355176738,1.64738567599649,1.70066562476067,1.70014040662628,1.60874154607495,1.61028997441121,1.65147459951298,0.0236085207037086,-0.0798024761778192,0.103410996881528,0.107048549909,-0.0911236318875071,0.200587419574192,0.0345136389208957,16.4,1,0.186063910705763,0.0584606720892991,1.60149031242252,1000,500,1011037
"pen",1.47712180486146,1.46373381490739,1.33384438342395,1.33359774113888,1.53381101236357,1.53174248983991,1.5769471466406,-0.141623637171994,-0.0594742136352515,-0.0821494235367422,-0.0881673493205889,-0.0707628219829154,-0.166176397506153,0.0332813312900846,25.6,1,0.197384610044241,0.0536341133358191,1.62592744188929,1000,500,1011038
"unpen",1.65140900305686,1.65379431015916,1.74794695410728,1.74762893669856,1.57187008094747,1.55455911890085,1.58896471952061,0.0333730504400241,-0.0915881841098704,0.124961234549894,0.130576220048979,-0.103526245875199,0.247754413662347,0.0356829524219847,18,1,0.218203131960015,0.0711814819687761,1.62592744188929,1000,500,1011038
"pen",1.47469983979211,1.49696832041805,1.36793453889009,1.36773372628734,1.63788346447565,1.64465297172043,1.65676152684374,-0.116617101976707,-0.0475256177015484,-0.0690914842751582,-0.0717478219315575,-0.0636246963723955,-0.132405599903874,0.0315720566407209,22.8,1,0.231333222359066,0.0713576735264842,1.51374651054515,1000,500,1011039
"unpen",1.66929028310097,1.70260718689169,1.79825759003078,1.79804116320259,1.67715448403087,1.6675604142206,1.66004429682142,0.0691699251406363,-0.0873791043872313,0.156549029527868,0.160745542403747,-0.104290800576795,0.297851602963316,0.0388800446277285,16,1,0.209608759373535,0.0676644555766559,1.51374651054515,1000,500,1011039
"pen",1.59015428947654,1.60061287935113,1.45032375964628,1.4495019945174,1.72653871260786,1.74971315439544,1.81141440806542,-0.0712346560429971,-0.045002254927054,-0.0262324011159431,-0.0269451292419566,-0.0576020070371474,-0.0500325080482259,0.0313241541855212,23.2,1,0.228651056404199,0.0660177313484241,1.76124632039628,1000,500,1011040
"unpen",1.78848483926567,1.81214885520586,1.87269065615693,1.87179209372465,1.75415045098453,1.77435721323848,1.81529633445441,0.123599901490271,-0.0762641053180834,0.199864006808355,0.200721177021465,-0.0877396639449186,0.372375197540951,0.0334420083122823,19.6,1,0.233589681228993,0.0611760228485987,1.76124632039628,1000,500,1011040
"pen",1.37296028202118,1.36012657206964,1.19077519212585,1.19072247312417,1.51428827955047,1.5071088141505,1.52743639328204,-0.205328560026934,-0.0497099177766039,-0.15561864225033,-0.166461781203843,-0.0640713850867772,-0.309360767747726,0.0355541974590304,14.4,1,0.194341263244712,0.0776036205115713,1.45336526916358,1000,500,1011041
"unpen",1.54601159720794,1.55108162255229,1.61877689721484,1.61840516963947,1.54967964207947,1.52906175626661,1.53443746446333,-0.0241640742752222,-0.0846556952749567,0.0604916209997345,0.0631220637894823,-0.098309024641192,0.118427094110123,0.0370965999377665,12.2,1,0.224271377258326,0.0812925690217272,1.45336526916358,1000,500,1011041
"pen",1.56975662882237,1.57431145429955,1.42642016102676,1.42636752731372,1.69741356642482,1.69898963924728,1.72822452117298,-0.0896254828963503,-0.0512885312029073,-0.038336951693443,-0.0398387307819926,-0.0685588193418314,-0.0738799596726173,0.0312473386094759,26.6,1,0.251751645573833,0.074591679496685,1.69334460012914,1000,500,1011042
"unpen",1.75936250199585,1.77306716436773,1.83341431003998,1.833410608484,1.71666214836172,1.70559574276027,1.73023558089992,0.0948011703726738,-0.0815958145020504,0.176396984874724,0.17893377391279,-0.0984550847387921,0.333217412836279,0.0343039427461614,20,1,0.249940620393407,0.0708312439594384,1.69334460012914,1000,500,1011042
"pen",1.55190084386882,1.54548789311037,1.38682893321922,1.38630116317422,1.6587215088496,1.66970357974022,1.66916829692549,-0.151573805753733,-0.0953707078340571,-0.0562030979196757,-0.0620614069690474,-0.112359976644855,-0.113589263339263,0.0413689534375229,8.8,1,0.279635222303235,0.0744275085745222,1.65756587565624,1000,500,1011043
"unpen",1.7615878727265,1.75818504079711,1.87124482807791,1.87035312613951,1.65731079565564,1.65575804219762,1.67000442357176,0.0538638121929685,-0.131982509287589,0.185846321480557,0.199251430573403,-0.150302241196075,0.370570711907162,0.0484714220970645,6.8,1,0.285978234232868,0.0694151596848563,1.65756587565624,1000,500,1011043
"pen",1.34936222915777,1.38268152570983,1.22570115380503,1.22581586247672,1.48733861523915,1.48363362533704,1.49192637559709,-0.19428492149366,-0.0558280224330116,-0.138456899060648,-0.147867909842638,-0.0783032454737867,-0.274033899161503,0.0328699226586364,30,1,0.20773573165081,0.119688426776539,1.44085195492407,1000,500,1011044
"unpen",1.50672058275789,1.54059368038465,1.59825277569428,1.59844632197231,1.49424145526163,1.47305174771253,1.49106295180812,-0.0363246229198743,-0.0869663118499484,0.0506416889300741,0.05281732027771,-0.107346900064748,0.0986998797725257,0.0347816717368294,23.8,1,0.203768215300439,0.109295508048724,1.44085195492407,1000,500,1011044
"pen",1.44456542603752,1.48389959868735,1.34646895967521,1.34660963674887,1.60823872403391,1.61427730233113,1.61004413549204,-0.125831956873056,-0.0463852749687189,-0.0794466819043367,-0.0829103525743831,-0.0646575860401656,-0.154008603303737,0.0313774990936987,30,1,0.249874968441673,0.0703538883857115,1.63423824952466,1000,500,1011045
"unpen",1.61382040804766,1.65687121469241,1.73483130020663,1.73513880744423,1.62873324099883,1.61025684374923,1.61332466424718,0.043669479980922,-0.0788805092079358,0.122549989188858,0.125435483671454,-0.0943407868908068,0.234115001903644,0.0341872698035843,22.4,1,0.278248657075269,0.0706254808567573,1.63423824952466,1000,500,1011045
"pen",1.36670139529954,1.38861449286806,1.20745704826433,1.20750961773627,1.49997429188856,1.51101303960245,1.56522401542675,-0.189597466021121,-0.0381138510396085,-0.151483614981512,-0.158342179697238,-0.0586716995407797,-0.292180347882837,0.0357665955525246,21.2,1,0.260695198095909,0.0892182985832679,1.59787849748984,1000,500,1011046
"unpen",1.55465965445576,1.5858907312039,1.63576567596292,1.63574836318719,1.53061207496273,1.53241551279551,1.57302666894586,-0.00607262090570198,-0.0775944456826299,0.071521824776928,0.0731866405581997,-0.0945827458514757,0.13599917360654,0.0400387383782051,14.8,1,0.261664826693065,0.0793384525702743,1.59787849748984,1000,500,1011046
"pen",1.49795467432473,1.51409352701925,1.36089499042073,1.36159586080002,1.6387718538011,1.65072808584083,1.65626686195087,-0.149904213076323,-0.0806300077276552,-0.0692742053486681,-0.0743037974904237,-0.0983903150344826,-0.138851067726472,0.0418440341892105,9.2,1,0.344267990442441,0.133027532013893,1.65616116877894,1000,500,1011047
"unpen",1.72108281309972,1.74779545507123,1.8709636686969,1.87125959141494,1.66265993105509,1.65660124326101,1.66015732144344,0.0738474830014945,-0.116116652298855,0.189964135300349,0.200085460256683,-0.134853251927066,0.371065865867567,0.0493632180046974,3.8,1,0.361845150399284,0.126756451433373,1.65616116877894,1000,500,1011047
"pen",1.44773125678374,1.48197771115192,1.29451922174263,1.29495673160101,1.69077709933769,1.69730884451493,1.6926906443776,-0.136535868364579,-0.0280501970416481,-0.108485671322931,-0.110903224657522,-0.0440281096512765,-0.205417080688149,0.0323058559343052,26.2,1,0.176221851527512,0.0472674539953364,1.59310131910363,1000,500,1011048
"unpen",1.63619888977874,1.68709432680776,1.70828169332662,1.70863477798258,1.72741903672197,1.73181977947816,1.69783474150018,0.054780999444919,-0.0577502243772064,0.112531223822125,0.113914994874992,-0.0716090735060239,0.208463599450964,0.0324483846587293,25.8,1,0.168705718216456,0.039447873361311,1.59310131910363,1000,500,1011048
"pen",1.3485763319463,1.3795961117618,1.21527272213308,1.21497129495524,1.49471812780168,1.49700320643797,1.52265815734129,-0.204137367939065,-0.0613413771350511,-0.142795990804014,-0.153000042949198,-0.08079239194833,-0.285195279052178,0.0412186801454298,9.8,1,0.37278703826857,0.152633520490105,1.50791581910245,1000,500,1011049
"unpen",1.54622967353812,1.58505717964946,1.68561788713173,1.6853039720612,1.50099424660988,1.48790638047224,1.52492859326497,-0.00266324890146488,-0.0976001748987524,0.0949369259972875,0.0992094347353075,-0.115682993279681,0.185144824072573,0.0485880867510528,4.2,1,0.373075089522015,0.132119589059098,1.50791581910245,1000,500,1011049
"pen",1.57179120963969,1.60841719889178,1.42968457671858,1.42850708918461,1.73772668551207,1.74035820672044,1.78083792536531,-0.0836052976808841,-0.047839168776094,-0.0357661289047902,-0.0379594608661939,-0.0618430265387537,-0.0698380210696162,0.0296401752043289,34.2,1,0.16820757259628,0.0390922542851469,1.7282515850882,1000,500,1011050
"unpen",1.75076208502444,1.80248945954908,1.83352283001231,1.83295599904359,1.7754772389069,1.76428306151332,1.77733277153055,0.0973314767550485,-0.0779383509044188,0.175269827659467,0.179274771057424,-0.0914355457571091,0.333715590589575,0.0314254407116752,30.2,1,0.175424706577877,0.0332159850450249,1.7282515850882,1000,500,1011050
"pen",1.28826421304402,1.29465861856465,1.12745965596538,1.12829691268993,1.39823960443799,1.40975431647866,1.42577595070688,-0.237533098700964,-0.0523220179488355,-0.185211080752128,-0.19821466743039,-0.0729877345984006,-0.372243587367639,0.0358989794416979,20.6,1,0.333903296766685,0.117659794283096,1.33611273560427,1000,500,1011051
"unpen",1.46614065993441,1.48801507200112,1.56316406448994,1.56399232125793,1.43052711579989,1.4323124977474,1.43718935052809,-0.0615386450049999,-0.0939830489175691,0.0324444039125692,0.0341618664726607,-0.113873367902124,0.0636722511324935,0.0467660631504384,7.6,1,0.362761475196363,0.127218626103477,1.33611273560427,1000,500,1011051
"pen",1.33857097721667,1.34177879528631,1.17988768020996,1.17926882893435,1.45714970104689,1.4662768241753,1.49229416540694,-0.211505768729696,-0.0517317122271732,-0.159774056502523,-0.171002809500362,-0.0663075049797348,-0.320265615628247,0.0371411582064983,12.4,1,0.270131991893009,0.101190358603671,1.46469542772251,1000,500,1011052
"unpen",1.51124737731306,1.52411151623607,1.60318853214381,1.6025001157707,1.48274923165157,1.47781189821818,1.49691281932158,-0.0336840397213645,-0.0861736487721702,0.0524896090508057,0.0555520124778671,-0.0991600207398849,0.10325815940297,0.0398790781063519,9.8,1,0.246703210408159,0.0878201486657668,1.46469542772251,1000,500,1011052
"pen",1.50164423946636,1.52292202689603,1.38288861349479,1.38173743508559,1.60750707683227,1.62481137338707,1.66585189276629,-0.126061298739101,-0.0677724408003238,-0.058288857938777,-0.0630765521651064,-0.0824543701059179,-0.118007738630739,0.0313288722272647,32.2,1,0.229668876173979,0.0707403133260226,1.64501273768504,1000,500,1011053
"unpen",1.66020021810225,1.69323113539924,1.76443845317503,1.76344284578329,1.62681590158244,1.63157480245125,1.67232126755639,0.0355785248755072,-0.0973892871603348,0.132967812035842,0.139144591728165,-0.112909922240443,0.26364852860773,0.0332816864269734,25.6,1,0.22121155020584,0.0642563950126878,1.64501273768504,1000,500,1011053
"pen",1.19610913523193,1.20396802837488,1.02509458457284,1.0252796376592,1.31681200322219,1.33242911186783,1.3351029514867,-0.286022852849128,-0.0528006299931363,-0.233222222855992,-0.253386450869997,-0.0712485952090946,-0.474698109603239,0.0395597635488725,13.4,1,0.347669937496063,0.154228352973662,1.26565329685762,1000,500,1011054
"unpen",1.36988505564229,1.38716054844816,1.47005428360986,1.47035645438773,1.33976849094385,1.33872219814362,1.33921578788969,-0.106154463994411,-0.0913671670818649,-0.0147872969125461,-0.0153892523730871,-0.108770533914713,-0.0293950317862111,0.0437815948722872,7.8,1,0.354691960395349,0.131983518641028,1.26565329685762,1000,500,1011054
"pen",1.49755343325105,1.51950060646726,1.32865548197177,1.3288251801658,1.64584551776005,1.66350126709508,1.65735452779218,-0.155664319827102,-0.0691176240634125,-0.0865466957636898,-0.0921817260443302,-0.0870390752903865,-0.171000837755191,0.0393924028105084,16.4,1,0.295857248595604,0.0959472394866627,1.69682021109435,1000,500,1011055
"unpen",1.69352149124851,1.72898304710344,1.78528021823344,1.78534848059382,1.67078246921987,1.67657304186933,1.67391401254464,0.0437841033051783,-0.103983254025137,0.147767357330315,0.154471841533186,-0.120073967193223,0.285642373796504,0.0419978175350825,12,1,0.287373411875792,0.0859534237982036,1.69682021109435,1000,500,1011055
"pen",1.44137677609269,1.44204212694484,1.28255746789451,1.28238625811606,1.56128645108669,1.59074444672158,1.60521703377946,-0.151379455044507,-0.0383229197900633,-0.113056535254444,-0.117454015601286,-0.055636233600608,-0.217031402140825,0.0343646689960596,21.8,1,0.191489825479813,0.0706765983861757,1.57681976865645,1000,500,1011056
"unpen",1.63045921428563,1.6416616811468,1.71283667254046,1.71298409890419,1.59586729148179,1.6055000538328,1.60997989649456,0.0389704954908376,-0.0740929463578,0.113063441848638,0.115520840520651,-0.0894966469398864,0.213081409649429,0.0378279683483162,14.8,1,0.245946207785607,0.0625880853842436,1.57681976865645,1000,500,1011056
"pen",1.13388873855531,1.1422392371632,1.02574110266063,1.02515088455572,1.19218012695702,1.2019639183883,1.24870395231856,-0.263348007316072,-0.0195517470206966,-0.243796260295375,-0.256375283152753,-0.0397238419978525,-0.473790042004693,0.0326704264457256,25.2,1,0.186886528162875,0.0886526501413486,1.16504702288258,1000,500,1011057
"unpen",1.29233558950206,1.31750164080081,1.42275553643159,1.42231839287663,1.21386609257412,1.20989417343403,1.25972970155129,-0.098189878593415,-0.0582649260312749,-0.0399249525621401,-0.0418452794742172,-0.0758865729239813,-0.0766450141748079,0.0372249442148607,18.4,1,0.181547179814283,0.0739216684548442,1.16504702288258,1000,500,1011057
"pen",1.41913896271175,1.43027667039769,1.28154419458225,1.28154740304887,1.5534019513305,1.55996899247331,1.57480097727844,-0.179792549490278,-0.0711428710783089,-0.108649678411969,-0.117687120416006,-0.0827261438619888,-0.218339957532489,0.0358981233100153,15.8,1,0.226555913561806,0.077374016672567,1.53726832599229,1000,500,1011058
"unpen",1.59745451402089,1.61982096747154,1.7192888385365,1.71912032532439,1.57332519938262,1.56169526108039,1.55708502790246,0.00325031744110123,-0.10707832549222,0.110328642933321,0.118454401412367,-0.121277167457684,0.219852193737101,0.0392433211561131,12.8,1,0.21090624329941,0.0668097256637965,1.53726832599229,1000,500,1011058
"pen",1.64629865115281,1.65151366945444,1.55291320781364,1.55184869630605,1.63583723996298,1.67244364284741,1.75348064905598,-0.0398777386833444,-0.067900989249743,0.0280232505663986,0.0280610727328844,-0.0827468551778522,0.0515723547656347,0.0299480526907291,39,1,0.112383790589397,0.0404578797664834,1.83418102830987,1000,500,1011059
"unpen",1.83760350146075,1.85240805847495,1.96471834687238,1.96391549233225,1.62774118853484,1.65514785367214,1.75911270504974,0.147302568351866,-0.0979433751968936,0.24524594354876,0.250922812534746,-0.113113770914817,0.463725875491797,0.0323854151231543,31.8,1,0.1399953225237,0.0349168736698791,1.83418102830987,1000,500,1011059
"pen",1.50115088840414,1.51023065887316,1.36579189606114,1.36610894575779,1.65226954689733,1.6546579937596,1.67005746089219,-0.136208003967948,-0.068919277214607,-0.0672887267533408,-0.0715106331751348,-0.0810079422174224,-0.133500632566536,0.0326526545973333,27.8,1,0.22038618013867,0.0800290746242318,1.60628795134008,1000,500,1011060
"unpen",1.68815257995762,1.72247915291252,1.80881104116207,1.80912719025524,1.69513100870768,1.67955968428796,1.68530520443184,0.0503136415738933,-0.108147312352256,0.158460953926149,0.167083756387775,-0.12315836539269,0.309593219543853,0.0403801335615265,15.6,1,0.198985262437155,0.0740954401208433,1.60628795134008,1000,500,1011060
"pen",1.35685446658923,1.34245777873748,1.20230519822377,1.20239664692697,1.44410871900608,1.44644653904015,1.45241021536013,-0.207470858113482,-0.0570580948853358,-0.150412763228146,-0.161469273019974,-0.0727117020013552,-0.297353666221957,0.0313505546985651,28.8,1,0.242508560160947,0.0635534023898753,1.41564939148604,1000,500,1011061
"unpen",1.5066647029896,1.50252863638065,1.56926631418588,1.5694972208271,1.46990476884734,1.45709856178801,1.45951837781968,-0.0544710575380708,-0.0900396185074572,0.0355685609693864,0.0377926386604388,-0.105095206259313,0.0694966895387255,0.0328837893030271,25,1,0.220148661416949,0.0585171035845932,1.41564939148604,1000,500,1011061
"pen",1.51212013932926,1.54310072170462,1.40551019700027,1.40555906418243,1.652488696065,1.63682412687389,1.63546586868446,-0.130491145556527,-0.0849478392148381,-0.0455433063416888,-0.0493663361604338,-0.10200693215754,-0.0945267644855692,0.0340196018382899,22.4,1,0.256277990538745,0.118425919046451,1.56512256214884,1000,500,1011062
"unpen",1.67699978835188,1.70633637426057,1.79390180237071,1.79390727524594,1.66508725155375,1.62223554300989,1.6259259491898,0.0341786209372103,-0.110260533862628,0.144439154799838,0.154553205743934,-0.129915541209273,0.29387135345603,0.041815992503865,17.4,1,0.249302858386575,0.091165956715952,1.56512256214884,1000,500,1011062
"pen",1.21726271925923,1.22553325406405,1.05338071976444,1.0535973264028,1.33953039541345,1.35295451534675,1.35243921474695,-0.285160319208477,-0.0693388510371821,-0.215821468171295,-0.238595346074165,-0.0873707759213178,-0.44638709692468,0.0393524193941232,13.4,1,0.314181355406674,0.0960983807311613,1.30284206771099,1000,500,1011063
"unpen",1.38447308633088,1.39912642078349,1.48144162009797,1.48172024277779,1.36379841883786,1.3596419407108,1.35302738029007,-0.112029829961552,-0.103196455938524,-0.00883337402302747,-0.00986182812056112,-0.120236432581229,-0.0182088903646162,0.0411661653916386,11.4,1,0.287488541328979,0.104595152063407,1.30284206771099,1000,500,1011063
"pen",1.61181620402422,1.63917106237021,1.50254250612786,1.50266417763136,1.75169926914748,1.74301313873873,1.74965963788825,-0.106017172757144,-0.107536902475135,0.00151972971799091,0.00105245112562332,-0.123551308911644,0.00240853401715038,0.0349413334256134,25.4,1,0.215356423935459,0.0740239905564144,1.74402900134814,1000,500,1011064
"unpen",1.79243696320081,1.82716951357791,1.92693390582419,1.92691294635996,1.79172528487223,1.7547159559676,1.76047429634689,0.0710955079116386,-0.142358940582274,0.213454448493913,0.232027803690028,-0.162128956450042,0.426870175496041,0.0393906112498702,15.4,1,0.2086002947218,0.0812598383495584,1.74402900134814,1000,500,1011064
"pen",1.15420338954335,1.14815802942807,0.977627855536587,0.97786141421191,1.26402269277763,1.27056803842793,1.27902978197753,-0.303387470236103,-0.0489303260297052,-0.254457144206398,-0.279511200793785,-0.0639588092713325,-0.522050097782635,0.0353651335236818,19,1,0.268725763608221,0.112875984777377,1.22535561406495,1000,500,1011065
"unpen",1.30220080562586,1.29832295022335,1.35119500506837,1.35113306852428,1.2835893738571,1.28251848366397,1.28355400716725,-0.154709311849851,-0.0818287504742497,-0.0728805613756012,-0.0796802801577031,-0.0957292317598143,-0.148564698410521,0.0363906458407115,16.4,1,0.261333198495637,0.0943207176582211,1.22535561406495,1000,500,1011065
"pen",1.52803888025775,1.58554619305007,1.39309001461193,1.39337021092534,1.73755534817728,1.74573526733484,1.77113150084091,-0.111382574173783,-0.0560074795319898,-0.0553750946417929,-0.0579250287965102,-0.0721343832679788,-0.107068657505472,0.037679432813198,15,1,0.350985698945563,0.0948604424723927,1.7363608660057,1000,500,1011066
"unpen",1.73643405627825,1.80238772022,1.85577660609555,1.85595541575396,1.77378384705803,1.76143305817346,1.77851029832851,0.0964388677542289,-0.0907336029696412,0.18717247072387,0.191247454684504,-0.105838276205061,0.355579745548861,0.0397179500277393,11,1,0.338913320296149,0.0766609681967647,1.7363608660057,1000,500,1011066
"pen",1.40856648457084,1.41655702696963,1.25373612179696,1.2537686876665,1.54477710823279,1.55380450178997,1.5626444586773,-0.171007037846044,-0.0452878860143131,-0.125719151831731,-0.132135008523463,-0.0609715439563871,-0.245962724006324,0.0335831968058291,20.8,1,0.21052889326753,0.08376839160932,1.54912708104497,1000,500,1011067
"unpen",1.58413943451899,1.59859380200632,1.66138857562134,1.66161733046068,1.5638007148768,1.56087980660422,1.56113687630805,0.00149122778466961,-0.0824335731897872,0.0839248009744568,0.0871696386541625,-0.0974596356496884,0.161662051649543,0.0394513680364292,12.4,1,0.209678415658562,0.0785204093205235,1.54912708104497,1000,500,1011067
"pen",1.30182423481743,1.31914390789842,1.17089215210268,1.17096072637031,1.43204419507467,1.44845870768685,1.45471421752383,-0.223841537143588,-0.0586369530599313,-0.165204584083656,-0.17743155211954,-0.0756203849985709,-0.32949711669834,0.0364228447880448,15.4,1,0.334671679326298,0.128204120633619,1.40904074081908,1000,500,1011068
"unpen",1.47439754394639,1.49957226367948,1.59236589144821,1.59223642391784,1.4533695693862,1.44959837344316,1.45899018404467,-0.048330133376293,-0.0953827039069005,0.0470525705306074,0.0494807995488566,-0.11082226423546,0.0918518424991461,0.0397515905139212,11.2,1,0.322629792165108,0.116186200453345,1.40904074081908,1000,500,1011068
"pen",1.37958168728511,1.3609243453598,1.24625120022703,1.24613808618239,1.45242365216879,1.44698136606904,1.48492758010287,-0.161319354513113,-0.0298537122142388,-0.131465642298874,-0.137348358345931,-0.0467993902877261,-0.254265371355196,0.0297768523993345,34.4,1,0.166711639472037,0.050555319881879,1.48487341710295,1000,500,1011069
"unpen",1.5442145470191,1.52598245063184,1.61643133220012,1.61624985941779,1.47263740927022,1.45260828896643,1.48037460845613,0.000575089331325766,-0.0611384624233935,0.0617135517547193,0.0630338750377609,-0.0754968616435855,0.116266386277718,0.031456718844739,28,1,0.183926421990007,0.0452758555877195,1.48487341710295,1000,500,1011069
"pen",1.41808273186989,1.42798048871091,1.26828184244471,1.2679060041996,1.58378243305273,1.5889847463921,1.6162988972176,-0.157138385688548,-0.036841969348878,-0.12029641633967,-0.124454920631194,-0.0528366266750235,-0.231679472590918,0.0338078300170122,19,1,0.263896261804983,0.0798608083293094,1.5407309115038,1000,500,1011070
"unpen",1.60729684403467,1.63238412502909,1.70713653180499,1.70677154956212,1.60851800767559,1.59338929352918,1.60510366538109,0.0363960529594727,-0.0725839980598546,0.108980051019327,0.111560730296255,-0.0862962096218508,0.20714821657119,0.0364024820180529,16.6,1,0.260278898893264,0.0699222843287963,1.5407309115038,1000,500,1011070
"pen",1.40886190967824,1.42985626870435,1.30936541648854,1.30899498849314,1.52972052745512,1.565269186187,1.54968882307246,-0.162558542683683,-0.0656418290684594,-0.096916713615224,-0.103731581803724,-0.081104086087142,-0.190611724410842,0.0284538634295401,37.2,1,0.110721533356748,0.068743547521471,1.48515803224323,1000,500,1011071
"unpen",1.56859513181427,1.59762679459482,1.67856569643528,1.67811112648108,1.57061077345821,1.58161912217514,1.55154253118958,-0.00101242803560616,-0.0919494200679501,0.090936992032344,0.0975074238650216,-0.109170357363264,0.178400801163766,0.0279891841595897,40.4,1,0.0871105139976266,0.0565339990037338,1.48515803224323,1000,500,1011071
"pen",1.48866837783036,1.47566024345578,1.32236509060657,1.32140584733755,1.61339051827057,1.62834708161022,1.62546072799659,-0.158697271044057,-0.0698219922408152,-0.0888752788032422,-0.0951318687529151,-0.0814558363730232,-0.176915010797244,0.0320040002353112,25,1,0.198450851685233,0.080979310766294,1.60151355815939,1000,500,1011072
"unpen",1.65596537735971,1.64944124287059,1.71661844269936,1.71543980971827,1.64972729031636,1.64161702078703,1.63224399995395,0.00786910216564167,-0.102085106624286,0.109954208789928,0.117289845802514,-0.114559155523523,0.217566687069128,0.033912237190425,21,1,0.218246905982538,0.0700676042611223,1.60151355815939,1000,500,1011072
"pen",1.4112329514345,1.44148157714755,1.28330877722286,1.28322942118863,1.58381280699557,1.59567493387706,1.60444068057909,-0.151594015085503,-0.0405872283933444,-0.111006786692159,-0.115808347483542,-0.0558237606310886,-0.216426364266338,0.0332018984907871,21.6,1,0.20793508882967,0.0536561615826159,1.59040275713859,1000,500,1011073
"unpen",1.59590858171057,1.63028510797896,1.69948062435004,1.69932138263727,1.6189385083533,1.61107503790165,1.60513864964842,0.0312836499711631,-0.0730292169473359,0.104312866918499,0.107925585108742,-0.086845042398362,0.200051512827823,0.0348842967427948,20,1,0.204563821013519,0.0525402660649271,1.59040275713859,1000,500,1011073
"pen",1.34439888090906,1.36371449338818,1.21414911721831,1.21421088800093,1.48639669273944,1.49499254118485,1.50136261913975,-0.204009678520464,-0.0612704450993201,-0.142739233421144,-0.15359670060595,-0.0755571223974288,-0.285415084743071,0.0301068666623562,34.2,1,0.261399575505389,0.0992993927247781,1.50276905729744,1000,500,1011074
"unpen",1.49021710667451,1.52893401832168,1.58125468056548,1.58137774738083,1.52764601958769,1.52254984972445,1.51875780240642,-0.0513538318699645,-0.0925907124902581,0.0412368806202936,0.0442022951039361,-0.107534230456208,0.0818947690726228,0.0331228678016839,25.4,1,0.268667930352496,0.0873081022641033,1.50276905729744,1000,500,1011074
"pen",1.6097003398737,1.6150095160339,1.40820114498521,1.40830502348232,1.76189366164769,1.77892966421091,1.79119568333514,-0.12825623662355,-0.0826329001826683,-0.0456233364408818,-0.0491123960581915,-0.0994041541485355,-0.0912392189146099,0.0419633540636718,9,1,0.282664405470922,0.109699226514986,1.78656722668278,1000,500,1011075
"unpen",1.83716881883875,1.84200515262722,1.91507431181506,1.91515171883937,1.78235972846552,1.78770400346129,1.79020376896655,0.0932997102414771,-0.119291440990109,0.212591151231587,0.22381916280718,-0.137206392349341,0.41576719937386,0.0511204911693526,2.8,1,0.338345597700588,0.115929510872952,1.78656722668278,1000,500,1011075
"pen",1.39755255445982,1.4029219684364,1.22835767159398,1.22835261939582,1.50257057045686,1.51097079911144,1.52369600453859,-0.211136423888573,-0.0792145835031409,-0.131921840385432,-0.144969802805997,-0.0969246668082022,-0.271249819348066,0.0402552645483105,12.8,1,0.209269610986647,0.124479549356951,1.58022084965371,1000,500,1011076
"unpen",1.57532901850292,1.58543956952481,1.66600810685086,1.66622729583259,1.53318943253929,1.52460892118997,1.53338958949596,-0.0338554670654453,-0.115736338460611,0.0818808713951661,0.0887381853298018,-0.133386450485769,0.16638959750897,0.0490281868226736,5.2,1,0.291843061322615,0.129101435683446,1.58022084965371,1000,500,1011076
"pen",1.43657754540189,1.43223636605182,1.2538949358664,1.25430621039137,1.57819037320364,1.58040726691834,1.58122549452353,-0.176869757596697,-0.052295275551196,-0.124574482045501,-0.131249456158666,-0.0701110569873812,-0.245842059124603,0.036239732980618,18.8,1,0.335412838615904,0.100449972076255,1.56590290644683,1000,500,1011077
"unpen",1.63110974730551,1.63260057253056,1.69888598521017,1.69927176381771,1.61402776871765,1.5993688247928,1.59805881397457,0.0142596276588518,-0.0883840097094605,0.102643637368312,0.106328998797574,-0.104540970650278,0.199097589356704,0.0393213428352716,13.2,1,0.342630313156926,0.102693141627421,1.56590290644683,1000,500,1011077
"pen",1.32442926450208,1.32446733461125,1.18339133352149,1.18396556505748,1.44478887148345,1.45543159653507,1.44999149225642,-0.18683222229851,-0.0235570823877829,-0.163275139910727,-0.168067293768709,-0.0432426694996236,-0.315883445545027,0.0332226727506478,25,1,0.237221284342468,0.0748308876330607,1.43019942383439,1000,500,1011078
"unpen",1.5106851670169,1.51615325512514,1.59419772750651,1.59447587480752,1.46371685762861,1.46431729814677,1.44996929424293,-0.00654285805835065,-0.0568939243376703,0.0503510662793196,0.0515185747863039,-0.0738311640445447,0.0947911281830861,0.0349784960218634,20.4,1,0.22970314128953,0.0694911377137897,1.43019942383439,1000,500,1011078
"pen",1.67662091806502,1.66098462565935,1.49486409719315,1.49467873562469,1.80044773529997,1.82427146272767,1.8735778875455,-0.0848899403614093,-0.0824753614585066,-0.00241457890290267,-0.00291459014982398,-0.0928720947736545,-0.00601645843805967,0.0341168551825929,20.2,1,0.197096932979824,0.0508697721093909,1.88176105795506,1000,500,1011079
"unpen",1.86574467183557,1.85885487539755,1.9181173350147,1.91801107256373,1.8215593496803,1.83808748785775,1.87334648521362,0.104407442580829,-0.110638404827427,0.215045847408257,0.225940377165335,-0.122767878570129,0.417377578499622,0.0346305720914109,18.4,1,0.195458672096164,0.0504988350380923,1.88176105795506,1000,500,1011079
"pen",1.2712100412123,1.2619142120213,1.10422686874989,1.10416785572435,1.35014147728558,1.37792759503556,1.38147482163046,-0.241851074144886,-0.0435274054372442,-0.198323668707642,-0.212263152717287,-0.0608250951551823,-0.396235027922997,0.0362333651735138,18,1,0.226139604213765,0.0816586880372812,1.31870897143107,1000,500,1011080
"unpen",1.44323657052829,1.43595172272041,1.52262719505774,1.52296915752484,1.35653329301712,1.36776104699953,1.38554858771529,-0.0675167458532858,-0.0787991668176472,0.0112824209643614,0.0116203188721175,-0.0941370378868564,0.0222925318715046,0.0372764607235771,18.8,1,0.209705279467956,0.0645063370855022,1.31870897143107,1000,500,1011080
"pen",1.65929188677804,1.67672323308959,1.54862082275178,1.54909707870141,1.77849734042319,1.81023115828003,1.79086767441622,-0.0645646894915967,-0.0894892822851676,0.0249245927935708,0.0267507469966286,-0.104501131790595,0.0491637381955547,0.0323221875567581,21.8,1,0.237173218784037,0.0624450638081741,1.83716129663253,1000,500,1011081
"unpen",1.83802872232501,1.86211469674748,1.95258550353616,1.95317734373857,1.79928507713865,1.81790082266199,1.79339102509917,0.112866200762595,-0.116055107315711,0.228921308078306,0.242550027185148,-0.133788386865055,0.453054623793913,0.0344601661202989,17.6,1,0.198768421012401,0.0541004437630571,1.83716129663253,1000,500,1011081
"pen",1.4611280060958,1.46534378395992,1.32847674744354,1.32854330058027,1.57736196225482,1.58522152627798,1.59473901656721,-0.146008510565112,-0.057928823049101,-0.0880796875160113,-0.0923341570636371,-0.0771638135737341,-0.17159303914772,0.0384398586529272,10.2,1,0.355986275249085,0.103096790875019,1.60421057790495,1000,500,1011082
"unpen",1.66919633099172,1.67536844657477,1.79598798216046,1.79605674821273,1.59635815411706,1.58721665456775,1.58831739384817,0.0585731773611665,-0.0956871835155537,0.15426036087672,0.15953558413225,-0.113270232481115,0.295950232009036,0.0405338127379376,7.6,1,0.361185123690503,0.08904692085362,1.60421057790495,1000,500,1011082
"pen",1.63662652619265,1.65635787272697,1.50382558500067,1.50369749241268,1.7459514265031,1.77074435418995,1.81726336642429,-0.0788521295278638,-0.0813296439816144,0.00247751445375065,0.00142437727164655,-0.093471937543924,0.00377602993131396,0.0364824244255633,16,1,0.261867118426756,0.0630697177699803,1.85686832813352,1000,500,1011083
"unpen",1.84548062865653,1.87504677904385,1.98053025789079,1.98029784914721,1.76399095912601,1.76247151377731,1.82512278680036,0.134102527516368,-0.117067491745826,0.251170019262194,0.261428449494302,-0.131416970367093,0.48035572063699,0.0423943686344641,7.2,1,0.264879259294505,0.0582935141091751,1.85686832813352,1000,500,1011083
"pen",1.51349066456851,1.51613297896344,1.35240757415186,1.35210395161138,1.65156487806997,1.65423773978999,1.68183668262926,-0.127098199797777,-0.0513789222763383,-0.0757192775214387,-0.0787790121815678,-0.0689321249535778,-0.147599511486501,0.0376668714380304,15,1,0.313985691568358,0.08410542852728,1.63498222944581,1000,500,1011084
"unpen",1.72583349473458,1.73880937499423,1.82774436237168,1.82747427731501,1.67139420104834,1.65848548753384,1.67810338810258,0.0824099824374469,-0.0886056864324074,0.171015668869854,0.174934111036654,-0.105476327782719,0.327477083011221,0.0440592176269233,8.2,1,0.323765934656036,0.0766401877583181,1.63498222944581,1000,500,1011084
"pen",1.27446543161843,1.28152911651206,1.11192216968342,1.11260155135449,1.40288876022995,1.41727021830575,1.4356320759117,-0.249030253006468,-0.0570660164081507,-0.191964236598317,-0.208888718087661,-0.069184268058624,-0.388145314563107,0.0341671763749215,20,1,0.229258748973012,0.0903564578331531,1.3976013205946,1000,500,1011085
"unpen",1.42994440646126,1.45128232092266,1.50069414038051,1.50112126613615,1.43027858896965,1.43970928496682,1.44588134111113,-0.0873533812147158,-0.0877476776360868,0.000394296421370982,0.000559132097728265,-0.0998843943585006,0.00055814775993716,0.0358698192723202,16.8,1,0.210208211018613,0.0733375589616355,1.3976013205946,1000,500,1011085
"pen",1.207666453234,1.20255502827832,1.04359078171758,1.0436411126242,1.34369232858814,1.35768403342615,1.35669783662157,-0.252764615488544,-0.0206534637975949,-0.232111151690949,-0.24383775307611,-0.0363281079447583,-0.456915066145967,0.0315289181864109,26.8,1,0.199108396400282,0.0638243306368848,1.28021105241909,1000,500,1011086
"unpen",1.36302524147595,1.37074073055818,1.42265081273444,1.42265208147798,1.38061085600243,1.38373225401462,1.36375184280325,-0.0943610213575951,-0.0541947292967366,-0.0401662920608585,-0.0419047798006973,-0.0671164929995588,-0.0777908952534845,0.0331216031739622,22.6,1,0.216628723830674,0.0690604495712655,1.28021105241909,1000,500,1011086
"pen",1.46628262647866,1.46342249319369,1.31987719031728,1.32020398384945,1.59385511291531,1.59490154354804,1.61185684485604,-0.167654642155558,-0.0760181766782285,-0.0916364654773298,-0.0985649963478434,-0.0890303525491765,-0.180351594436506,0.0357897922038817,15.8,1,0.288466787521704,0.111871160922896,1.51633691149551,1000,500,1011087
"unpen",1.66652893733971,1.67013622518886,1.77935580863549,1.77982660095463,1.63357726104446,1.60530119797972,1.60995838841436,0.0274543801633922,-0.11568859492893,0.143142975092322,0.151627409643323,-0.129981269170748,0.279238533796802,0.0394367880556748,10.6,1,0.292255504576965,0.100145620231623,1.51633691149551,1000,500,1011087
"pen",1.27669659443413,1.30579651941927,1.14162414755523,1.14148092999436,1.40372389367186,1.44393026713498,1.4389531641938,-0.231011559039089,-0.0514695765453147,-0.179541982493774,-0.191204830017858,-0.0697823127439311,-0.358457575126556,0.0418093606168197,11.2,1,0.34341096144013,0.135215423423781,1.35233937558428,1000,500,1011088
"unpen",1.47874376437162,1.51749299747617,1.6236924339133,1.62320671783717,1.42940793817309,1.44848631821511,1.44836591229673,-0.0295888330872766,-0.0925934084063828,0.0630045753191062,0.0672383179843187,-0.10965200264816,0.123695474106487,0.0482832219747998,5.4,1,0.357424278036264,0.123825763403798,1.35233937558428,1000,500,1011088
"pen",1.59750567202299,1.61191041130825,1.46074732593706,1.46067055673342,1.74097842088073,1.7548312901202,1.77077216840523,-0.0769212816158494,-0.0569820941584985,-0.0199391874573509,-0.0206880437118823,-0.0720405122566918,-0.0393565229232822,0.0314513724039792,28.6,1,0.179101992349172,0.0712367459778313,1.71879931004436,1000,500,1011089
"unpen",1.76909345582367,1.79637353336399,1.85266001520156,1.85248010709904,1.76296316108354,1.76345987910703,1.78295589711712,0.0946034171163976,-0.0865211826208,0.181124599737198,0.185740338579469,-0.100872592851207,0.352574476091397,0.0333721531928615,24.4,1,0.179322745829827,0.0627814208407158,1.71879931004436,1000,500,1011089
"pen",1.19855555464307,1.22096465349309,1.05286843442918,1.0533371874263,1.33410476603058,1.34845678853021,1.35405752103183,-0.257788644341367,-0.0316015194191359,-0.226187124922231,-0.239905985726307,-0.0526883033203539,-0.44662548874734,0.037190078110021,14.4,1,0.334218867661028,0.118251239844532,1.31673828671001,1000,500,1011090
"unpen",1.36834652483164,1.40699969218479,1.47498355718506,1.47536513540939,1.36409170714779,1.3660503237011,1.36802558468008,-0.0857403645957271,-0.0732870759577667,-0.0124532886379604,-0.0134440812285185,-0.0909085868029298,-0.0246002136931718,0.043908784419664,8.4,1,0.308695119381285,0.105225239642526,1.31673828671001,1000,500,1011090
"pen",1.42172120219561,1.41027628962511,1.25244869871557,1.25252739448078,1.52485074320062,1.53648293488364,1.57210711048245,-0.187873571498427,-0.0631087542927342,-0.124764817205693,-0.133598568476158,-0.0768700543846503,-0.248043297786539,0.0350309523029869,16,1,0.230131728217803,0.0957506399057939,1.5455159580605,1000,500,1011091
"unpen",1.59213248176321,1.59238121606554,1.65809013178237,1.65817564176864,1.56399207655053,1.56201059088598,1.58253989199008,-0.0161994309421837,-0.0966271211101817,0.080427690167998,0.0852093813946633,-0.109795756700646,0.157633742583468,0.0363780966938041,12.6,1,0.236818793000908,0.0854413151353684,1.5455159580605,1000,500,1011091
"pen",1.49836643447245,1.48913215232113,1.31736979564669,1.31746719572836,1.61232398832182,1.63729119155224,1.64863949379581,-0.155675519075816,-0.0641794664626324,-0.0914960526131835,-0.0978235242640145,-0.0792859228180374,-0.182710991908658,0.0341799952306564,22.8,1,0.222621341624899,0.088934130893726,1.57900950195916,1000,500,1011092
"unpen",1.67075179535573,1.68212759666375,1.74607924377731,1.74617977492862,1.63355622298315,1.64381627272241,1.66062718788972,0.024714662927897,-0.0999205283395065,0.124635191267403,0.13192325478451,-0.115544164641174,0.245829632511728,0.0384135957600678,13.4,1,0.260285555614133,0.0850809651959566,1.57900950195916,1000,500,1011092
"pen",1.50496776539881,1.52392591167834,1.39900921674556,1.39822523814896,1.6243098151293,1.64508232374213,1.70183307862493,-0.0945979824880886,-0.0423849760495956,-0.0522130064384929,-0.0548293180761105,-0.0530178780185003,-0.101952196277322,0.029797125878236,26.8,1,0.149690599078789,0.0453505520282555,1.56640208521806,1000,500,1011093
"unpen",1.68572577618862,1.71318253501291,1.80096289658948,1.80027533554896,1.65094752909114,1.64494723354354,1.70415292649522,0.0865447634855794,-0.0716673222344777,0.158212085720057,0.160983170053502,-0.0826312464796341,0.300119768183844,0.0292421872934526,30,1,0.158097383563774,0.0399870648376802,1.56640208521806,1000,500,1011093
"pen",1.48445993641133,1.48182416890744,1.31902128779815,1.3191248773678,1.6179995648416,1.61837704893891,1.62131711683978,-0.155605679264185,-0.0650654733383241,-0.0905402059258611,-0.0961852698936854,-0.0814276214532787,-0.180744624690166,0.0363236305254857,15,1,0.30595341621749,0.113711338495075,1.59521730330299,1000,500,1011094
"unpen",1.67294519005352,1.67589527026596,1.74515684415344,1.74501497235636,1.64283016760167,1.63420007013399,1.6228901115897,0.0297190656280157,-0.0953453083655775,0.125064373993593,0.130279240268712,-0.111396006992288,0.245190493240733,0.0396598909401494,10.8,1,0.267063300079478,0.0855336576701939,1.59521730330299,1000,500,1011094
"pen",1.41828264672922,1.42199041963275,1.27993896819053,1.27955527453571,1.52864536877387,1.53886175872594,1.56385835515473,-0.172198572008396,-0.0615658858276622,-0.110632686180734,-0.118053432657445,-0.0762070441594942,-0.220187171365366,0.0336830678940541,23,1,0.220444525790631,0.0856692354840486,1.50321995272004,1000,500,1011095
"unpen",1.59491642527536,1.60552880614541,1.68991442799464,1.68951456713349,1.55401750913563,1.54748157305031,1.5645110102793,0.00614077077104856,-0.0915732882967095,0.097714059067758,0.102723645196221,-0.10555225499288,0.189860365363088,0.0350977150656154,22.2,1,0.217770120565105,0.0686775322345486,1.50321995272004,1000,500,1011095
"pen",1.46528251264118,1.47256414663814,1.28974396063257,1.28986619356281,1.6567732576024,1.6577232075158,1.6488285424151,-0.124403690781512,-0.0109953380369575,-0.113408352744555,-0.113042200302665,-0.0373786978019348,-0.210415896848748,0.0372760145624699,11.4,1,0.289418128282968,0.0880067802866171,1.58194949611648,1000,500,1011096
"unpen",1.69323101433268,1.70609535457402,1.76832931064091,1.76860105966779,1.71139598506257,1.6876027654299,1.65493729652763,0.0951133125818874,-0.0515370587743916,0.146650371356279,0.144958611228654,-0.071779421522039,0.268330747209143,0.0400207563584816,8,1,0.319528789579405,0.0744409663183681,1.58194949611648,1000,500,1011096
"pen",1.24080766752985,1.22350119645445,1.08869989356477,1.0881736830006,1.320878084857,1.34198292195271,1.3448678398281,-0.246188062711132,-0.0357791795602291,-0.210408883150903,-0.223809097480564,-0.051863226815451,-0.411335341586893,0.0352848005835571,17.8,1,0.209972717022141,0.0803966431897629,1.35004801310089,1000,500,1011097
"unpen",1.4132035696962,1.4009446620589,1.49349182397596,1.49300750041979,1.33827095720956,1.35199490001913,1.34036866999366,-0.0717590914816426,-0.0680849059788369,-0.00367418550280571,-0.00383733922209006,-0.0820951766776786,-0.00654814408881066,0.0346192291825629,20.8,1,0.174965612476383,0.0589408898403464,1.35004801310089,1000,500,1011097
"pen",1.20096716384644,1.20370340650465,1.04078828974197,1.04080398596319,1.30966752517662,1.31468035392775,1.33698441592266,-0.269786934936579,-0.0430383189840433,-0.226748615952535,-0.244388187312873,-0.0593951087546756,-0.458032120253693,0.035736616476162,18,1,0.22992099141523,0.0676569746148485,1.34001619036545,1000,500,1011098
"unpen",1.35490472828146,1.36081552408142,1.4331754242583,1.43314547840761,1.31746768368334,1.30688990971365,1.33978863159079,-0.110102770908707,-0.0776818393614751,-0.0324209315472317,-0.0347660107962678,-0.0914896846007237,-0.0658983121737372,0.0373317486370632,14.2,1,0.22320265452669,0.060313293677688,1.34001619036545,1000,500,1011098
"pen",1.44850787361039,1.45630477006712,1.26949727298262,1.26975795189164,1.61568195839281,1.61315222134924,1.62087714497966,-0.174933396714728,-0.0590041373955331,-0.115929259319195,-0.123337728919543,-0.0785790659566045,-0.230361620597977,0.0378913401964739,13.2,1,0.285546791889862,0.078135507559211,1.62029970724996,1000,500,1011099
"unpen",1.64267225606744,1.66116491772824,1.71072285935293,1.71087572863727,1.65809626248355,1.64283981995618,1.63512488094025,0.01664001466971,-0.0918918696086095,0.10853188427832,0.112366438490781,-0.108677274972605,0.211110441003697,0.0418005630827763,8.6,1,0.287855161470732,0.0767846298859543,1.62029970724996,1000,500,1011099
"pen",1.34658617104547,1.35079403301322,1.13208234822134,1.13169341393886,1.47056232418898,1.49202565721645,1.50663602115384,-0.237196583622165,-0.0516160183887306,-0.185580565233435,-0.197517228022692,-0.0752739118867675,-0.36753471741179,0.0440267828967276,6.2,1,0.374634219236073,0.140362900955046,1.46503083837519,1000,500,1011100
"unpen",1.55780106098343,1.56323074670071,1.61809450411014,1.61774816764986,1.49194446142402,1.49691136869216,1.52012199426367,-0.0313897689221986,-0.0926139361552557,0.0612241672330572,0.0644541840632134,-0.112558734025985,0.118397848528247,0.050475598579295,3.6,1,0.373993462558765,0.113142022234608,1.46503083837519,1000,500,1011100
"pen",1.2887008278179,1.29319672526626,1.16421381021983,1.16443594908662,1.38795399547445,1.40169743447363,1.3975707376126,-0.221103457351225,-0.0528153744550518,-0.168288082896173,-0.18076910778182,-0.0680226218820781,-0.335383354275681,0.0328584933471688,26.6,1,0.258309948027402,0.0752380775972842,1.35075331182101,1000,500,1011101
"unpen",1.44734838843927,1.45897513479634,1.55184423649668,1.55202150708845,1.40757187336856,1.40480000360058,1.40211160921045,-0.0573186219543431,-0.0838022851265812,0.0264836631722381,0.0279331805389106,-0.0974744449535353,0.0519820383190985,0.0339334112999164,23.4,1,0.251659522492552,0.071586582906383,1.35075331182101,1000,500,1011101
"pen",1.31964046184938,1.35793347046536,1.17993318480083,1.18022562521542,1.46557944957433,1.49293480635047,1.50204614398839,-0.215331678962125,-0.0554773554726189,-0.159854323489506,-0.171118565711798,-0.0740207978378424,-0.319805116907705,0.0397769457318854,13.2,1,0.342139669586118,0.114388671192674,1.43404028536811,1000,500,1011102
"unpen",1.50412544272237,1.54821287946388,1.63161150974413,1.63198806219492,1.48703885458504,1.49010968123055,1.50740049905411,-0.0275440502427081,-0.0949606943995458,0.0674166441568377,0.0710740423813984,-0.111361650756438,0.132061325237096,0.0430835421706067,7.8,1,0.349199476140552,0.109048921254714,1.43404028536811,1000,500,1011102
"pen",1.29218064452432,1.31728346219842,1.13781784854161,1.1373476089884,1.42181249658486,1.43387839349559,1.46301164492086,-0.230648532081147,-0.0492841059763559,-0.181364426104791,-0.194018519641286,-0.069099740071713,-0.362303252980406,0.0423089821656458,9.6,1,0.277291491636717,0.099722228398248,1.47524466644914,1000,500,1011103
"unpen",1.49152857740852,1.52177609895842,1.60962884369602,1.60923450359514,1.44530985820246,1.43988608442489,1.47186020125196,-0.0305191744444943,-0.086523387521395,0.0560042130769006,0.0583256340387329,-0.103972997807474,0.10958440817196,0.04488825070723,6.4,1,0.25288836239244,0.0924843531188141,1.47524466644914,1000,500,1011103
"pen",1.53319071534011,1.54325935379022,1.37667386078384,1.37689418695026,1.6806083354608,1.68658345103189,1.69754916345536,-0.134531011458363,-0.0720879828230375,-0.0624430286353251,-0.0666131160292597,-0.087431067191312,-0.123036789218221,0.0337733389118152,20.4,1,0.295642180025358,0.0933607720590994,1.69591285773892,1000,500,1011104
"unpen",1.70676668696344,1.71952726325721,1.76438909061688,1.76454986868266,1.71527616902525,1.709013743653,1.70098377356917,0.0336017738331425,-0.10119748420439,0.134799258037532,0.142038089979424,-0.116707957338617,0.264545290524292,0.0353096801763934,20,1,0.262081939691542,0.0747524993035567,1.69591285773892,1000,500,1011104
"pen",1.60238318326336,1.61985360371815,1.47928228920011,1.47905494842315,1.74801395891162,1.77076850040352,1.80193577690304,-0.0720193455969772,-0.0622763605378879,-0.00974298505908923,-0.0102269517601086,-0.0748504558237856,-0.0195247940223133,0.0338640444026688,19.4,1,0.224816042533542,0.0692410095958494,1.74055154806837,1000,500,1011105
"unpen",1.81003938885448,1.83991779722222,1.93724472370522,1.93709381651024,1.76688645411533,1.775648717246,1.80399387156987,0.13504395579443,-0.0952723235879796,0.230316279382409,0.235182030993955,-0.108900499030396,0.438519310100464,0.0371406063399526,14.4,1,0.232431316176494,0.0604006551397331,1.74055154806837,1000,500,1011105
"pen",1.2288362332115,1.2482991616999,1.10194767566817,1.10165043215356,1.36436149603029,1.36606761510542,1.37556430715374,-0.258750394873596,-0.064139585182537,-0.194610809691059,-0.213894122469838,-0.0783633202621122,-0.397980385780723,0.0375932280029567,15,1,0.22742930258356,0.0992193919100926,1.35602971122406,1000,500,1011106
"unpen",1.39754516198483,1.4230129482993,1.51819321785346,1.51806378744419,1.40772992948936,1.38641176354042,1.38472063042936,-0.0866474189546113,-0.0960857093583962,0.00943829040378494,0.00996428472737419,-0.109655540413708,0.0184125858686407,0.0382076255364498,13.8,1,0.203649401492414,0.0878571501115061,1.35602971122406,1000,500,1011106
"pen",1.48167758386426,1.50311158066951,1.30513696931429,1.30507429512093,1.6628037459424,1.66874895820744,1.67943414677186,-0.169997454347306,-0.0726036475514144,-0.0973938067958919,-0.104763129189445,-0.0917872854367227,-0.19500436089554,0.0413449568861853,10.6,1,0.262376558892718,0.0887333846955297,1.67810630485514,1000,500,1011107
"unpen",1.67886758384864,1.70693810323357,1.76902631720808,1.76905986708093,1.68640469606297,1.68886086361541,1.67993287805468,0.0282044803831192,-0.108570745397718,0.136775225780837,0.144655756085624,-0.126044840629609,0.269116200257377,0.049150485443578,5,1,0.271334617418762,0.0847332006489834,1.67810630485514,1000,500,1011107
"pen",1.31562878973642,1.37273157545986,1.19905658903302,1.19838312421459,1.49725267833097,1.50140840809324,1.51306696865847,-0.218507355804968,-0.069633884273822,-0.148873471531146,-0.160980217419519,-0.0885815676886898,-0.30053588859899,0.0413147288610488,7.6,1,0.289815006226303,0.13619794615776,1.50145438811004,1000,500,1011108
"unpen",1.51783278355014,1.57847135433491,1.68215107444112,1.68140211759656,1.53812221210257,1.50391224653891,1.51863107506474,-0.0143543197824148,-0.106912299271353,0.0925579794889378,0.0982495533885147,-0.124571996129397,0.182504248628592,0.0447994724049571,6,1,0.286080836652222,0.109140926555968,1.50145438811004,1000,500,1011108
"pen",1.36047339748399,1.35214216343597,1.17501505652255,1.17482690960681,1.51846316561705,1.53220345460355,1.54528706530525,-0.203904425033068,-0.0403303533617194,-0.163574071671349,-0.173221255539947,-0.0523455787004042,-0.325172161601661,0.0355681298553725,15.2,1,0.200191109871358,0.0906669039482281,1.48123760228042,1000,500,1011109
"unpen",1.54491601524641,1.54733556039706,1.60239098924888,1.60212170666894,1.57928093191978,1.57702911250016,1.55756179294376,-0.0201187289958242,-0.0724178851092972,0.052299156113473,0.0544286508033881,-0.0829751834845965,0.102546978112909,0.0369538153339036,13.4,1,0.211197835119906,0.0794257347977589,1.48123760228042,1000,500,1011109
"pen",1.60390060344356,1.5835445940637,1.42367132306361,1.42373059893745,1.73762852081594,1.75611509479406,1.73873209472373,-0.117304205333496,-0.0780530974649869,-0.0392511078685095,-0.0413853366077055,-0.0917669140103729,-0.0766414984258397,0.0353452575047098,18.6,1,0.217637980264297,0.0868696777644787,1.72918854206224,1000,500,1011110
"unpen",1.79966894425949,1.78865030479378,1.87313352839888,1.87267924373134,1.74682771081485,1.75265410171945,1.7306234780986,0.082399738750433,-0.109973520202368,0.192373258952801,0.20201622879904,-0.1241891312883,0.372463069356877,0.0369166141105871,16.8,1,0.209222872936464,0.0785424809724361,1.72918854206224,1000,500,1011110
"pen",1.33522344203851,1.31520532218371,1.19590865485843,1.19598787365944,1.45761535472968,1.47221785576997,1.45540782035132,-0.169669989702643,-0.00767978948532087,-0.161990200217322,-0.165376690239712,-0.0225231735323693,-0.304106029188808,0.0281309416596442,35.6,1,0.16643187767659,0.046948942480571,1.41438700771044,1000,500,1011111
"unpen",1.50026103710238,1.49480307204586,1.57230095412142,1.57239690993798,1.50745546509553,1.50408176850338,1.47192782679851,0.00173302028784854,-0.0370505606817011,0.0387835809695496,0.0392831414356055,-0.0496752837787369,0.0722859000511942,0.0279335852642356,36.4,1,0.16886529257751,0.0423502571345639,1.41438700771044,1000,500,1011111
"pen",1.52495982112673,1.5192893491647,1.39659326750967,1.39678464157487,1.63016477320784,1.6190663406883,1.654193533306,-0.0797350022573008,-0.0250915550638949,-0.0546434471934059,-0.0549509761632338,-0.0443346839212359,-0.103424630741039,0.0311868289548644,28.8,1,0.198433481801386,0.0343703335885178,1.66296913322731,1000,500,1011112
"unpen",1.71246332828683,1.7123604221488,1.79847276162066,1.79808368232651,1.64160052660836,1.61298625187637,1.65317188073569,0.102830371553719,-0.0570429726439764,0.159873344197696,0.16026230141777,-0.0730569465097941,0.298616126439356,0.032117004938245,26.2,1,0.170602047393351,0.0259024028272173,1.66296913322731,1000,500,1011112
"pen",1.42387134185269,1.3917233405104,1.28730149033309,1.2874847204999,1.50768938483657,1.51087271631707,1.47340152425209,-0.133024960684914,-0.0220167256877782,-0.111008234997136,-0.114173363222741,-0.0403020825631914,-0.212438426194904,0.0251474196313135,54.4,1,0.10443132680368,0.0319596358062144,1.42926974103543,1000,500,1011113
"unpen",1.56493372103753,1.5421828264128,1.62694162802706,1.62698451662657,1.52455207151116,1.50701150938353,1.46537557052994,0.0138269362289819,-0.0528928603515998,0.0667197965805817,0.0686850881072361,-0.0700751572978965,0.127216808433506,0.0262359382777499,49.6,1,0.0939645739494218,0.0302615948608508,1.42926974103543,1000,500,1011113
"pen",1.40058076329841,1.43106363355318,1.29396780572966,1.29413136452785,1.57198586685754,1.56957248047954,1.55558845275685,-0.161787290914842,-0.056245039967319,-0.105542250947523,-0.111809821111544,-0.071091045784939,-0.206234834081096,0.0345218488330773,23.8,1,0.246923488126636,0.0814318871929957,1.62415352021773,1000,500,1011114
"unpen",1.58919691734125,1.62964687859328,1.72651454822706,1.72713000342184,1.62039893845331,1.59057855446934,1.57486869205063,0.0307934022030622,-0.0878023216566543,0.118595723859717,0.123471134214952,-0.102389248782654,0.226596280466873,0.0341919705446207,22.2,1,0.212886408276424,0.0627332680869309,1.62415352021773,1000,500,1011114
"pen",1.67358074643167,1.67870677882849,1.51316940636627,1.51356673525749,1.7865287180453,1.79749081230047,1.8135302153872,-0.0714285146914364,-0.0780497809515768,0.00662126626014044,0.00713228422048127,-0.0962965910322596,0.0131113783800167,0.0345890294827067,19.8,1,0.279237299336698,0.0842571354645302,1.80517701830707,1000,500,1011115
"unpen",1.87634134040599,1.89308880418683,1.96526195033508,1.96558149154617,1.8148985103598,1.80556485078045,1.81905405326265,0.129691575304733,-0.109309404785501,0.239000980090234,0.247113581819376,-0.128124336221875,0.464992647900721,0.0391654189068148,11.6,1,0.292566856558822,0.0742832559832922,1.80517701830707,1000,500,1011115
"pen",1.62551179449211,1.6164916473236,1.41664192627259,1.41740863647368,1.79641291171599,1.80624628508578,1.85072911665423,-0.0881159785165095,-0.0441451230603862,-0.0439708554561233,-0.0446966202963444,-0.0657027485845899,-0.0836947626742203,0.041186870004168,9,1,0.344020287064808,0.0895749348401755,1.85376011559362,1000,500,1011116
"unpen",1.88265819243881,1.87426452671383,1.94039718846659,1.94101031503607,1.83590048622686,1.83594195108226,1.8447005969007,0.157056166116835,-0.0808819192357963,0.237938085352631,0.237087809311591,-0.0995762899509135,0.440030776847765,0.0496735877938252,4.8,1,0.370676854361407,0.084945380355475,1.85376011559362,1000,500,1011116
"pen",1.43427589388173,1.45877549461585,1.36780699021662,1.368459484428,1.54584647215705,1.5380417368659,1.5340454855953,-0.146864515427768,-0.0809191039839005,-0.0659454114438672,-0.0710719046089234,-0.096451814129189,-0.132474530947243,0.0340227160904821,23.2,1,0.179372551113764,0.0692031327593298,1.63217264855502,1000,500,1011117
"unpen",1.60291181169545,1.64073895124872,1.77758723959308,1.77785290151223,1.57211194111012,1.53392481778777,1.53755875832983,0.0268685777092392,-0.113042314804723,0.139910892513962,0.15089211199668,-0.130397189163992,0.277433967734221,0.0369764306715966,19.6,1,0.160587742911251,0.0584359586927534,1.63217264855502,1000,500,1011117
"pen",1.30798796198249,1.28438993629823,1.11856309985668,1.11882878209478,1.40131403507297,1.40594780937137,1.46492908281755,-0.230810084785805,-0.0381527358789367,-0.192657348906868,-0.204253353361796,-0.0519846321823732,-0.381649576923622,0.0383528925155595,12.2,1,0.243260602141869,0.0701144648860427,1.46680991767736,1000,500,1011118
"unpen",1.49426326517156,1.48161831731066,1.56042044287379,1.56061674688264,1.43225145839521,1.43062375559582,1.46381069785405,-0.042755711851596,-0.0737185724250508,0.0309628605734549,0.0321177386630961,-0.0853408277594665,0.0601510443947053,0.0389205817653277,11.2,1,0.254875893800436,0.0590386669273407,1.46680991767736,1000,500,1011118
"pen",1.41923244156933,1.42753399489353,1.28336614365428,1.28290720051167,1.5184216894599,1.52216903998283,1.52150566707229,-0.169518266353639,-0.0579277808795216,-0.111590485474117,-0.117874239473022,-0.0788239843602602,-0.216414231806672,0.0327765828761174,28.4,1,0.299300242312134,0.0880298142848314,1.53344388360547,1000,500,1011119
"unpen",1.59489253212731,1.62028730565819,1.68605697429361,1.68568989899204,1.56526991873581,1.55794779821166,1.55316701177235,0.00226311039408167,-0.0949702937399244,0.0972334041340061,0.101401097395261,-0.114210569974177,0.186402528234905,0.0418685601337438,10.2,1,0.32637465447105,0.0816065777033063,1.53344388360547,1000,500,1011119
"pen",1.40406746479378,1.37143222832619,1.2301298144476,1.22988673026545,1.48874684683891,1.4989175001517,1.52828012925835,-0.176791353702212,-0.0377729298396339,-0.139018423862578,-0.145765373692082,-0.0534344718656605,-0.269651640787915,0.0320653372987176,23.2,1,0.179921537834473,0.0721454556446764,1.46902844587852,1000,500,1011120
"unpen",1.57100834283464,1.55144060720451,1.62647579894418,1.62624677029666,1.5137708031296,1.51142017534161,1.5228298521722,-0.00423449665344529,-0.0706603001226632,0.0664258034692179,0.0688205731186714,-0.0843548094480154,0.126429140801974,0.0329378357146764,21.8,1,0.165269752827206,0.0606219381105521,1.46902844587852,1000,500,1011120
"pen",1.40951647766114,1.41535649724976,1.28006773005158,1.28098980591028,1.52167155613594,1.53470730646068,1.54356185469861,-0.175562579176182,-0.0658306016700874,-0.109731977506095,-0.117152343562527,-0.0803633807727118,-0.219363141379351,0.0327464637108738,23.6,1,0.247173912706496,0.102108113524733,1.53941543853096,1000,500,1011121
"unpen",1.57350825885404,1.58078010999583,1.6653386958653,1.6662451560946,1.53137409555283,1.53196661289351,1.54100556736526,-0.00946927379647017,-0.094126630477926,0.0846573566814559,0.0896830414437736,-0.108092895541558,0.165902536831077,0.0338750388263703,20,1,0.224638230451241,0.0895350261645351,1.53941543853096,1000,500,1011121
"pen",1.27532734562878,1.31105976038221,1.15036855020789,1.15056809788108,1.42224458580323,1.42913583379528,1.42725059938872,-0.22224015710026,-0.0480850496850807,-0.17415510741518,-0.185807954471232,-0.0663944775671786,-0.350120588741398,0.0349883934024538,21,1,0.236785992765091,0.0794266658131264,1.35286534743516,1000,500,1011122
"unpen",1.4519182386183,1.50422838635301,1.58505406713838,1.58538309023442,1.47449435132324,1.45905621501936,1.44803024459006,-0.0473523104639638,-0.0901670165510341,0.0428147060870704,0.0456663289227519,-0.107417734249871,0.0851925656360302,0.0427071839730594,11.2,1,0.236548687312784,0.074272522727019,1.35286534743516,1000,500,1011122
"pen",1.05626408454801,1.03136230810331,0.8583942126411,0.858400251490765,1.16534402798817,1.17202952544777,1.16498878043792,-0.349682609150126,-0.0315661748549742,-0.318116434295152,-0.344630929403911,-0.05357260085603,-0.64173485421234,0.0383202080389836,12.8,1,0.343380729166176,0.139187876051652,1.14904287444559,1000,500,1011123
"unpen",1.21713682331674,1.20247556859922,1.277505828355,1.27687790257063,1.17932939666175,1.18248279528515,1.1655210498441,-0.183958314995855,-0.0729435107412026,-0.111014804254652,-0.11956041104784,-0.0919771799202145,-0.222392394173204,0.0438729819272518,9.8,1,0.340191968311681,0.127825545433636,1.14904287444559,1000,500,1011123
"pen",1.51994775758003,1.5529700731875,1.40244582655406,1.40263925538434,1.67125001006043,1.68097184734248,1.7040242936904,-0.106360480680383,-0.0566554478231854,-0.0497050328571973,-0.0515352271804169,-0.0734006458340662,-0.0973263449760869,0.0358923310165343,16,1,0.281081058264141,0.0669222519481116,1.68744600696585,1000,500,1011124
"unpen",1.72092466013371,1.76256044390512,1.85592098474926,1.8558687951868,1.68951771710425,1.67629149738857,1.69724497119201,0.0925987999736176,-0.0925394532390974,0.185138253212715,0.189802312515139,-0.108563484583063,0.355872864019792,0.0409823915633306,10.4,1,0.258448991979288,0.0550197691876449,1.68744600696585,1000,500,1011124
"pen",1.52536872568531,1.53001367917501,1.34822207199568,1.34781056321095,1.69551509267194,1.70827080717727,1.6980628542884,-0.117078392750102,-0.0364365532820946,-0.0806418394680071,-0.0829081983013296,-0.0520554081557193,-0.151723923448644,0.0335607553797414,15.8,1,0.318719725945626,0.0560680287534346,1.75242130119905,1000,500,1011125
"unpen",1.71816114649476,1.72240438946324,1.76881418018196,1.76843658779594,1.71644099748288,1.70940274437026,1.69955858960102,0.0737331749200467,-0.0705083705137745,0.144241545433821,0.145692051954037,-0.0832770483440843,0.268818509964086,0.0348585193141989,13.6,1,0.315501301096329,0.0515352401329211,1.75242130119905,1000,500,1011125
"pen",1.2205671116519,1.22180067726775,1.07876857018388,1.07899958767543,1.32850392747371,1.33965332288062,1.34234476629093,-0.260233043988012,-0.0539595495876928,-0.206273494400319,-0.224308183448081,-0.068416339750972,-0.421144403393632,0.0351718936248844,23.8,1,0.208928463874518,0.0866644797673609,1.32405043949601,1000,500,1011126
"unpen",1.37984307263468,1.38973944932293,1.47560209624446,1.47562086893784,1.36624220005119,1.36111038306602,1.3480647580599,-0.100363137794694,-0.0881783561821408,-0.0121847816125529,-0.0133332462875791,-0.101542050215435,-0.0244017411487122,0.0367579893514534,19.8,1,0.210442167229285,0.0789848666097608,1.32405043949601,1000,500,1011126
"pen",1.26987111684558,1.25811832231805,1.10182280380259,1.10230078189519,1.3886500221541,1.38208161799154,1.40642901008823,-0.236685796318236,-0.0384262863517169,-0.198259509966519,-0.210962058441221,-0.0535103483317534,-0.398500256282305,0.0350869979738594,16.6,1,0.233564167469869,0.068858965189087,1.33619558764305,1000,500,1011127
"unpen",1.43088112838128,1.42363432659993,1.49337155666977,1.49388633805303,1.41034206195059,1.38977337244111,1.40525717067617,-0.0732622119885713,-0.0697825994436639,-0.00347961254490743,-0.00404338532739892,-0.082827056102973,-0.00695373830035341,0.0349383138649112,17.4,1,0.235929898802413,0.0528976115494856,1.33619558764305,1000,500,1011127
"pen",1.16488550396827,1.17598942443276,1.01843282671804,1.01748111189217,1.30013030083331,1.30768344408189,1.33295970699878,-0.279650288591973,-0.034322797417456,-0.245327491174517,-0.260279156683027,-0.0549674208970751,-0.481450951826901,0.0368451981804595,14.2,1,0.283018344806545,0.111039491825953,1.27616922253261,1000,500,1011128
"unpen",1.34477323794775,1.36591660279511,1.45209917329969,1.45133777389786,1.34270144800735,1.33100980588797,1.34339274562372,-0.0989529080981975,-0.0743066732009863,-0.0246462348972113,-0.0258935723622188,-0.090822703814154,-0.0477882868655741,0.0383461868718466,12.4,1,0.303187991902314,0.107068739450822,1.27616922253261,1000,500,1011128
"pen",0.952869461086877,0.939411958609982,0.808874654846701,0.807925201569581,1.03952036785032,1.03793413266932,1.05130258948152,-0.357543057923168,-0.0104313829854221,-0.347111674937746,-0.372248382647348,-0.0303335403453887,-0.691764402584343,0.0346932105516641,20.4,1,0.218781603360224,0.0710093043740305,0.993236992314089,1000,500,1011129
"unpen",1.1069604867187,1.10600255611293,1.2104306487813,1.20976585974499,1.0689753982978,1.05111859050719,1.05705549620247,-0.197814620660999,-0.0513109618065928,-0.146503658854406,-0.156368148744844,-0.0678140690356376,-0.290000375857388,0.0383253180151795,16.6,1,0.245958457097071,0.0720047131034419,0.993236992314089,1000,500,1011129
"pen",1.40479504517306,1.42641015489805,1.27834170674692,1.27838801350431,1.54968301329723,1.5491151637699,1.55121637084009,-0.173229405724396,-0.0606526842513173,-0.112576721473079,-0.119838050492694,-0.0787154937613361,-0.221812758799469,0.0360129692787878,18.8,1,0.215469716417202,0.080946568330383,1.54701629593731,1000,500,1011130
"unpen",1.59315067456519,1.61494291769467,1.70869528958809,1.70884496422677,1.58098000777354,1.55206160910743,1.55484352532081,0.0116379223683053,-0.095524392281864,0.107162314650169,0.112495267690636,-0.112335578584633,0.208716719399073,0.0373018113646708,16.4,1,0.224947164626021,0.0785993505027548,1.54701629593731,1000,500,1011130
"pen",1.40433482666824,1.40053752080541,1.27246158028262,1.27214719171308,1.51115788095891,1.50947724068725,1.50175643029578,-0.176209168154846,-0.0606864655888417,-0.115522702566004,-0.123050571242091,-0.0760369528493805,-0.227111093866913,0.03199083273696,25,1,0.223188091365738,0.0909010471870123,1.54220415140761,1000,500,1011131
"unpen",1.56982401684624,1.57390921042876,1.65153356774427,1.65096664437367,1.54012506664794,1.52482925231194,1.50778872482154,-0.0122861251869246,-0.0908240174279385,0.0785378922410139,0.0832355828318827,-0.10570102108389,0.152177096029851,0.0338793297624716,18.2,1,0.214797392543099,0.0789958301032801,1.54220415140761,1000,500,1011131
"pen",1.37263156687495,1.35688644926992,1.18017918070543,1.18050538531034,1.47260727136982,1.47858128211912,1.53188224934343,-0.184720939253738,-0.0161279699082013,-0.168592969345537,-0.174733697840169,-0.0350942316519178,-0.320057652169107,0.0346125468229968,16.6,1,0.153252232635086,0.0223427102075954,1.51584812930382,1000,500,1011132
"unpen",1.54506889056608,1.55023365837862,1.58922905058209,1.58950094837915,1.5022685675652,1.50232134975348,1.53956949135227,-0.00715596588982953,-0.0549841454299014,0.0478281795400719,0.0479856355988804,-0.0702157762554575,0.0890083034757443,0.0372465790036041,10.8,1,0.139157626517006,0.0179850822668095,1.51584812930382,1000,500,1011132
"pen",1.33474734217594,1.32796754212245,1.15577187836173,1.15531050903846,1.4582550642203,1.47472520149326,1.51341271961925,-0.223459483622286,-0.0518519439051692,-0.171607539717117,-0.184209957304756,-0.0687559080656025,-0.343913176251491,0.0379761514856947,11.2,1,0.264615027606184,0.073401944097687,1.44833432104597,1000,500,1011133
"unpen",1.51930883908018,1.52906558091212,1.6007740554059,1.6005000382508,1.49035200138211,1.49902751614988,1.51774637055074,-0.0339900554403087,-0.0854009972141066,0.0514109417737978,0.0539736592656449,-0.100611128696817,0.101110637038379,0.0385672659188697,11.4,1,0.253279034130436,0.0657121645398232,1.44833432104597,1000,500,1011133
"pen",1.29019460465063,1.26217320892954,1.12730655846918,1.12726643597948,1.35159010432322,1.36704623808722,1.42723984725194,-0.225652784160879,-0.0373013977778775,-0.188351386383001,-0.198952588706165,-0.049838260547897,-0.372380025325542,0.0317454678221205,26.6,1,0.227413184410785,0.0505506984327511,1.38362666994413,1000,500,1011134
"unpen",1.44969468220195,1.4268673297803,1.50316025079479,1.50307222025422,1.38647992388502,1.389134078461,1.42892737775007,-0.0658224513461527,-0.0677047106320471,0.00188225928589436,0.00189755142155312,-0.0780100114831271,0.00361753163233743,0.0323696724837585,23.8,1,0.216074040906395,0.0472235611056465,1.38362666994413,1000,500,1011134
"pen",1.33235747356764,1.31477609574979,1.20243317960352,1.20232168008357,1.3830278854971,1.40180027790254,1.40200297013594,-0.205342973340013,-0.0575781369679254,-0.147764836372088,-0.1601088206099,-0.075093727098272,-0.297560761074574,0.028452908775402,49,1,0.16849620936299,0.0450877744776308,1.37924751325725,1000,500,1011135
"unpen",1.47227947002447,1.46645512198693,1.5481220344213,1.54786453792835,1.39692158234726,1.40889851810214,1.40751524988296,-0.0613266765445538,-0.0852249284444075,0.0238982518998537,0.0255436717529086,-0.102300327934715,0.0482136304606658,0.0295165988539618,43.2,1,0.157121011284032,0.0452758809841401,1.37924751325725,1000,500,1011135
"pen",1.51297630872485,1.48985027861362,1.32938003883222,1.3292143015343,1.67895114055777,1.66790284886994,1.67766452912749,-0.128080884730112,-0.0407677129488101,-0.0873131717813021,-0.0902242089122683,-0.0552000870879234,-0.171179894440494,0.0335596660553843,22.4,1,0.23722933245669,0.0701349431871146,1.67002846945499,1000,500,1011136
"unpen",1.70844197514794,1.69220105550964,1.75646318735372,1.75625036573266,1.73738928638975,1.71233038252081,1.68274663783529,0.062400738423607,-0.0708980840460913,0.133298822469698,0.135803105232297,-0.0837858738067424,0.255810338534977,0.0350158925254594,18.8,1,0.246570395310904,0.0560865120940593,1.67002846945499,1000,500,1011136
"pen",1.40746923840907,1.42802952896801,1.28219004703924,1.28202533176663,1.54229367273126,1.55012001765336,1.51902042567196,-0.154543173096581,-0.0436245153969205,-0.11091865769966,-0.115867458981341,-0.0618204126751211,-0.217902291333504,0.0285762347425922,41,1,0.220734507914123,0.0550443696810119,1.53965483225058,1000,500,1011137
"unpen",1.55179339603037,1.58927059709529,1.63617324380422,1.6358669622011,1.55850816701787,1.55845205176034,1.52390628864452,-0.00441057750092263,-0.0743323149555853,0.0699217374546627,0.0727363723697561,-0.0913167343159782,0.136000434289757,0.0300478047292806,33.8,1,0.203955931657976,0.0574623248449469,1.53965483225058,1000,500,1011137
"pen",1.38939906504016,1.39339371498422,1.24508742465988,1.2446074733096,1.47951888206463,1.50697152039547,1.52410125290238,-0.184147516064685,-0.0560391893505754,-0.128108326714109,-0.136961935530278,-0.0713858115051866,-0.254918730038799,0.0336913638580076,19,1,0.249182052394433,0.0813886964725273,1.49354333863942,1000,500,1011138
"unpen",1.54890823247269,1.56243320895569,1.64497928913857,1.64446470584361,1.47676496962672,1.49331362448947,1.52035198771492,-0.0175670279712541,-0.0911642185166645,0.0735971905454104,0.0776738139944548,-0.106444698693508,0.145020685541344,0.0362900271580402,15.6,1,0.230781392519152,0.0698390976790513,1.49354333863942,1000,500,1011138
"pen",0.988173492108004,0.980618257736582,0.835184700889894,0.834646280978549,1.04957457660716,1.06270679815039,1.10734706180982,-0.326804648158314,0.0131263992404121,-0.339931047398726,-0.352085019653233,-0.0176218453875314,-0.664929836250065,0.0360903999364119,21.4,1,0.287335108946434,0.0995783310388707,1.12757381086097,1000,500,1011139
"unpen",1.15625150497909,1.1613406243307,1.25558739279194,1.25472117544388,1.02420192343105,1.03047936267044,1.11498916312087,-0.153295404182683,-0.0269753674276057,-0.126320036755077,-0.130048020841425,-0.0509204897077425,-0.244533728737391,0.0390175302996508,17,1,0.274776247913433,0.0817971532199259,1.12757381086097,1000,500,1011139
"pen",1.55345295479065,1.5610763061992,1.43795776146436,1.43876652657654,1.68970008338844,1.69956542001306,1.72720516932574,-0.0686357462879223,-0.0359116319795202,-0.0327241143084021,-0.0340956378806428,-0.0483154084460813,-0.0630351739238697,0.0270575421790416,48.8,1,0.138846946805801,0.0193011281054164,1.68163652873146,1000,500,1011140
"unpen",1.73119213180894,1.74632734895898,1.81934501964604,1.81981130983019,1.73621048587951,1.73326954942084,1.73134412355763,0.0998150591216329,-0.068648522751646,0.168463581873279,0.170999565514079,-0.0804494603252799,0.318514206505902,0.028937334277957,39.4,1,0.175286336899224,0.0229506481484677,1.68163652873146,1000,500,1011140
"pen",1.5939394116415,1.58748763958173,1.454341114745,1.45439779979768,1.71548835192909,1.71627259215511,1.73442923566678,-0.0908028883192717,-0.0676910880819985,-0.0231118002372732,-0.0244436770897483,-0.0805465098539655,-0.0458116997891915,0.0327147175301994,21.4,1,0.188648139480408,0.0671660828631823,1.73141716790189,1000,500,1011141
"unpen",1.77901497893452,1.77992955137984,1.86968305116228,1.86974865335807,1.75684592224467,1.74167857873697,1.73880064369037,0.0904426210749532,-0.0996109532158572,0.19005357429081,0.198193190815214,-0.113155993893791,0.36960606247797,0.0351792350305787,18,1,0.193468364714376,0.0693227039665287,1.73141716790189,1000,500,1011141
"pen",1.27443932204885,1.27728534592932,1.13381111612939,1.13379349267368,1.39498117355693,1.41073601148888,1.42089401683326,-0.202007970039948,-0.0134342779285976,-0.188573692111351,-0.194702910758183,-0.0311399236032677,-0.366335750377564,0.029181623339459,37.6,1,0.187693669424531,0.0569242935352632,1.34608838273013,1000,500,1011142
"unpen",1.42870781998018,1.44191310082936,1.50060575073933,1.50064621759476,1.43098508016696,1.42680318801455,1.4308092480869,-0.0447197124255352,-0.0448132953925218,9.35829669866314e-05,8.74201377392007e-05,-0.059473047417371,0.000402706314983831,0.0301911790890572,35,1,0.210250828506395,0.0491650343034397,1.34608838273013,1000,500,1011142
"pen",1.54095714141189,1.55505834212285,1.40435879421478,1.40460004965026,1.67024679025083,1.67907352527858,1.7177561789544,-0.0899696971117556,-0.0397558847614568,-0.0502138123502988,-0.0515796205363524,-0.0559821068550461,-0.0958723195340484,0.0311246147275337,26.4,1,0.218558440396201,0.0415643954241903,1.71699351702892,1000,500,1011143
"unpen",1.73042482432967,1.75723003428092,1.82055017966152,1.82079285701062,1.7108523523167,1.70048761342414,1.72463563624478,0.0969058869164275,-0.0749302420006847,0.171836128917112,0.173926322014436,-0.0900285068250742,0.320685621461593,0.0343811278141319,18.6,1,0.201457796927922,0.0361408298025974,1.71699351702892,1000,500,1011143
"pen",1.37099187608422,1.3942660177417,1.24770201849152,1.24741259932514,1.49946677810437,1.52258822913402,1.52380167500305,-0.182641722205057,-0.0556412601185211,-0.127000462086536,-0.133948270670547,-0.0735810717635235,-0.252663478195156,0.0381774813780079,13.4,1,0.313633401497084,0.107878205533849,1.49575638497623,1000,500,1011144
"unpen",1.571570665271,1.59484169086712,1.70381883566898,1.70323656241408,1.52952163155606,1.52941104440983,1.52465680374041,0.0122624094015146,-0.0914931004845408,0.103755509886055,0.108727768219933,-0.107446899612612,0.203369228492717,0.0415323643943742,9.4,1,0.334509462944574,0.101024464967599,1.49575638497623,1000,500,1011144
"pen",1.31313086578729,1.30254721937255,1.17970222170995,1.17923753916548,1.41602646646172,1.41810555856867,1.46229312740684,-0.186417417677718,-0.0182423219105649,-0.168175095767153,-0.172335259863243,-0.037897003402067,-0.320294323446223,0.0339266024170206,19.4,1,0.225607064558073,0.0744547074132452,1.43588509264626,1000,500,1011145
"unpen",1.50959262064121,1.50464978686917,1.6087251535446,1.60825248866437,1.45446909904973,1.43718410249576,1.46180797398776,0.00451957490824583,-0.0536973210276887,0.0582168959359346,0.0586769942276566,-0.069559618429463,0.108866819758311,0.0342399148078135,19.2,1,0.219692000192331,0.0627552844909131,1.43588509264626,1000,500,1011145
"pen",1.38277320351456,1.40862675968858,1.25901701112282,1.25895639719521,1.55003876584551,1.55076804568979,1.52527870215963,-0.16454613148014,-0.0407170798052362,-0.123829051674903,-0.128027000360198,-0.0625420454632283,-0.241046572577891,0.032747594127903,26,1,0.298539231430088,0.0946386480898901,1.50158160202881,1000,500,1011146
"unpen",1.55223495378681,1.58672672695831,1.65356829522825,1.65326007079518,1.58866382781636,1.5672479624324,1.54046810369168,0.00626010369551574,-0.073407236490517,0.0796673401860327,0.0824235439604493,-0.0918076526035174,0.153303322499169,0.0336835167078813,22.4,1,0.293777865858084,0.0809897454346223,1.50158160202881,1000,500,1011146
"pen",1.44673338682403,1.44765150933184,1.31588474833647,1.31584586745559,1.53162900311954,1.55752362435561,1.57336666757962,-0.138269111462082,-0.0432745533330474,-0.094994558129035,-0.0985880345386294,-0.0617883483657993,-0.184095082300798,0.034400250130589,19.8,1,0.264011826089026,0.107914332236927,1.56442222228676,1000,500,1011147
"unpen",1.63972541498698,1.64758244019289,1.7572861761621,1.75727138496833,1.50714875843807,1.52355329015325,1.56301060917722,0.0554609501741182,-0.0799713225249343,0.135432272699052,0.137826942343377,-0.0971846298837853,0.257393776247807,0.0407020468800255,12.8,1,0.282787662508282,0.0916034339929237,1.56442222228676,1000,500,1011147
"pen",1.39475732182894,1.4134602825949,1.24030570806311,1.24049344372998,1.52347189046366,1.53504963527145,1.55272121615935,-0.170820527629534,-0.0374992513915188,-0.133321276238015,-0.138463231364952,-0.059652672741219,-0.259791623744557,0.0385772658773504,12.4,1,0.370002418465962,0.0873727497686891,1.51838228422679,1000,500,1011148
"unpen",1.60588391324127,1.63108424970127,1.70995384224394,1.71000165469645,1.55324021517962,1.54544075790723,1.55661354969137,0.03568834049961,-0.0741619842307416,0.109850324730352,0.111642712987329,-0.0927886481999033,0.209893727325721,0.0405048164992446,10.6,1,0.36040934606121,0.0748812446147443,1.51838228422679,1000,500,1011148
"pen",1.58965998643331,1.60849000893353,1.42989732137311,1.42969374786626,1.75075759498771,1.75426773745197,1.78228308934726,-0.0953403412791714,-0.060071300392743,-0.0352690408864284,-0.0366439180361381,-0.0747044490306198,-0.0699943699492498,0.0323322922185764,26.2,1,0.194802286252625,0.0727820150872417,1.76327926422993,1000,500,1011149
"unpen",1.77353920410027,1.79756587529455,1.83386691393207,1.83379973512555,1.78502300321946,1.7708122808761,1.79000920951473,0.0802218986276495,-0.0928637532706617,0.173085651898311,0.178890213680868,-0.107984278625002,0.334290146424901,0.0377945993403068,15.6,1,0.221750097064199,0.065164243374747,1.76327926422993,1000,500,1011149
"pen",1.56471424902379,1.57892094805714,1.42271769002636,1.422801859472,1.724080821788,1.74464066505534,1.7648011147546,-0.092167842124769,-0.0524624615244535,-0.0397053806003155,-0.0411742537046629,-0.0682334256274716,-0.0773190032070925,0.0352325804469894,15.2,1,0.249266293192132,0.0742913213579152,1.74271884356074,1000,500,1011150
"unpen",1.76560507808213,1.78911997739994,1.8677521057508,1.86769530411127,1.75572580749803,1.75608999748004,1.76915696641884,0.108365623678948,-0.0842041888038977,0.192569812482846,0.195529804103764,-0.0982035862605481,0.367524503489934,0.035610530836542,14.6,1,0.235941690814641,0.0596975559160591,1.74271884356074,1000,500,1011150
"pen",1.327437266163,1.31721297170512,1.18079813571816,1.18080437868027,1.41239859975017,1.42412513849646,1.44875371531285,-0.205802378042256,-0.0435454824171742,-0.162256895625082,-0.171809865786801,-0.056883599545136,-0.318900908931176,0.033755454361975,21.6,1,0.218914819743933,0.0802509574475654,1.42300438054904,1000,500,1011151
"unpen",1.49921196796917,1.50628028388008,1.60154455992579,1.60144277248018,1.43272954792842,1.43041302391195,1.46026637049947,-0.0263490004832136,-0.078885598321691,0.0525365978384775,0.0548104151517086,-0.0913196247322827,0.102052336242227,0.0353245639276454,19.2,1,0.219146922065682,0.0793730930048734,1.42300438054904,1000,500,1011151
"pen",1.52155588437654,1.55411033015893,1.37181145992739,1.3726218111393,1.64502267853074,1.65794591101359,1.67807442218249,-0.162045528613604,-0.100347585575029,-0.0616979430385744,-0.0692827558398078,-0.117593379896968,-0.128383217714827,0.037227113809612,18.8,1,0.25027456571329,0.089880653820774,1.5876033157082,1000,500,1011152
"unpen",1.70053799003625,1.74149857191061,1.811160131352,1.8116506095601,1.66367748724074,1.65057545380154,1.68862562222253,0.0180335120952634,-0.135539278293223,0.153572790388486,0.167540985370161,-0.156016904330029,0.311033479176773,0.0468242826711776,13.4,1,0.237562160198224,0.0833705454200867,1.5876033157082,1000,500,1011152
"pen",1.52906377551277,1.52578746561828,1.38740177758882,1.3864805101855,1.62467585408866,1.62097061697601,1.65992042300617,-0.124710334602972,-0.0676877613738315,-0.0570225732291409,-0.06049259823257,-0.082324990116342,-0.11232101913974,0.0328209339930202,22.8,1,0.196896691448106,0.0629555713956902,1.63579969057234,1000,500,1011153
"unpen",1.71916420230124,1.73276750261455,1.82020722396165,1.81888661634938,1.66015620564821,1.64275210986025,1.66414433135126,0.061066712954748,-0.104244625909805,0.165311338864554,0.173341015303522,-0.120507839314045,0.32034661286341,0.0411496489124734,12,1,0.220905308591017,0.0597204506125089,1.63579969057234,1000,500,1011153
"pen",1.36879660425508,1.38816602512654,1.20987793590821,1.21019010175748,1.52602135659713,1.53595479786753,1.55683195008399,-0.179456422890047,-0.033142836724115,-0.146313586165932,-0.154120926140693,-0.0457896080790669,-0.289716554652095,0.0318433549459702,28,1,0.178249477936062,0.054238969821003,1.58752072314981,1000,500,1011154
"unpen",1.52633907196082,1.55296479990463,1.57657180813656,1.57697801439774,1.55438626465131,1.55888374195036,1.56304878742802,-0.0206616350082141,-0.0604081024654115,0.0397464674571974,0.0402524262645214,-0.0708876227462761,0.0769256636302662,0.0327506082975542,25,1,0.171547654634846,0.0460792065748438,1.58752072314981,1000,500,1011154
"pen",1.38277963485681,1.38163727626136,1.23775675094797,1.23740170348059,1.47070122642548,1.47830708925106,1.51731877068007,-0.172318320733098,-0.0371576544825693,-0.135160666250529,-0.142006896891986,-0.0526608051090946,-0.262034891460947,0.0299158790504095,34,1,0.209675678689403,0.0608752257246568,1.52336232297596,1000,500,1011155
"unpen",1.5415764895767,1.5424128383489,1.59500478329014,1.59489514634998,1.4811976813386,1.48152151221507,1.52457425306628,-0.0163633423811771,-0.0664061851113301,0.050042842730153,0.0519497191478896,-0.0809594155312261,0.0952100639542344,0.0318356055541478,26.4,1,0.190299223224281,0.0500880698170664,1.52336232297596,1000,500,1011155
"pen",1.70827245649593,1.71390234483954,1.54783147484159,1.54812368380836,1.86994425070833,1.89325355505011,1.88253983453082,-0.0572720189157319,-0.0805112831100079,0.023239264194276,0.024247607724182,-0.0968593248445403,0.0468973361856966,0.0346183601054353,17.8,1,0.194163765390932,0.0560400554057699,1.84200424825747,1000,500,1011156
"unpen",1.90841084552775,1.92374746732451,1.98559484334327,1.98596727093949,1.91682443805501,1.9273543410427,1.89235041295139,0.133951805354981,-0.114145135426923,0.248096940781903,0.258471117837237,-0.131727528562378,0.484948673746199,0.0406491417796709,8.4,1,0.213239089160999,0.0582259383605429,1.84200424825747,1000,500,1011156
"pen",1.21284488715395,1.21679205230941,1.08277959958064,1.0835249229405,1.33400827957201,1.33174924855291,1.36178630961465,-0.229058750263287,-0.0173002817331311,-0.211758468530156,-0.220111733690979,-0.0344622499746951,-0.415865587734263,0.0320558052595145,25.2,1,0.170951021131407,0.0541827435042823,1.32680057163355,1000,500,1011157
"unpen",1.36833709085589,1.39398422093585,1.46809419584917,1.46871817706123,1.39151416327765,1.37426688039286,1.38129011554291,-0.067107994255318,-0.0517051520581056,-0.0154028421972125,-0.0160323779152667,-0.0655021330388657,-0.0307041413474865,0.0334297696604732,22.4,1,0.187414402519338,0.0535174828099516,1.32680057163355,1000,500,1011157
"pen",1.43051092379395,1.44937490839409,1.31052189490796,1.31040325742544,1.56028455749426,1.58030561169753,1.60244706614048,-0.154475791931876,-0.0579630169197684,-0.096512775012108,-0.101834534845625,-0.073321380501211,-0.189374826134954,0.0346705032517767,18,1,0.215621857412041,0.0641163465016302,1.62450457482561,1000,500,1011158
"unpen",1.61585616935991,1.63729916131101,1.7285386775548,1.72840580371308,1.59260770871948,1.59312146750323,1.60026076435329,0.029981041811377,-0.0884647417774554,0.118445783588832,0.124245202578245,-0.103513530831299,0.228586532079546,0.0357815593714362,15.4,1,0.206164772770532,0.0523661354395441,1.62450457482561,1000,500,1011158
"pen",1.37294450807742,1.3905618564443,1.22402740639441,1.22451234924855,1.50857586344749,1.5085799063456,1.51381541275928,-0.210496727803137,-0.0738915098064221,-0.136605217996714,-0.149254994158895,-0.0909278899663374,-0.275709363667661,0.0416857570834229,11.2,1,0.36737323188707,0.150308342495638,1.49083068452975,1000,500,1011159
"unpen",1.55916493902478,1.58540674019899,1.68136431402307,1.68176009866581,1.515006110318,1.49991336053894,1.52047374844081,-0.0186147028363355,-0.110233498802347,0.0916187959660117,0.0975788062410786,-0.127197229299788,0.181642837005789,0.0443910097084365,7.4,1,0.342608849994676,0.135187758867326,1.49083068452975,1000,500,1011159
"pen",1.51152742548451,1.52185739107539,1.30734160906317,1.30723307909815,1.65363557860977,1.65794495435906,1.67839686156419,-0.171518153949993,-0.0748474241160469,-0.0966707298339465,-0.104088094668952,-0.0950310755502154,-0.193201112719441,0.047076484982008,6.2,1,0.377314373240053,0.152442030957899,1.67290682318989,1000,500,1011160
"unpen",1.73810789406554,1.74701155862247,1.82439411698411,1.8244768276205,1.66714868250481,1.65368116910256,1.69093452314067,0.0511088710711596,-0.114852287020667,0.165961158091827,0.174250376766959,-0.133562982522392,0.324000951887723,0.0566230648031868,1,1,0.43309148449978,0.144706918041125,1.67290682318989,1000,500,1011160
"pen",1.41718176733487,1.401420569648,1.24604538914032,1.24621158227816,1.54014350430123,1.56129587239199,1.56343555731013,-0.189963057473823,-0.0622610210511136,-0.12770203642271,-0.137250914947457,-0.074941917349325,-0.254200512138886,0.0337652908540609,20.6,1,0.228746710288648,0.0796003210386936,1.52937692519738,1000,500,1011161
"unpen",1.59036500462057,1.57990709482695,1.64651156532884,1.64673451658391,1.57690080375505,1.58339965112622,1.56492176212407,-0.017072896376869,-0.0919409899070378,0.0748680935301688,0.0793759360002894,-0.104573558011979,0.146296926294927,0.0352005648774693,19.6,1,0.218433422210711,0.0840812552386481,1.52937692519738,1000,500,1011161
"pen",1.64179581935235,1.67558776068199,1.51628158358911,1.51608684667018,1.80112656205529,1.81024776912138,1.78768166860918,-0.0760570869633522,-0.0841744247116274,0.00811733774827522,0.00868897867056983,-0.100572352711886,0.0161398203929645,0.0307628360365983,32.4,1,0.180321478216785,0.0661995506280782,1.74871025981106,1000,500,1011162
"unpen",1.81424139173709,1.86024476393137,1.91264333333309,1.91254768968373,1.81987026455944,1.81418022323694,1.79013198976434,0.0968553039251961,-0.113364317277874,0.21021962120307,0.223191402955372,-0.132926046049724,0.412984914909332,0.0335296595268506,26.2,1,0.158538526132309,0.0488390563273795,1.74871025981106,1000,500,1011162
"pen",1.27306541752,1.25421082104933,1.133488836466,1.13357653506333,1.34481372888244,1.38578733376606,1.40380999799712,-0.206384821043718,-0.0197969373208942,-0.186587883722824,-0.196074546321064,-0.0309023872568799,-0.365618297826756,0.0271645013907375,40.2,1,0.159583636592943,0.0473084681498243,1.36408138034549,1000,500,1011163
"unpen",1.42635865429379,1.41582393015881,1.48797446265578,1.48800726272398,1.38536813261943,1.41109819347588,1.41535900907561,-0.0544306540671403,-0.0490933157787379,-0.00533733828840233,-0.00568297868684445,-0.0590686720196771,-0.0110515012957216,0.0282013674247398,37.6,1,0.16260718290626,0.043892473816851,1.36408138034549,1000,500,1011163
"pen",1.5722658251783,1.54920041901208,1.41840392540442,1.41848753975896,1.7051757035743,1.7113007812524,1.70219914035861,-0.100326772351297,-0.0585680186670237,-0.0417587536842733,-0.0439379653574981,-0.0706375879943158,-0.0815674434142089,0.0302676676557947,25.6,1,0.205850920491583,0.0558818832520972,1.73614298786001,1000,500,1011164
"unpen",1.7510903727257,1.73430268434152,1.81384643905502,1.81390004456403,1.74052092144104,1.72827098995836,1.6942114109721,0.0761544905764177,-0.0879217936884223,0.16407628426484,0.170123086548008,-0.100508195260462,0.313779738594624,0.0307244583359066,26.2,1,0.203981326073679,0.0469189466613893,1.73614298786001,1000,500,1011164
"pen",1.31402487751711,1.31158738657534,1.185453191233,1.18536964058995,1.39753726623867,1.41433783271663,1.4217498514165,-0.202646233523254,-0.0420357742693419,-0.160610459253912,-0.168377903042505,-0.0637822261129462,-0.314352153969403,0.0362690504392016,18.4,1,0.31306715209434,0.120661503878505,1.41235956558546,1000,500,1011165
"unpen",1.50585683985706,1.51463605283983,1.63253297434684,1.6325322434011,1.41977689164663,1.41669776133479,1.42839956186691,-0.0119086419705469,-0.0807063589647313,0.0687977169941844,0.0706863496134659,-0.0997406349017117,0.133080723603052,0.0382831612374647,14,1,0.325120092930406,0.109942010519102,1.41235956558546,1000,500,1011165
"pen",1.52078830244918,1.5288660357922,1.3767038143936,1.37676783175015,1.65880088812218,1.68796316069772,1.68705480753091,-0.109100270453684,-0.0455754644368439,-0.0635248060168402,-0.0654362988886924,-0.0619280228053068,-0.123362911529255,0.0341472407186482,18.8,1,0.230865467766077,0.0643844588200066,1.65642815860897,1000,500,1011166
"unpen",1.71639266243403,1.73158436089821,1.81136583114397,1.81142408335125,1.69609766208985,1.70736415929482,1.6967892517387,0.0837486992706418,-0.0793982810956868,0.163146980366329,0.166218681160034,-0.0943910664423269,0.311138656414011,0.0375902717094016,12.8,1,0.213657234084659,0.0512923067187279,1.65642815860897,1000,500,1011166
"pen",1.34439978085177,1.37984080288226,1.18649714504344,1.18600791423672,1.51964166313732,1.5168554400717,1.58270371334372,-0.190421429202453,-0.0268034840459574,-0.163617945156496,-0.169424773279716,-0.0440955980329189,-0.313238771656274,0.0355366912629774,18.6,1,0.291009248251784,0.0590906594553418,1.59166881877693,1000,500,1011167
"unpen",1.53436479989021,1.58838209672817,1.62171526766482,1.62134547569819,1.55461555410054,1.55295081727246,1.58410254712728,0.0014930218983825,-0.063611017663735,0.0651040395621175,0.066582056585972,-0.0776967294049747,0.121790497193142,0.0385258554440759,13.8,1,0.264679529165605,0.0657914114645328,1.59166881877693,1000,500,1011167
"pen",1.45999370978882,1.44893433193787,1.2860070617531,1.28674650568762,1.59446514636064,1.60548615115898,1.60548746951103,-0.150959391609214,-0.0408768433967893,-0.110082548212425,-0.114449369661991,-0.0616830260585476,-0.213325044441369,0.0358209078045425,15.4,1,0.335317443990738,0.0927513472252434,1.61780205670034,1000,500,1011168
"unpen",1.66224667460815,1.6608957177975,1.73837299284992,1.73879559140679,1.62441573146035,1.62096010382258,1.61045021638501,0.0500290542341697,-0.0748237170463459,0.124852771280516,0.125860427044911,-0.092701206180584,0.238977076314066,0.0384177849591412,12.2,1,0.314277387601842,0.0817642667747454,1.61780205670034,1000,500,1011168
"pen",1.34295363207793,1.35207201635312,1.21552756563455,1.21546742971051,1.47154789532429,1.46636094547254,1.48727432158277,-0.187083820395237,-0.0387558548037782,-0.148327965591458,-0.154884524418207,-0.0580528553893844,-0.284481237540626,0.0342708835160824,23.6,1,0.206220372978907,0.0724070749276179,1.44013704746283,1000,500,1011169
"unpen",1.5228345898559,1.54017976341685,1.62719134225418,1.62721709178843,1.50544657307621,1.47867633164337,1.49865176491537,-0.00999398981824727,-0.0771341530302315,0.0671401632119842,0.0695051390503484,-0.093780092231975,0.127400839477872,0.0374995718214143,16.4,1,0.292319980653218,0.0821105864889636,1.44013704746283,1000,500,1011169
"pen",1.60459068051476,1.5917956732231,1.42314180576379,1.42392757861515,1.75071083670762,1.75659398232471,1.7756991323182,-0.0880847750272839,-0.0478710874091962,-0.0402136876180877,-0.0418358372968498,-0.0637390500691993,-0.0770581619902266,0.0330253483466925,19,1,0.191627767325387,0.0722661738685528,1.74919316218106,1000,500,1011170
"unpen",1.79840162105512,1.78742216145522,1.83865799679434,1.83938221463722,1.78127558154881,1.77505704186048,1.78091380759085,0.099261723557213,-0.0775743619340408,0.176836085491254,0.178933980016818,-0.0916242768381656,0.338408831046015,0.0345214642714911,16,1,0.197857287653832,0.0641378740948323,1.74919316218106,1000,500,1011170
"pen",1.2234457555101,1.22478861035853,1.10215716733412,1.1023046019877,1.29742064325439,1.29791056312518,1.38097455076323,-0.22689862252429,-0.0235660931022194,-0.203332529422071,-0.212953441959642,-0.0379417427511354,-0.398497952600219,0.0339933342405293,24.8,1,0.196198133770559,0.0565447029961684,1.32626173032834,1000,500,1011171
"unpen",1.39586901615781,1.40708215817875,1.51299780269968,1.51308496709091,1.32481294323861,1.30269100469362,1.38420981193956,-0.0502284750157558,-0.056756232788055,0.00652775777229921,0.00652959723495408,-0.0684424602785021,0.0123775714168995,0.0336273041668214,24.2,1,0.19259449323475,0.0487460629766796,1.32626173032834,1000,500,1011171
"pen",1.18389221665328,1.18726108502387,1.03060949995417,1.03029117692985,1.30877774064127,1.31687657140048,1.32075202547849,-0.276123523906126,-0.0428473638283653,-0.233276160077761,-0.252267578265776,-0.0587909250010319,-0.469084312898804,0.0343821011196593,22,1,0.218262320297336,0.0918803670558863,1.23976311042659,1000,500,1011172
"unpen",1.33789904180174,1.35399932242172,1.42305174290499,1.42292209461209,1.34031999159235,1.33405610379647,1.32407175810414,-0.117645634431277,-0.079470601268,-0.0381750331632772,-0.0413362569849748,-0.0940957845922002,-0.0761227878788806,0.0377215524151149,17.2,1,0.222161352418546,0.0866367460487467,1.23976311042659,1000,500,1011172
"pen",1.34756658056617,1.39077917020843,1.20212713419801,1.20218748392502,1.54550674230933,1.55727214291149,1.56090498517478,-0.206598311837587,-0.055337267669837,-0.15126104416775,-0.161264315739811,-0.0722070099787006,-0.297733739054194,0.0415435997901489,8.4,1,0.320341507856872,0.122839312608854,1.50844327858397,1000,500,1011173
"unpen",1.55347746615986,1.61209168258498,1.7016588857356,1.7016554902447,1.57292802300364,1.55950493397229,1.56692928814602,0.00508007096039723,-0.0990959260888538,0.104175997049251,0.109808803344802,-0.114784412957587,0.202069102691894,0.045669579997435,6,1,0.336443213864958,0.115983600905365,1.50844327858397,1000,500,1011173
"pen",1.59565407237811,1.63515944396184,1.49705490311099,1.49716479358841,1.78792949191854,1.80785128131722,1.81768475417975,-0.0647546217393359,-0.0632248634289195,-0.00152975831041634,-0.00191391385745334,-0.0781162792695873,-0.00311240151590166,0.0350467039060593,17.2,1,0.266760865869744,0.0764404868963541,1.77282538543346,1000,500,1011174
"unpen",1.81083184059853,1.86332533309595,1.96011869039213,1.96009222564027,1.83086423021644,1.82928255925353,1.81989116995413,0.149306771617395,-0.0953034022801665,0.244610173897561,0.248312546028548,-0.109704324053874,0.459960328818175,0.0360410709603841,15,1,0.254334958200995,0.0597501800085621,1.77282538543346,1000,500,1011174
"pen",1.61125680087152,1.6238466246319,1.46101351720919,1.46088172215399,1.79270758975891,1.80872841075144,1.79128395278905,-0.0596608815270573,-0.0394533975486539,-0.0202074839784033,-0.0203738525592058,-0.0551616875651006,-0.038601545999789,0.033377858366025,19.6,1,0.239872104962,0.075147298379135,1.79393976092073,1000,500,1011175
"unpen",1.82777368900905,1.853186332192,1.91249927692916,1.91233444999614,1.83311532644218,1.83911452512295,1.79315651974323,0.150755923129938,-0.0695791377529439,0.220335060882882,0.218961972235697,-0.0840835209344518,0.41300619348485,0.0355930993873495,16,1,0.212234612287416,0.0593105952143303,1.79393976092073,1000,500,1011175
"pen",1.11474182020093,1.12546913999864,0.933076105691538,0.932989141717654,1.22429065253923,1.23359992445496,1.26520532172268,-0.32754254382242,-0.0549386807126965,-0.272603863109723,-0.302059469555599,-0.0736680932925907,-0.567197039718475,0.0422621189803956,13,1,0.31775977515745,0.139434663268149,1.23656198890902,1000,500,1011176
"unpen",1.29421438185813,1.33061979561249,1.41319921475659,1.41313786967886,1.27589974491738,1.26985880544063,1.28481248789393,-0.14267468724986,-0.100850236356292,-0.0418244508935686,-0.046068515880767,-0.119089819611519,-0.0869055013373956,0.0534568851292728,3.8,1,0.385808811640639,0.173743326557377,1.23656198890902,1000,500,1011176
"pen",1.36354428751311,1.37881156917116,1.26058447063958,1.26054634477576,1.47450139748221,1.49306460871841,1.48988555362962,-0.171078958054793,-0.050983977477838,-0.120094980576955,-0.127186454278773,-0.0700745042624469,-0.238553658604433,0.0279201795013159,44.2,1,0.230709757751775,0.0558519608875135,1.49594926578861,1000,500,1011177
"unpen",1.50931603452466,1.5303316964902,1.60277578748958,1.60262955351664,1.4887714881276,1.50051808170299,1.47794631424621,-0.0248397529998102,-0.0789018305964413,0.0540620775966311,0.0572368586989772,-0.0973124022410173,0.103893692895893,0.0288674863165227,43.4,1,0.201626051135241,0.0416661261323209,1.49594926578861,1000,500,1011177
"pen",1.15025703174047,1.13986271882145,0.982811987306716,0.982826896251516,1.25151896034356,1.26722652210961,1.29442495836157,-0.286970357437848,-0.0281543903875392,-0.258815967050309,-0.275974720472885,-0.0453577080976101,-0.516825185240537,0.0343751614643608,21,1,0.236789001715206,0.0396025367587691,1.16234608728811,1000,500,1011178
"unpen",1.32046332740602,1.32303643451226,1.39966701480264,1.39963735452397,1.29566364836919,1.29254496642945,1.30048980303396,-0.112727724026304,-0.062080027597702,-0.0506476964286016,-0.0531703531572218,-0.0767428746204642,-0.099976199665007,0.0349371439355496,20.2,1,0.2459166177062,0.0448978641562215,1.16234608728811,1000,500,1011178
"pen",1.29277941853078,1.29864250221092,1.12459625180473,1.12461160706579,1.40749205557543,1.42202388572912,1.43829977453586,-0.234731900279571,-0.0495041028428554,-0.185227797436716,-0.197517665112115,-0.07191131818761,-0.375480142188695,0.0402039434418437,12.4,1,0.271248207426936,0.11667142640227,1.3666075456213,1000,500,1011179
"unpen",1.47980419454176,1.50221948580506,1.5917509997987,1.59214766574084,1.44404210130009,1.43699676239485,1.44837115575065,-0.0438062021843147,-0.089006908368707,0.0452007061843923,0.0476453726928749,-0.108276040970449,0.0911402313841361,0.0429332487365675,8.6,1,0.29664482749089,0.111855760876035,1.3666075456213,1000,500,1011179
"pen",1.40229326903901,1.41861973113231,1.29738747706334,1.29696952440173,1.49524101658604,1.49335701564387,1.51588130156061,-0.165413007177347,-0.0641322356071951,-0.101280771570152,-0.109239422447131,-0.077991993251813,-0.204029616104944,0.0275460988581609,45.4,1,0.170763286043141,0.0723800241362578,1.53302925323394,1000,500,1011180
"unpen",1.53670151759234,1.5541574353983,1.61879766606327,1.61852059363431,1.50239794220502,1.48200246494555,1.5221151094023,-0.029899245526004,-0.0881266384112038,0.0582273928851998,0.0624148514194783,-0.102607401016394,0.117595602762692,0.0286933476612167,41,1,0.158249219559602,0.0622796215554086,1.53302925323394,1000,500,1011180
"pen",1.30809899510487,1.35075157424756,1.19864216805159,1.19778400097085,1.4404129251613,1.45863992688619,1.4759757974528,-0.20768124327815,-0.0538095716975615,-0.153871671580588,-0.163842064874949,-0.0733381391583655,-0.301336153081776,0.0402165582304113,10.6,1,0.311082983615865,0.0898968921761651,1.45560757272953,1000,500,1011181
"unpen",1.50651890515599,1.55532608650857,1.67396070436749,1.67328135605129,1.4588874411786,1.44719794446827,1.47339814403096,-0.00402412061988672,-0.0943184698489996,0.0902943492291129,0.0942184665776056,-0.111198895347756,0.173880137520102,0.0433875203428015,8.6,1,0.304837592225877,0.0783591335853364,1.45560757272953,1000,500,1011181
"pen",1.33971749725438,1.36146210874881,1.21589286812081,1.21591082003097,1.47627266447794,1.4872776227797,1.5355865499755,-0.161811069689901,-0.0135495366135703,-0.148261533076331,-0.151100579249231,-0.032796863792346,-0.283709860889735,0.0330870374400293,19.2,1,0.250605280442547,0.079680083423282,1.54974925233172,1000,500,1011182
"unpen",1.52757517277078,1.55513334724041,1.62610572817495,1.62605651931955,1.52287425401967,1.51402876680652,1.5445050916435,0.0220741011223,-0.0448481537329899,0.0669222548552899,0.066982964579541,-0.0600330776594389,0.126451098914614,0.0333405525302132,17.2,1,0.236220105418376,0.0652363774363818,1.54974925233172,1000,500,1011182
"pen",1.59520686457079,1.58961435746313,1.41926807018968,1.41894662725873,1.75106310420992,1.76203421388093,1.77020934595619,-0.105235131813825,-0.0636827366643616,-0.0415523951494639,-0.0432509048554219,-0.0804053973051737,-0.0807733415759818,0.0373411513611977,13.2,1,0.262960095617128,0.105583278010729,1.73451781506191,1000,500,1011183
"unpen",1.80874084939426,1.83710634549512,1.92075508643979,1.92036596278954,1.7847035048395,1.77987048427139,1.77823683339964,0.111026473794051,-0.107902105057776,0.218928578851826,0.225612245550289,-0.12521172222014,0.420471858682852,0.0466975605360129,7,1,0.292615348356879,0.100911358093332,1.73451781506191,1000,500,1011183
"pen",1.46189009145242,1.47519269039129,1.31207899154058,1.31241433097415,1.60494366612147,1.61017449702065,1.62895247944081,-0.141497357036964,-0.04502046790645,-0.0964768891305145,-0.100863936211807,-0.0585752511864918,-0.187823396019539,0.0321312330571557,25.6,1,0.211860654571341,0.0807677654378366,1.63902058166088,1000,500,1011184
"unpen",1.63419165331194,1.67039127977127,1.71812836373431,1.7182567306839,1.64060837445265,1.63851362866424,1.64153694906884,0.035584853786511,-0.0782746587988324,0.113859512585343,0.117124360008763,-0.0911924378549915,0.218118007757334,0.0366333827845059,18.2,1,0.207923848411127,0.0741467843166244,1.63902058166088,1000,500,1011184
"pen",1.44781701637005,1.45556939978204,1.32732389222617,1.32694518689533,1.59697133314068,1.59945143099404,1.59193965956684,-0.122726541206431,-0.0319155752786805,-0.0908109659277501,-0.0931791937028176,-0.0490255256972596,-0.173170932994584,0.0332390170357368,21.6,1,0.213607974651789,0.0532530472745102,1.68610506827422,1000,500,1011185
"unpen",1.63689934795716,1.65983684139399,1.75494407535433,1.75379034023687,1.62816246028307,1.61113242045091,1.59665189012817,0.0677388302188791,-0.066873002831721,0.1346118330506,0.135919934045115,-0.0819440107103379,0.253671388358028,0.0365799867911143,15.2,1,0.236481888821453,0.0534946947618125,1.68610506827422,1000,500,1011185
"pen",1.38824249009672,1.40249010046204,1.26161247472226,1.26117949982312,1.48156302859815,1.51456999321861,1.51861200751165,-0.183081019871969,-0.062292426321333,-0.120788593550636,-0.128666204417877,-0.0807607334719126,-0.238210945237988,0.0399892152842686,9,1,0.284917450659621,0.0985477743435113,1.55086521143568,1000,500,1011186
"unpen",1.59215336001138,1.6207477668399,1.75548794652937,1.7547825037495,1.48814048581028,1.49215131805045,1.51524498949958,0.0281278786867897,-0.103292051130189,0.131419929816978,0.138089227489407,-0.121229558986173,0.255819161704976,0.0489217027037037,5.6,1,0.28947555873593,0.0849586220148667,1.55086521143568,1000,500,1011186
"pen",1.15008647426039,1.13169970258111,0.997674063797176,0.997574379853782,1.22040353614703,1.24317018779697,1.26134545201586,-0.289626714427833,-0.0355496324039773,-0.254077082023856,-0.272068341646441,-0.0533241322384403,-0.502079026774763,0.0386646503341313,13.8,1,0.280282757262391,0.125303528324177,1.22337409129852,1000,500,1011187
"unpen",1.32901319767697,1.32972594186674,1.45715336775606,1.45688311135312,1.2390092215026,1.24896118825248,1.27116136632761,-0.100215390504744,-0.0789936979126849,-0.0212216925920596,-0.0228536394952908,-0.0940074106352926,-0.0424166106875131,0.0416325149202044,11.6,1,0.293414750882264,0.108796536845309,1.22337409129852,1000,500,1011187
"pen",1.50294111654138,1.52691325706904,1.37802149134736,1.37796828607785,1.62668564392235,1.63952168414337,1.64707449909716,-0.120089038602179,-0.0574885214354127,-0.0626005171667667,-0.0652789112995396,-0.0755077934646279,-0.121855868884709,0.0347321687938312,17.6,1,0.27798436456479,0.0766862232227092,1.64069991529929,1000,500,1011188
"unpen",1.69173309303739,1.7243113278743,1.81746117572395,1.81752966170275,1.62342380019567,1.61751623241308,1.64697782565601,0.0684903324476203,-0.0959637067255867,0.164454039173207,0.169665519784575,-0.113085984922258,0.317799392572296,0.038467921344965,11.6,1,0.297987265192196,0.0754296227021799,1.64069991529929,1000,500,1011188
"pen",1.52773773399585,1.52888175072351,1.37424578019188,1.37512482610476,1.67385560612412,1.69463543037754,1.70892445145708,-0.123586949455509,-0.0610615183315144,-0.0625254311239945,-0.066587182583029,-0.0710140161446042,-0.125223029720466,0.0300720297309684,35.4,1,0.13305301734626,0.0694141234261543,1.69971494050423,1000,500,1011189
"unpen",1.70001243096987,1.71130476275093,1.77061480409912,1.77148049531201,1.70548668577829,1.71587229243568,1.71926516618899,0.048428193476094,-0.0892066975074986,0.137634890983593,0.144204819145534,-0.100990721770291,0.271085775689511,0.0315251738726231,33.6,1,0.133464957446894,0.0575310524660438,1.69971494050423,1000,500,1011189
"pen",1.28321530140044,1.33008949047142,1.16801562086347,1.16797356148935,1.43007724864396,1.43816403165927,1.44036414951308,-0.217622685266399,-0.0507935692836284,-0.16682911598277,-0.177711548886242,-0.0715285913310378,-0.332238093727072,0.0373580543008601,15.4,1,0.336026903722353,0.129145500890819,1.44737236528787,1000,500,1011190
"unpen",1.45984609637336,1.51160060016269,1.59265395207768,1.59268231591301,1.44645784875384,1.43087172181336,1.45026922695218,-0.0378353343358354,-0.0852401493041484,0.047404814968313,0.0493977243408945,-0.103501681660818,0.0922009243338373,0.039128439122762,15.2,1,0.287339343599819,0.104753666880438,1.44737236528787,1000,500,1011190
"pen",1.23976113485978,1.23871233579713,1.08581779598528,1.08605656182411,1.34114609732621,1.35349305756742,1.36831077625107,-0.252737373881862,-0.0477848256914233,-0.204952548190439,-0.21988813576142,-0.0670630297583891,-0.41353281721627,0.0366541862899285,14.8,1,0.279934285147349,0.128072110990674,1.35322861768314,1000,500,1011191
"unpen",1.40530358351368,1.41970417302487,1.51050788992568,1.5107516220687,1.36534608089939,1.36506214376606,1.37183748760985,-0.0783686231526573,-0.0847072786377325,0.00633865548507512,0.00657021884282029,-0.101901190902271,0.0115433239460369,0.0402582480890999,11.8,1,0.263767919880309,0.111282942559389,1.35322861768314,1000,500,1011191
"pen",1.21395870384919,1.23412347679709,1.11486223964172,1.1147357710667,1.33036538071465,1.35450868068922,1.34205155155332,-0.243479452795663,-0.048333140789194,-0.195146312006469,-0.208082644895655,-0.0648758408764435,-0.385253207203221,0.0353690880432584,22.4,1,0.293149038349689,0.116066780604903,1.30973686666571,1000,500,1011192
"unpen",1.39008070954023,1.42095979118231,1.54445896621697,1.54432754574413,1.37414398732079,1.37266002835345,1.34976422124299,-0.0624393495278025,-0.085077931112491,0.0226385815846886,0.0237802655301455,-0.0992642229743028,0.044347478886125,0.036715064890261,18,1,0.28958819910092,0.0978407121581607,1.30973686666571,1000,500,1011192
"pen",1.35838821645019,1.3475803782751,1.23938118258164,1.23983513381266,1.45755709276135,1.46890194131214,1.46907682830695,-0.19755154140471,-0.0702258778523563,-0.127325663552354,-0.140127986269939,-0.0810070239439108,-0.260758905310429,0.0329962975073585,26.2,1,0.163095738459655,0.0752588903161421,1.44527134393214,1000,500,1011193
"unpen",1.52048430002217,1.52327036797658,1.64673564876215,1.64680563760981,1.48120190589773,1.47267462167232,1.47265627020521,-0.0309159260822118,-0.103271385358318,0.0723554592761062,0.0786139298049057,-0.117340117041639,0.146464960085534,0.0346319249060709,23.4,1,0.157259760582204,0.066822192712806,1.44527134393214,1000,500,1011193
"pen",1.41951382278702,1.41565942474523,1.28408117387081,1.28372804692332,1.52141859779561,1.52914866800713,1.54805940476947,-0.156451455172636,-0.0461767903549341,-0.110274664817701,-0.114999226752403,-0.061803488226755,-0.215951284781235,0.0323845740450048,26,1,0.272233996838797,0.0690394416709792,1.49648759020418,1000,500,1011194
"unpen",1.60073307922834,1.60629812758571,1.70668792184882,1.70620970491514,1.54412857031874,1.52575280278117,1.54371402768693,0.0278582888849729,-0.0790377637713219,0.106896052656295,0.110376127596073,-0.093304992063122,0.206733444096052,0.0333852017945543,24,1,0.250655727526758,0.061558143623094,1.49648759020418,1000,500,1011194
"pen",1.16978719105528,1.17883860022342,1.01580408241152,1.01437133519907,1.26534866098206,1.27196309769474,1.31522606904571,-0.257068206722906,-0.00591227761039456,-0.251155929112512,-0.25989581861415,-0.0295772493947208,-0.48489324990812,0.0318041709728334,33.6,1,0.208265915044655,0.0736642111591554,1.19020087366201,1000,500,1011195
"unpen",1.32352068343204,1.33869108598622,1.38107624888895,1.38006307031077,1.28560999460458,1.28270691138971,1.32166945960403,-0.10108334039307,-0.0388138078003439,-0.0622695325927261,-0.0637570991693862,-0.0576729621593215,-0.119407719420641,0.0312261967273661,33.8,1,0.195147928514953,0.062056486245268,1.19020087366201,1000,500,1011195
"pen",1.34144577103421,1.37552268310429,1.22053080521361,1.220413848407,1.46858724997935,1.47915457619189,1.49788173764841,-0.202441234056149,-0.0645557061542727,-0.137885527901877,-0.149351347077038,-0.0789748222524152,-0.2793684695919,0.0352447192001543,20,1,0.188882012895424,0.0929724821404696,1.46760214131774,1000,500,1011196
"unpen",1.5081495665783,1.55171895536475,1.62905074378344,1.6288716547521,1.49365267790625,1.48350470457741,1.50660562622575,-0.0344329174117111,-0.0997562942366375,0.0653233768249264,0.0691636819579831,-0.114340818875487,0.129161905042301,0.0391807185615108,13.6,1,0.189287417433795,0.0861631806259827,1.46760214131774,1000,500,1011196
"pen",1.2401530127335,1.24542395470643,1.09454467283396,1.09429426968497,1.35747499789851,1.37292098158931,1.38291542525976,-0.251647288766647,-0.0468114379667965,-0.204835850799851,-0.220338418735689,-0.062794611953852,-0.405320289549189,0.034193146886871,24.4,1,0.181011147965487,0.0630284486879017,1.3702903596468,1000,500,1011197
"unpen",1.40200271223782,1.41087008035867,1.4824799816711,1.48223975012745,1.39058201931904,1.39120115620454,1.39098400974527,-0.0877096235737952,-0.0788891926362826,-0.00882043093751263,-0.00937563293786894,-0.0936717404782166,-0.0171079982602606,0.0351831864037439,20.4,1,0.163958983065016,0.0550149358173109,1.3702903596468,1000,500,1011197
"pen",1.43204047285937,1.43554697477521,1.29508346195766,1.2957832330346,1.53412955544143,1.53360599372087,1.581878332043,-0.141351418001376,-0.0361467822028109,-0.105204635798565,-0.109555657538179,-0.0537048728939554,-0.204268329588363,0.032357221445388,24.8,1,0.140243934033033,0.046208690998081,1.58422354421619,1000,500,1011198
"unpen",1.61409607261988,1.62329726551313,1.70169796602079,1.70211256009576,1.56501089579744,1.55202867541446,1.58258469733164,0.0364790146441064,-0.0702665376346048,0.106745552278711,0.108237995525957,-0.0857685006123946,0.202170946728538,0.03525115037173,17.4,1,0.168970226897579,0.0484035784982999,1.58422354421619,1000,500,1011198
"pen",1.25032733110074,1.24927620365806,1.09456272243845,1.09479854952999,1.36994885720026,1.36906310289869,1.39792024660647,-0.238777449195439,-0.0354711121308353,-0.203306337064603,-0.215662506602527,-0.0512023257225737,-0.405837670171971,0.0350626628390331,18,1,0.246741547174303,0.0934212803910016,1.43469975894766,1000,500,1011199
"unpen",1.41664272905814,1.42441955328411,1.49445978813301,1.49469874377917,1.40202343811757,1.38861610858068,1.40226382600852,-0.0704540800907512,-0.0672327189292038,-0.00322136116154748,-0.00332690561517968,-0.0808984673847,-0.00594765560571601,0.0368666752411546,14.2,1,0.236810221378417,0.0854064408809794,1.43469975894766,1000,500,1011199
"pen",1.38416228452271,1.37747167011888,1.21780577162054,1.21813324927439,1.51189605413684,1.5137136687845,1.53352687041751,-0.177541102654316,-0.0307717625660541,-0.146769340088262,-0.15136957473338,-0.0538486727211191,-0.282037811265318,0.0372796812495939,13.6,1,0.295589739273158,0.0729899995603956,1.51701788567345,1000,500,1011200
"unpen",1.59386389676253,1.60254406158443,1.68931177350286,1.68979394845619,1.55080007350523,1.5333184791362,1.54946013163575,0.0300166255850404,-0.0712162732320563,0.101232898817097,0.102330225537154,-0.0904208907342297,0.189339532958728,0.0412824347301283,7.6,1,0.346794650345402,0.0855830873807035,1.51701788567345,1000,500,1011200
"pen",1.23989569002112,1.25094244583324,1.1036521969825,1.1031488079559,1.34526788718644,1.35465173910282,1.35567885722984,-0.255640592379936,-0.0623022540176436,-0.193338338362293,-0.211510125069615,-0.0779006586993095,-0.396354369064032,0.0373033824747594,18,1,0.214070192715781,0.110167177267098,1.33534217328858,1000,500,1011201
"unpen",1.40173613457977,1.43325369526082,1.52773873759836,1.52674100676735,1.35387596293396,1.35183104103269,1.37128130906412,-0.0843877400136864,-0.0985259763897931,0.0141382363761067,0.0146981615511556,-0.114174322139472,0.0278726053605044,0.0415141267446499,14.8,1,0.206671137984524,0.102814214648974,1.33534217328858,1000,500,1011201
"pen",1.44628110856203,1.45208562704337,1.29229818658512,1.29261344266982,1.59958351103243,1.60955943083323,1.64489366367027,-0.159292573371046,-0.055233311404823,-0.104059261966224,-0.110661796142906,-0.0699018946254244,-0.207509035347395,0.0362428579334363,17.4,1,0.234884699986805,0.0877586060344749,1.65352844738893,1000,500,1011202
"unpen",1.64544999172954,1.6500111805956,1.72518625609612,1.72530706039671,1.64751067077741,1.64494663309047,1.64684649493205,0.0299192259119167,-0.085514755651927,0.115433981563844,0.120465739204983,-0.099150776068763,0.225323919784329,0.0376833616153018,13.8,1,0.246460872237526,0.0687045298097387,1.65352844738893,1000,500,1011202
"pen",1.23556835482792,1.2205947555917,1.07485649654584,1.07546725395405,1.32365714903105,1.32285859821046,1.33145521535165,-0.26959070091303,-0.06293740292254,-0.20665329799049,-0.22777674299193,-0.0770594610286578,-0.42380196586071,0.0329637829596945,32.2,1,0.18477371456063,0.0570102373573177,1.24586833054234,1000,500,1011203
"unpen",1.38172083156098,1.36542116742978,1.44297570793034,1.44337659033165,1.33424797046793,1.31846456583872,1.32965641262813,-0.119537873901991,-0.0924318913301,-0.0271059825718915,-0.029692649342814,-0.106580329916711,-0.0559913824551513,0.0326466134410127,31.6,1,0.186447075464712,0.0518159088842634,1.24586833054234,1000,500,1011203
"pen",1.36078242599865,1.35335872830762,1.1588896034464,1.15919066877823,1.4923953373918,1.4870200422913,1.49792891975284,-0.239334459547606,-0.0750019131194202,-0.164332546428186,-0.181030994871528,-0.0911833893487349,-0.340825321283718,0.0406853917408816,8.6,1,0.335959153132939,0.159495898766958,1.47783024223357,1000,500,1011204
"unpen",1.53825033033064,1.54186628321703,1.60114752247083,1.60150127360323,1.52335648695369,1.50712103629523,1.50848795357376,-0.0622849330002062,-0.111522295676498,0.0492373626762918,0.0535146165420457,-0.129202947335101,0.101496839421916,0.0475052011107476,4.6,1,0.361127133155075,0.146975099970979,1.47783024223357,1000,500,1011204
"pen",1.53340308296551,1.55468796920424,1.41450078339038,1.41476711574298,1.68870446643504,1.70221674070743,1.72234552535034,-0.0703973628605423,-0.0239931858131676,-0.0464041770473747,-0.0465585501048917,-0.0461713017516005,-0.0855910463338595,0.0320988367719336,20.8,1,0.32463315650726,0.0579745978702658,1.70577485182516,1000,500,1011205
"unpen",1.74473036706135,1.77512521634421,1.84354114767886,1.84369261161265,1.70808458574869,1.70849849698916,1.73107496524269,0.130486447349174,-0.0585092080968895,0.188995655446063,0.185433116411195,-0.0782091305772997,0.343388516121309,0.0378643631497261,11.8,1,0.328003729791121,0.0574785437961818,1.70577485182516,1000,500,1011205
"pen",1.48730911878849,1.50825365595528,1.31972479332647,1.32005642887117,1.6374447059952,1.6511597099092,1.66613617653696,-0.155265395893064,-0.0645245651939884,-0.0907408306990757,-0.0956339858007607,-0.0830368899361768,-0.180380780614993,0.0414026124527946,9.6,1,0.267481434338027,0.101437973509925,1.68469884215017,1000,500,1011206
"unpen",1.70471724054331,1.73062363706326,1.82131908283922,1.82183625965734,1.66142893973697,1.64892444002071,1.6667264530865,0.0594126388453096,-0.105825127701758,0.165237766547067,0.173129548990276,-0.124158175974895,0.320987982113343,0.048829522330072,3.4,1,0.307392101398696,0.105753735227257,1.68469884215017,1000,500,1011206
"pen",1.29688086521421,1.28032951157018,1.12178008341259,1.12124036615351,1.41371076343967,1.42681742406829,1.45786761350727,-0.215678088493807,-0.0173149312540118,-0.198363157239795,-0.205280602952934,-0.0368950819273856,-0.378235235572435,0.0336288271519921,17,1,0.25998400449708,0.0705424044947077,1.43441963633616,1000,500,1011207
"unpen",1.47922869842113,1.46460847659905,1.52942303128218,1.52890542954855,1.44201661882619,1.44619947108487,1.46481519524417,-0.0366619773880877,-0.0521608536584802,0.0154988762703924,0.015478290103546,-0.0671827702225413,0.0293476659904102,0.0348399968029413,16,1,0.260926816723858,0.0641377315429606,1.43441963633616,1000,500,1011207
"pen",1.36552082016118,1.37736798308327,1.2447517060429,1.2449155246,1.48179882755011,1.48773955143562,1.48931878094157,-0.175564566638243,-0.0455893235036352,-0.129975243134608,-0.136252738525223,-0.0629116861570863,-0.255234452788342,0.0336973430335178,23.6,1,0.264680272055206,0.067520798687715,1.42109785525043,1000,500,1011208
"unpen",1.53903644258165,1.55587090927111,1.65047070962725,1.65052766778623,1.50121827851454,1.48882165027186,1.47941261629028,-0.000808805820843413,-0.0787152383959945,0.0779064325751511,0.0805608496655058,-0.0944597628124687,0.150717080774514,0.0350518749233562,23.2,1,0.242186703378946,0.0573454531444408,1.42109785525043,1000,500,1011208
"pen",1.50645404134504,1.50707484974054,1.37234767838798,1.37240085227554,1.66586032623921,1.67456927004618,1.64384401669882,-0.11764629264184,-0.0513449477906205,-0.0663013448512194,-0.0686185881151894,-0.0659752957780582,-0.126778948510958,0.0314931961577378,29.8,1,0.236982227525558,0.0454208861094996,1.61209092343352,1000,500,1011209
"unpen",1.68438584308936,1.69389550925795,1.77558590554455,1.77582972257474,1.68536234124227,1.67187981177139,1.63895837188828,0.0646789968282128,-0.0812731572488546,0.145952154077067,0.150399210116568,-0.0947907975660194,0.277053054582921,0.0317081088588387,27.4,1,0.216347054004639,0.0461969240785829,1.61209092343352,1000,500,1011209
"pen",1.54285062904336,1.55971541598934,1.40022351995751,1.39993619446971,1.67781867226444,1.68857288975746,1.70215083104659,-0.128684620644112,-0.078486600266493,-0.0501980203776185,-0.0537590369362202,-0.0948973887113538,-0.099736009732678,0.0379692869631459,14.8,1,0.298411982100242,0.110931194930372,1.71259569264667,1000,500,1011210
"unpen",1.73481688909197,1.76501435842928,1.8508306360483,1.850380467327,1.71165342706142,1.69927953999985,1.71086298547855,0.0641014910457889,-0.114852954623278,0.178954445669067,0.18867232317292,-0.13142285370335,0.350617650975641,0.0421563897322677,8.2,1,0.307342339822277,0.0969131801926411,1.71259569264667,1000,500,1011210
"pen",1.2481993380625,1.24771720220066,1.11620958537197,1.11587764833872,1.37616634647322,1.39481277136328,1.39294959987652,-0.223471331543822,-0.0291025074526033,-0.194368824091218,-0.204388513176014,-0.0432163780074846,-0.383772828468531,0.0319626754146757,28,1,0.19759261221516,0.0494684992305276,1.30373992289268,1000,500,1011211
"unpen",1.40769448656309,1.4101739926014,1.49143169100148,1.49125330324495,1.41202718476517,1.41484089669794,1.39525641893024,-0.0630474587845965,-0.0586026098574515,-0.00444484892714497,-0.00461560561924879,-0.0707538797260986,-0.00851271062930702,0.0322360372186897,24.8,1,0.178515869004729,0.0485774607395373,1.30373992289268,1000,500,1011211
"pen",1.54052669405422,1.54334399269271,1.39133750821107,1.39156381225265,1.67832201090043,1.69070081878963,1.69474503560403,-0.111891856808398,-0.0564887271319965,-0.0554031296764015,-0.0580132745455404,-0.0705106000605424,-0.108884820458206,0.0325988528220145,19,1,0.253535652658696,0.0732286398009421,1.6995443845132,1000,500,1011212
"unpen",1.7270516157323,1.72858934492524,1.79434956131447,1.79457387522297,1.70287808546612,1.70589153743494,1.70032355329156,0.0627627611276887,-0.0892247812230466,0.151987542350735,0.157147888709022,-0.102641977208033,0.294040176406484,0.0349521976854292,15.8,1,0.254847802849892,0.0746022953993525,1.6995443845132,1000,500,1011212
"pen",1.25096829698166,1.28295821196414,1.13254282788041,1.13264027981229,1.40106237950031,1.39255514765858,1.43342786711587,-0.224342137877051,-0.0339433289680894,-0.190398808908961,-0.200158283143644,-0.0546996207793515,-0.3671611216384,0.0353974011234702,20.4,1,0.25996621333044,0.090228439994451,1.42309754565155,1000,500,1011213
"unpen",1.43350366513633,1.46949161233191,1.55692333163817,1.55700350340261,1.43823409714535,1.39687163346425,1.43960735732705,-0.0412285254419558,-0.0709656620235301,0.0297371365815743,0.0310956435188978,-0.0879465701154384,0.0569574115269318,0.0366380718320551,18,1,0.274285873811294,0.0789923769332311,1.42309754565155,1000,500,1011213
"pen",1.2701480295174,1.25292819667023,1.12270772003309,1.12274849715894,1.36843755420124,1.37257419030354,1.37289376559183,-0.225847023936271,-0.0343396127096243,-0.191507411226647,-0.202425783992387,-0.0548198852842664,-0.376751458928123,0.0316768992307421,33.8,1,0.21376579359287,0.048786038471007,1.36438780317429,1000,500,1011214
"unpen",1.43267643777348,1.42327894897123,1.50595316688383,1.50601182388218,1.41906840505412,1.4042833393583,1.38235067726,-0.0637542107831428,-0.0671349299781937,0.00338071919505081,0.00387752535376077,-0.0849140472491996,0.00622938672182176,0.0319915961428522,30.4,1,0.207839121124142,0.0387002260242947,1.36438780317429,1000,500,1011214
"pen",1.51910399777677,1.52940910394891,1.37289361893834,1.37300574264882,1.65404112934344,1.64284134504928,1.65692352417371,-0.138665725854708,-0.0755625563015776,-0.0631031695531307,-0.0675212963942745,-0.0938842553494285,-0.127154501183287,0.03397935646984,18.2,1,0.2945846340863,0.119863417514963,1.65105357449645,1000,500,1011215
"unpen",1.69845779202563,1.71026079437905,1.77935301262446,1.7794919115323,1.69182661323593,1.66225850502833,1.66743767811501,0.0350467096881496,-0.105918440553786,0.140965150241936,0.148493656849529,-0.123613278872353,0.279328943394645,0.0388424921079799,10,1,0.314031846832916,0.1070909547851,1.65105357449645,1000,500,1011215
"pen",1.4569305224213,1.46145466855867,1.29947220106076,1.29983807438817,1.57637220530718,1.58735944800056,1.61825158272048,-0.159548644352399,-0.057700329800893,-0.101848314551506,-0.107956836160781,-0.0740247408105238,-0.201227434840734,0.0357441988086829,16.6,1,0.247136656183264,0.0753360092551997,1.55235560111217,1000,500,1011216
"unpen",1.65235664068035,1.66227510061048,1.74365195812276,1.74401049501861,1.61013654658154,1.59991639983776,1.61625078469967,0.0328278484986012,-0.0923955160687896,0.125223364567391,0.130298497458135,-0.107639593173169,0.24328944105282,0.0376538889813635,13.4,1,0.254856776708386,0.0686024214536469,1.55235560111217,1000,500,1011216
"pen",1.22418937296177,1.20924342251481,1.08788341794871,1.08795094356637,1.3161674330511,1.32601980193993,1.33864788178293,-0.240988026584512,-0.031784803806376,-0.209203222778136,-0.220089459624287,-0.0465354542196878,-0.411966434606951,0.036984532881202,13,1,0.262981975463182,0.0857446007243584,1.3497756923691,1000,500,1011217
"unpen",1.41127629701113,1.40323810839339,1.53491054020441,1.53500406677939,1.34904312882967,1.33562003342843,1.33521473975403,-0.051513973062051,-0.0694248968691639,0.0179109238071129,0.01873305716756,-0.0810162747357087,0.03493976175131,0.0377688991770041,11.8,1,0.263073245696762,0.0780032363454045,1.3497756923691,1000,500,1011217
"pen",1.44157202809307,1.46130546161174,1.27539795304584,1.27555274210577,1.60383608161691,1.60833415275335,1.64812318741083,-0.159304589940432,-0.0436795884134049,-0.115625001527027,-0.120695925181706,-0.0615610425770598,-0.224636152755879,0.0370430126406938,13.8,1,0.216646449915573,0.0710498932579691,1.56146569011006,1000,500,1011218
"unpen",1.64409689320064,1.67443462217673,1.72641896498809,1.72624849175507,1.63250283383825,1.62718956292083,1.65006260037472,0.0403461905781991,-0.0788275062757375,0.119173696853937,0.121997716514587,-0.0942678971091609,0.226970823577707,0.0380843186517308,12.8,1,0.217156719082256,0.0626954153606668,1.56146569011006,1000,500,1011218
"pen",1.55337341583851,1.56295619149191,1.42956559306743,1.42919896855122,1.69786108383781,1.71167254669947,1.73039625301377,-0.0993063567882884,-0.0630109082098006,-0.0362954485784878,-0.0385643193654163,-0.0739492293099179,-0.0711446850380335,0.0327484866305219,20.6,1,0.2032490559929,0.0614443722376409,1.73906941403219,1000,500,1011219
"unpen",1.73311052932615,1.75731868222437,1.84413200739279,1.84386565335079,1.73788519941361,1.7350706124187,1.72805727911704,0.0830743048707028,-0.0954166655850051,0.178490970455708,0.1854873764793,-0.107269867978778,0.343593428731167,0.0342757392001102,18,1,0.180705834718311,0.0564218139014058,1.73906941403219,1000,500,1011219
"pen",1.3156984728848,1.30724258211522,1.15499670348345,1.15498685620343,1.42943430973244,1.43447154112867,1.45009919883877,-0.200730160419572,-0.0209136071693397,-0.179816553250232,-0.18522534370661,-0.0438042409681922,-0.344888662258831,0.0332818952069959,24.6,1,0.344783282308038,0.061314944595547,1.40529409083211,1000,500,1011220
"unpen",1.49275762205574,1.49518542476091,1.55487909365544,1.55488291911592,1.46616770036805,1.46378139780181,1.45982323718941,-0.0279985563358901,-0.0571036645890756,0.0291051082531855,0.029332540369944,-0.0762531914651833,0.0549984337787424,0.036007170303237,17,1,0.32568016874213,0.0557264432533788,1.40529409083211,1000,500,1011220
"pen",1.53318982844891,1.55133945843326,1.41147548566156,1.41167350243508,1.66768115582074,1.65411145041725,1.65549840282744,-0.123056893136271,-0.0785742341223549,-0.0444826590139162,-0.0478945573135775,-0.0946313388501506,-0.0889884928361768,0.0332193875349211,23,1,0.206348510327031,0.0618140247864523,1.66444199887925,1000,500,1011221
"unpen",1.71419836246061,1.73737439954341,1.81345910769314,1.81396173854057,1.69506182253525,1.66358297641513,1.65886670865207,0.05291500107713,-0.105585258930587,0.158500260007717,0.167172746522613,-0.12233698946893,0.313063250456182,0.0345386358588938,19.2,1,0.200636165559773,0.0487666281233262,1.66444199887925,1000,500,1011221
"pen",1.65072220783023,1.67699706489325,1.53166893524605,1.53185296584099,1.81693774285889,1.81176221992137,1.84534556713673,-0.0684346112994622,-0.0846445063919392,0.016209895092477,0.0166730533172344,-0.0978418655848285,0.0313517820962492,0.03320459294854,19.8,1,0.224066316149826,0.0844639342293414,1.83539497139713,1000,500,1011222
"unpen",1.84202024732385,1.88649501493669,1.96718195633781,1.96721238662619,1.8745990224036,1.84346134941475,1.85485786051647,0.122100327711887,-0.114833239147659,0.236933566859546,0.249491034729156,-0.130909128383901,0.466467144034941,0.0359607320134144,14.8,1,0.240598519858814,0.0718260943094426,1.83539497139713,1000,500,1011222
"pen",1.57349694816607,1.59177597983835,1.42422473325236,1.42474549851093,1.71325585175487,1.72388215974342,1.73623537306495,-0.113509224647429,-0.075375053673674,-0.0381341709737552,-0.0410038079436726,-0.0948575836396036,-0.0763951901808662,0.0396286622454627,11.8,1,0.325988802371106,0.0956586139851572,1.68495926916253,1000,500,1011223
"unpen",1.78760971105495,1.81450165319051,1.89894445484079,1.89942202938231,1.75396338596318,1.74960829220795,1.74812400025152,0.0950727016606857,-0.10916045940078,0.204233161061466,0.212031922305298,-0.127868039919547,0.398769048942483,0.0440845428511882,7,1,0.329444891831371,0.0824139226228084,1.68495926916253,1000,500,1011223
"pen",1.5353337662425,1.55141135755232,1.3746577548467,1.37481665761911,1.66654418866122,1.67645122928646,1.6967743961409,-0.147737457543832,-0.086505598988328,-0.0612318585555039,-0.0675300208486437,-0.101887506809643,-0.12496585588505,0.0337958459674247,28.6,1,0.254651181325348,0.0581878681007382,1.66500910492214,1000,500,1011224
"unpen",1.70584432515168,1.7280411197941,1.77196278282746,1.77230348248667,1.68821239320469,1.69091192021465,1.70106976371422,0.0199047639825387,-0.115107481865877,0.135012245848416,0.145287478469498,-0.132385071961199,0.272402418699518,0.0363852038301722,22,1,0.245097863286808,0.057952595652337,1.66500910492214,1000,500,1011224
"pen",1.13497574088839,1.14428973204188,0.982926013340115,0.983116091878426,1.2497930457813,1.25768479800683,1.268006157494,-0.287242003326639,-0.0280807061952327,-0.259161297131406,-0.276405707627509,-0.0500339201635981,-0.517187658028594,0.0356025887877307,18.8,1,0.25806631797675,0.0904856115429494,1.19444701786898,1000,500,1011225
"unpen",1.29588664213419,1.30995728393831,1.38067959348355,1.38099194084986,1.28017091633919,1.26824967029255,1.27235957518921,-0.124237405924385,-0.0637275533429209,-0.0605098525814639,-0.0636500018547314,-0.0815051898294705,-0.119422937702789,0.0373576848813566,15.6,1,0.243026277683392,0.0683792119358211,1.19444701786898,1000,500,1011225
"pen",1.49864902735894,1.50986581646133,1.34092787190834,1.34071153473928,1.62123662447714,1.63733366977675,1.65774252344782,-0.158317634982089,-0.0798892525472513,-0.0784283824348381,-0.0847202798086708,-0.0939848616757939,-0.159423991365165,0.034523648064834,21.4,1,0.229100461300729,0.0746700079302307,1.59349690912273,1000,500,1011226
"unpen",1.66994610922655,1.69874627828004,1.75790985410934,1.75777424069415,1.65801586386932,1.65903089282826,1.67805325358318,0.0159202898245527,-0.11142782204075,0.127348111865303,0.137451102935513,-0.128063967106176,0.257696436718442,0.0377886626722501,15.6,1,0.211157898285819,0.0678405597290042,1.59349690912273,1000,500,1011226
"pen",1.27374807836198,1.29237358729923,1.10817108583751,1.10827068002519,1.41320500103755,1.41589812237387,1.44091733624902,-0.236989918850181,-0.0388968848691381,-0.198093033981043,-0.209362253752458,-0.0612939357838636,-0.391574559920579,0.0408080091551899,8.2,1,0.313283143513394,0.124591629235603,1.36521384852182,1000,500,1011227
"unpen",1.46926987177909,1.49453657836905,1.5754462340932,1.5755392103677,1.44938252773829,1.42567909744002,1.44404084444099,-0.040974698225679,-0.0799638859100728,0.0389891876843939,0.040600582109911,-0.0988946945099505,0.0757203660407918,0.045274384316704,5.8,1,0.314886589252704,0.10581586780854,1.36521384852182,1000,500,1011227
"pen",1.33746639654934,1.35717209795076,1.19099616544486,1.19096905518437,1.48139948771266,1.48734355584235,1.515467025263,-0.20785576811854,-0.051797974361187,-0.156057793757353,-0.166202988299725,-0.0686308258621177,-0.308820886168075,0.0352849252854013,23.8,1,0.229316609950128,0.105841465526325,1.46766987598172,1000,500,1011228
"unpen",1.51347716620237,1.54185301895322,1.61574072084738,1.61582341200127,1.5091837500575,1.49472941428844,1.51406122736806,-0.0277618772676027,-0.0870290808559375,0.0592672035883347,0.0621781489882729,-0.102998737442996,0.115942639954103,0.0374095602786585,21,1,0.214002568999028,0.0829618641909292,1.46766987598172,1000,500,1011228
"pen",1.20937739182253,1.23059717941669,1.05288605000801,1.0530832071467,1.34821935833344,1.37413408683081,1.37105095566181,-0.278359027791988,-0.0590150065955008,-0.219344021196487,-0.240367791199064,-0.0752301069770476,-0.446853092985875,0.0398516859874285,11.8,1,0.254880850438854,0.108684795184015,1.32118165111976,1000,500,1011229
"unpen",1.3786466010647,1.40526592613734,1.4840751731576,1.48457211515679,1.38201811053872,1.38246295461714,1.37452090852223,-0.102310841047415,-0.0944342177491171,-0.00787662329829819,-0.00833416625425522,-0.109057313032942,-0.0155468841047108,0.0397931512664262,11.8,1,0.252102352054594,0.0933448113927504,1.32118165111976,1000,500,1011229
"pen",1.3697460294462,1.34184914635427,1.20506447969071,1.20526893784835,1.46800339974237,1.48662338006168,1.48943587692614,-0.200408423154589,-0.0529670729024541,-0.147441350252135,-0.157182405789905,-0.0657104538334212,-0.294596089282949,0.0358522699845106,18,1,0.232326876990214,0.0989796165879999,1.52048438286018,1000,500,1011230
"unpen",1.54759144874857,1.53338669371878,1.63164083990411,1.63157385907507,1.49216184156467,1.50441443382642,1.49203135357192,-0.0223730427490738,-0.0893094068374646,0.0669363640883908,0.0706102345097388,-0.102562981120211,0.13195735728603,0.0402442854676592,12,1,0.253367301084266,0.0806771431973357,1.52048438286018,1000,500,1011230
"pen",1.34912826730035,1.37851058401878,1.22787143722977,1.22791239937846,1.49035629103428,1.49637322462934,1.49776725918192,-0.205359648100959,-0.068502462566267,-0.136857185534692,-0.147392689393807,-0.0846676038207809,-0.271815493417486,0.0388224420530729,15,1,0.292340466711541,0.12195545195696,1.48608758494367,1000,500,1011231
"unpen",1.5369613386773,1.56796155720881,1.67693116893046,1.67705506159395,1.52458709726515,1.49642813262245,1.49693005473889,-0.0126760026372884,-0.102932058145458,0.0902560555081691,0.0960697613835178,-0.117920865196944,0.176863871470566,0.0409619945978561,11.4,1,0.26432754194226,0.0898579956039062,1.48608758494367,1000,500,1011231
"pen",1.5194613973748,1.54592635798685,1.36156690546437,1.36148961714297,1.6709424582287,1.68212160338371,1.695178228332,-0.149257427012662,-0.0794169852638548,-0.0698404417488074,-0.0749157840260292,-0.096874774398161,-0.138473318261467,0.0398032214293636,8.8,1,0.355954740548505,0.122987454988595,1.70137485580854,1000,500,1011232
"unpen",1.70828143569707,1.74023189887942,1.808892251048,1.80884957380846,1.68888815274495,1.67951179650447,1.69697347171039,0.0410804502848751,-0.116335658151925,0.1574161084368,0.166705326552978,-0.134219949888847,0.308790724376408,0.0466848698330779,3.2,1,0.367349645249711,0.120817288818439,1.70137485580854,1000,500,1011232
"pen",1.49571537022663,1.47267226007756,1.31279225687707,1.31330044353965,1.58747263120889,1.61110040838008,1.61965224664734,-0.154509351323097,-0.0604069170836172,-0.0941024342394797,-0.0992855854271605,-0.0780035663870739,-0.187149369347952,0.0377930601073451,14.2,1,0.267330126653644,0.108060399094765,1.62061680035017,1000,500,1011233
"unpen",1.70734116992452,1.70335024692216,1.8041906164953,1.80402065397451,1.60188595698946,1.62161819141169,1.62679406588851,0.0541969309087754,-0.100653945826194,0.154850876734969,0.161031989358317,-0.118292632505651,0.303581036058054,0.0440608226172764,8.4,1,0.248971252622913,0.0910491443805589,1.62061680035017,1000,500,1011233
"pen",1.42057196965315,1.41098436567707,1.27383752521129,1.27330714801276,1.52848770302672,1.5455573739716,1.54451646332307,-0.172990775948021,-0.0585930508488473,-0.114397725099174,-0.121884468857779,-0.0722716522523284,-0.225871459271003,0.0343444265990638,18,1,0.171421306177348,0.0899907581006479,1.5064879370047,1000,500,1011234
"unpen",1.60421044444301,1.6076589482613,1.71002361199427,1.70935004406913,1.54755356613347,1.55258048524712,1.5507397991646,0.0129325436378071,-0.0949289941989728,0.10786153783678,0.113094520967943,-0.108720154056757,0.210473225943513,0.0364690074044081,15,1,0.182584416193546,0.0860094866201932,1.5064879370047,1000,500,1011234
"pen",1.07353471753849,1.06917961546527,0.95274246681907,0.952659965307011,1.15549685745067,1.15655885765075,1.15320581884173,-0.311383653168017,-0.0436581616214113,-0.267725491546606,-0.292799903153002,-0.0587954735077115,-0.547393614270031,0.0321139635414366,29,1,0.245113697474731,0.0954502974343893,1.13599467552229,1000,500,1011235
"unpen",1.20612487240272,1.21803507209836,1.31633140931798,1.31625239096381,1.17853802939239,1.16058624082289,1.16229170588414,-0.169067052186761,-0.0788178241977392,-0.0902492279890219,-0.0984011763087651,-0.0925411401946043,-0.183753148416335,0.0344662901650837,23.2,1,0.231607885175342,0.0900763741077805,1.13599467552229,1000,500,1011235
"pen",1.39438527233378,1.37672442485071,1.28007764811866,1.28010721955187,1.45964555953765,1.47712366930178,1.49295522162693,-0.161653873361322,-0.0469665800945416,-0.11468729326678,-0.120252351716424,-0.060007084809024,-0.22005227609844,0.0307401147419855,33.8,1,0.192938692015278,0.0666396688493438,1.49633803622037,1000,500,1011236
"unpen",1.5685017599395,1.57043284214825,1.69028416845405,1.68994823597071,1.50051314718458,1.50116518132032,1.50215642225059,0.013596680680072,-0.0859254133688329,0.099522094048905,0.103767540794393,-0.098733151101495,0.190232384930831,0.0328421172294852,28,1,0.192808122564604,0.0606196498325517,1.49633803622037,1000,500,1011236
"pen",1.45243433078257,1.46150206763199,1.29473274390451,1.29380955573106,1.57232271469781,1.58612464957716,1.60533442643412,-0.168237394265779,-0.065614847162571,-0.102622547103208,-0.109020795745951,-0.0864792600533501,-0.206335580369392,0.0372518872584573,13.2,1,0.346958527193818,0.133732749792568,1.55286094066222,1000,500,1011237
"unpen",1.63728328314906,1.64895908091012,1.72261942049534,1.7217472947745,1.57868446342213,1.58375074204134,1.6028574831465,0.0139739596527385,-0.0987831087368515,0.11275706838959,0.118036864352465,-0.117582475041307,0.221624144388836,0.0420636238022228,8.8,1,0.331250926525403,0.125091544919532,1.55286094066222,1000,500,1011237
"pen",1.4046850146734,1.38154509871156,1.23118483547792,1.23044292469851,1.49331733533827,1.50702022215135,1.52083762240945,-0.197890381987923,-0.0652990315115316,-0.132591350476392,-0.142857092929655,-0.0800770195182603,-0.269191230095235,0.0364662283333217,16.8,1,0.296613432985192,0.1042840196217,1.47951918680589,1000,500,1011238
"unpen",1.58187229261592,1.57310021013247,1.66228993855107,1.66147668737604,1.52067439175405,1.52716072347951,1.5246613572757,-0.0175789581865102,-0.0980349569637273,0.0804559987772171,0.0852280734974576,-0.112807668527434,0.161793154162312,0.037841544135943,14.4,1,0.291351595561794,0.091685660905718,1.47951918680589,1000,500,1011238
"pen",1.38552331515634,1.40129149815101,1.21240027010203,1.21286368994931,1.53158118731645,1.54175579368524,1.54853397153927,-0.205114713098135,-0.0600439435060353,-0.145070769592099,-0.155258988358813,-0.0779512157873647,-0.287962094690348,0.0391930013225305,12.4,1,0.317222462694494,0.135431154440713,1.5335508756421,1000,500,1011239
"unpen",1.57449872270843,1.60497942302474,1.6683859992216,1.66878939528896,1.56205225867897,1.55496913176936,1.56384768227397,-0.0126899205935278,-0.0976808601748132,0.0849909395812854,0.0891345082343725,-0.114058202566088,0.167994149790047,0.0435450877911206,9,1,0.313557093420335,0.114924105928192,1.5335508756421,1000,500,1011239
"pen",1.24918728605333,1.2632779294151,1.13304430705689,1.13307339679425,1.3880292382803,1.39532086447958,1.40939996319464,-0.201585742625985,-0.0110535185832075,-0.190532224042777,-0.19713198649412,-0.0244075303490905,-0.367135337800633,0.0293618515288927,32.8,1,0.196516138135067,0.0476811998766133,1.35717069383686,1000,500,1011240
"unpen",1.41124887842309,1.42902011811623,1.49601371191738,1.49588456252078,1.43178451379356,1.41843282577191,1.41567771124134,-0.0430573620878441,-0.0409566261205815,-0.00210073596726264,-0.00223079083859072,-0.0524166915582795,-0.0041331668315482,0.0296647063903379,33,1,0.18892206495075,0.0421464503929549,1.35717069383686,1000,500,1011240
"pen",1.50749188298037,1.52412814490463,1.36531541331317,1.36576024110777,1.67372969630141,1.67107309580468,1.67622753537555,-0.135714880012132,-0.0665177029067074,-0.0691971771054248,-0.0730223793186441,-0.081226816490461,-0.134559541619635,0.0351886743487564,21.4,1,0.252553719582185,0.0960890303089802,1.64908696124015,1000,500,1011241
"unpen",1.71039069592683,1.75375571772297,1.83876808902548,1.83953236378639,1.71237141045297,1.68158053065101,1.6854962083797,0.0716959308606431,-0.105255637912323,0.176951568772966,0.184092613555489,-0.121522490406253,0.338857228069618,0.0425328292312202,12.8,1,0.253976174410957,0.0806289936458067,1.64908696124015,1000,500,1011241
"pen",1.26484179150069,1.29761466080605,1.17255940817895,1.1724554537858,1.4276172529844,1.41431953798211,1.411222455502,-0.217879926571308,-0.0552320017799695,-0.162647924791338,-0.174503258234699,-0.0739724934062799,-0.327519625692599,0.0326603542336147,26.8,1,0.247543977671459,0.0874503800555205,1.31322566790489,1000,500,1011242
"unpen",1.42744670714562,1.47173181809802,1.58765484976269,1.58740901157919,1.46472144140693,1.41717340625141,1.40665051245,-0.051774129933428,-0.0954603699536648,0.0436862400202369,0.0470288619619402,-0.113819897298888,0.087540933060361,0.0380900631330607,18.4,1,0.245467843288436,0.0813249067403771,1.31322566790489,1000,500,1011242
"pen",1.51204195075517,1.53119452619509,1.37603808678561,1.37585872570855,1.61843124063371,1.63125105632029,1.66463429253482,-0.137015716274916,-0.0771179120735711,-0.0598978042013453,-0.0647408810986993,-0.0931242297393927,-0.123665385624493,0.0333768079143792,28.4,1,0.220251863002302,0.0750882341666179,1.66634251344196,1000,500,1011243
"unpen",1.67898934640971,1.71313129738806,1.77892479603583,1.77855956696628,1.64346459460193,1.64096490535723,1.67528374349497,0.033549677464459,-0.1067368697981,0.140286547262559,0.149251537628756,-0.124289339018569,0.279051977554514,0.0362473910585437,20.8,1,0.202010032799199,0.0609572053401545,1.66634251344196,1000,500,1011243
"pen",1.22452453244433,1.21580189844866,1.09283273989941,1.09219543406037,1.28293854929323,1.29568054967257,1.31270006326695,-0.248734272005922,-0.0430664662909129,-0.205667805715009,-0.219241187882115,-0.063376105497041,-0.406941941117968,0.0330724182638158,29.4,1,0.241638865313669,0.07534029179467,1.27837286322619,1000,500,1011244
"unpen",1.37755481228156,1.37201565406185,1.46215183477694,1.46147049822978,1.29703091137863,1.2941704535102,1.31860249762778,-0.0935083088164505,-0.0744618109013481,-0.0190464979151024,-0.0202563228784701,-0.0915091936666562,-0.0375265903342427,0.0335814045296884,25,1,0.240136564071594,0.0791195605240483,1.27837286322619,1000,500,1011244
"pen",1.32730992266148,1.35372033686711,1.17040182768893,1.16987119403645,1.49394325267189,1.50270961216868,1.50771275928178,-0.213136035864537,-0.0458575723037944,-0.167278463560742,-0.176345223717934,-0.0694518997994511,-0.329823096948173,0.0468136987041808,6.6,1,0.410232344143171,0.150771857301502,1.43546424654685,1000,500,1011245
"unpen",1.55859981601886,1.59666548850205,1.70266469336639,1.70237089153724,1.53250177347764,1.51798235078493,1.5236526773995,0.0186399739684494,-0.0865603626773286,0.105200336645778,0.108787881393457,-0.107096294800479,0.202780664514133,0.0551864080677025,1.8,1,0.424936099447088,0.133886591099154,1.43546424654685,1000,500,1011245
"pen",1.17639890821906,1.20155153582078,1.05313328731848,1.05300838400807,1.3062269901465,1.33194615987183,1.33986968352421,-0.261737527890444,-0.0339330874854359,-0.227804440405008,-0.242924372162569,-0.0468615014831385,-0.447291918171913,0.0310475357020884,26.2,1,0.233596179430207,0.08937281999649,1.3002062547456,1000,500,1011246
"unpen",1.32477403493527,1.36192020871242,1.42219844822561,1.42204270698689,1.34326713750173,1.35011803516124,1.3471520554635,-0.107901122243809,-0.0676778118083115,-0.0402233104354975,-0.0424634552487162,-0.0786407357859596,-0.0782965148065227,0.0318162689895064,26.2,1,0.229572888679417,0.0773370513122054,1.3002062547456,1000,500,1011246
"pen",1.60447615435214,1.63245710167569,1.43373793490465,1.43365736178869,1.77353898185013,1.7917302220935,1.81806223637837,-0.100459392049991,-0.0662607125363711,-0.03419867951362,-0.0360387834286617,-0.0863693405442187,-0.0660090002759194,0.039151210533987,11.6,1,0.298957868078134,0.0980029335465094,1.72928994925725,1000,500,1011247
"unpen",1.82926549488892,1.85831410825163,1.91538301873337,1.91527551105054,1.81816937837632,1.81005956750204,1.82286126820334,0.1180302625141,-0.100630809363413,0.218661071877513,0.223979009219592,-0.118694560014996,0.415484172340874,0.0435938539109846,7.4,1,0.326348270121413,0.0878175879234874,1.72928994925725,1000,500,1011247
"pen",1.45768547407772,1.46156722571398,1.3338663069931,1.333954385914,1.55226550182959,1.57582886905444,1.60268963914353,-0.133193318086625,-0.0485272208385366,-0.0846660972480883,-0.0882983757599944,-0.0636798800732516,-0.166005484448186,0.0319804301013077,25,1,0.281915984717008,0.0867315800896279,1.60458131945048,1000,500,1011248
"unpen",1.62805494429276,1.64163732251186,1.7308344897184,1.73065244497619,1.57670191991634,1.58562044198563,1.60897435617622,0.0393788397231523,-0.0797952862062339,0.119174125929386,0.123410184025962,-0.0947608333393888,0.230984159163904,0.0330377942962224,21.8,1,0.244394756920957,0.0758007536809708,1.60458131945048,1000,500,1011248
"pen",1.29727573494718,1.27551817436961,1.15486712070178,1.1549851615173,1.37654984400872,1.38250902332111,1.39379249253394,-0.211281897332919,-0.0331207032037006,-0.178161194129218,-0.186653027987664,-0.0493623903196811,-0.345156547771446,0.0332128094659699,24,1,0.285402817518358,0.0867185644110028,1.40379556055679,1000,500,1011249
"unpen",1.47016335454895,1.45942772999701,1.56503603817051,1.56509335725262,1.40402823221826,1.38897744955355,1.39882063532487,-0.0336389092402765,-0.0680588828202062,0.0344199735799296,0.0351799668780524,-0.0817240757218479,0.0650222673701367,0.0337679701273216,21.2,1,0.273852296313784,0.0686058647441469,1.40379556055679,1000,500,1011249
"pen",1.38986451101836,1.39305536810018,1.21212374783348,1.21156643659394,1.49993088570521,1.49810797357248,1.53404376147447,-0.205505412871071,-0.0632027381349629,-0.142302674736108,-0.153186322344744,-0.082601493441897,-0.288148828992949,0.0384244669550077,15.4,1,0.348635545078267,0.122267124387842,1.46417958151254,1000,500,1011250
"unpen",1.59473886800058,1.60431258065558,1.69875025513276,1.69849609959169,1.53427547538648,1.51039995254518,1.5394617094814,-0.00215702039658308,-0.102498752786409,0.100341732389826,0.105641338991617,-0.121765446511144,0.198709260508677,0.0497472668283838,6.8,1,0.334079431116454,0.116432069406313,1.46417958151254,1000,500,1011250
"pen",1.53032128877841,1.52211220725062,1.34801566530808,1.34804712633588,1.68132530435079,1.68486819805013,1.69688329020407,-0.135292348165598,-0.0569084149633323,-0.0783839332022661,-0.0821756290920333,-0.0747257997594512,-0.151923336906581,0.0368506949487412,12.4,1,0.290720766277373,0.0967527580830918,1.67694028279302,1000,500,1011251
"unpen",1.74265435980093,1.75316809841349,1.82324162389376,1.82323150273752,1.72487405587807,1.71476022556756,1.70324311468987,0.0771397152908291,-0.0929230502493174,0.170062765540146,0.174662162700359,-0.109600878068447,0.323303959888277,0.0394484302394583,9.2,1,0.286434764688041,0.0772010469653108,1.67694028279302,1000,500,1011251
"pen",1.30650903219675,1.31855244739167,1.15336006884175,1.15342345985715,1.43618801433705,1.44275919496006,1.47687617849321,-0.231874520658476,-0.0584899105347266,-0.173384610123749,-0.186092219044163,-0.0751019071941144,-0.346399202694955,0.0361303136418795,14.4,1,0.300568686629643,0.114769437099714,1.37297292967381,1000,500,1011252
"unpen",1.48701290929012,1.52195206799814,1.59214700808946,1.59224036727281,1.4845807595405,1.47486850046848,1.48981210995442,-0.0501002264315792,-0.0970932033330015,0.0469929769014224,0.0497223625525503,-0.11416678753089,0.0923521944759239,0.0415450478209205,9,1,0.300787543566777,0.102884705830919,1.37297292967381,1000,500,1011252
"pen",1.40717982645372,1.39440403100196,1.27304771564591,1.27319608432946,1.52382763095385,1.52209520616742,1.54199429082138,-0.146868368587935,-0.0295916402073933,-0.117276728380541,-0.120709181653728,-0.0467569430855049,-0.226994411248986,0.0352015221405651,18.4,1,0.215212074401236,0.0474997542965068,1.53530109170154,1000,500,1011253
"unpen",1.62337450319665,1.63048542282649,1.75984787497826,1.76020276688975,1.56560421339576,1.53592067709557,1.5515195144977,0.0697759008066228,-0.0685015558555528,0.138277456662176,0.139167463791724,-0.0831772268766924,0.260111286876554,0.0390780182444374,14.4,1,0.227606649322967,0.040880407598315,1.53530109170154,1000,500,1011253
"pen",1.49272913438044,1.48506238798788,1.33381768313696,1.33410604694036,1.63996130523866,1.64609535801173,1.63817148666127,-0.149053265577708,-0.0652651719784182,-0.0837880935992897,-0.0898972957312885,-0.0754411004053845,-0.166163803539599,0.033116710449047,22.4,1,0.150634707385479,0.0743245266849249,1.66448804513347,1000,500,1011254
"unpen",1.66507604353483,1.66746268559589,1.7330005467872,1.73332158491281,1.67976407991928,1.67263469368173,1.65073737522806,0.0254876259442774,-0.0942175203900175,0.119705146334295,0.126273940197356,-0.105814162786464,0.233292510369713,0.0340330074102541,21,1,0.133202782265332,0.0631579008235553,1.66448804513347,1000,500,1011254
"pen",1.07579284153193,1.09081184843083,0.906037520029358,0.906221504740034,1.1850439933865,1.20432295615156,1.22081198057274,-0.331792746873689,-0.0433072642900128,-0.288485482583676,-0.315721510378594,-0.0627991014004604,-0.594168189469137,0.0395483025421147,11.8,1,0.316993291665828,0.140183778529419,1.22748716196245,1000,500,1011255
"unpen",1.24326156884802,1.26620719725178,1.33952111533453,1.33989133708711,1.21462246211812,1.21211344066238,1.22927950399458,-0.158644438210713,-0.0797102194188474,-0.0789342187918657,-0.0854022296930592,-0.0962441229523524,-0.160838067226082,0.0419721059421353,10.8,1,0.310912851752821,0.121204346949301,1.22748716196245,1000,500,1011255
"pen",1.4599251424526,1.48472304246104,1.32408331516416,1.32408577914968,1.59377950790467,1.59455434551429,1.61548285605524,-0.15941257747356,-0.0717741183783418,-0.0876384590952187,-0.0936806725934312,-0.0862234570757012,-0.17587396721394,0.0358119024436635,18.8,1,0.238551728690741,0.0756870858445374,1.58923112403602,1000,500,1011256
"unpen",1.64065286856796,1.66953018482776,1.75115480816418,1.75111773791255,1.60865509203774,1.58238153375548,1.62537474084034,0.0235615208910061,-0.103026737157371,0.126588258048377,0.1342642439924,-0.117992380564426,0.250997539583382,0.0376772099349374,14.4,1,0.217629456819838,0.064955841557821,1.58923112403602,1000,500,1011256
"pen",1.56631108044852,1.57807732073037,1.43891285713954,1.43818053492155,1.65636419931494,1.69338662962463,1.72090472722096,-0.113188574897504,-0.0827139005724309,-0.0304746743250734,-0.032288580083608,-0.099496248361594,-0.0608294019568455,0.0421895992324082,7.8,1,0.315051522786517,0.115465793247761,1.66454015277604,1000,500,1011257
"unpen",1.80914685910524,1.82862283128237,1.97348862398695,1.97288940039728,1.70042901877964,1.70574444803948,1.72918434966983,0.121865046626464,-0.120988637558275,0.242853684184739,0.253598699216806,-0.138790508193945,0.473901246990046,0.0523990732301771,2.6,1,0.335032032207673,0.0946337406019269,1.66454015277604,1000,500,1011257
"pen",1.48644603976988,1.48244731896549,1.31841353299726,1.31845281691092,1.61828391900308,1.62601606707456,1.64372869543986,-0.139554812853113,-0.0447725634473033,-0.0947822494058101,-0.0987355753488721,-0.0634305216501324,-0.181770559195366,0.0348571695119578,18.4,1,0.287399620469067,0.0597583920381577,1.59676661729841,1000,500,1011258
"unpen",1.68556304112326,1.68976390352483,1.75920172566737,1.7590525346461,1.64152532591414,1.63921320709248,1.64191034518239,0.0577718622059651,-0.0796419016180327,0.137413763823998,0.140503869037797,-0.0963011438106849,0.25896403632073,0.0370562437606307,15.4,1,0.279316369413226,0.0608204515551572,1.59676661729841,1000,500,1011258
"pen",1.01343342961402,0.999680339336183,0.826901750877502,0.82716137589342,1.11342869855645,1.11623158504838,1.11808197444582,-0.361767523635241,-0.0284472133863597,-0.333320310248881,-0.362473592019595,-0.0500000598560366,-0.672400711434643,0.0376192721662111,17.8,1,0.283589417582611,0.111214916206148,1.09525333453889,1000,500,1011259
"unpen",1.17312515828341,1.18222586729112,1.24716234602788,1.24714444596436,1.1426243325594,1.14042081300973,1.14248936641634,-0.195225534581328,-0.0686404858386863,-0.126585048742642,-0.13612768245466,-0.0867966679039466,-0.252583683053321,0.0465081589003992,13.8,1,0.281407351493978,0.102779010892011,1.09525333453889,1000,500,1011259
"pen",1.12864248799669,1.13042951628941,0.939835939932998,0.940581724415064,1.2646612672475,1.26827561199634,1.29478096862267,-0.295256139694935,-0.00493004169472619,-0.290326098000209,-0.302536545428188,-0.034607647357375,-0.559825605361096,0.0428271400206415,8.6,1,0.367807994825358,0.121993683285155,1.26183537340391,1000,500,1011260
"unpen",1.3365037366501,1.34305031667527,1.41902646711914,1.41986297440768,1.29372943536266,1.28827476593595,1.30369522306261,-0.0892232660656006,-0.0470331284212352,-0.0421901376443654,-0.0434544321472328,-0.0692110135511398,-0.0804938763277146,0.0467654386478789,5,1,0.400765201647022,0.113624964479767,1.26183537340391,1000,500,1011260
"pen",1.41605527312828,1.41994043057937,1.33208900352868,1.33203812570916,1.50186653074171,1.51029132790324,1.50471413635475,-0.111849919528287,-0.0233330486488025,-0.0885168708794842,-0.0901142355106965,-0.0404518559123038,-0.167880579556502,0.0270987347239881,48.4,1,0.173645421828921,0.0386827224739331,1.55594628058388,1000,500,1011261
"unpen",1.58820609204803,1.59855092720302,1.70888250656748,1.70888176549912,1.50241727588091,1.49237181791746,1.50687555821702,0.0569109295710231,-0.0545131924557811,0.111424122026804,0.111965902023151,-0.0689703850430559,0.208808084413061,0.0283591900195448,41.4,1,0.196211629408267,0.0363955059198874,1.55594628058388,1000,500,1011261
"pen",1.32681137686625,1.33822653001029,1.18479375448973,1.18508834532602,1.46191429470972,1.47754596869759,1.47169030714936,-0.213470582025626,-0.053718954958248,-0.159751627067378,-0.170742783330465,-0.0684718298505148,-0.314745173585196,0.0352842637509285,18.6,1,0.296273985734465,0.115013866006021,1.51218661571822,1000,500,1011262
"unpen",1.48854284273225,1.51131141748865,1.5837588476891,1.58405662410426,1.49203295260433,1.49313979223085,1.48424939182144,-0.0434520250431645,-0.0870812764526007,0.0436292514094361,0.0460599608858839,-0.0999078992708668,0.0844201618251247,0.03929281621326,12,1,0.28261919228333,0.105954814313026,1.51218661571822,1000,500,1011262
"pen",1.58981558076989,1.59321566267295,1.40633129044429,1.40630810720772,1.71901072877128,1.72906938031135,1.75481672943775,-0.12770076223585,-0.0809403284209142,-0.0467604338149357,-0.0500780855820259,-0.0981536463771321,-0.0933274483772385,0.0396072637467951,9.4,1,0.284098522733728,0.104301854182709,1.69478812219855,1000,500,1011263
"unpen",1.80586038192794,1.81213673500005,1.87787811009347,1.87767990059881,1.7544053205253,1.74297058170737,1.75948235150192,0.0827890818165992,-0.111960294919254,0.194749376735853,0.203695223679373,-0.129091858610821,0.377817074119061,0.0430705268302228,7.8,1,0.253058695527409,0.077479072373378,1.69478812219855,1000,500,1011263
"pen",1.16399485158721,1.15134918240627,0.980437763616023,0.980792282854224,1.23932191806268,1.23108631124684,1.26414708406599,-0.309360153509164,-0.0645909276427362,-0.244769225866428,-0.275283427057351,-0.0829984555806331,-0.519710157492531,0.0408012717058067,13.6,1,0.236389102398825,0.0910971300427667,1.25236282083445,1000,500,1011264
"unpen",1.32168941420044,1.3197798681462,1.40681047293087,1.40694307713524,1.25406245618748,1.23418308525837,1.26433438565355,-0.142889659501596,-0.0984965444984213,-0.044393115003175,-0.0496726703432385,-0.11708387510873,-0.0932295590899268,0.0456849041328676,10.8,1,0.224040541742462,0.0805471231099426,1.25236282083445,1000,500,1011264
"pen",1.59886854502704,1.60726464777163,1.46101120203514,1.46102853864084,1.75957573693004,1.73346828392356,1.74484041425302,-0.111200729073146,-0.0910782605752154,-0.0201224684979308,-0.0217896331051081,-0.108868136153174,-0.0400319411004328,0.0404981298198306,9.2,1,0.354586300244835,0.130545437105861,1.73720260079927,1000,500,1011265
"unpen",1.82440107881858,1.83151118836641,1.95006664651785,1.95014078687992,1.8038374646895,1.75142568633379,1.73234245342846,0.108212512645346,-0.122908577542799,0.231121090188145,0.242927562257227,-0.141260168789494,0.449449049389638,0.0449643086945609,6,1,0.326022946295411,0.103730686165208,1.73720260079927,1000,500,1011265
"pen",1.46727057445512,1.48156988790534,1.34084902126907,1.34063741272317,1.5849446226903,1.61743554707946,1.62413876359535,-0.145052801697429,-0.0668099143064272,-0.0782428873910021,-0.082775995888373,-0.0801213842326467,-0.158661593368207,0.0335273892661143,21.2,1,0.176993071477347,0.0754887526281672,1.61672217415395,1000,500,1011266
"unpen",1.63825613456629,1.66111488565393,1.7528824272507,1.75271018266385,1.60713938055334,1.62203233422115,1.63412013098988,0.0258724432205231,-0.100886153304294,0.126758596524817,0.134063474822236,-0.114690221707292,0.25345705833906,0.0355474001330651,18.2,1,0.202794060106404,0.0816109640197495,1.61672217415395,1000,500,1011266
"pen",1.21688952503329,1.22703189303429,1.07861504770937,1.07756364780009,1.32501023644661,1.35005320008129,1.39383441122209,-0.243959730844802,-0.0318714196653689,-0.212088311179433,-0.224817252260892,-0.0455914889311062,-0.420884974808587,0.0332493418381443,25.8,1,0.1854630571606,0.0563756558450116,1.34289503252266,1000,500,1011267
"unpen",1.38988624787013,1.41253923636387,1.49334622800382,1.49227050767664,1.35824565892591,1.36633595206415,1.39559319919777,-0.0637786410897074,-0.0612773249221781,-0.00250131616752929,-0.00294542430334186,-0.0730658620407848,-0.00615611406011904,0.0339474064107684,22.6,1,0.178917396936915,0.0478979057588068,1.34289503252266,1000,500,1011267
"pen",1.18805156791647,1.15867850623284,1.02746996814268,1.02881213519841,1.26331030046221,1.2691750317449,1.30323219338792,-0.27798279132968,-0.039878413989224,-0.238104377340456,-0.256432642982743,-0.0529172289279523,-0.472289141258035,0.0361317725497568,16.2,1,0.238634240961109,0.112596841196593,1.23027928252796,1000,500,1011268
"unpen",1.35220424119664,1.34346651074581,1.45493010912574,1.45619108293017,1.30148152233415,1.28962565295315,1.31283010471099,-0.102863692415686,-0.0803693221750986,-0.0224943702405873,-0.0240260407741018,-0.0919364673518745,-0.0447593067686192,0.0379742492458162,13.4,1,0.266346757214205,0.0913927155780271,1.23027928252796,1000,500,1011268
"pen",1.49315449629627,1.51010542080958,1.36596361778151,1.36632502531814,1.65454576385099,1.65388856875135,1.67316413671555,-0.141146874851351,-0.0739046124271218,-0.067242262424229,-0.0715780577293359,-0.0878149751255538,-0.134238437188887,0.036794318373539,12.2,1,0.245522070053213,0.0914833943671858,1.67963844851326,1000,500,1011269
"unpen",1.6903618452125,1.7172637621239,1.82085988181715,1.82113286467568,1.69621512079981,1.66861756872996,1.67712392809745,0.0575024702087262,-0.10568256289371,0.163185033102436,0.171759367480288,-0.120020469628075,0.320676062752727,0.0377291536238089,10.8,1,0.230323535458687,0.0812932708033659,1.67963844851326,1000,500,1011269
"pen",1.41014109123656,1.44738055275609,1.27776719452826,1.27764473609564,1.58631008662133,1.59044389103408,1.58662604822614,-0.180228054059593,-0.0695792531982319,-0.110648800861361,-0.119856490552036,-0.0836674019878355,-0.222313541592669,0.0338757736091674,20,1,0.259132536580769,0.0881791636033081,1.56589470830037,1000,500,1011270
"unpen",1.58068523495362,1.62899392035747,1.68132638639794,1.68136838314976,1.62000046760236,1.62314027838392,1.59701747491224,-0.00885681137877257,-0.100520972655086,0.0916641612763138,0.0980145397759228,-0.115390900619076,0.181325242324623,0.0381640206853952,13.6,1,0.240888720404725,0.0749400389516641,1.56589470830037,1000,500,1011270
"pen",1.42039347847669,1.4189750798755,1.24922247894436,1.24908128456219,1.525197871017,1.55165659185649,1.54915319534221,-0.200556085749918,-0.0756640219311771,-0.124892063818741,-0.135640891137634,-0.0923329072600517,-0.251126139579551,0.03951302582143,9.8,1,0.291106153979249,0.11173241106462,1.57133090023524,1000,500,1011271
"unpen",1.6091015648249,1.60899208850438,1.70228630655202,1.7018736272644,1.52045391849767,1.53992217133402,1.54402904767215,-0.0109529026640742,-0.112426325467315,0.101473422803241,0.108513893400137,-0.130162599397902,0.201847190867483,0.0464234824528815,5.8,1,0.280037727933594,0.0957075439475098,1.57133090023524,1000,500,1011271
"pen",1.17667002737172,1.18716777530506,1.01150975205571,1.01135077523815,1.30032674314546,1.31336864245871,1.34848809303092,-0.2739489004294,-0.0250526480753715,-0.248896252354029,-0.262378246973057,-0.0458393012998973,-0.488363287469377,0.0378254841704722,12.2,1,0.327308082051612,0.0901173404612571,1.31800380892882,1000,500,1011272
"unpen",1.35951588747031,1.37226654963526,1.43985760021221,1.43964954580179,1.34104311895456,1.33219904300969,1.35572847689752,-0.0930847738433768,-0.062351950240623,-0.0307328236027538,-0.0322759948148429,-0.0780895894669027,-0.0600351791036713,0.0380387874178462,12.2,1,0.321082588138673,0.0767398105496336,1.31800380892882,1000,500,1011272
"pen",1.41852226574115,1.40574973529393,1.26388570803405,1.26376644530536,1.4923018119921,1.4998275032427,1.51167613147973,-0.19746535046774,-0.0817699708730417,-0.115695379594698,-0.126322837300545,-0.0983549968280823,-0.23628358084052,0.0348128837306635,19.2,1,0.300150427136816,0.100412078060598,1.48631411331551,1000,500,1011273
"unpen",1.57379224703959,1.57237036812251,1.65650240603061,1.65637940114072,1.5157568903222,1.50951069215166,1.51686868557749,-0.0410387670337973,-0.118338219801727,0.0772994527679292,0.0846735274669176,-0.136418097720756,0.156364014281308,0.0403889937606653,10.6,1,0.307437137360755,0.117855144905577,1.48631411331551,1000,500,1011273
"pen",1.26704252896105,1.28794360660919,1.15575453269186,1.15570365173915,1.3699174680067,1.39701995064074,1.39541333483318,-0.21433239451479,-0.0374862702680879,-0.176846124246702,-0.185723475800309,-0.0583675944968257,-0.34381341924219,0.0346241393443293,18,1,0.237756302126188,0.075036927792507,1.35332591564395,1000,500,1011274
"unpen",1.43055517547089,1.46348866984963,1.56162969199635,1.56163704007794,1.38730265626529,1.39470587026676,1.40584489953316,-0.0459033945688441,-0.0781460601535801,0.032242665584736,0.0336862239996442,-0.0954129953503168,0.0618921770235541,0.041090190541298,11,1,0.262922509155705,0.0824353876242159,1.35332591564395,1000,500,1011274
"pen",1.5454441833485,1.57745269023555,1.42730730631266,1.42756845881867,1.68069602770789,1.69862792132845,1.68988815803996,-0.11028936162173,-0.0736288564394291,-0.0366605051823006,-0.039633466133233,-0.088397701775706,-0.0733234155323841,0.0332943349664168,28.2,1,0.203521380694074,0.0565965624577161,1.75747890252134,1000,500,1011275
"unpen",1.72109158928081,1.75912297975972,1.83103305564346,1.8310396933064,1.69714884672782,1.70021485292098,1.69733148379764,0.0646537823475928,-0.103805371427192,0.168459153774785,0.177787313613513,-0.120326888513688,0.330781446194933,0.0357671133598204,23.4,1,0.195293318783056,0.0491057064904036,1.75747890252134,1000,500,1011275
"pen",1.22534831449989,1.23725618987832,1.03773451849802,1.03767866364143,1.38225511477893,1.38086194754763,1.39297178687834,-0.274587182673188,-0.041960867531924,-0.232626315141264,-0.248898436039523,-0.0625496997315463,-0.46269052325799,0.0432550959608421,5.2,1,0.322059963110756,0.147890825894193,1.35185905628025,1000,500,1011276
"unpen",1.41357780760977,1.43077327152049,1.4992072584913,1.49919106733884,1.42053886928323,1.39857962454952,1.39753401348118,-0.0837756985069358,-0.083031335642131,-0.000744362864804837,-0.000707050351515867,-0.0995838587554528,-0.00108842132069046,0.0453377941122172,4.8,1,0.337915576132593,0.127754949535206,1.35185905628025,1000,500,1011276
"pen",1.13324743259166,1.15437938819392,0.994553026534457,0.994570587414735,1.28401151708076,1.29382314047089,1.28701815211851,-0.271814864373664,-0.015405879870835,-0.256408984502829,-0.269024684667016,-0.0369467788202671,-0.505637467688696,0.0349580525667405,20.6,1,0.24933129129939,0.0561714899696585,1.20706863506396,1000,500,1011277
"unpen",1.29550832272097,1.32780148782843,1.39486856059033,1.3948556562593,1.32441762195091,1.31393595625047,1.29575490025683,-0.107415990478776,-0.0533757405046403,-0.0540402499741352,-0.0564562591543419,-0.0705549937822997,-0.105351749427508,0.0359661347591128,18,1,0.25977583169348,0.0573452371925106,1.20706863506396,1000,500,1011277
"pen",1.09440350219227,1.10655155056597,0.917486944015171,0.91758820998211,1.27791155145772,1.27573294290907,1.28373705458034,-0.305129142656858,-0.00692390634911598,-0.298205236307742,-0.314768579409121,-0.0290013066166762,-0.58252262052552,0.0343129742852314,19.6,1,0.200369952369444,0.059607254918224,1.23565634107508,1000,500,1011278
"unpen",1.24565381134488,1.27270259902401,1.29646296882956,1.29665183366094,1.31850824068322,1.30853294471984,1.29591458476544,-0.148946508741616,-0.0437510059380513,-0.105195502803564,-0.109917784838817,-0.0614445462286501,-0.203518001340741,0.0361701985724813,17.4,1,0.182259733477113,0.0601736598564777,1.23565634107508,1000,500,1011278
"pen",1.70284854528722,1.70364892821858,1.55309939190479,1.552642464797,1.86135472001245,1.88246817292734,1.89142025501948,-0.0424398126913786,-0.0696622224209998,0.0272224097296212,0.02842001297525,-0.0870889307625714,0.0522799002055492,0.0326433407213282,26.4,1,0.206634399120713,0.0721000303704558,1.82317365287577,1000,500,1011279
"unpen",1.90894608917041,1.91408006231817,1.99055533064494,1.99035019157048,1.8633753450981,1.88040925285023,1.88448376390842,0.154535060333213,-0.103687398237794,0.258222458571007,0.265000244637987,-0.122310205365987,0.489477603862228,0.039147209718673,19.4,1,0.187296753384915,0.053357551404667,1.82317365287577,1000,500,1011279
"pen",1.3804934773149,1.41213761693316,1.27390172803727,1.27387049798441,1.55038226058201,1.54060420528395,1.58067415421686,-0.163948880190356,-0.0498650894370517,-0.114083790753305,-0.120480682181464,-0.065357899174932,-0.226441682640434,0.0365756042631503,16.4,1,0.23761345013259,0.0806040271873078,1.50766831216646,1000,500,1011280
"unpen",1.57642635765618,1.61628357077489,1.72359671269838,1.72353163272026,1.59143047895209,1.55118476032449,1.58626473864885,0.0332573510794492,-0.0814349293266774,0.114692280406127,0.117993689711776,-0.095890827497924,0.223125737218456,0.0379448312281836,15,1,0.228601865550897,0.0847686200934708,1.50766831216646,1000,500,1011280
"pen",1.54754879836146,1.59416833675305,1.42700945470313,1.42740946175357,1.73581932642506,1.74433645110864,1.76122989512798,-0.0978173390737788,-0.0600387513016555,-0.0377785877721233,-0.0398316472261924,-0.0764446242361244,-0.0734108396241539,0.0311619347799904,29.6,1,0.259336915682882,0.0612951495079988,1.6771415245291,1000,500,1011281
"unpen",1.72152803589239,1.78086595127347,1.82255774865047,1.82294127293883,1.77297655639181,1.76634596668574,1.76553465075773,0.0780128734183141,-0.0903548935440095,0.168367766962324,0.173210522043303,-0.105878036774233,0.322338242598638,0.0332767324117643,23.4,1,0.250306598428445,0.0621163798217297,1.6771415245291,1000,500,1011281
"pen",1.49569035653159,1.48128208250849,1.33015466209352,1.33049884659431,1.62710390921706,1.63389653965686,1.6543947582181,-0.147990308407211,-0.0623621337908409,-0.0856281746163705,-0.091027457453527,-0.077303840573562,-0.170045644951355,0.0332290080997425,27.8,1,0.171947300915696,0.0803852115362228,1.66815522535337,1000,500,1011282
"unpen",1.67124159744709,1.66594913783025,1.74195517464915,1.74199439449866,1.64968515077544,1.64447961135409,1.65281124740675,0.0275144206135152,-0.0962095701734245,0.12372399078694,0.129453201785431,-0.110254612586071,0.241881278123635,0.0363520275218024,20.4,1,0.172159199694688,0.0828450300039931,1.66815522535337,1000,500,1011282
"pen",1.41916679681583,1.42499345316964,1.28403618443617,1.28397344281588,1.50465747099299,1.52574649550029,1.53706797222732,-0.169133493473483,-0.0594358380698258,-0.109697655403657,-0.117142327332151,-0.0754018674897712,-0.216426810051882,0.0336608749061207,23.2,1,0.290507977212808,0.0861327678227964,1.51888537973039,1000,500,1011283
"unpen",1.59212495773893,1.60548528405075,1.70327117846542,1.70337786323657,1.50629978243002,1.50561154795487,1.54362789293851,0.010492267655386,-0.093996262738579,0.104488530393965,0.109259113417038,-0.109944907085534,0.202723693077131,0.0375371300133195,13.6,1,0.305514942264362,0.0802152531125613,1.51888537973039,1000,500,1011283
"pen",1.28216650251029,1.28561033151656,1.12141973568841,1.12108178558699,1.42233518146794,1.42823126405257,1.4403370554051,-0.21946886183125,-0.0217728563905175,-0.197696005440733,-0.205382524604437,-0.0411200436785336,-0.378880210939653,0.0320553973891031,25.4,1,0.254789546530865,0.0773110971715563,1.42113060731392,1000,500,1011284
"unpen",1.44122209064556,1.45803478962843,1.50061777171922,1.50049380041143,1.45014525264001,1.45061386959982,1.44673515750809,-0.0564215622231501,-0.0564418647146259,2.03024914757766e-05,6.24588749950781e-05,-0.0719256917904279,0.000381243305946422,0.0341256804062867,21.2,1,0.251416754927608,0.0660208917911306,1.42113060731392,1000,500,1011284
"pen",1.22000787754038,1.22006062429237,1.0203601830414,1.02023837221245,1.37213749345582,1.38887202808643,1.39314937634687,-0.267248679770298,-0.0252778325911719,-0.241970847179126,-0.256284842767552,-0.0459149267307207,-0.479453987762416,0.0397618260105931,11,1,0.29303798730993,0.0879880839722933,1.32907363362451,1000,500,1011285
"unpen",1.40226441786261,1.41156564491014,1.46083531556091,1.46071504142817,1.40573396412039,1.41038792950545,1.40273565727423,-0.0827877601129439,-0.0633228668017488,-0.0194648933111951,-0.0203881061857604,-0.0798528591815041,-0.0385801156802437,0.0403998046927956,8.4,1,0.280489425808526,0.0832926975741687,1.32907363362451,1000,500,1011285
"pen",1.62706227391067,1.60909356017869,1.46160466707501,1.46178530719358,1.7617197776331,1.76723926704313,1.78489441585781,-0.0907520528374866,-0.072316196807062,-0.0184358560304246,-0.0197429084214234,-0.0837856337093578,-0.0375689212288204,0.0333221844220979,21.6,1,0.22812303249896,0.0746548647044532,1.89098366592765,1000,500,1011286
"unpen",1.82007686576106,1.81200551605245,1.89597630734503,1.89621689481701,1.8092067196636,1.79666124279354,1.79698727645839,0.10139973843712,-0.103710290077804,0.205110028514924,0.213293384301297,-0.115434643927349,0.396875921584999,0.034653192834309,18.4,1,0.235665415220001,0.0700382509737842,1.89098366592765,1000,500,1011286
"pen",1.57945267059013,1.57073627873251,1.42281308179934,1.42333452850348,1.70215600716589,1.70735748902892,1.70948301566771,-0.0944760885014383,-0.0556772327257204,-0.038798855775718,-0.040966326755661,-0.0697006419416306,-0.0767575017292752,0.0295979411204492,33,1,0.206634109609838,0.0585185428121684,1.77349796438633,1000,500,1011287
"unpen",1.75766600253241,1.7518801766847,1.80315316487507,1.80358089241006,1.72889237053145,1.72085054676165,1.71700580626424,0.0782116486562025,-0.079932122230122,0.158143770886324,0.162456137024267,-0.0938036348697648,0.303572756181138,0.0300014473968188,30,1,0.194960896440406,0.0499849925247901,1.77349796438633,1000,500,1011287
"pen",1.25265194633661,1.24391668754943,1.09276142161637,1.09285787083991,1.37838310004845,1.38894571003347,1.38838044819358,-0.233405673212461,-0.0206821093949026,-0.212723563817558,-0.221613995637039,-0.0392591103674406,-0.407192186710912,0.0310557674398861,29.6,1,0.248403098356635,0.0758206308512284,1.328986030011,1000,500,1011288
"unpen",1.40909801999705,1.41229638973232,1.46382704361924,1.46392545063607,1.39779796469409,1.40277845818519,1.38894240224995,-0.0725942985613744,-0.0535915379376758,-0.0190027606236986,-0.0193191692608124,-0.0694031704229961,-0.0361168432756842,0.0317040097311584,28.8,1,0.231889449420227,0.0642292564635726,1.328986030011,1000,500,1011288
"pen",1.44489301203917,1.46843797027126,1.29455307532396,1.29453456870988,1.58553809818301,1.61978145436194,1.64158189834319,-0.15042326087962,-0.0434319155319818,-0.106991345347638,-0.110562817190529,-0.0655643708937901,-0.205545045089769,0.0421304548822904,7.2,1,0.304923309666327,0.100070954595821,1.59698921675942,1000,500,1011289
"unpen",1.68597853166342,1.7176895072901,1.82728901613095,1.82711703691179,1.6127736438322,1.6220183666945,1.645383404671,0.0876037634750301,-0.0858515076634288,0.173455271138459,0.17626788658101,-0.104517586264513,0.326871719368291,0.046580312054324,4.6,1,0.342492137854692,0.0960194571464946,1.59698921675942,1000,500,1011289
"pen",1.54546690472609,1.55075791536867,1.40486127421992,1.40494762041562,1.66469054247475,1.66382782017997,1.65509249995398,-0.113579502146855,-0.06566312964741,-0.0479163724994452,-0.0505781405823695,-0.0830060520989094,-0.0951162735713997,0.0339418919547099,21.8,1,0.277903120398163,0.0851874151602467,1.67171228347493,1000,500,1011290
"unpen",1.71886759098113,1.73940083698113,1.82012677716665,1.8199307290676,1.67906241984823,1.65928300665187,1.65881242261099,0.0631591322663431,-0.100311066534194,0.163470198800538,0.170389666457386,-0.116601757410384,0.319979940982031,0.0366049818784333,16.4,1,0.270490643651169,0.0816878203750104,1.67171228347493,1000,500,1011290
"pen",1.56011626992948,1.55410824591911,1.42183740226861,1.42182152309633,1.72120974066257,1.72150839574631,1.72102046263801,-0.0762303290843859,-0.0348327854476905,-0.0413975436366953,-0.0419221830728804,-0.0510028267760352,-0.0781969660902738,0.0311624652814775,22.6,1,0.203823421711487,0.04373696517487,1.66652287132124,1000,500,1011291
"unpen",1.76173774387363,1.76358836256996,1.84837452587972,1.84838732767928,1.77294380323148,1.74487353212869,1.71876450878174,0.120812548258286,-0.0668181657554586,0.187630714013745,0.188544014612507,-0.0809641260825164,0.348337657776751,0.0312240919236463,21.2,1,0.18133448302716,0.032114823294872,1.66652287132124,1000,500,1011291
"pen",1.38102660877301,1.38592350816315,1.23245135111863,1.23237752500295,1.52674197612164,1.54052252732354,1.55757225486345,-0.174508480381189,-0.0366081137097333,-0.137900366671455,-0.144587506903908,-0.0484918574428201,-0.267136864900686,0.0320255496178811,21.8,1,0.178598709151445,0.0513382400776413,1.51274475359696,1000,500,1011292
"unpen",1.5504534038177,1.57111243192549,1.6262925262199,1.62612557066948,1.58038343644436,1.57863439693086,1.57906408912442,-0.00215926534005849,-0.0679415189597064,0.0657822536196479,0.0678724428506702,-0.0781958328658715,0.126677528402331,0.0326018289250232,22.6,1,0.16556035004119,0.0531243942627897,1.51274475359696,1000,500,1011292
"pen",1.48759772469826,1.48498297284896,1.35521637754531,1.35444241545593,1.59557861805264,1.60919889629733,1.6378075476108,-0.14486185859804,-0.0720793888630784,-0.0727824697349614,-0.0783619588587945,-0.0797613514282974,-0.145018848926033,0.0328167022942505,22.6,1,0.195204862122657,0.0978684176227535,1.65948235830262,1000,500,1011293
"unpen",1.66192627198142,1.68064935038134,1.77682237200442,1.77579509699758,1.63944835176506,1.64150949918285,1.6386276830902,0.0325023770081653,-0.106231183180149,0.138733560188314,0.1482369286889,-0.117602876747328,0.276353441383383,0.0356493534091369,18.8,1,0.200184446765026,0.0872128409727706,1.65948235830262,1000,500,1011293
"pen",1.45871969165664,1.46637362789476,1.32020949623753,1.32070868589023,1.5780352120916,1.58191166487774,1.5981804298421,-0.152238543914556,-0.0618108135547352,-0.0904277303598204,-0.096210976176974,-0.077545376220105,-0.179906857348426,0.034551059828137,24.4,1,0.232249661238454,0.0856233394473474,1.54341567051451,1000,500,1011294
"unpen",1.64984896783193,1.6653786963038,1.75544961886385,1.75574414353742,1.59981548183868,1.59253595512468,1.59356001765188,0.0319070227731596,-0.0980869505121923,0.129993973285352,0.135935361238959,-0.114163577808148,0.255304217054562,0.0406226283888464,18.2,1,0.203462330034309,0.0714917204460048,1.54341567051451,1000,500,1011294
"pen",1.29440437940618,1.32195653091995,1.14458091699106,1.14465883036691,1.43790524573324,1.44404661471898,1.46527500647256,-0.247269489713195,-0.0744285679885733,-0.172840921724622,-0.19011326998286,-0.0929350663582644,-0.355103131788749,0.0389269462310992,13.6,1,0.325694656640674,0.145064594395148,1.35834566738177,1000,500,1011295
"unpen",1.46326228003102,1.50371021014585,1.57483518912773,1.57490887864941,1.46170667709745,1.45260450413508,1.47201755545389,-0.0735282803725331,-0.110837885345145,0.0373096049726117,0.04054439083872,-0.129816294927668,0.0751836810109737,0.0446989807395894,6.6,1,0.309929181703575,0.136364432865166,1.35834566738177,1000,500,1011295
"pen",1.567927719005,1.58985418101647,1.48868525675896,1.48860992670387,1.68669299598763,1.68872656380727,1.65859051844165,-0.0638807452168333,-0.0587884987642279,-0.00509224645260536,-0.00555541264792827,-0.0776809087104486,-0.0110804196773933,0.0280696506689696,37.8,1,0.156678937650021,0.0630164378629967,1.65712268053175,1000,500,1011296
"unpen",1.73175503359987,1.76063410989968,1.8549862094728,1.85485268707972,1.71310064697161,1.6946623169999,1.66530460516563,0.095081537341857,-0.08833538603001,0.183416923371867,0.188667209934624,-0.107005122468134,0.355051099060852,0.0289275159683635,34.8,1,0.178376838752477,0.0670821991042074,1.65712268053175,1000,500,1011296
"pen",1.546348756193,1.5710090349917,1.44621498955054,1.4458080006177,1.65498154580393,1.6857081532016,1.70236469294048,-0.097387932992651,-0.0699212482139514,-0.0274666847786996,-0.0294092692772762,-0.0846816716662677,-0.0529628589022836,0.0358008264619691,17.6,1,0.324942157145835,0.117847678623561,1.71367193807058,1000,500,1011297
"unpen",1.74985425934588,1.78477850765262,1.91391884184393,1.91345222762384,1.64477903271787,1.6548266708327,1.69585031370499,0.110249986313147,-0.106208841384395,0.216458827697542,0.22279917478689,-0.121600498289592,0.414851176157915,0.0420095715194868,8.4,1,0.332598472650729,0.101795654827129,1.71367193807058,1000,500,1011297
"pen",1.32049557256281,1.33344920093825,1.16330391495661,1.16343269435657,1.49083567450555,1.50750604534806,1.5000501530623,-0.190475546566001,-0.0102392866152765,-0.180236259950725,-0.183066340984872,-0.0343242539256744,-0.337552004306293,0.0331638472187062,23,1,0.270016129232115,0.074882678990698,1.44172545821167,1000,500,1011298
"unpen",1.5134141420573,1.53341108986294,1.58489916940051,1.58509288732885,1.52762380246851,1.53457655673316,1.50799651515855,-0.000542646193082221,-0.0460991619685948,0.0455565157755126,0.0459169512394252,-0.0656095299378104,0.0841414169017954,0.034344580348074,21,1,0.246440267155921,0.0632308479557167,1.44172545821167,1000,500,1011298
"pen",0.975828343562228,0.967092957766633,0.822016617009578,0.821408091517207,1.05855929185155,1.06750822880971,1.07898987848127,-0.362816860871642,-0.036492586237965,-0.326324274633677,-0.359679368939761,-0.0526350567513795,-0.678233357504276,0.0325853375952089,29.8,1,0.266114778841035,0.0983879296422516,1.04405705097053,1000,500,1011299
"unpen",1.10661627218862,1.11675259983107,1.18190862224437,1.18115473975584,1.10549793857203,1.1035257851154,1.09189435953257,-0.226958156656982,-0.0732408547901692,-0.153717301866813,-0.168673621928451,-0.0881260977774765,-0.318202379256228,0.037908127277398,22.8,1,0.265738113709343,0.100514468339777,1.04405705097053,1000,500,1011299
"pen",1.42072585513978,1.44374409381966,1.32165247926936,1.32176180436607,1.53046681929626,1.53210407189041,1.53329204322018,-0.158576030438301,-0.0695876589661752,-0.0889883714721263,-0.0956319678053725,-0.0852047104258698,-0.178487596577494,0.0331921847023036,26,1,0.217593580578377,0.0876507897256109,1.60563218414268,1000,500,1011300
"unpen",1.58584246091005,1.61972085361927,1.72719683266954,1.72716979734114,1.55518458109746,1.5341976400414,1.53359672893352,0.0119596203964162,-0.102743736851367,0.114703357247783,0.12206751898452,-0.119760570205478,0.227131361495882,0.037902225413896,20.4,1,0.189454870732761,0.0730055385738243,1.60563218414268,1000,500,1011300
"pen",1.43258822578792,1.43407090037586,1.33251861062431,1.33253569838392,1.54597204233836,1.550172857527,1.58128379217027,-0.118282794215635,-0.0307887923571053,-0.0874940018585298,-0.0899748941430605,-0.0388917964645968,-0.167184401768602,0.023929673658454,31.4,1,0.191998499083361,0.0454190348644727,1.56729812200036,2000,1000,2011001
"unpen",1.56715911979488,1.57290273959512,1.63154128947705,1.63155694715057,1.5774177371035,1.56664512267799,1.58849068429375,0.0158692084890096,-0.0541367544195489,0.0700059629085586,0.0711430769426391,-0.0610461976564795,0.131915812490515,0.0241112166531751,30.4,1,0.196073048959944,0.0428028313547256,1.56729812200036,2000,1000,2011001
"pen",1.48658378095359,1.51144343226699,1.42357346012704,1.42319403408969,1.59107282111047,1.59593734548938,1.6204356521984,-0.111644599833855,-0.0729707813385774,-0.0386738184952774,-0.0410537344656534,-0.0867534672360774,-0.076272998931213,0.0269483983406838,23.4,1,0.258120160692218,0.0958961039772469,1.60516890871584,2000,1000,2011002
"unpen",1.63584207451466,1.66947388950673,1.76730118041665,1.76704450903746,1.61162901492236,1.59687046011266,1.62746440888513,0.0375953952497223,-0.0998911378505027,0.137486533100225,0.143668967949403,-0.114603356474954,0.267401439253152,0.0293761072070634,16,1,0.253840714270723,0.0889953380842322,1.60516890871584,2000,1000,2011002
"pen",1.4617299944503,1.48036106306321,1.37767423114532,1.3775399195999,1.57805548897703,1.59598332177067,1.5917926159016,-0.116901986361601,-0.0533137167910087,-0.0635882695705926,-0.0662064047451553,-0.0657381526628977,-0.122441751541754,0.0256465815946256,25.2,1,0.270014516451228,0.0672441572644319,1.55801381170895,2000,1000,2011003
"unpen",1.60029180857131,1.6202869903652,1.68683858368493,1.68665152551234,1.59794015166374,1.60175222975937,1.59329660706456,0.0220677982108883,-0.0763965954328151,0.0984643936437034,0.101691433126914,-0.087794203330151,0.186680107897055,0.0253202503640517,26,1,0.243281874429373,0.0595134915550159,1.55801381170895,2000,1000,2011003
"pen",1.37291826356634,1.3936285020531,1.30993888827098,1.30987901634,1.45980711612512,1.47185243433462,1.49435757687224,-0.149793892237339,-0.0520824373102512,-0.0977114549270877,-0.102828100969081,-0.0611905741598945,-0.189945744371499,0.024287374457869,35.8,1,0.188361309203065,0.071238296507306,1.49220340227013,2000,1000,2011004
"unpen",1.50197991043446,1.52647844406317,1.61129660309944,1.6112245795334,1.48003152316038,1.47048876548391,1.50033673496177,-0.0181494433671301,-0.0753699536970737,0.0572205103299436,0.0599851256640361,-0.0845547709743044,0.11131237645967,0.0241234924696889,35.2,1,0.179199427708392,0.0625814306097516,1.49220340227013,2000,1000,2011004
"pen",1.17196857461843,1.17435882363116,1.08419559829588,1.08430213536813,1.25665007267742,1.26031104505354,1.2728286679461,-0.248802994068418,-0.0395261729222511,-0.209276821146167,-0.223496070683954,-0.0516094467501561,-0.415671524708617,0.0243232782485304,39.8,1,0.225915401630217,0.0717485893446615,1.26480997806791,2000,1000,2011005
"unpen",1.28429726790273,1.29199261619682,1.36945383724186,1.36952845704731,1.27173276146952,1.26403098797513,1.27118677337829,-0.130754019725545,-0.0645603137688958,-0.066193705956649,-0.0701095166716676,-0.0754051771967577,-0.130425773387215,0.0250678761680242,35,1,0.206108480098559,0.0702654643852358,1.26480997806791,2000,1000,2011005
"pen",1.48293059408867,1.49648369696436,1.39809782055948,1.39832878888013,1.60677144318491,1.60981015134401,1.63437688528237,-0.0949094855630356,-0.0410780951172011,-0.0538313904458345,-0.0550160233578822,-0.0537894777037459,-0.101867238824861,0.0257701672729656,20.8,1,0.225275817568664,0.0712766026059396,1.62619459799241,2000,1000,2011006
"unpen",1.64241390883793,1.66397096662397,1.74912317692138,1.74931719552722,1.63025517829437,1.61469516496277,1.63495605950813,0.0642093233502495,-0.0691267271340455,0.133336050484295,0.134715682727604,-0.0803753083057489,0.249101128036145,0.0271836047002003,17.6,1,0.237228423770379,0.0638238806339547,1.62619459799241,2000,1000,2011006
"pen",1.42238244913914,1.44620662055015,1.3466431257262,1.34646097689139,1.53110690392746,1.5495133929165,1.5594176831844,-0.125181295489562,-0.0458471203390437,-0.0793341751505186,-0.0824326603090808,-0.0592906961450873,-0.153606501487437,0.0255490785283686,27.6,1,0.257283675261523,0.0588835467987959,1.581851480712,2000,1000,2011007
"unpen",1.56315462988093,1.59032438735265,1.66203014458444,1.66195328632541,1.54855605225906,1.55446157204557,1.55940391158345,0.0157676232092464,-0.0693080725432339,0.0850756957524803,0.086968603166229,-0.0813314645959822,0.161879914893581,0.0258504578311286,26.6,1,0.234117781939554,0.0542745791064638,1.581851480712,2000,1000,2011007
"pen",1.4046352433162,1.41119789096562,1.29165719491293,1.29170053910508,1.54096880632466,1.55420841294161,1.56416099375851,-0.141743875738993,-0.0347344443268816,-0.107009431412111,-0.110876226026791,-0.0442710962737218,-0.208227145870278,0.024727526439713,36.8,1,0.202191368703118,0.0710666340387385,1.50305021142313,2000,1000,2011008
"unpen",1.53788821263144,1.54794561160226,1.59415959441865,1.59421798736385,1.57374597806012,1.57317538241546,1.57189936269279,-0.00793024964002792,-0.0569608270902776,0.0490305774502497,0.0501779593485913,-0.0653788369077454,0.0943124443633797,0.0247626178721763,36,1,0.203900740987561,0.0579962235616099,1.50305021142313,2000,1000,2011008
"pen",1.49481136903823,1.50772168739878,1.40831207854865,1.40836228754656,1.63966265762993,1.63774220959272,1.65479366943649,-0.0981041311564212,-0.0505981395835921,-0.047505991572829,-0.0494992866361255,-0.0583746332680853,-0.0917653283946702,0.0249210940223323,25.8,1,0.198657626954649,0.0558438434834569,1.65079881572875,2000,1000,2011009
"unpen",1.63574989137064,1.65386529911617,1.72407951557678,1.72414319488407,1.67364418287651,1.65433048025713,1.66110393982044,0.0428058204374644,-0.0743834750003257,0.11718929543779,0.120367639913559,-0.0815979096819254,0.224030172162529,0.0254798147269277,24.6,1,0.208238641960508,0.0523246981031239,1.65079881572875,2000,1000,2011009
"pen",1.52146027492713,1.53662385856378,1.43712518415474,1.43735363687847,1.6490887658299,1.63379126849884,1.64866571479373,-0.0989468458858392,-0.0669519656379492,-0.03199488024789,-0.0337633950308884,-0.0806368606980604,-0.0629659214333444,0.0257831647041978,26.4,1,0.225261800690738,0.0781021391270676,1.62704251868057,2000,1000,2011010
"unpen",1.66000895386304,1.67812427864529,1.75117586066283,1.75135579326011,1.67485207050019,1.64028917707215,1.65083176459438,0.0377268079338366,-0.0920065134057471,0.129733321339584,0.135120360093321,-0.105524452740342,0.251077931160866,0.0280186314478104,18.2,1,0.259430519169904,0.0743288116176993,1.62704251868057,2000,1000,2011010
"pen",1.25243576244552,1.27062317713225,1.1770914704098,1.17713833758114,1.3679068024666,1.37552300168121,1.38654369768601,-0.197671785481961,-0.0340658241550498,-0.163605961326911,-0.171358317137756,-0.0453808673080213,-0.322912871907857,0.0255889893464974,27.4,1,0.193333780012057,0.0518705913397593,1.39276540047748,2000,1000,2011011
"unpen",1.38040324022268,1.40740687130302,1.48415701573798,1.48416439997181,1.39843379580072,1.39032823163374,1.3909915739314,-0.0655961059857391,-0.0574707786451406,-0.0081253273405985,-0.00838679068474468,-0.0672728934626495,-0.015786304503997,0.025602268302597,27.4,1,0.179975972834183,0.0509729369171741,1.39276540047748,2000,1000,2011011
"pen",1.42417301526636,1.42924031762973,1.32852703839054,1.32846657510817,1.53129076666909,1.53712351343894,1.56953291453844,-0.122223757493925,-0.0318560961411585,-0.0903676613527667,-0.0922409323472383,-0.0470067629267442,-0.171547378456754,0.0264107759538788,22.8,1,0.289477013473927,0.0811286254447024,1.52306116875884,2000,1000,2011012
"unpen",1.57812839406967,1.58789038307246,1.66143882795429,1.66128398553956,1.56191841979352,1.55375964392595,1.57392549752385,0.0299470416213051,-0.0561505109075669,0.086097552528872,0.0864765263661239,-0.0686137050544115,0.161259938634201,0.0259726062976125,23.6,1,0.281420506086135,0.0672939521605852,1.52306116875884,2000,1000,2011012
"pen",1.5794662203827,1.59120376614347,1.48090819430478,1.48097122404012,1.70688225882224,1.70661414545891,1.71982298042006,-0.0827724056016273,-0.0729284792090437,-0.00984392639258354,-0.0104608455484074,-0.0852714728581306,-0.0193515154878712,0.028415073799239,13.8,1,0.235043627877574,0.0743250031343681,1.70532384712148,2000,1000,2011013
"unpen",1.73555449979428,1.75359843133014,1.83599804814941,1.8359371721733,1.73465229193992,1.71652566577627,1.71969309535809,0.0710373420378654,-0.101919214497031,0.172956556534896,0.180607653878335,-0.115135239869329,0.335645310865701,0.0304244295578424,10.4,1,0.235867587471158,0.0668330419163068,1.70532384712148,2000,1000,2011013
"pen",1.29134196783175,1.31628803989468,1.20998409266003,1.20989611848667,1.41131808617624,1.4242530236277,1.42541435395711,-0.199634320333064,-0.0544762442791416,-0.145158076053923,-0.154619067135951,-0.0676079703896872,-0.289763025179717,0.0282353573843119,19.6,1,0.279034723452294,0.0951825459769311,1.41253621285855,2000,1000,2011014
"unpen",1.42977558264389,1.4606014555925,1.54910988251297,1.54903854716826,1.4439550378337,1.43509247478154,1.43216768946226,-0.0578369612379577,-0.0828376862879041,0.0250007250499464,0.0264054542369392,-0.0952739717870356,0.0492853801283808,0.0293144986076776,15.4,1,0.286443390333553,0.0896352489026943,1.41253621285855,2000,1000,2011014
"pen",1.48013690711532,1.49225390319012,1.38882609936537,1.38881063326327,1.61784894202397,1.63358828752524,1.61241165385241,-0.109052184958547,-0.0525645962128297,-0.0564875887457176,-0.0591644041352407,-0.0600085237884149,-0.110642294024404,0.0241718607361002,31.8,1,0.171560801562567,0.0533114946743403,1.60928596684116,2000,1000,2011015
"unpen",1.61399883895341,1.63227569620163,1.69459012256828,1.6945351207622,1.65451357211703,1.65222291397016,1.62379600019396,0.0259997289156746,-0.0745979675624768,0.100597696478151,0.104481365137068,-0.0824352875289687,0.195115393648,0.0245264472151866,28.8,1,0.178250194620918,0.0496878258531154,1.60928596684116,2000,1000,2011015
"pen",1.51882951893683,1.52931700654542,1.43617382012574,1.43615614815877,1.62914867524213,1.63613324297333,1.67405048543079,-0.0834970350830688,-0.0505237441678553,-0.0329732909152134,-0.034414710616971,-0.0587494260583799,-0.0636867645499597,0.0242995415268627,36.6,1,0.16893151489568,0.0577146103104278,1.62870668690133,2000,1000,2011016
"unpen",1.65967578751007,1.67421340462223,1.74727716018275,1.74719889580704,1.65854915784388,1.64923059900947,1.67625280910799,0.054180500999138,-0.0748812503625428,0.129061751361681,0.132571223171618,-0.083079735855065,0.247363876811996,0.0255918248139949,30.2,1,0.187255897024796,0.0527306945131327,1.62870668690133,2000,1000,2011016
"pen",1.19053728196115,1.20195689146723,1.10210687722556,1.10206417381679,1.31256883828616,1.32160904356385,1.32588707062502,-0.215640495849378,-0.00798434664305982,-0.207656149206318,-0.21433730679096,-0.0216440812303746,-0.398040350862321,0.0254935921976848,28.2,1,0.172973672449211,0.0530206063436807,1.32093571920223,2000,1000,2011017
"unpen",1.32316751770279,1.33815165406681,1.40976438285264,1.40976215680202,1.34325236589271,1.33767464595913,1.32677658799585,-0.081472581660488,-0.0337848336344357,-0.0476877480260523,-0.0487818503899377,-0.0445630972597259,-0.0903504663143227,0.0258620426403839,26.4,1,0.167650658051652,0.0482655197039163,1.32093571920223,2000,1000,2011017
"pen",1.32904257551835,1.34652265502077,1.24683258492506,1.24681530230815,1.45156899049755,1.47342389639025,1.46395842180244,-0.174587915967805,-0.045074428190453,-0.129513487777352,-0.136656776257447,-0.0539744721632887,-0.253054886031213,0.0272821756661541,20.8,1,0.209288613046327,0.0555132384843852,1.4421047784867,2000,1000,2011018
"unpen",1.46790378052582,1.48932299897066,1.57438630189715,1.57438191630278,1.48862909373258,1.48896697304223,1.46501726398014,-0.0332351278509695,-0.0717412061646351,0.0385060783136656,0.0401920176876671,-0.0795242814905759,0.074520598857996,0.0273318459188963,20.8,1,0.21713971451836,0.0551474934335221,1.4421047784867,2000,1000,2011018
"pen",1.31098960976345,1.3316531037533,1.21901677919392,1.21889148180734,1.44593392612926,1.44810806881483,1.47108724084366,-0.180549921582372,-0.0368110444725708,-0.143738877109801,-0.150059133965842,-0.0488601271544942,-0.280908954997944,0.0273574511115398,21,1,0.176171067133495,0.0673373264382621,1.42848646432242,2000,1000,2011019
"unpen",1.45156859954113,1.48032228240326,1.54995631108075,1.54979507374174,1.48626600170672,1.47196810205888,1.47891293296214,-0.0388406987896863,-0.0648102116179959,0.0259695128283095,0.0269775985169432,-0.0753666528309543,0.0500406647467873,0.0280385179768468,19.6,1,0.172681800831953,0.0696811827841095,1.42848646432242,2000,1000,2011019
"pen",1.42567055364371,1.435493809999,1.32434026530227,1.32453584923608,1.53007121650244,1.54010151006002,1.55697459222488,-0.153130720691759,-0.0647660507084315,-0.0883646699833274,-0.0938769476839255,-0.0769711990204816,-0.175820698258528,0.0285965074449468,14.4,1,0.271955210505553,0.0973690948128034,1.54874599759103,2000,1000,2011020
"unpen",1.56774673825548,1.5843465588306,1.66096710095187,1.66112292061454,1.55030851078004,1.54781920398602,1.56129074068607,-0.00975506814608471,-0.0914420469403127,0.081686978794228,0.0861333231313129,-0.103719072125436,0.16085428423837,0.0299362808053092,10.6,1,0.267441385206442,0.0935461109625658,1.54874599759103,2000,1000,2011020
"pen",1.36410554193554,1.37844542593211,1.2738585942036,1.27380291073751,1.48949017924305,1.48910262544501,1.49415523926576,-0.171425515519915,-0.0553627942171322,-0.116062721302783,-0.122829823229217,-0.0671712138873838,-0.226227308937309,0.0270893884972345,21.8,1,0.221299161311261,0.0875364100086106,1.47988512149304,2000,1000,2011021
"unpen",1.49813932877993,1.51883078878056,1.5925282648058,1.59254553348691,1.51948826195083,1.50421897138895,1.49671420975618,-0.0351031952505516,-0.0829197705662826,0.0478165753157311,0.0502150398074078,-0.093916979465083,0.0924298175027383,0.0283312167181588,18.8,1,0.210413480211571,0.0730356812456663,1.47988512149304,2000,1000,2011021
"pen",1.30509778622776,1.3267492076892,1.21607405107752,1.21603861771987,1.45504603001936,1.46009793800567,1.45042761141806,-0.17293766509235,-0.0268664523476227,-0.146071212744728,-0.15078698162113,-0.0391281403014993,-0.284018000001808,0.025437451360261,30.6,1,0.249347540901896,0.0651189890316562,1.41853693774363,2000,1000,2011022
"unpen",1.43912934679896,1.46604170152855,1.52290862946902,1.52288485911624,1.49194346979497,1.48320754417896,1.4569423513521,-0.0388912122046459,-0.0507790235302451,0.0118878113255991,0.0121203873692165,-0.0611459420067511,0.0228933109710984,0.0258112656616296,28.2,1,0.244473533985714,0.0615218492489423,1.41853693774363,2000,1000,2011022
"pen",1.37287391300453,1.37676349019592,1.28709268927506,1.2867289777906,1.48461597178626,1.50652946710603,1.49957214079167,-0.133875961022362,-0.0218169002532453,-0.112059060769117,-0.114712151487347,-0.030549824144524,-0.213172772440407,0.023731637960636,35.8,1,0.203247584811331,0.0648155674105355,1.50425650535064,2000,1000,2011023
"unpen",1.50646949780062,1.51634014314222,1.58938194348943,1.58885469814097,1.50994669197187,1.51893456958006,1.5057354096278,0.00113824161084788,-0.046195550783991,0.0473337923948389,0.0479726507577548,-0.0537576961680243,0.0890635516978658,0.0243125284574012,34.6,1,0.192050028400899,0.0535338157772843,1.50425650535064,2000,1000,2011023
"pen",1.31870737387695,1.32151552685731,1.21728754739214,1.21721413137079,1.42997021051173,1.44940251578643,1.45522724862731,-0.176152770649981,-0.0320900184101598,-0.144062752239821,-0.149732442090925,-0.0426192560763911,-0.282878033980926,0.027621858577472,17.8,1,0.183941129817652,0.04538349890313,1.47544873383313,2000,1000,2011024
"unpen",1.46196024450872,1.46813165296576,1.54869457316151,1.54863213285929,1.45964086531341,1.46595211444882,1.45881001871494,-0.0308803510707574,-0.0560120331871689,0.0251316821164115,0.0256769560565772,-0.0640852752169598,0.0485829006767218,0.0270762279415006,19,1,0.185861129785172,0.0416239708782546,1.47544873383313,2000,1000,2011024
"pen",1.58787016551639,1.60216472394933,1.51422541089774,1.51423287166258,1.69195338505543,1.69685484893521,1.71825315596015,-0.0569737797505334,-0.0642549253780306,0.00728114562749711,0.00727381877579331,-0.0735881741951031,0.0141585907915967,0.023887357041998,38.6,1,0.18953672024772,0.0571650374886568,1.72493665331635,2000,1000,2011025
"unpen",1.72869439435471,1.74445805281017,1.82123754833292,1.82115717041657,1.71427132793876,1.70269073586004,1.71660971448617,0.0812580286026852,-0.0857554056448738,0.167013434247559,0.171742533800415,-0.0953401950207496,0.321159966695758,0.0241140214810487,37.4,1,0.180848856001463,0.0566671773230089,1.72493665331635,2000,1000,2011025
"pen",1.22609249524839,1.23943351932891,1.12234735408801,1.12245469942253,1.34476021644233,1.35573509908796,1.3595046837724,-0.231361184864923,-0.0393485987374057,-0.192012586127517,-0.204280167886519,-0.0509052250556789,-0.37752010714771,0.0259151011391175,24.8,1,0.229063809949564,0.0557273282556503,1.34294353987195,2000,1000,2011026
"unpen",1.34418479706616,1.36351447472478,1.4113912164617,1.41145787359565,1.3710542474421,1.37158023257263,1.36300017259482,-0.110538066345973,-0.0653068060803672,-0.0452312602656056,-0.0479989995606634,-0.0751611502647471,-0.0884624573203412,0.0265632854707636,23.8,1,0.219122689708899,0.0486412821618233,1.34294353987195,2000,1000,2011026
"pen",1.2929031539743,1.30910114698353,1.2143283335301,1.21433161700743,1.41616711777387,1.41606600102657,1.41595413291326,-0.175396216103245,-0.0287727284422435,-0.146623487661001,-0.152283290519576,-0.0415769290295237,-0.285747295001959,0.0239587180150423,33.8,1,0.179976275175244,0.0691803061644028,1.36781622745847,2000,1000,2011027
"unpen",1.41537829302102,1.43791514909605,1.50421055845722,1.50419989054378,1.43918769123198,1.42225809430947,1.4205636180478,-0.0509265202844388,-0.0531043128542668,0.00217779256982795,0.00192038753474832,-0.0640549983918874,0.00413365497770753,0.0241143982461519,33,1,0.182219490170005,0.0639747860331225,1.36781622745847,2000,1000,2011027
"pen",1.41399997708741,1.43324369030996,1.33658191788169,1.33613006278501,1.53174938843096,1.55334420618741,1.56705443078169,-0.11567092073454,-0.0301142108219514,-0.0855567099125886,-0.0879757528301679,-0.0394372783514875,-0.1632517997707,0.0245763595217787,30,1,0.22841374167413,0.0458416145547136,1.5110642449509,2000,1000,2011028
"unpen",1.55464162893178,1.5771726299685,1.65408161716922,1.6536382885506,1.55516940048009,1.56178761332506,1.56729442600127,0.0256339509481437,-0.0566394007455228,0.0822733516936665,0.0835782956325054,-0.0649718760492932,0.154403807055723,0.0256179638703052,24.6,1,0.21743056137258,0.0470065663286635,1.5110642449509,2000,1000,2011028
"pen",1.43527608314218,1.44519518752651,1.34721209009394,1.34715778318173,1.55096898695916,1.55193377407688,1.55383199313121,-0.124301708603012,-0.0454157382790644,-0.0788859703239477,-0.0817756839618656,-0.0601383417961561,-0.152695807739174,0.0250417868955904,30.2,1,0.215562346279582,0.0799171310292866,1.53649736893522,2000,1000,2011029
"unpen",1.57849914277011,1.59113647394441,1.66121797215695,1.6611625403398,1.58155586981909,1.56567868129907,1.55798023000732,0.0168726073688658,-0.0678678560269255,0.0847404633957913,0.0862725628587565,-0.0811239875527357,0.1612325908248,0.0250339487742643,31,1,0.206594872280145,0.0640593587419548,1.53649736893522,2000,1000,2011029
"pen",1.23656361200205,1.26371738317246,1.17042363904432,1.17068005145616,1.38543463491294,1.38347092216897,1.38522394568993,-0.19900632226553,-0.0304032887974394,-0.168603033468091,-0.177389129658882,-0.0395685547581471,-0.329599449200075,0.0242479508442829,37.2,1,0.173041245795441,0.0369545677836448,1.34024996732491,2000,1000,2011030
"unpen",1.36038279397597,1.39166511116853,1.46051642860161,1.46073912743304,1.42297562022131,1.40424317661725,1.39506674977553,-0.0749065325575365,-0.05468707094098,-0.0202194616165565,-0.0211350404061985,-0.0630928657195113,-0.0395441029357632,0.0242824964008083,36.8,1,0.159367286117924,0.0348108223787507,1.34024996732491,2000,1000,2011030
"pen",1.40750157240201,1.41334522202912,1.3102405048255,1.31013029130451,1.51319856860078,1.53153261093117,1.55522773897722,-0.127396425298014,-0.0280802383504415,-0.0993161869475728,-0.101626163760319,-0.040243316246854,-0.189821668102933,0.0253638938604931,27,1,0.173408196063979,0.0639456018568387,1.53936577079352,2000,1000,2011031
"unpen",1.54840929998817,1.55907659851259,1.62391028514997,1.62376320127584,1.54334711523417,1.55132128398733,1.55812936820768,0.0115719995229206,-0.0536473815642443,0.0652193810871649,0.0662749695430809,-0.0641793058116045,0.123836200818903,0.0261881848061281,23.4,1,0.183856628178274,0.0613264572415416,1.53936577079352,2000,1000,2011031
"pen",1.37273241435067,1.37769035790795,1.26182995795105,1.26199008942209,1.53207633911209,1.53559484303291,1.53132990483044,-0.1580049311944,-0.0346215835086583,-0.123383347685741,-0.128863843848519,-0.0419725641117947,-0.238038884763845,0.0247086224765735,26.8,1,0.159020162070683,0.0418889502013342,1.49262035382813,2000,1000,2011032
"unpen",1.50235799553714,1.51224530936825,1.55801978552525,1.55821633919016,1.56854352921692,1.5596056801675,1.53943513874366,-0.0280707848933293,-0.0586043700149255,0.0305335851215963,0.0316495954359375,-0.0656010559650199,0.058160664807557,0.0252886613681476,24.6,1,0.15257548836689,0.0422369524428341,1.49262035382813,2000,1000,2011032
"pen",1.48439010499133,1.50555218300776,1.40489511565696,1.4051167075647,1.62431366784817,1.64083349736758,1.63156744720566,-0.109818695738789,-0.0611165295059053,-0.048702166232884,-0.0512524868375246,-0.0709563854578519,-0.0950553964007576,0.0250894055727448,29.2,1,0.195514130347575,0.0477842876767903,1.61851568970613,2000,1000,2011033
"unpen",1.6209838756454,1.64665444351093,1.71789316686752,1.7181141920931,1.65496694624555,1.65383746617012,1.63447606297624,0.0273411192974442,-0.0847169509431844,0.112058070240629,0.116980309709422,-0.0946491564680691,0.217952573580389,0.0256741380927138,25,1,0.195761863763382,0.0448293699656325,1.61851568970613,2000,1000,2011033
"pen",1.1820448225694,1.20509841115581,1.09947563330635,1.09955310840329,1.30308222960241,1.31560870878,1.31756913468011,-0.2377241309459,-0.0361971674774413,-0.201526963468458,-0.213837473283477,-0.048816444914595,-0.40027907449698,0.0254128726715326,31,1,0.187766017430551,0.0771746644555595,1.27542191571495,2000,1000,2011034
"unpen",1.29982822344733,1.32994263111384,1.39287591101742,1.39298186020639,1.3301577557797,1.32650996331311,1.32148262388923,-0.114990155911372,-0.0608876147710282,-0.0541025411403442,-0.0570327003607604,-0.0717289485422382,-0.106802565546886,0.025773972797657,28.8,1,0.182532134633525,0.0714778375003447,1.27542191571495,2000,1000,2011034
"pen",1.37806891546735,1.37643566634379,1.26117935073008,1.26114735903831,1.4854465609144,1.49348628205504,1.51526622563483,-0.160184315761219,-0.0358899353635734,-0.124294380397645,-0.128537668005286,-0.048140105461231,-0.238616376068805,0.0268456827984137,20.8,1,0.238126941379876,0.0560402220485468,1.48347983352195,2000,1000,2011035
"unpen",1.5217690961241,1.5262674817879,1.58877876362341,1.58873261634783,1.51830063677721,1.51298555004726,1.51939618670057,-0.0170583118371566,-0.0637058460737405,0.0466475342365838,0.0481673472831067,-0.0744550370773458,0.0889191495298197,0.02759729514974,18,1,0.250191290450862,0.0553245719356192,1.48347983352195,2000,1000,2011035
"pen",1.42205962368958,1.43926669564833,1.34908050478597,1.34885551088747,1.53934105908784,1.54679272500188,1.54735853575565,-0.134033952878522,-0.0575757308738521,-0.07645822200467,-0.0810443993466031,-0.0676022457487111,-0.150990406052575,0.0261645763142074,24.2,1,0.183420798075076,0.0718865121694441,1.58193714989234,2000,1000,2011036
"unpen",1.55615558243354,1.57443326113043,1.65612296969036,1.65592643721635,1.56145671250861,1.55310920020651,1.55036196688758,0.00121224751519559,-0.078673677694726,0.0798859252099216,0.0835907592245034,-0.0883840398776402,0.156177946716736,0.0257873493045045,25.4,1,0.170421945022509,0.0593813216227288,1.58193714989234,2000,1000,2011036
"pen",1.45589277368144,1.4860103207282,1.37031637873721,1.37030235206707,1.58522609378825,1.59507477432441,1.61099186243942,-0.12684949603207,-0.0609320325009073,-0.0659174635311623,-0.0690780068963517,-0.0767907700622735,-0.129823923855177,0.029288110269711,11.8,1,0.302574121553103,0.0955162163616759,1.56823817192459,2000,1000,2011037
"unpen",1.60969381956881,1.64637125317226,1.72714222244529,1.72715096072792,1.61138539775664,1.60334894728718,1.61553589285671,0.0261740139066334,-0.0903087276097814,0.116482741516415,0.120881224672382,-0.105535790590241,0.227032948633992,0.0315180467400328,7.6,1,0.313613207501409,0.0835778017907083,1.56823817192459,2000,1000,2011037
"pen",1.50791764525875,1.52352087765209,1.42250039957219,1.42239465583433,1.63078783043152,1.63341823822033,1.65362340727736,-0.0944962838852326,-0.0543152953149517,-0.0401809885702809,-0.0420883735160891,-0.0657297213700584,-0.0775399399520603,0.0248396909383291,29.4,1,0.179613092284105,0.0458791418831172,1.61615584832234,2000,1000,2011038
"unpen",1.64921001790486,1.66689353745749,1.73538656280081,1.7352987949803,1.6597161724728,1.64658098351383,1.65663778697333,0.0441478363596458,-0.0788588280311198,0.123006664390766,0.127296880561312,-0.0907621859105033,0.235566744386763,0.0262938602656944,22.6,1,0.193220164858395,0.0485303594599472,1.61615584832234,2000,1000,2011038
"pen",1.30855723827257,1.32682056156069,1.25090491907524,1.25086928070013,1.42634484419436,1.41923901377249,1.43529619123826,-0.163667534246707,-0.03587598350472,-0.127791550741987,-0.133211509317525,-0.047047984547646,-0.2491165618751,0.0256737568893919,24.8,1,0.209665056808394,0.0516981113520433,1.42818574024873,2000,1000,2011039
"unpen",1.44712278210924,1.46949600479208,1.57489305367281,1.57498105948834,1.45534705705148,1.42723589558931,1.43674027075457,-0.023307238236942,-0.0620638635835157,0.0387566253465737,0.040009955558908,-0.0724990314945833,0.0749787711673882,0.0263947889667132,21,1,0.202924261934759,0.0499013630290219,1.42818574024873,2000,1000,2011039
"pen",1.40504842532696,1.40947910327978,1.32057093280516,1.32097176233306,1.50662501533769,1.50186683540534,1.51683288516112,-0.138962877484274,-0.0464254276728121,-0.0925374498114615,-0.0969774927561052,-0.0561684103645679,-0.179291262593489,0.0235212083567294,39.8,1,0.196127162946094,0.0627601362527579,1.51369249450251,2000,1000,2011040
"unpen",1.53195948234809,1.53807528741077,1.60972702288632,1.61016711205767,1.52290869645213,1.50172147480858,1.51555174247653,-0.011120734460797,-0.0684838402869172,0.0573631058261202,0.0592472373637443,-0.077688859987258,0.109940134595621,0.0236138473951424,37,1,0.189728349663848,0.0568057632678176,1.51369249450251,2000,1000,2011040
"pen",1.42836084438696,1.4209654681099,1.32157550375907,1.32153303194528,1.53251985031877,1.54806384096676,1.5537514866833,-0.131505357851075,-0.0397830519989972,-0.0917223058520776,-0.0950958641742598,-0.0504118827872948,-0.178343086589035,0.0250031744196765,27.4,1,0.212355240218405,0.0599513942898838,1.56523874942478,2000,1000,2011041
"unpen",1.56512280568789,1.56254661531922,1.62969568711563,1.62959727047513,1.56355999399158,1.56873098187505,1.55772918017635,0.0048848124554145,-0.0625550179208761,0.0674398303762906,0.0691575353360206,-0.0719241603544059,0.129773881030791,0.0257174117839662,24.8,1,0.203156829007301,0.0542158206973588,1.56523874942478,2000,1000,2011041
"pen",1.27251954592394,1.28164368941027,1.16010821933977,1.16015860052088,1.39712823637399,1.40032695786647,1.4235492582992,-0.1980465961544,-0.0226433494573649,-0.175403246697036,-0.18147223715148,-0.0351978142909043,-0.340016179817307,0.0268921732470016,21.8,1,0.255189846976112,0.0764115441217726,1.40813573455244,2000,1000,2011042
"unpen",1.4089170686149,1.42483991381973,1.47865197323567,1.47865435151148,1.43075973049631,1.42329332275901,1.43169327022141,-0.0598609943078401,-0.0486471044384643,-0.0112138898693758,-0.0115141442064435,-0.0592249225789159,-0.0214593148816409,0.028129896487743,18.2,1,0.241067153513841,0.0638589521832707,1.40813573455244,2000,1000,2011042
"pen",1.52182626995257,1.52699049528828,1.41603678115487,1.41628301163102,1.64623078865602,1.65698635939344,1.66218052523434,-0.110993228776532,-0.0683382850102512,-0.0426549437662811,-0.0449327775008259,-0.0793280203075221,-0.0839077284139908,0.0271837804058713,19.2,1,0.2695242823749,0.0771831247788451,1.61206600977145,2000,1000,2011043
"unpen",1.6729341906766,1.68464957465825,1.76035531368583,1.76063349792423,1.67199901860047,1.66765608682435,1.66450005072801,0.0400500937990648,-0.0935943367322974,0.133644430531362,0.139292783934197,-0.104804994971943,0.260418797654099,0.0282323980740048,15,1,0.275249533453145,0.0747548278939201,1.61206600977145,2000,1000,2011043
"pen",1.4135220749281,1.45249742818466,1.34478141321824,1.34459981851156,1.55532469273801,1.56295711764543,1.5818275751306,-0.127527687530296,-0.0482792678177996,-0.0792484197124969,-0.0831381338087567,-0.0571920163604021,-0.155199343613378,0.0233697611230569,36.2,1,0.158928772065571,0.0611678753202263,1.51086109956437,2000,1000,2011044
"unpen",1.53432211439593,1.57706076206225,1.62356548555049,1.62342016243733,1.58574396223281,1.57766180655893,1.58774823595275,-0.00609577568866651,-0.0694922791147059,0.0633965034260394,0.06579642938164,-0.0780760339499456,0.123655427831825,0.0240206038331172,33,1,0.150233951693662,0.053921788294498,1.51086109956437,2000,1000,2011044
"pen",1.37273389613019,1.3929144526394,1.29121853291565,1.29106185431552,1.49769578693114,1.5187295334581,1.50770133686685,-0.153443924528802,-0.0467884483897919,-0.10665547613901,-0.111423074426437,-0.0605579006246628,-0.208984939661858,0.0262482493178469,26.4,1,0.235857025783055,0.0820151532589594,1.49387459558605,2000,1000,2011045
"unpen",1.50810682999828,1.53526869572899,1.61088510114761,1.61081342293701,1.52197384137824,1.53072447219878,1.513161947623,-0.0158434743000883,-0.0729914624638721,0.0571479881637838,0.0590934065454321,-0.0855650818620746,0.110681951728368,0.0271872018753357,21.6,1,0.236855391302193,0.0762636265467649,1.49387459558605,2000,1000,2011045
"pen",1.4840311094744,1.51385515058623,1.41441208571989,1.41437099155696,1.61467185992725,1.61935041275645,1.62131457813284,-0.117570962484338,-0.0744364713301173,-0.0431344911542212,-0.0456574028430803,-0.0879125252053472,-0.0856553524618979,0.0307195341005594,10.8,1,0.309749800424087,0.115234074464923,1.61623013085852,2000,1000,2011046
"unpen",1.64808815850564,1.67974301859626,1.79661947662073,1.79661792356882,1.6273128601257,1.60847422791965,1.61758247140877,0.0472452381695756,-0.103636737260505,0.15088197543008,0.158205363089923,-0.117621351947196,0.29649446065413,0.0325562638769355,8.2,1,0.280484480224948,0.0985595111205153,1.61623013085852,2000,1000,2011046
"pen",1.37442487426248,1.38498039440273,1.2806630435479,1.28055577947968,1.48151242693335,1.48497737152972,1.5028303673038,-0.164367581137857,-0.0537117572210749,-0.110655823916782,-0.117897717290433,-0.0629670748831238,-0.219522022204486,0.0247856060597161,29.6,1,0.168526398475408,0.0610777582479638,1.50400540851832,2000,1000,2011047
"unpen",1.50022744741604,1.5180982828093,1.58029497013336,1.58019062911636,1.51335323198945,1.50095007597599,1.51184991446669,-0.0346696961881263,-0.0758899881831044,0.0412202919949781,0.0432699974638858,-0.0849210234097868,0.0801270125774566,0.0248352815845661,30,1,0.168142465393467,0.056022401721922,1.50400540851832,2000,1000,2011047
"pen",1.29278900028029,1.32575399147692,1.22707524244204,1.22708291147887,1.42787369394736,1.44327633879978,1.43864016007101,-0.176856415251149,-0.0375248058098317,-0.139331609441317,-0.145813138953982,-0.050409012816027,-0.272897951544082,0.0261340054146428,24.8,1,0.207486970942622,0.0645146181547119,1.42104000048752,2000,1000,2011048
"unpen",1.42651760973776,1.461905337065,1.54000923861556,1.54000911480156,1.45664512341491,1.45427612597588,1.44059901794941,-0.041823785978826,-0.0623991677990013,0.0205753818201753,0.0215408204413563,-0.0735595165217047,0.0400757744098681,0.0268835185435481,20.8,1,0.204389984543887,0.0596147214438226,1.42104000048752,2000,1000,2011048
"pen",1.50286136345445,1.52216145735096,1.41990863353233,1.41992313413905,1.61815745845109,1.6342284729295,1.63905396032697,-0.1080311574253,-0.0678164124118308,-0.0402147450134696,-0.0428926537432238,-0.0775358018346743,-0.0801134393370486,0.0241628153102093,40.2,1,0.194985317728028,0.0402663302181675,1.62074941345368,2000,1000,2011049
"unpen",1.63146058416582,1.65425985297987,1.7158447036198,1.71585296108224,1.64187938916504,1.64442738451262,1.64744450446082,0.0219530805437409,-0.0879591174333704,0.109912197977111,0.116183145362942,-0.0992483336574217,0.215837956485051,0.0238264190331198,38.6,1,0.204718632477698,0.0394163974489934,1.62074941345368,2000,1000,2011049
"pen",1.26270172309474,1.29328143309809,1.19354652088756,1.19356720271793,1.40176994789405,1.41317512248505,1.40675663956194,-0.193023908214469,-0.0364999170076758,-0.156523991206793,-0.163938097717105,-0.0486096160939385,-0.306286399959683,0.0245693716017332,43,1,0.235686795557907,0.0757038178609315,1.37144693268724,2000,1000,2011050
"unpen",1.39153429827098,1.42629059682718,1.4915735726421,1.49149719332325,1.42849366455838,1.42547180836557,1.41035106235135,-0.0624270799307048,-0.0585164438001753,-0.00391063613052955,-0.00399197163380432,-0.0690796286927478,-0.00832614394731395,0.0244665065285018,43.2,1,0.241260920615803,0.0642843898993775,1.37144693268724,2000,1000,2011050
"pen",1.42177658537301,1.43948241433967,1.35186743672299,1.35178754475128,1.5344510972704,1.54778058745138,1.5597681881689,-0.117996125339522,-0.0420378334025753,-0.0759582919369464,-0.0791618474161941,-0.0503677990846324,-0.148158247384797,0.0229741437105983,46.6,1,0.184736671326884,0.055679127072347,1.53215580764245,2000,1000,2011051
"unpen",1.55178805453531,1.57287731238133,1.64407755934735,1.64394180991754,1.56143659539184,1.56062194602468,1.56109973490214,0.010765049754149,-0.0637542612426107,0.0745193109967597,0.0768092611309415,-0.0720317490643224,0.144070208205132,0.0236089228610465,43,1,0.183334909216516,0.0535958003287425,1.53215580764245,2000,1000,2011051
"pen",1.27212890534418,1.30037385860392,1.19238229447936,1.19251325201749,1.39656514791463,1.40459137242034,1.41554159434167,-0.201565542510954,-0.0454684260560618,-0.156097116454892,-0.165167026280115,-0.059614231726315,-0.307386180780219,0.0275311712919812,22,1,0.275147207480085,0.0781950211694562,1.36716557659843,2000,1000,2011052
"unpen",1.4086733011383,1.44089962310376,1.51454088088246,1.51467232518772,1.41970066803024,1.41346164085472,1.41992675255114,-0.0631802714144684,-0.0706268710750563,0.00744659966058792,0.0078264605689241,-0.0835744673802242,0.0146979854676625,0.0278254971496489,21,1,0.273144085984927,0.0696451322892054,1.36716557659843,2000,1000,2011052
"pen",1.36034354482656,1.37993572562,1.29611032495037,1.29606156640765,1.47734524372278,1.47793886368518,1.46028204958193,-0.150829110963138,-0.0458300238393059,-0.104999087123832,-0.109523001510888,-0.0597203732229554,-0.203986433923422,0.0242831698266253,36.4,1,0.242304229870688,0.0667253383468894,1.47788751929192,2000,1000,2011053
"unpen",1.48844099604123,1.51375899142921,1.59347424102404,1.59341326380001,1.50136864031054,1.48577741415392,1.46239087281881,-0.0208872474629211,-0.0693244877619521,0.048437240299031,0.0502123780471802,-0.0822500575105434,0.0933465913042125,0.0246995457551231,35,1,0.234648628188438,0.0596059871911362,1.47788751929192,2000,1000,2011053
"pen",1.44113293992958,1.45538248738802,1.33744370297665,1.3373991316639,1.56532976901696,1.5692281815671,1.57018813548978,-0.139338112558232,-0.0569298773609187,-0.0824082351973133,-0.0866189090410025,-0.0701086667132471,-0.162461302319895,0.0270653436891976,19.6,1,0.265345136155367,0.0819483034900323,1.564284766252,2000,1000,2011054
"unpen",1.57808252250771,1.59809871442588,1.66021567616922,1.66015039062788,1.58627460365855,1.57660970788863,1.57131809563517,-0.000154603420607325,-0.0827155527277347,0.0825609493071274,0.0857422256597412,-0.0948664073128662,0.160314273704843,0.0277963319389998,19,1,0.249248402341118,0.0736875221985932,1.564284766252,2000,1000,2011054
"pen",1.50649654661737,1.51390028512362,1.39893275393349,1.39893809359376,1.63499818432924,1.64526657406565,1.6530269026972,-0.113672655520249,-0.0614567310536956,-0.0522159244665535,-0.0548687861331615,-0.0707404554544803,-0.101211070939278,0.026984892951199,19.4,1,0.232559543223968,0.074974137236285,1.66213804612949,2000,1000,2011055
"unpen",1.65336765411431,1.6656442489844,1.73097201766292,1.7309666751111,1.65668243880297,1.6563860382587,1.65380144223888,0.032873767259858,-0.087357072220606,0.120230839480464,0.124996163690271,-0.0965595663893773,0.230739884375596,0.0281721822118517,17.4,1,0.225752548419612,0.0701914011641168,1.66213804612949,2000,1000,2011055
"pen",1.74381907084131,1.77559347734532,1.65555860371459,1.65584747293737,1.89421281721162,1.91207552356049,1.92544394273708,-0.00570852102855184,-0.0856534326803461,0.0799449116517943,0.0838548950762153,-0.0968702277920055,0.155635525709444,0.027370627371007,19.4,1,0.231682136508529,0.0552657798103831,1.95806728410132,2000,1000,2011056
"unpen",1.90887799975463,1.94705749059838,2.01089636237401,2.01111319625431,1.93053926252748,1.93105646882749,1.9346934729599,0.156111382304827,-0.109816380664015,0.265927762968842,0.275391848319064,-0.122572246544224,0.51097644679589,0.0287642732050086,14.6,1,0.237649237110173,0.0653824255176144,1.95806728410132,2000,1000,2011056
"pen",1.44826707911794,1.45986557909638,1.36701326707764,1.36651913673867,1.55579358279572,1.55877767520302,1.58155234877828,-0.118884761843425,-0.0500071110506363,-0.068877650792789,-0.0720997034477914,-0.0615116174803585,-0.133076693263663,0.02622321405433,20.4,1,0.197928064968292,0.0643420834331951,1.5904864634325,2000,1000,2011057
"unpen",1.59184813849161,1.61120745682871,1.69748501080228,1.69687570388966,1.57991151428941,1.5679669591676,1.5859421384235,0.0250570346487025,-0.0783137301363106,0.103370764785013,0.106653922690393,-0.0893575000305963,0.19729222239742,0.0280794689092411,16.2,1,0.213036930566395,0.061377489952988,1.5904864634325,2000,1000,2011057
"pen",1.54055327910351,1.57381821372212,1.4655689221466,1.46563733524192,1.68094027496503,1.69374942901094,1.71573261925396,-0.07472497739641,-0.0567471912954783,-0.0179777861009317,-0.0184214381684855,-0.0672590266146667,-0.0342487268893761,0.0269555314279715,19.4,1,0.232340911293622,0.0765370013025759,1.67933609619963,2000,1000,2011058
"unpen",1.69869594770664,1.74001400963223,1.81774200009167,1.8178183451486,1.71186482448903,1.705090243825,1.71893421360439,0.082476991827412,-0.0834569434100753,0.165933935237487,0.169829295781181,-0.0940130954982484,0.317884547286023,0.0279038636976046,18,1,0.259529936711882,0.0689442101788964,1.67933609619963,2000,1000,2011058
"pen",1.44031303645499,1.46664725757458,1.37444132114474,1.37451966605628,1.60098212915673,1.60410420143579,1.58946271761801,-0.115199021145306,-0.0506363512867748,-0.0645626698585313,-0.0673510003374429,-0.0606530247884418,-0.125422064582729,0.0269800815328888,22.6,1,0.228957237377436,0.0754796252954057,1.59403239455633,2000,1000,2011059
"unpen",1.58984049836058,1.62132046600741,1.71466136788042,1.71463141261105,1.64175271605192,1.6258930325469,1.59151525509637,0.0347315124606213,-0.0771081442624143,0.111839656723036,0.115295034127616,-0.0869419862697024,0.214784690514361,0.027797366905947,20.2,1,0.194587240409287,0.0609438263988762,1.59403239455633,2000,1000,2011059
"pen",1.50208943250878,1.53336601265414,1.44633879352489,1.44611211331746,1.61219324707982,1.62977448600996,1.65415849833701,-0.077957885722395,-0.0499531810744219,-0.0280047046479732,-0.0288994319652206,-0.0606226329008425,-0.0535034270450879,0.0251143556574076,24.6,1,0.286718560513395,0.0634481946971155,1.66697688666615,2000,1000,2011060
"unpen",1.65139716935573,1.6893775699257,1.77750273879474,1.77732389363547,1.63318529414302,1.63561784402814,1.65732554668113,0.0727710183809479,-0.0756247792065288,0.148395797587477,0.151135033654958,-0.085672496396201,0.277669702593243,0.0257030825478736,22.4,1,0.267526315417445,0.0618917590635394,1.66697688666615,2000,1000,2011060
"pen",1.41801414082315,1.44479940077722,1.33789979263055,1.33754559118102,1.54592694688696,1.55549330280636,1.55994242536201,-0.14815586334526,-0.0669449011559657,-0.0812109621892946,-0.0873104913329094,-0.075851676492056,-0.16208491564244,0.0247919032868303,33,1,0.197989296454708,0.0793125791506092,1.55215151592396,2000,1000,2011061
"unpen",1.54004233908938,1.57095477542924,1.62477085020505,1.62437701302196,1.57314083304953,1.56897333859537,1.56766393607999,-0.0247919738479938,-0.0877667526269703,0.0629747787789765,0.0669593887426624,-0.0975376884157691,0.124788636793574,0.0249828759235704,34.2,1,0.189474313035068,0.0708641306721093,1.55215151592396,2000,1000,2011061
"pen",1.40000489344422,1.4117262544399,1.3082076147967,1.30806650149648,1.52493533258451,1.52948974473313,1.53670515205867,-0.15067512632432,-0.0524209768268315,-0.0982541494974888,-0.10334083248865,-0.0614589986920665,-0.191886112722099,0.0258197749596676,28,1,0.186792846606308,0.0731437822265174,1.54017834255214,2000,1000,2011062
"unpen",1.53409114513729,1.55456439615212,1.624140679518,1.62385159117119,1.55804971750057,1.54928063129599,1.54174520123118,-0.0134818023038409,-0.0775664429709831,0.0640846406671422,0.0668458583717806,-0.0859450009209645,0.123985725546008,0.0264557641891579,26.2,1,0.18838214949355,0.0635135614996703,1.54017834255214,2000,1000,2011062
"pen",1.32979298337193,1.35879910858006,1.25546202491923,1.25575470897166,1.44923159267649,1.45278290578482,1.47003944897364,-0.178288703526001,-0.0540657406345139,-0.124222962891487,-0.131485847958798,-0.0676310384776641,-0.244389549182735,0.0279540040291432,19.2,1,0.27443540524825,0.0816122780981764,1.45799559591823,2000,1000,2011063
"unpen",1.47260794730849,1.50596431997553,1.59287630303555,1.59312053570225,1.47814160161101,1.46175199284063,1.47236885430408,-0.0356112262955111,-0.083219935476797,0.0476087091812859,0.0500020234644019,-0.0960303172962878,0.0929447137390775,0.0295068238230592,15.4,1,0.27391923442339,0.0745560411994092,1.45799559591823,2000,1000,2011063
"pen",1.42130081262684,1.41964558468057,1.32461683702914,1.32471629850906,1.54345513214861,1.54148405505228,1.53963488190905,-0.120563880974669,-0.0294003366126779,-0.0911635443619908,-0.0941919706669445,-0.0406697046789293,-0.17507620918585,0.0212948976134126,64,1,0.183218176353736,0.0331797726290343,1.53028281391371,2000,1000,2011064
"unpen",1.53543093557982,1.54022995270594,1.58750678500711,1.58758259228865,1.56669855278175,1.55476012886259,1.54428265668612,-0.00447729768075316,-0.0505689363710403,0.0460916386902871,0.0470945567866695,-0.0606019270147766,0.0877556943878412,0.0222317689366539,53.4,1,0.188511186765691,0.0312724981179854,1.53028281391371,2000,1000,2011064
"pen",1.39490352435532,1.4048493544771,1.30027032388141,1.30017969424914,1.49388766348265,1.50499342526483,1.51595909376236,-0.159984263466565,-0.0585182219332117,-0.101466041533353,-0.108133131028363,-0.0678290377492305,-0.199877699074756,0.0250766163578269,31.8,1,0.190057438547392,0.0739840980663522,1.50745146569487,2000,1000,2011065
"unpen",1.52138101307728,1.53362230108693,1.59272058380423,1.59272100020502,1.5146554223155,1.51318384638693,1.51620944987203,-0.034135175347782,-0.0814602375587455,0.0473250622109635,0.0499662949814314,-0.0909058427177827,0.0925139398144854,0.0261129156223777,29.6,1,0.176633001690464,0.0582892825291881,1.50745146569487,2000,1000,2011065
"pen",1.50925078330052,1.52139887451266,1.42724998075065,1.42722347009607,1.62580259624133,1.64167058257044,1.65808212086975,-0.0859340628458737,-0.0483914314987352,-0.0375426313471385,-0.0390277366015164,-0.0551856034967403,-0.0730542705037268,0.0226440463001225,41.2,1,0.107106328542684,0.029525036353543,1.63754126821371,2000,1000,2011066
"unpen",1.63853983657203,1.65643601623593,1.7185971437604,1.71854011792426,1.66436247035093,1.66258882220105,1.66556128319396,0.0427200477713257,-0.07064385181322,0.113363899584546,0.117011061421491,-0.077446934086361,0.218334795267985,0.0234070534124471,36.6,1,0.096945881293493,0.0294585552715048,1.63754126821371,2000,1000,2011066
"pen",1.40550634258544,1.4087932395263,1.30746095147703,1.30753635747414,1.51376468541474,1.51410159742523,1.51929494102981,-0.13826649357227,-0.0386183412251257,-0.0996481523471439,-0.104150161988808,-0.0470943654398644,-0.192608389999054,0.0219635383804077,46.8,1,0.192998342826792,0.0704135438016924,1.49333197117745,2000,1000,2011067
"unpen",1.5212326481444,1.52841564900358,1.57547261431017,1.5755510084487,1.53328748299422,1.52180820898971,1.52309637771478,-0.0212014352078414,-0.0602667937091346,0.0390653585012932,0.0400278334703778,-0.0679801126852862,0.075409965548322,0.0222782074853033,43.6,1,0.185897399546803,0.0644533035960279,1.49333197117745,2000,1000,2011067
"pen",1.40559384296356,1.41407614565499,1.3180144243736,1.3177188590598,1.51128616250428,1.51756908728779,1.53163802052985,-0.146199257965174,-0.0538155627145211,-0.0923836952506531,-0.0973186167197915,-0.0642742773890048,-0.182135233392854,0.0262622509806906,22.4,1,0.238348905667239,0.060834949754676,1.53047247534821,2000,1000,2011068
"unpen",1.54230479240371,1.55546137251963,1.63406162923359,1.63355375500313,1.54071294284504,1.53317725263418,1.53881061419325,-0.00875308301706518,-0.0778302854609215,0.0690772024438563,0.0719862322449502,-0.0875983641849571,0.133838915297127,0.0262705930687799,21,1,0.216756897113283,0.0574015458307146,1.53047247534821,2000,1000,2011068
"pen",1.45179249908891,1.46323787125649,1.35755437140769,1.35729103319661,1.55852816745161,1.57358099963577,1.5882851876227,-0.129310990177764,-0.0552552325720233,-0.0740557576057403,-0.0776669002067927,-0.0660104922175038,-0.142539507553548,0.0253103541592476,29.4,1,0.25535677570547,0.0520616910209016,1.54058620877319,2000,1000,2011069
"unpen",1.59058675887068,1.60838071172785,1.67568858996719,1.67537763302814,1.58778340342929,1.58809539137947,1.5966153835765,0.00958653792498983,-0.082743180757619,0.0923297186826089,0.0957001792845487,-0.0930681517384084,0.175554306166612,0.0263368897130905,24.4,1,0.244427845395788,0.047218900714069,1.54058620877319,2000,1000,2011069
"pen",1.55577383933048,1.55303862746362,1.44978429569583,1.44988797162406,1.6473559765698,1.65753219296107,1.69664043743429,-0.0767276387658678,-0.0508834585405144,-0.0258441802253534,-0.0268874025859898,-0.0596071881468887,-0.050330255837707,0.025056984887429,26.6,1,0.16089425327325,0.0578831867372972,1.6929771016952,2000,1000,2011070
"unpen",1.69489226215948,1.69842716671855,1.76469154317721,1.76489912756941,1.673131680968,1.67003900308372,1.70000600484979,0.0627755705097011,-0.0757129755471886,0.13848854605689,0.141843602823409,-0.084106623953809,0.264559281856395,0.0257203013659215,22.8,1,0.163778103323027,0.0556101790397177,1.6929771016952,2000,1000,2011070
"pen",1.56654797583008,1.57822071662784,1.49174388272206,1.49172775793007,1.69756725023835,1.69979227965121,1.710940739116,-0.060501851143684,-0.0562569337328546,-0.00424491741082939,-0.00445329993560462,-0.0640420939479411,-0.00818338944010769,0.0242638733533873,29.4,1,0.189380556848634,0.0525636810970432,1.70595773751896,2000,1000,2011071
"unpen",1.71189216491146,1.72860094266046,1.81352666458916,1.81347862708288,1.73121582652916,1.71422094574879,1.71515950869444,0.0824196846698941,-0.0803562593038709,0.162775943973765,0.167044326296258,-0.0885101298218985,0.313625948106313,0.0249807938810703,26.4,1,0.194924640069675,0.0515019973870795,1.70595773751896,2000,1000,2011071
"pen",1.27885469795144,1.27827594183876,1.1835040583349,1.1835539190413,1.39741102520497,1.38901845851647,1.39103290362875,-0.188115584889282,-0.0242295956969778,-0.163885989192304,-0.169250695010886,-0.0394715249955797,-0.316379072801353,0.0253443241052632,27.6,1,0.253621703911265,0.0742622520329292,1.35350947786744,2000,1000,2011072
"unpen",1.41117097541953,1.41860674253079,1.49571210079104,1.4956732475337,1.42066440025622,1.39680347036841,1.39516503418943,-0.0533235106536612,-0.0511534598521275,-0.00217005080153367,-0.00236292353030008,-0.063959058508328,-0.00414886980085587,0.0257920966448389,25.8,1,0.267159358133892,0.0740039424213198,1.35350947786744,2000,1000,2011072
"pen",1.6292778472058,1.63196746595296,1.56327139065565,1.56342753735316,1.72059716202329,1.70947668778756,1.73629827859294,-0.0296477412664503,-0.0625538649642334,0.0329061236977831,0.0339030005594594,-0.0731189279299311,0.0633168033893829,0.0235356761020044,36.6,1,0.209293220983346,0.0579103922636931,1.74374618943601,2000,1000,2011073
"unpen",1.77416139036654,1.78166179506502,1.87774627313552,1.87796610769884,1.74475726404913,1.71471477397867,1.73765299008802,0.111565171591092,-0.0872562733920286,0.19882144498312,0.203272131939938,-0.0980954991818659,0.377853258544008,0.0249908078074225,29.2,1,0.233474735035077,0.051814052838918,1.74374618943601,2000,1000,2011073
"pen",1.34240331498951,1.35841125586219,1.26114649181261,1.26106088712628,1.46104490066083,1.46183841101182,1.46252146895995,-0.166421615411979,-0.0424987435493703,-0.123922871862608,-0.129111183469664,-0.0568002067610866,-0.238899321849798,0.0253729690301483,27.6,1,0.305145531216135,0.0667284294992151,1.43876211160571,2000,1000,2011074
"unpen",1.47825689466534,1.50323235977866,1.5765009448457,1.57647803182247,1.49195932194766,1.47631882604387,1.47190213369382,-0.0282361212073953,-0.0681196853146495,0.0398835641072542,0.0412000049526535,-0.0810389769933434,0.0763589173843623,0.0261720221107446,25.4,1,0.304234029171093,0.0572955895003265,1.43876211160571,2000,1000,2011074
"pen",1.30614613734286,1.31948802482188,1.21388318804031,1.21405384010824,1.43471783861915,1.43218915975881,1.44433154561127,-0.18512383180442,-0.0366684070484901,-0.14845542475593,-0.155361601823393,-0.0448578340873451,-0.286094260167489,0.0251473148190722,27,1,0.152631515070066,0.055782243996518,1.44012536676963,2000,1000,2011075
"unpen",1.43802950933262,1.456554365604,1.51557277047393,1.51568364504695,1.4628861499688,1.44446923491318,1.44806884093894,-0.0507643351421004,-0.0589377576469832,0.00817342250488281,0.00849975469248645,-0.0659250598656851,0.0155455396715835,0.0247777378234343,29.6,1,0.136049574654802,0.0449635530727313,1.44012536676963,2000,1000,2011075
"pen",1.51491066828439,1.53263570831643,1.421518880555,1.42161904326157,1.63090270168668,1.64924412962844,1.66240238701883,-0.100027585235405,-0.0598266341350624,-0.040200951100343,-0.0422463081295216,-0.070117536514135,-0.0785355511461116,0.0244003329106043,33.2,1,0.133187651842173,0.0606339570365052,1.63151605954995,2000,1000,2011076
"unpen",1.64657084307743,1.66678744855285,1.71945541225286,1.71943577284696,1.6557791184829,1.66245401546839,1.66983000271956,0.0303981038124905,-0.0826599331285109,0.113058036941001,0.117948254138346,-0.0932894937049323,0.219452798672822,0.0252169229334504,30.6,1,0.149621670639278,0.0570015734831536,1.63151605954995,2000,1000,2011076
"pen",1.51773130274497,1.54064541705002,1.43334463898738,1.43324969638842,1.63652736153577,1.64645976691426,1.66705806059786,-0.0978594173070052,-0.0642680405438096,-0.0335913767631956,-0.0354082020196661,-0.0728352298954772,-0.0666411598541532,0.0259258242427249,23.2,1,0.181228775478407,0.0448212642353933,1.64711266601252,2000,1000,2011077
"unpen",1.65302171832669,1.68089413378047,1.74476528806409,1.74455325559137,1.66313308425777,1.65833095974993,1.67621152881858,0.0381901313784345,-0.086611939334021,0.124802070712455,0.130533853502701,-0.0957299132241747,0.244828538316597,0.0264256635787359,20.6,1,0.173793757470927,0.0410232353653547,1.64711266601252,2000,1000,2011077
"pen",1.28932614719233,1.30812639727247,1.19980594556495,1.199788436509,1.39379265072018,1.40977574629812,1.42453920701,-0.206107526066741,-0.0579498906270436,-0.148157635439697,-0.159784882383655,-0.068251555253988,-0.300005345947929,0.0274843545349939,25,1,0.18670539466938,0.096888620161494,1.40786235817462,2000,1000,2011078
"unpen",1.41741881189776,1.4400772983868,1.51271977009427,1.51271056440267,1.41566104233633,1.41830731531927,1.42847695280941,-0.0755622879539328,-0.0821095607683602,0.00654727281442742,0.00667592850024637,-0.0923949452405838,0.0129438274505308,0.0277578278605717,24,1,0.172161646385037,0.0826143478713799,1.40786235817462,2000,1000,2011078
"pen",1.40833411247816,1.41508056709122,1.30319987775452,1.3031041685734,1.54869349301601,1.54877558043144,1.53439494293041,-0.147225036929853,-0.0469474008149144,-0.100277636114939,-0.105389963473203,-0.0566525339435149,-0.197019776324736,0.02513033788274,31.4,1,0.197001681099836,0.0785159969777304,1.53743961057568,2000,1000,2011079
"unpen",1.54122489870683,1.55376082902516,1.61027525674428,1.61006877535933,1.58555985974926,1.57140273399099,1.54284023387754,-0.0135755713344842,-0.0696926844158557,0.0561171130813715,0.0583277872222433,-0.0791294167125574,0.109989915969831,0.0254157604777366,29.6,1,0.190733392580888,0.0626562208037293,1.53743961057568,2000,1000,2011079
"pen",1.34736937570816,1.36728688716576,1.24816138570761,1.2481727037487,1.47534406057218,1.48963321757201,1.50010910142351,-0.166710103832514,-0.0369280964148085,-0.129782007417706,-0.135249845121774,-0.0487077265973119,-0.251821808187644,0.0266470117405562,21.6,1,0.224159332574161,0.0604474028604021,1.48095772883236,2000,1000,2011080
"unpen",1.48450586334084,1.50841627989315,1.56058739461206,1.56058557778716,1.50921362938182,1.51173367163327,1.50368889653137,-0.0290076833559556,-0.0607762005022912,0.0317685171463356,0.0327249940295009,-0.0709005407899867,0.060632912784516,0.0266245431297428,21,1,0.221106567989397,0.0532102287552275,1.48095772883236,2000,1000,2011080
"pen",1.46734871889004,1.47183738327818,1.38060358077766,1.38024206751026,1.57255796435055,1.58453953849237,1.59649136057642,-0.115839283594639,-0.0544970157804993,-0.0613422678141399,-0.0644245695592407,-0.0626943526326664,-0.119460825952971,0.0252278990253749,31.8,1,0.175493788113672,0.0661124423065642,1.57216003084581,2000,1000,2011081
"unpen",1.60847379374892,1.61730847025028,1.70382141299637,1.70342439451325,1.59796019479129,1.59342044003854,1.5986482992779,0.0255470038831963,-0.080102182573836,0.105649186457032,0.109856560012936,-0.0887183091073478,0.203754798924175,0.026249861747034,27.6,1,0.187161899818946,0.0629950168412172,1.57216003084581,2000,1000,2011081
"pen",1.23486757331815,1.24192794098334,1.14766903742761,1.14754743402493,1.33432509796134,1.34253393461975,1.35299136213763,-0.218003300015593,-0.0401396808623392,-0.177863619153254,-0.189956166798829,-0.0484302009849313,-0.352555361045793,0.0244791650874074,37.2,1,0.123862537584462,0.0425794280450454,1.3490188501879,2000,1000,2011082
"unpen",1.35325889148965,1.36302339082796,1.42961615812557,1.429507185551,1.36344503899291,1.3578686307195,1.35628955458795,-0.0980440228423742,-0.0623067837334738,-0.0357372391089004,-0.0379027649222938,-0.0698838580083319,-0.0705523017091703,0.0243689113985665,37.6,1,0.13337650419028,0.0437833054409547,1.3490188501879,2000,1000,2011082
"pen",1.52241280640845,1.53649973187166,1.45072579310526,1.45057503059633,1.64737767679868,1.67042711552336,1.66469850182636,-0.0714336322505535,-0.045528370378677,-0.0259052618718764,-0.0265347990138128,-0.0557907520577705,-0.0494070858614706,0.0230458731454043,40.8,1,0.165339965789376,0.0227715451965132,1.66791543119798,2000,1000,2011083
"unpen",1.65589331089502,1.67553018631905,1.75309339564902,1.75304461003962,1.67813717450169,1.68354592076723,1.66622248729336,0.0633563729510672,-0.0695009673970325,0.1328573403481,0.135898276970266,-0.0792986379532267,0.252970794427106,0.0238366686998059,35.2,1,0.171124315984441,0.0230432882910628,1.66791543119798,2000,1000,2011083
"pen",1.34644467876362,1.35357182863482,1.25000274965595,1.24994344098212,1.45880989335511,1.49253570692387,1.47683949806836,-0.177047040231585,-0.0489744112020571,-0.128072629029528,-0.134822668704744,-0.0613706216378965,-0.249742683574493,0.0274799477610913,18,1,0.202126149388243,0.0582124603326601,1.44484705743649,2000,1000,2011084
"unpen",1.4902332024924,1.50258762832028,1.58659989750728,1.58647100302608,1.48368687060056,1.50314752861949,1.47815402899219,-0.0306148456568176,-0.0757945807987342,0.0451797351419166,0.0470476961948529,-0.08677695419567,0.0868094138397564,0.0277091586214147,17.4,1,0.209881330012369,0.0529155870924663,1.44484705743649,2000,1000,2011084
"pen",1.50596279854577,1.52863347515082,1.42816459469679,1.42788716777349,1.63327046757892,1.64261404588662,1.6373047653425,-0.11819447302471,-0.081983541466271,-0.036210931558439,-0.038950990050773,-0.0912726128253127,-0.0719290405281805,0.025307342649909,31.8,1,0.2095084703699,0.0747810229136423,1.63787461473681,2000,1000,2011085
"unpen",1.6388676035348,1.66710320560742,1.73644102198014,1.73624603887445,1.65792904099826,1.65226995973771,1.63827056473065,0.0170519196800696,-0.102960065125058,0.120011984805128,0.128352794341831,-0.113778778711324,0.236444316348811,0.0253610171157473,33.4,1,0.191879462218765,0.066871885692099,1.63787461473681,2000,1000,2011085
"pen",1.27108867485784,1.28491202272242,1.16561476858856,1.16559788548755,1.39354786380991,1.40144395358889,1.4118334082701,-0.203279198831351,-0.0313137132153961,-0.171965485615955,-0.180082238256146,-0.0423225296403086,-0.334523039249782,0.0259935283819598,25.4,1,0.252089905208568,0.0689853824427444,1.40416986580414,2000,1000,2011086
"unpen",1.39941597535722,1.41827219279698,1.46740582035878,1.46746993447006,1.42679114550403,1.42123512198409,1.41922928789371,-0.0720544541766085,-0.0552448500429591,-0.0168096041336494,-0.0173951177980562,-0.0645441807135892,-0.0325949953032807,0.0258426526406465,25,1,0.231094458888915,0.0577356649021725,1.40416986580414,2000,1000,2011086
"pen",1.12518316873429,1.12535598221181,1.0136962038125,1.01372425241693,1.23737598709228,1.23986515870363,1.258640943296,-0.261584216204503,-0.00590161245987999,-0.255682603744623,-0.265084787176891,-0.0215021232818191,-0.486521040768608,0.0257858476527663,25.8,1,0.242516482642747,0.0805303527082263,1.19913465739258,2000,1000,2011087
"unpen",1.25477818650243,1.26038590167103,1.31903489620376,1.31910082797703,1.26602306148184,1.25684387851556,1.26169392601432,-0.129719209074701,-0.0333884019966769,-0.0963308070780239,-0.0989674928116201,-0.0459626669501963,-0.181192995962332,0.0265194965690372,22,1,0.252517847547767,0.0752673348688561,1.19913465739258,2000,1000,2011087
"pen",1.37193123696389,1.39759583197962,1.28595118217814,1.28596824211804,1.50416477568211,1.52510839698843,1.52678564721314,-0.146195107592005,-0.0360786776431429,-0.110116429948863,-0.114242330079709,-0.0461354433976031,-0.214171642646681,0.0261648496425783,22,1,0.206072059557143,0.0478118764862229,1.51745253565842,2000,1000,2011088
"unpen",1.51036968059657,1.54033760571587,1.59941748472969,1.59946254613517,1.53569225373443,1.54313621522028,1.53000348012658,-0.00762908646682234,-0.0595429088644653,0.051913822397643,0.0532134401036462,-0.068414883755674,0.0993014224006939,0.0267755902259779,21.8,1,0.2138780761978,0.0408793746501264,1.51745253565842,2000,1000,2011088
"pen",1.51319251816468,1.50703693789952,1.42157999645749,1.42147826403561,1.6241800576064,1.62173179106917,1.62725301170697,-0.095292439626419,-0.0552585792857639,-0.0400338603406551,-0.0419961074681635,-0.0616674526545269,-0.0782584501637465,0.0232308967250704,38.4,1,0.130139829597363,0.0517543923733693,1.67057682307061,2000,1000,2011089
"unpen",1.64240089109847,1.64219069172129,1.71582845637569,1.71574587805312,1.65323810905827,1.6347288939215,1.63545921071139,0.0349662584437206,-0.076853154545498,0.111819412989219,0.11649799811619,-0.0841350255056172,0.21604745407241,0.0238587226738272,33.4,1,0.115953549141164,0.0460894461349947,1.67057682307061,2000,1000,2011089
"pen",1.48717010646974,1.50723759636261,1.40421786033633,1.40398919409475,1.64471971423585,1.65692290676052,1.65491394737376,-0.0834055282056881,-0.0334423097116197,-0.0499632184940684,-0.0512171004245663,-0.0417283867996763,-0.0956741353826902,0.0233185319157432,30.8,1,0.167328496851359,0.0491774752029648,1.64347371826058,2000,1000,2011090
"unpen",1.61985447249876,1.64317535100754,1.69599172200009,1.69572518612084,1.67738401853282,1.6751606912708,1.65872746969022,0.0474730201673154,-0.055466419610752,0.102939439778067,0.104803891213373,-0.0631649239067376,0.196140707922071,0.0238048730871388,26.4,1,0.160952873290987,0.043961125579521,1.64347371826058,2000,1000,2011090
"pen",1.50929423435647,1.52289424943943,1.43585576908166,1.43587743290589,1.61395689853512,1.61621352123649,1.6334959793813,-0.0700012106390211,-0.0363463143617618,-0.0336548962772594,-0.0343054510940485,-0.0482510574806642,-0.0640848975122972,0.0218906276275315,51.2,1,0.134027720391712,0.0540532946896104,1.61568201934809,2000,1000,2011091
"unpen",1.64379388743824,1.66244351548586,1.72925735908596,1.72931631525471,1.64285591712808,1.62911491039433,1.63969023544991,0.0625379168100406,-0.0589509801432178,0.121488896953258,0.122650054583799,-0.0698933504800363,0.229329024789229,0.0225348347615224,47,1,0.128981373770365,0.0503590745203848,1.61568201934809,2000,1000,2011091
"pen",1.44881853929944,1.47185908655976,1.37231569548323,1.37229718276334,1.56075616447553,1.57372317018931,1.58715719000593,-0.134050854185702,-0.0693767543847632,-0.0646740998009384,-0.0685853805815836,-0.0798538431358408,-0.127690400804509,0.0278174455266654,23.2,1,0.238724612599109,0.0684645766582763,1.59925931124849,2000,1000,2011092
"unpen",1.59730138618395,1.62402580121864,1.71765922218023,1.71754128176618,1.57848995452608,1.57315589090272,1.58300174376549,0.0152037062674383,-0.0959578033205493,0.111161509587988,0.116681830971986,-0.107059792706632,0.217641537670275,0.0291667342350908,20.6,1,0.231382461624928,0.0563269871547945,1.59925931124849,2000,1000,2011092
"pen",1.42145183705947,1.4331952803359,1.34554128424559,1.34533268194181,1.52866797809477,1.53126568394902,1.53827058641066,-0.138728159005388,-0.0608108147942387,-0.0779173442111493,-0.0824892505989842,-0.0703480162364588,-0.154826119307485,0.0250911334013891,31.4,1,0.233828527341406,0.0747781879058491,1.54974454054269,2000,1000,2011093
"unpen",1.55136689469217,1.56986128168858,1.6543974275025,1.65421943048997,1.5485792120022,1.53627592455704,1.53908564055577,-0.00545661810236005,-0.0844439432110037,0.0789873251086436,0.0828851756023644,-0.0939202409113972,0.15408878550075,0.0257824409494029,29.8,1,0.230776816699212,0.0711805976487137,1.54974454054269,2000,1000,2011093
"pen",1.28553467033108,1.31295116804076,1.2139822932417,1.21382597480137,1.41138766605047,1.42889113489104,1.43776664975862,-0.17334377261235,-0.0235313927008833,-0.149812379911467,-0.154245566438784,-0.0349092681591885,-0.28614771687926,0.0253846881043547,27.4,1,0.202331531890702,0.0680470586833974,1.46488958848372,2000,1000,2011094
"unpen",1.42116348207971,1.45568505184513,1.52659663513442,1.52645961242653,1.44284584841736,1.44573229103025,1.44970281826323,-0.0357984072373897,-0.0494755478609575,0.0136771406235678,0.0140728370377345,-0.0588857026005775,0.0264727522553241,0.0262007259420557,24.8,1,0.211460716725313,0.05627425493367,1.46488958848372,2000,1000,2011094
"pen",1.41465388442101,1.448114332813,1.34715330832445,1.34716676075327,1.54930143966427,1.56205117892562,1.55829227051059,-0.145038590997598,-0.0675474402456014,-0.0774911507519961,-0.0829742777527424,-0.0767391167889614,-0.153050387581027,0.0259527776242031,24,1,0.218435700132388,0.0737958937796243,1.56653772846584,2000,1000,2011095
"unpen",1.54538179669726,1.58403656579298,1.65856203721715,1.65866975846036,1.5796661355118,1.57247730754165,1.56458141444704,-0.0118851340532892,-0.0926607507392258,0.0807756166859366,0.0858110746364547,-0.102684654050808,0.15854970498089,0.0268079078453985,21.8,1,0.213544057804833,0.0700843713754333,1.56653772846584,2000,1000,2011095
"pen",1.2023445172826,1.21428874303082,1.11556624692651,1.11521155628931,1.31177953694261,1.31844489549644,1.30133705695336,-0.227904368666238,-0.0325618104142693,-0.195342558251969,-0.20555589396684,-0.0465621132194702,-0.384457459908199,0.0248471931763483,32.8,1,0.211432391115415,0.0803484946692999,1.26944089639834,2000,1000,2011096
"unpen",1.32462870285973,1.33973404139707,1.40879534822384,1.40838324429591,1.33526790625403,1.32496749895284,1.30325222493247,-0.103613309370331,-0.0567641879514493,-0.046849121418882,-0.0488237958298196,-0.0689653576440801,-0.0912045485870138,0.0248212436178646,32.8,1,0.201312484274806,0.0740868459171413,1.26944089639834,2000,1000,2011096
"pen",1.34957511087395,1.37090130857794,1.27411383232365,1.27430280261165,1.46504957649308,1.48283287830119,1.4950686644336,-0.154999601029805,-0.0398016060432455,-0.115197994986559,-0.119818981570922,-0.0516928718906493,-0.225966698370081,0.0264657296287822,26.2,1,0.21535700347191,0.057947006780026,1.50224539049812,2000,1000,2011097
"unpen",1.49500163672965,1.52347811950403,1.6067965847841,1.60684084596361,1.49386256768091,1.4986179890802,1.49989651859495,-0.0109529340924732,-0.0660357632848074,0.0550828291923342,0.0566124880134679,-0.0771529847453733,0.106767422883245,0.0280723459540938,18.8,1,0.214215241020758,0.057530946052954,1.50224539049812,2000,1000,2011097
"pen",1.45260034363116,1.49386598896734,1.38297413107848,1.38284211793026,1.61462993946161,1.62679515224985,1.63690433347266,-0.104972812307385,-0.043876212332287,-0.0610965999750984,-0.0628124123938898,-0.0560150978792714,-0.117074834932148,0.0257138244782352,27.2,1,0.229270983124451,0.0659348013976493,1.62374928408644,2000,1000,2011098
"unpen",1.59926826465754,1.64559526272988,1.70554516928336,1.70534162750047,1.64090411119755,1.64033368300244,1.64446608708791,0.0408136539895792,-0.0674409952779278,0.108254649267507,0.110234656160818,-0.0782152429801574,0.20542487856854,0.0264974054595634,22.8,1,0.22810389810145,0.0546906485605607,1.62374928408644,2000,1000,2011098
"pen",1.51093345610479,1.52917227013274,1.45621499470374,1.4561592153701,1.59296945924029,1.6172372140958,1.6169439470053,-0.0890436253208654,-0.0671355663193974,-0.0219080590014681,-0.0229143699303459,-0.0770649414498351,-0.0436163001807193,0.0243889044993862,32.4,1,0.201379570059243,0.060818063162848,1.61961392566145,2000,1000,2011099
"unpen",1.64574514716639,1.66579802399944,1.76315687202291,1.76299977711689,1.60996462541539,1.61723639633027,1.61515592855756,0.0459750006110823,-0.0877106480606624,0.133685648671745,0.139849781754406,-0.0983861003750444,0.263424212798528,0.0239090297602395,35.2,1,0.185453232743863,0.0548031309520349,1.61961392566145,2000,1000,2011099
"pen",1.24279386826677,1.25227370741073,1.158597449094,1.15854952506524,1.35718893960694,1.37801416621612,1.35519435945566,-0.205049677766488,-0.0300905488568667,-0.174959128909621,-0.182823620097413,-0.0424219970320832,-0.341388942957489,0.0250665661354306,24.6,1,0.236459216710552,0.0597697759708325,1.35722194875764,2000,1000,2011100
"unpen",1.36580634068221,1.3814655782822,1.45574926133088,1.45566458650972,1.38402497004997,1.39160543190695,1.36195094796303,-0.078894080386342,-0.056281888002659,-0.0226121923836829,-0.0231793801350009,-0.0666438899972415,-0.0441765199592154,0.02582638601748,20.2,1,0.246040810302208,0.0567778176453142,1.35722194875764,2000,1000,2011100
"pen",1.50381708250642,1.4992772067399,1.39011954883119,1.39010123141781,1.59352471052557,1.60282775266775,1.61451493673785,-0.124990363311393,-0.0693139645394691,-0.0556763987719244,-0.0592086499773664,-0.0787245183283939,-0.109777574060478,0.0247584460203415,28.6,1,0.219728312329524,0.0705264599376864,1.58461241225783,2000,1000,2011101
"unpen",1.63396986386361,1.63548400048889,1.69082403597277,1.69078647574056,1.62266619827607,1.6182693094591,1.61758527754093,0.00611456898791077,-0.0917611507145488,0.0978757197024596,0.103404038834264,-0.101779439231379,0.190936134628898,0.0249588264640544,27.8,1,0.216891794104474,0.0625585274927661,1.58461241225783,2000,1000,2011101
"pen",1.49769194008879,1.51827665013957,1.41006979476433,1.4099235596895,1.62848454868016,1.63443967050444,1.64472886287648,-0.112058483039979,-0.0669111061344716,-0.0451473769055079,-0.0478210661950432,-0.0779543485763525,-0.090065709444194,0.0264950148798055,24.8,1,0.246962796817236,0.0836364092663897,1.62500343460932,2000,1000,2011102
"unpen",1.63655143792909,1.66182176618998,1.73179826158414,1.73161897663194,1.65816930236367,1.64530600964883,1.64629327861885,0.0269179671690113,-0.0897116688523933,0.116629636021405,0.122294696456412,-0.101532201101396,0.23162913278486,0.027232249814886,22,1,0.228687406776786,0.0724911792933661,1.62500343460932,2000,1000,2011102
"pen",1.36180265350543,1.37121161442131,1.28520235020358,1.28525555375511,1.42069577961893,1.43949527571432,1.45162984153854,-0.163009600971216,-0.0540528559923193,-0.108956744978897,-0.115090759535494,-0.0677731361648291,-0.214505426495037,0.0251479314871001,31.2,1,0.222367627206041,0.0791625604866606,1.42928270066871,2000,1000,2011103
"unpen",1.48680405471882,1.50089133177679,1.58474208062626,1.58481854664113,1.42007344074383,1.42758370691685,1.4495435197079,-0.0343340979675318,-0.0778268250378102,0.0434927270702785,0.045710802980079,-0.0911565814584854,0.0850301169164238,0.025513224901814,30.2,1,0.216216917311797,0.074293223615308,1.42928270066871,2000,1000,2011103
"pen",1.20068887703478,1.19964773168482,1.10385737117711,1.10360136490001,1.30542271227841,1.30955700606346,1.31889308733975,-0.234074835222658,-0.0321067844804131,-0.201968050742245,-0.214032551541171,-0.0403731499313565,-0.396139698042652,0.0247550219851534,28.2,1,0.200889226570337,0.0709107367441455,1.3144665348301,2000,1000,2011104
"unpen",1.32173347175122,1.3253117686655,1.39434552562946,1.39410790787264,1.33751315933856,1.32795125997425,1.32494167533107,-0.109678496804683,-0.0552919688582491,-0.0543865279464344,-0.0570868048540242,-0.0622919195493627,-0.105650039501166,0.0245808537008778,28.8,1,0.194897013272776,0.0645886207777694,1.3144665348301,2000,1000,2011104
"pen",1.51938256855792,1.52076898595721,1.41142008378374,1.41142765607282,1.64577195519077,1.65387752191596,1.64879997046334,-0.113140589060399,-0.0677626017879246,-0.045377987272474,-0.0479221118944292,-0.078847599906385,-0.0886136066479175,0.0266847728072402,25.2,1,0.244985196369688,0.0897415170022789,1.63071492660935,2000,1000,2011105
"unpen",1.66304278068489,1.67020485471904,1.73762969029823,1.73763688269036,1.67487008199938,1.66928692700038,1.6523853108069,0.0308833109486437,-0.0921827893200362,0.12306610026868,0.128391773970008,-0.103299774792186,0.237669661033682,0.0271106628142944,22.8,1,0.250457833317455,0.0792755426576146,1.63071492660935,2000,1000,2011105
"pen",1.34389920642139,1.36305240316934,1.23342102250951,1.23368581422042,1.47620425806434,1.47975066156244,1.48103142795976,-0.194630089568458,-0.061762739399703,-0.132867350168755,-0.142626122417497,-0.0738078119370115,-0.26639452873258,0.0287681821015101,16.4,1,0.230643067410262,0.084818471571303,1.48402798352656,2000,1000,2011106
"unpen",1.47713424632104,1.49955289236332,1.55139892069862,1.5517013052413,1.5054419922181,1.49614933405675,1.48735416836492,-0.0587441240512067,-0.0850509494976135,0.0263068254464067,0.0279809494883544,-0.0960391320649231,0.0515587620057688,0.0284261161678885,16.6,1,0.223459662198762,0.0749424452409872,1.48402798352656,2000,1000,2011106
"pen",1.33317387451439,1.33765475625146,1.25172457288157,1.25166754786101,1.4403002021646,1.43818974034793,1.43954602671586,-0.160622927032765,-0.0330156003105412,-0.127607326722224,-0.132486908523067,-0.044210897874125,-0.248322948588421,0.0243487203444081,31,1,0.214650602514661,0.0538143102513915,1.46141710364679,2000,1000,2011107
"unpen",1.46229856724768,1.47315674224095,1.55355458171299,1.5536012368074,1.47304995977935,1.45416955232261,1.44512008097516,-0.0295855125884096,-0.0573419165871108,0.0277564039987012,0.0286566390990827,-0.0672013849226619,0.0535632076780842,0.0247114995324106,29,1,0.198320124047673,0.0518164106022543,1.46141710364679,2000,1000,2011107
"pen",1.61075239981539,1.62076541874244,1.52993858502209,1.53012031452649,1.71892909732398,1.71788415217527,1.71375998899351,-0.0594632392795958,-0.0745160715905053,0.0150528323109095,0.0160279709022439,-0.0864674524661786,0.0299939210012443,0.0245820113368444,33.2,1,0.151557904213474,0.0654867448751848,1.71622973144085,2000,1000,2011108
"unpen",1.74314355115644,1.7568397150282,1.83530909206204,1.83535202763749,1.73136057458136,1.71382259964187,1.7072975427584,0.0727276374786573,-0.0972357702422691,0.169963407720926,0.178118214636763,-0.110541162228861,0.335288507371187,0.0266314973666986,26.6,1,0.136016209460503,0.0576379427530507,1.71622973144085,2000,1000,2011108
"pen",1.39694300244511,1.42085335541932,1.32565936492568,1.32577078192156,1.51538243832156,1.52130488548685,1.53531351648091,-0.141193574279419,-0.0523186474102304,-0.0888749268691885,-0.0936200659167559,-0.0645459635654164,-0.174447725294061,0.0265773364593825,24,1,0.226467920480869,0.0674469883738501,1.49561476555174,2000,1000,2011109
"unpen",1.5385232585947,1.56580444747758,1.65120975555825,1.65136702026924,1.55042664911059,1.53629271865081,1.53602768023128,0.000123988730034322,-0.0779341070064404,0.0780580957364747,0.0811159917660624,-0.0899743202259001,0.151180277475602,0.027211888551724,19.4,1,0.223837667303127,0.0664953477263129,1.49561476555174,2000,1000,2011109
"pen",1.26393779912519,1.27435087935459,1.18225370544353,1.18227106729922,1.37798344675946,1.3856849303999,1.38298429057021,-0.202873764274657,-0.0416187673806957,-0.161254996893962,-0.170045915292287,-0.0534190380752122,-0.317803499740555,0.026915579760039,26.4,1,0.227053257083024,0.0809619167778981,1.3657584690024,2000,1000,2011110
"unpen",1.39778297054309,1.40721882732252,1.49500648847893,1.49498792946537,1.39961764961413,1.39266410541855,1.37399139502125,-0.0685867106982002,-0.0658857695261701,-0.00270094117203008,-0.00273854018852614,-0.0763141025914451,-0.00512800617281518,0.0265971417254578,28.4,1,0.196835504449804,0.0654766357974923,1.3657584690024,2000,1000,2011110
"pen",1.40566417092663,1.41518704176829,1.32580516417873,1.32577376913931,1.52282121999712,1.52727204494837,1.5475575395473,-0.132000824845599,-0.0420922567806495,-0.0899085680649493,-0.0935797324257857,-0.0509860509245857,-0.174124398780703,0.024611860082997,29.4,1,0.209294067445482,0.046325335818438,1.53343549668127,2000,1000,2011111
"unpen",1.5394690230026,1.55390350178224,1.62744452185119,1.62743577198297,1.55734021413902,1.54703697554333,1.55149277908793,0.00185054083803265,-0.0646805537115941,0.0665310945496268,0.0684467488731593,-0.0726923484616969,0.127534185422053,0.0243585624210334,32.4,1,0.194126367230343,0.0383808204377752,1.53343549668127,2000,1000,2011111
"pen",1.24254241554679,1.25295417290761,1.15669558102932,1.15674935062304,1.34592658737188,1.35486306884156,1.36198078832702,-0.222320718801303,-0.046994715653762,-0.175326003147541,-0.186357061245606,-0.0597891238289254,-0.343328232625057,0.0285605711695246,19,1,0.252015730065908,0.0807180123372052,1.33933824409861,2000,1000,2011112
"unpen",1.38563682098326,1.40338450422336,1.50062050215691,1.5006214446825,1.37623900531815,1.36612202786615,1.3693574471736,-0.0765066691589447,-0.0768055199719611,0.000298850813016407,0.000224042969460707,-0.0883015444216928,0.00063268086296962,0.0294507653892097,16.4,1,0.265350806802968,0.0733661268641049,1.33933824409861,2000,1000,2011112
"pen",1.53363740217238,1.56378405686926,1.47203382456738,1.47197503076807,1.65698165456348,1.66326566411608,1.6765064745788,-0.0813749308961942,-0.0670378741958477,-0.0143370567003465,-0.014864214456366,-0.0776016489130509,-0.0278966868417113,0.0247924786310769,31.8,1,0.242115153831165,0.052676770935321,1.6998826381059,2000,1000,2011113
"unpen",1.67186862141889,1.7116807206437,1.7915114332078,1.79135760009284,1.68027500601595,1.67004464698937,1.6839081081402,0.0590340598481442,-0.0914068424080023,0.150440902256146,0.156473348744019,-0.102700481813585,0.29163120845396,0.0266069673847558,25.6,1,0.221687051458226,0.052584181321244,1.6998826381059,2000,1000,2011113
"pen",1.37938275907919,1.38844043070131,1.28031009795986,1.28009309167929,1.48331406880922,1.49601986657269,1.49498740744161,-0.167456820820245,-0.0582000511415663,-0.109256769678679,-0.116378814083101,-0.0714052774462227,-0.219863085584866,0.0269254863053803,22.2,1,0.235972821838094,0.0762871187256859,1.45330955256609,2000,1000,2011114
"unpen",1.51185662393642,1.52193087360206,1.59454013385961,1.59429506101981,1.50419956412286,1.50140048588035,1.49516875015026,-0.0344008981330005,-0.0818428537431595,0.047441955610159,0.0497839589425067,-0.0941189435232553,0.0943496977089087,0.0278499749873218,19,1,0.23592092640624,0.0676619141466719,1.45330955256609,2000,1000,2011114
"pen",1.32049499500856,1.31008315088742,1.21675612283952,1.21687021951925,1.38817123178697,1.39867461087732,1.41044653789145,-0.191879872776515,-0.0507574438550104,-0.141122428921505,-0.150819602350047,-0.0608330258069762,-0.283340597521126,0.0241446313546293,40.2,1,0.161177225559718,0.0639673125185095,1.38420976923581,2000,1000,2011115
"unpen",1.43491022006938,1.4285341815843,1.4934565598432,1.49352299188963,1.41095712901709,1.41116945227227,1.41387931474993,-0.0759700597301789,-0.0727969343423731,-0.00317312538780576,-0.00360020416097389,-0.0824754728733145,-0.00663370512555668,0.0243538221899104,39.4,1,0.141115998835663,0.0599458043769507,1.38420976923581,2000,1000,2011115
"pen",1.26655588276015,1.27348774408995,1.18240508305869,1.18238210031011,1.36463197317474,1.36916983989556,1.39012010922443,-0.181512263061929,-0.0140811472299828,-0.167431115831946,-0.171381885462602,-0.0273053420680999,-0.317617900461159,0.0243867424757419,39.4,1,0.203332671596554,0.0673351144499819,1.34826005900482,2000,1000,2011116
"unpen",1.40005697313599,1.41198217564419,1.48923599987403,1.48921517094543,1.38893500530096,1.37710279237813,1.39061385094979,-0.0476663919066728,-0.0421459144918144,-0.0055204774148584,-0.00598519458097598,-0.0527313301073138,-0.0108475882474916,0.0252448876162123,33.2,1,0.218363144315297,0.0628303712810141,1.34826005900482,2000,1000,2011116
"pen",1.20754681417113,1.22211843745513,1.1109836626698,1.11110554659614,1.32473955285229,1.32562858737797,1.35424016130044,-0.223732746427395,-0.0255057027237298,-0.198227043703666,-0.207679450460007,-0.0374786890039345,-0.389030650991953,0.0252791447678744,26.4,1,0.248670841376139,0.0668736908261511,1.33180899452663,2000,1000,2011117
"unpen",1.33303187094257,1.35179709133233,1.40829592275902,1.40839824875071,1.35180959337186,1.33888958925273,1.35886771515168,-0.0962479231057941,-0.0490890352394917,-0.0471588878663024,-0.049186888736558,-0.0590570207703505,-0.0916967717204202,0.0256298267760411,26.2,1,0.237587972749147,0.0588927206288531,1.33180899452663,2000,1000,2011117
"pen",1.38259154214474,1.37766128489076,1.26576532949302,1.26575063889311,1.48286566690591,1.48191543599264,1.51309004884843,-0.149566783136709,-0.0265891045568936,-0.122977678579815,-0.126261305716179,-0.0412458236220581,-0.234264377559388,0.0253295745698218,26.8,1,0.272386667636474,0.0723604270988891,1.46113715373806,2000,1000,2011118
"unpen",1.52141247394852,1.51952811099385,1.57272513909919,1.57271024047524,1.50992669119179,1.49716660026563,1.51582111877676,-0.0132786898196484,-0.0516086150852253,0.0383299252655769,0.0386547297388151,-0.0638639324906929,0.0727331914421674,0.0256577176966688,25.8,1,0.260148601542341,0.0655910328059134,1.46113715373806,2000,1000,2011118
"pen",1.5028023536818,1.53578601654449,1.43884247525965,1.43882968194255,1.64041824764867,1.65220892388365,1.66158967902856,-0.0807631096197029,-0.0487090705819754,-0.0320540390377275,-0.0328905335644026,-0.0607865042143388,-0.0611602518150596,0.0256591118826098,23.8,1,0.215749077584265,0.0671649904357298,1.66429749103998,2000,1000,2011119
"unpen",1.65223657627911,1.68917208963312,1.76384536392555,1.76390003095158,1.66608679553657,1.66110075800018,1.66159521014121,0.0685707470289616,-0.0714214799173189,0.13999222694628,0.141717363364181,-0.0818850710976334,0.263951701544085,0.025050978131727,27.2,1,0.188067928519979,0.0526607650104181,1.66429749103998,2000,1000,2011119
"pen",1.39839986913552,1.40702807543777,1.3046989678365,1.3049551948773,1.50305606924849,1.52506229231727,1.5288029224973,-0.148608009339889,-0.0492515896787267,-0.0993564196611622,-0.104390464992037,-0.0611680483989449,-0.195235887184826,0.026566984246091,19.4,1,0.22297687016001,0.0738794488262613,1.51936319583812,2000,1000,2011120
"unpen",1.53545333443603,1.54667838305701,1.61952054943037,1.61964266030847,1.52137464571873,1.53551135002692,1.53102978479422,-0.01063909569956,-0.072393104308023,0.061754008608463,0.0639906995041459,-0.0829919738562799,0.119675045595167,0.0261294533000694,20.8,1,0.209539333013955,0.066783474932195,1.51936319583812,2000,1000,2011120
"pen",1.29485545090745,1.28621520390618,1.18643759208177,1.18620994054908,1.38247484297915,1.39654238222468,1.39373520332941,-0.183803764811374,-0.0222355554536267,-0.161568209357747,-0.166990572025721,-0.0327937305908493,-0.313626069385034,0.0240661887760465,34.6,1,0.178521843676815,0.0626244455882965,1.36644303455122,2000,1000,2011121
"unpen",1.41688446170048,1.41229564399405,1.47421352043803,1.47395772523598,1.40094443640885,1.40258245355316,1.39586634891106,-0.0587376642814998,-0.0455040135323007,-0.013233650749199,-0.0136654493960823,-0.0538435472481437,-0.0259166340384974,0.023794927057095,36.2,1,0.173686558506028,0.0589082189067987,1.36644303455122,2000,1000,2011121
"pen",1.48663804993334,1.50239473553295,1.39537971877497,1.39582225087424,1.62632604316129,1.63147910156538,1.62394988772555,-0.110240828696089,-0.0569679091220148,-0.0532729195740745,-0.0556541886245837,-0.0697089858989053,-0.104141517996691,0.0275584603324419,17.8,1,0.242508994312805,0.0710278469387675,1.59817077079341,2000,1000,2011122
"unpen",1.64301054771333,1.66423229718108,1.74325444425664,1.74368822305136,1.65825566402087,1.64509635977338,1.6271669785536,0.0439497616935995,-0.0825546440327859,0.126504405726385,0.130407927123635,-0.0949226295839477,0.243739015050846,0.0282695857112476,15.4,1,0.252006555024512,0.0618746622886321,1.59817077079341,2000,1000,2011122
"pen",1.42651610780938,1.42205706850599,1.32326232791355,1.32320825065311,1.54058946096375,1.54195573119919,1.55378934433334,-0.129048179123826,-0.0373853378424256,-0.0916628412814007,-0.0950628963989967,-0.0471572721062665,-0.176793424015589,0.0249162243443167,27.2,1,0.183788128227571,0.0570154379186453,1.54009321952426,2000,1000,2011123
"unpen",1.56142640907811,1.56325016068104,1.62994201568316,1.62990396869167,1.56877779678504,1.55851796750289,1.55867091024903,0.00593260028574274,-0.0615554298613633,0.067488030147106,0.0694966375138774,-0.0707450762893689,0.129856550951876,0.0262435127085157,21.4,1,0.186018040447243,0.0450133499426958,1.54009321952426,2000,1000,2011123
"pen",1.45477649559647,1.44603835523111,1.36394160736708,1.36371168299556,1.53027322665285,1.53586522953794,1.56233722581396,-0.117874713840364,-0.0481287858408372,-0.0697459279995266,-0.072512502312403,-0.0583804257143942,-0.136096361760948,0.0244137045566612,31.2,1,0.225315892023705,0.0536385300798979,1.57903436768863,2000,1000,2011124
"unpen",1.58829973292588,1.58205928488328,1.66019607456754,1.65987147252401,1.5588877850282,1.55350848953551,1.56473817414682,0.0125191406121089,-0.0707118234796588,0.0832309640917677,0.0859979058842516,-0.0803047647589085,0.160075785646713,0.02454282495192,29,1,0.209945852831333,0.0426920495137203,1.57903436768863,2000,1000,2011124
"pen",1.42945642845648,1.44623651326537,1.34205799608936,1.34190629334879,1.58021028736482,1.58767712974655,1.56635841849512,-0.122369002251327,-0.0399684687101876,-0.0824005335411398,-0.0850308969543771,-0.0537245855617192,-0.158173463526469,0.0254819858059203,33.8,1,0.225659958415299,0.0566230829171662,1.52890593545536,2000,1000,2011125
"unpen",1.56767290211095,1.59103340503479,1.65829819226786,1.657991263835,1.60277109488437,1.59537219172564,1.56943328882485,0.0176633251402737,-0.0652028852553623,0.082866210395636,0.0853310929861754,-0.0778294823801543,0.158034978439816,0.0263462145862713,29,1,0.211398884827804,0.0552811122577651,1.52890593545536,2000,1000,2011125
"pen",1.44884433012716,1.45433001417682,1.35615609021181,1.35591773347499,1.56200962896692,1.56478047326116,1.57167482965029,-0.139900278739845,-0.0679765241764656,-0.0719237545633789,-0.0770265734396878,-0.0777068739876331,-0.143805654974561,0.0261967523526629,26.8,1,0.175952950914284,0.0599706021682066,1.54241166177594,2000,1000,2011126
"unpen",1.58385546527322,1.59681232650844,1.6794014848821,1.67910641065629,1.58654393369975,1.57160565221667,1.57118781207161,-0.00073608857104318,-0.0922105941771225,0.0914745056060793,0.0967258420098614,-0.102881802811914,0.17942466629846,0.0266823130140783,26.2,1,0.165745891318201,0.0518365076174868,1.54241166177594,2000,1000,2011126
"pen",1.43255086268853,1.43293098094081,1.31954446827216,1.31947866934692,1.5384597447298,1.55240946580892,1.54154771537801,-0.141658842744505,-0.0493285910535566,-0.0923302516909484,-0.0966558553937438,-0.0615149634734122,-0.180433119892758,0.0243576277273239,35,1,0.219137013280974,0.062145640897506,1.55512150908513,2000,1000,2011127
"unpen",1.55867299583591,1.56295591538462,1.61049522608643,1.61052371643169,1.56322973196365,1.56626003537764,1.5469325948926,-0.0150684632865289,-0.0721740198864916,0.0571055565999626,0.0592101970455192,-0.0829330095088627,0.110430543992136,0.0245995570594641,32.8,1,0.217767102227562,0.0580661789726493,1.55512150908513,2000,1000,2011127
"pen",1.40729018810689,1.43451111637136,1.34249677744066,1.34249748210348,1.51750054642223,1.53110750533113,1.53960086247498,-0.127378295802044,-0.0471642673785597,-0.0802140284234848,-0.0840793727184901,-0.0578756119311277,-0.157465662029383,0.0252801348215997,28,1,0.17276441659601,0.0481020171372209,1.57166817847658,2000,1000,2011128
"unpen",1.53913133941737,1.57114545532389,1.64516308890698,1.64513422216546,1.53916733892372,1.53828147292169,1.54119090897407,0.00647633630210986,-0.0680356093171451,0.074511945619255,0.077233118335576,-0.0783559416941246,0.145102713092891,0.0252256336210472,27.2,1,0.159802751399516,0.0435727806457086,1.57166817847658,2000,1000,2011128
"pen",1.33687930218499,1.36054498297267,1.25989053496758,1.2593987146737,1.46101759644452,1.46032950037313,1.47615108808389,-0.161006530353851,-0.037341241682914,-0.123665288670937,-0.128719264512445,-0.0522776184257606,-0.240032371333719,0.0265896627896478,23.6,1,0.247635772039792,0.0776927433086003,1.4277457777731,2000,1000,2011129
"unpen",1.47821275380559,1.50488611323827,1.57888395444062,1.57834870258163,1.48567642045868,1.46794997135474,1.48075929426056,-0.021052661780501,-0.0626832858143446,0.0416306240338436,0.0424647811450063,-0.0758876506633638,0.0790111675663895,0.0271638657397292,23,1,0.247760460211177,0.0670624275179219,1.4277457777731,2000,1000,2011129
"pen",1.35897360668524,1.37095713260058,1.27113616339888,1.27110033975182,1.4708115956869,1.47635320795786,1.48822619718626,-0.163110229463103,-0.0448899458116653,-0.118220283651437,-0.124169064459794,-0.0552966976247024,-0.229001287428701,0.0260053227948071,22.4,1,0.221602900262471,0.0458093030832607,1.5086732919618,2000,1000,2011130
"unpen",1.49022468905606,1.50829156534863,1.58027063507594,1.58021903307013,1.49543335852111,1.48597003157022,1.4933737166302,-0.028877743792328,-0.0706025233904144,0.0417247795980864,0.0434060738962186,-0.0798130384957153,0.0799880744925929,0.0263607128495828,22.2,1,0.204747754222858,0.0501798261349362,1.5086732919618,2000,1000,2011130
"pen",1.25430739990245,1.28447951126852,1.17524950461082,1.17511283877613,1.4073541404899,1.41544983708358,1.41468986172863,-0.182363875501238,-0.0107612582838866,-0.171602617217351,-0.174739427022054,-0.027437381890919,-0.324809096602832,0.0267973954269564,19,1,0.294759448613889,0.0699360304235764,1.38354914032701,2000,1000,2011131
"unpen",1.40707863998528,1.4414014683819,1.51356790077479,1.51341474056873,1.4486725859681,1.43644106176644,1.42000872007791,-0.0314964492846969,-0.0386954322666973,0.00719898298200036,0.00715841662028623,-0.0519829454921533,0.0134904777770793,0.0268082094039878,20.4,1,0.275674651927475,0.0616477717495463,1.38354914032701,2000,1000,2011131
"pen",1.34599909451295,1.35374926485736,1.26483289850042,1.26446125169117,1.42301018474654,1.44347389894137,1.45853680519667,-0.168175051366347,-0.0470110403564166,-0.12116401100993,-0.127008700699898,-0.059950628784437,-0.235247513561872,0.0284219504048151,16.6,1,0.218525823720976,0.0923695731535751,1.46392659099427,2000,1000,2011132
"unpen",1.50022392986348,1.51451499500959,1.62216229002527,1.62167448598264,1.44359010373721,1.44564019641391,1.46060464517575,-0.0126483797998183,-0.076201156424203,0.0635527766243847,0.0655256917914818,-0.0879268814834001,0.122058622824126,0.0289886505828382,15.8,1,0.220761460041466,0.0872665109004433,1.46392659099427,2000,1000,2011132
"pen",1.32647887676229,1.35292095650132,1.25409267432374,1.25405699759436,1.4550828811345,1.45572057089181,1.44884825306331,-0.18650432961939,-0.0616146700056949,-0.124889659613695,-0.13362015873747,-0.0717106999462663,-0.246615278496561,0.0253323013845694,28.6,1,0.285465560931904,0.0878818409748083,1.4337984372829,2000,1000,2011133
"unpen",1.45735482352597,1.48678049780617,1.56443079217604,1.56448583725921,1.47862534160376,1.46019101942905,1.45319582252318,-0.0552744988284351,-0.0879120634184697,0.0326375645900346,0.0346295532721113,-0.0980792772787814,0.0636645205371073,0.0267447580088345,25.2,1,0.277257633542799,0.0897779304422231,1.4337984372829,2000,1000,2011133
"pen",1.51361579614773,1.5106578840675,1.40235934754452,1.40247837242291,1.63272276988037,1.62642074459256,1.63671327787451,-0.104645182581502,-0.0539928443828718,-0.0506523381986304,-0.0526529350524406,-0.0666248782756049,-0.0975254021883038,0.0258142437347819,25.2,1,0.274779966163162,0.0743320678843128,1.63705218821034,2000,1000,2011134
"unpen",1.65520345578992,1.6569469773598,1.71778994721693,1.71787203667999,1.65908486693672,1.64236216086387,1.64050563243002,0.0351559791443897,-0.0794618328607048,0.114617812005094,0.11808114526081,-0.0914935608231438,0.217911299092475,0.0273643827240483,19.6,1,0.263159912066129,0.0658331760294431,1.63705218821034,2000,1000,2011134
"pen",1.59251993720949,1.62161299466605,1.49619707072225,1.49614185158027,1.76033832685486,1.77091715586646,1.77493830718749,-0.063084319667547,-0.0609585071613402,-0.00212581250620683,-0.00223012986593952,-0.0710887593486611,-0.00395507139205607,0.0281705359135651,17.6,1,0.219875319600923,0.0800661983304789,1.77509440594183,2000,1000,2011135
"unpen",1.75090555568664,1.7840059975842,1.84294314226148,1.8428722333169,1.79604397354506,1.79061503982664,1.78012878740604,0.0940084490141256,-0.0854516495225969,0.179460098536722,0.18398968810574,-0.0950684620339198,0.342752690467448,0.0284558543874398,16,1,0.202768393041408,0.0672927677471125,1.77509440594183,2000,1000,2011135
"pen",1.44741918473545,1.46537377230251,1.36670410056296,1.36678974746163,1.55076496769563,1.57155283708288,1.57995194704409,-0.141078681509893,-0.0745013662367637,-0.0665773152731293,-0.0716456539557314,-0.0822233862312528,-0.13303230553524,0.025037946537564,33,1,0.196699467686277,0.0609378549618493,1.56796217222982,2000,1000,2011136
"unpen",1.57583094222309,1.60164207281461,1.67386656096945,1.67388881511777,1.58027117782116,1.58535877843989,1.58588445686489,-0.00861129991086126,-0.0967980115499219,0.0881867116390607,0.0943135757399685,-0.105708575427876,0.174081145356871,0.0252045686992475,32,1,0.196794255919007,0.0552707439487468,1.56796217222982,2000,1000,2011136
"pen",1.31696127099332,1.34418759194275,1.24283314410345,1.24282740427926,1.44814659965015,1.45748457101419,1.4742947629802,-0.150349215714428,-0.0131577320856108,-0.137191483628818,-0.139156667861522,-0.0278072250721707,-0.257323832029368,0.0241281625367865,30.4,1,0.208647187640926,0.0384845357562167,1.4570980360426,2000,1000,2011137
"unpen",1.45058247873737,1.485070414163,1.54352224883652,1.54352889448729,1.47927679779506,1.47377601990152,1.4824724635874,-0.0153906438124511,-0.0386773099967206,0.0232866661842694,0.0232984574306835,-0.0502408619877037,0.0433842543992887,0.0244432014971007,27.4,1,0.201591980347233,0.0352125076086347,1.4570980360426,2000,1000,2011137
"pen",1.14805412869854,1.14981585633628,1.03882646882102,1.0387360303046,1.25002525680298,1.26183585015966,1.26766064997592,-0.255804662488146,-0.022170840090057,-0.233633822398089,-0.247553837488052,-0.0294249249950709,-0.461204903133683,0.0241184361278724,36.2,1,0.176272620675308,0.0596857099941616,1.26608975561721,2000,1000,2011138
"unpen",1.258321235007,1.26393061738936,1.31140431057074,1.31130681508837,1.28049629367217,1.28087798922993,1.27373180381612,-0.142197789339291,-0.0462546188498653,-0.0959431704894261,-0.101191150595008,-0.0520956801392173,-0.188607135598636,0.0243776399541673,33.6,1,0.190225270971141,0.0505299747992087,1.26608975561721,2000,1000,2011138
"pen",1.50892390439048,1.52389389224108,1.44927695981441,1.44895912312432,1.59566737446557,1.60072946872349,1.62439974161033,-0.0863764959940237,-0.0608701556019322,-0.0255063403920916,-0.0268807803914776,-0.0746644338765124,-0.0508001396948838,0.0236622108859114,42.4,1,0.218956955956739,0.0635031371273597,1.57642322941167,2000,1000,2011139
"unpen",1.64604491560367,1.66745646707827,1.76430029348701,1.76404349829431,1.61544579630993,1.59942158067246,1.62446542598865,0.0500787876399652,-0.0873003704857268,0.137379158125692,0.141634607489867,-0.101054137492754,0.264171752045798,0.0248047745375193,33.6,1,0.221565815880614,0.0607950986508765,1.57642322941167,2000,1000,2011139
"pen",1.31445054798011,1.33657654658629,1.23353784607304,1.23360085198183,1.47532656933734,1.48158528042831,1.47346930387752,-0.164383437010176,-0.0263201679594915,-0.138063269050685,-0.142583004655637,-0.0374697317129279,-0.266172368098739,0.0251015677161241,28.4,1,0.196945358823838,0.0366721307166069,1.46565216229334,2000,1000,2011140
"unpen",1.4526831539537,1.47695269182195,1.54291669464477,1.54302833799505,1.51110976626667,1.50058825745372,1.47708145706343,-0.0272065548018117,-0.0501955875770246,0.0229890327752129,0.0233248918236924,-0.0594779776103471,0.0432351047978836,0.0253798952451393,28.2,1,0.189273962071053,0.0349647761104805,1.46565216229334,2000,1000,2011140
"pen",1.32608589270883,1.34882622642284,1.24032643467406,1.24031723806715,1.43195411157101,1.44607059783801,1.4529129086748,-0.181527815002235,-0.0497999209828198,-0.131727894019415,-0.139160482735482,-0.0642751110671838,-0.259470626671989,0.0261225484275974,24.8,1,0.252528124727609,0.0840615038715836,1.40593491908755,2000,1000,2011141
"unpen",1.45730915449379,1.48712481558755,1.55344882210505,1.55343773154265,1.45990249479102,1.45762714409464,1.4637223528949,-0.0486084913231128,-0.0759278407491964,0.0273193494260837,0.0285698920770829,-0.0894364835381992,0.0536332449910344,0.0265462131660615,20.8,1,0.242251939416959,0.08325513966235,1.40593491908755,2000,1000,2011141
"pen",1.39997328845856,1.4013772566532,1.31487186016825,1.31541329705382,1.50667175888371,1.50146353898401,1.51078891787952,-0.15020626297287,-0.0578797786761423,-0.0923264842967274,-0.0984793964884785,-0.06828505775733,-0.184830285544251,0.0259044137263881,28.6,1,0.180137030175326,0.0661586463879265,1.51785809744265,2000,1000,2011142
"unpen",1.53311340888104,1.54409841888867,1.63525086956134,1.6356643045915,1.5359603247612,1.51568378500634,1.51810967052072,-0.0159005820866436,-0.0843670881545727,0.0684665060679291,0.0723241578689667,-0.0955068648418689,0.135554837045014,0.0279340526808312,19.6,1,0.182412687943064,0.0632453091477847,1.51785809744265,2000,1000,2011142
"pen",1.48504810322778,1.51189801847796,1.3969407831182,1.39686911585688,1.59858201072646,1.62427828937298,1.63439789619934,-0.117456156798771,-0.0646483418296378,-0.052807814969133,-0.0556161080231934,-0.0764841013762758,-0.102932376834443,0.0277935939973837,17.2,1,0.244561620433936,0.0785000883531702,1.61953192133244,2000,1000,2011143
"unpen",1.63688484502975,1.66606779105858,1.74007946172376,1.74004748816431,1.62061390054365,1.62956046699208,1.63635535596564,0.034056695589294,-0.0905377253962376,0.124594420985532,0.129773433825652,-0.102290472119948,0.240175419564163,0.028748384797681,13.6,1,0.248237775966185,0.0709762497707601,1.61953192133244,2000,1000,2011143
"pen",1.30618243076819,1.31757568718862,1.21509498047021,1.21507928758499,1.38635397479421,1.40075513745433,1.42282685624781,-0.186032299831484,-0.040315358575881,-0.145716941255603,-0.153473744383506,-0.0519823865284801,-0.285311231876716,0.0249258322275049,34,1,0.155826114258489,0.0535846770511468,1.42749485148403,2000,1000,2011144
"unpen",1.42638869758781,1.44480392488914,1.50491456213017,1.50487757109,1.40343503207293,1.40720203354447,1.4283051042567,-0.0620330672660533,-0.0644185020636071,0.00238543479755385,0.00241556431116811,-0.0751868877793642,0.00454097032531291,0.0261962704896196,28.6,1,0.157756077766363,0.0461240656753647,1.42749485148403,2000,1000,2011144
"pen",1.39406562478262,1.42489367022671,1.31838814118463,1.3183798471061,1.53103212981822,1.52732529298471,1.53430577583313,-0.144408286868816,-0.051164242080697,-0.0932440447881194,-0.0976989624923408,-0.0633463507130273,-0.182003156805096,0.0258153300852565,27.4,1,0.172709729127921,0.0553966214145008,1.5426017232992,2000,1000,2011145
"unpen",1.52559926123192,1.56183469906399,1.62659819611095,1.62658448518714,1.55968908105245,1.53939815851357,1.53949838395152,-0.0112163583014957,-0.0762212344306728,0.065004876129177,0.0675866426847132,-0.0869557441934305,0.126213412388536,0.025869232239939,26.8,1,0.180892979476955,0.0545944617019331,1.5426017232992,2000,1000,2011145
"pen",1.57295245829435,1.59497528144563,1.4913716741598,1.49138210413097,1.70339230178201,1.71840025287115,1.72672016420831,-0.0675472724153478,-0.0632667761739061,-0.00428049624144171,-0.00447806566044023,-0.0744278255549317,-0.00855827122827986,0.0255853409192997,26.2,1,0.244869541010109,0.074231140802145,1.65534716040229,2000,1000,2011146
"unpen",1.72469988066605,1.75250471312283,1.82485135197968,1.82485606105868,1.72931280804425,1.72762692061669,1.72949474812347,0.0816510488073648,-0.0891161253925864,0.170767174199951,0.175667865767662,-0.100742673140961,0.325049879193093,0.0262142507160989,23,1,0.238003050062227,0.0653609341585568,1.65534716040229,2000,1000,2011146
"pen",1.34827863508792,1.37629298142628,1.25481203924601,1.25478617969366,1.49556936831265,1.50215613157186,1.51375888145475,-0.175946550988707,-0.0528823659603378,-0.123064185028369,-0.130978496533805,-0.0619614087892571,-0.245413881370686,0.0271881181644304,18.6,1,0.258677780962814,0.0816276147376962,1.49964026464663,2000,1000,2011147
"unpen",1.47985498667496,1.51141812322144,1.56378062653457,1.56374959964898,1.52693865741297,1.52103348379367,1.51798602865734,-0.0439296992472457,-0.0762632478135617,0.032333548566316,0.0339478891434552,-0.0850659499697403,0.0636082376910347,0.0276335256015099,18,1,0.243597417529051,0.071534062291224,1.49964026464663,2000,1000,2011147
"pen",1.59333828276449,1.61173366328582,1.52392594220735,1.52394799044929,1.69429883644341,1.69781064723608,1.72100303592042,-0.0440377633097515,-0.0567944525416829,0.0127566892319314,0.0127723716691727,-0.0711289996850364,0.0237856996516776,0.024458483385671,31,1,0.225103472736459,0.062471560953489,1.72577866230232,2000,1000,2011148
"unpen",1.74272530256887,1.76682674665836,1.85059914287707,1.85068891716115,1.70698908816706,1.69271144798533,1.71811164265421,0.101313641796983,-0.0857283389361224,0.187041980733105,0.190041564537199,-0.0995453684485138,0.350317186650034,0.0275419417612046,25.6,1,0.232909638638179,0.0606579601294172,1.72577866230232,2000,1000,2011148
"pen",1.50033596234713,1.52855224591843,1.42090713920225,1.42084096669363,1.64944187619263,1.65757691948203,1.65388171542299,-0.0980931983904804,-0.0581135506298302,-0.0399796477606502,-0.0417815020197542,-0.0692920268909075,-0.0788333516483957,0.0255620767683324,29,1,0.19929429107259,0.0705489545100017,1.61646031456364,2000,1000,2011149
"unpen",1.64062993925957,1.67765240201992,1.74675772252885,1.7466366478526,1.68249299212198,1.67388575918865,1.65957253335872,0.0425847439057966,-0.0846982317801452,0.127282975685942,0.131646059653134,-0.0963330026127035,0.246969077484135,0.0269529005192208,23.4,1,0.203655264881175,0.0706806340171999,1.61646031456364,2000,1000,2011149
"pen",1.51446750615183,1.52804818480413,1.4313756559834,1.43145920241277,1.64434422806976,1.64203495907797,1.64950193822937,-0.0832430645885883,-0.0475919942875405,-0.0356510703010478,-0.0368054606327564,-0.057954030456941,-0.0685392258653139,0.0241863024936375,38.6,1,0.241269337733298,0.0510517713774241,1.62801685277802,2000,1000,2011150
"unpen",1.65606792744155,1.67494446627776,1.74250922026715,1.7425688267939,1.67386379303321,1.65744487958412,1.65296719921035,0.057316928171027,-0.070373179323928,0.127690107494955,0.130041392016744,-0.0801232667540789,0.242566424405348,0.0247572564432293,36.4,1,0.22107213048899,0.0442289558434065,1.62801685277802,2000,1000,2011150
"pen",1.33574716993313,1.34162369704639,1.2489484000672,1.24897891392906,1.42614029667709,1.44793795744736,1.4649799308623,-0.174679768530916,-0.0465027358653571,-0.128177032665559,-0.134963615879178,-0.0553796820657163,-0.250854015613562,0.0246113445223289,31.2,1,0.206216367943785,0.0800448350990328,1.44720716001936,2000,1000,2011151
"unpen",1.46443456509705,1.4758481655565,1.55207545307867,1.5520976196026,1.45048209208801,1.45916589619184,1.46791330354109,-0.0430147743109989,-0.0700873341851561,0.0270725598741573,0.0281633924468454,-0.078184480167171,0.0522831055131576,0.0251185758832481,28.2,1,0.205570517683424,0.0730280636795279,1.44720716001936,2000,1000,2011151
"pen",1.36708531868772,1.39159340691864,1.28420325228013,1.28414249358898,1.49316528067231,1.50456029759138,1.5084491623491,-0.163308147605175,-0.0537766406047079,-0.109531507000467,-0.11620752251379,-0.0642452771143733,-0.216140694051485,0.0257932150326724,26.4,1,0.236741896476817,0.0735602917610941,1.49453056211899,2000,1000,2011152
"unpen",1.4944066536675,1.52420386966051,1.59203421088689,1.59189196307692,1.51921626286116,1.51351816421044,1.50990417489839,-0.0322607000421298,-0.0788652566446326,0.0466045566025028,0.0487621708896374,-0.0891731570801358,0.0916268355376102,0.0268171348094554,23.8,1,0.224766410580184,0.0750359675020008,1.49453056211899,2000,1000,2011152
"pen",1.38734917200318,1.39873277310649,1.29909720725898,1.29909032627849,1.50097914155081,1.50750717371728,1.5031338043025,-0.157685096458862,-0.0543730216417244,-0.103312074817138,-0.109250293835492,-0.0657151316902854,-0.200904879451699,0.0247164248071012,35.4,1,0.232996305222255,0.0801190224246126,1.50092402849052,2000,1000,2011153
"unpen",1.51700202526976,1.53103903734775,1.59530121491166,1.59520913394925,1.52438474007438,1.51734524140054,1.50519924271944,-0.0269410751101556,-0.0763928523779751,0.0494517772678195,0.05174894325479,-0.0874375041953433,0.0952058433391822,0.0246387627543988,36,1,0.22892878095409,0.0705187121999687,1.50092402849052,2000,1000,2011153
"pen",1.49098625366327,1.48566788753771,1.39191811207306,1.3920310509768,1.58373635274509,1.61266973796495,1.62278617919928,-0.109052374632929,-0.0529368273163653,-0.0561155473165634,-0.0583316272977736,-0.064119067330085,-0.107899656668404,0.0271735635129361,23.6,1,0.247755675308366,0.0626809573280192,1.62294015394349,2000,1000,2011154
"unpen",1.64729636753155,1.64932899116294,1.74950036431679,1.7495704126783,1.59831766006713,1.61633442021487,1.61826245305672,0.0479918294281558,-0.0834813696427041,0.13147319907086,0.13495302966984,-0.0943004368306095,0.24965880548742,0.0287540620618079,16.8,1,0.264718123312716,0.0705498387612755,1.62294015394349,2000,1000,2011154
"pen",1.30521222922655,1.33741104615502,1.23586786527939,1.23607259257793,1.40357323126694,1.42388232017211,1.44567572407244,-0.189684508828024,-0.0579988854565132,-0.13168562337151,-0.141580319434788,-0.0692530819461783,-0.264239929817924,0.02729654373029,20.2,1,0.202957211351361,0.085705285310412,1.43634699940481,2000,1000,2011155
"unpen",1.43904883969025,1.47254624110539,1.55435789395688,1.554535556589,1.42072287012584,1.42468684927948,1.45077486335857,-0.0557353465173076,-0.0833620152611156,0.027626668743808,0.0290771884609743,-0.0948063038951012,0.0542652658128127,0.0274834497193718,19.6,1,0.209157567487714,0.0777256990129025,1.43634699940481,2000,1000,2011155
"pen",1.46976507835938,1.48217577326998,1.37079098816851,1.37076550054785,1.57666716086535,1.58416062544122,1.60912661851397,-0.118249499899286,-0.0519473815477695,-0.0663021183515166,-0.069001863726622,-0.0632560922580804,-0.128983245729237,0.0266662106009325,23.2,1,0.266074310564371,0.0766759455088089,1.58908480411185,2000,1000,2011156
"unpen",1.61510484590036,1.6314059189666,1.69564209353943,1.69556190365832,1.59540237867494,1.5891541346345,1.6114264948542,0.0273782919993718,-0.0750917526509375,0.102470044650309,0.105593046420594,-0.0855456206329035,0.195931358858305,0.0263805894462599,23.8,1,0.236524498470816,0.0681242081928189,1.58908480411185,2000,1000,2011156
"pen",1.51320747550302,1.53042566072758,1.43377260965611,1.43354276114781,1.64328767465534,1.65630309026735,1.65324976201552,-0.0956195328924151,-0.0619300599041597,-0.0336894729882554,-0.035310894624283,-0.0721453350805678,-0.0664214059382477,0.025513655380229,29.8,1,0.252049168313239,0.075700052116243,1.62675871252094,2000,1000,2011157
"unpen",1.65895838883447,1.68250781131043,1.76267523211124,1.76242777180946,1.6779753857164,1.6716530781843,1.65620208016404,0.0507546061256913,-0.0845075458356766,0.135262151961368,0.139906223824736,-0.0949728857399695,0.262563516897979,0.0256406590699833,29,1,0.235357233721919,0.0659640505692263,1.62675871252094,2000,1000,2011157
"pen",1.30931883199573,1.3151001642385,1.20861793749529,1.20859431188767,1.42496464919701,1.43364692201194,1.45267361510215,-0.17593597359213,-0.0240988298680328,-0.151837143724097,-0.156598964543198,-0.0381732998530895,-0.291195243069827,0.0275186647749361,17,1,0.217724087778401,0.0683505989103044,1.45957563700034,2000,1000,2011158
"unpen",1.45181672393547,1.46270158638724,1.54215250053192,1.54212263496824,1.44815838613526,1.44297198162757,1.45682560092884,-0.0310755896391291,-0.0530673183281724,0.0219917286890433,0.0224380526607452,-0.0645452878253718,0.0423948525286371,0.0285780567764003,14,1,0.220635079695944,0.0635076541208476,1.45957563700034,2000,1000,2011158
"pen",1.31250011313116,1.34799301283836,1.24426240393513,1.24455903244722,1.48059948901087,1.48077750152786,1.48558701685463,-0.174123111370796,-0.0439425436408373,-0.130180567729959,-0.13715733418996,-0.0557931801326851,-0.255643359874993,0.0283611496462682,16.8,1,0.184478679934512,0.0650930719015798,1.44046117397924,2000,1000,2011159
"unpen",1.46569554810542,1.50926591780759,1.60678897447831,1.60709963337306,1.5220526143248,1.49787750415084,1.48886015557595,-0.0194305973521531,-0.0742933118723937,0.0548627145202406,0.0570021261093725,-0.0861138485092818,0.10693299667107,0.0303040730656232,12.4,1,0.195680371214427,0.0464682126536759,1.44046117397924,2000,1000,2011159
"pen",1.56077931460756,1.57809765847408,1.47812446682813,1.47798107200644,1.67907755410508,1.69232083109793,1.70835615663455,-0.0743836410417815,-0.0635954264372885,-0.010788214604493,-0.0114589013674103,-0.0754363363276215,-0.021622523007286,0.025993846292417,22.2,1,0.233156162512566,0.0705824599922038,1.67893786046775,2000,1000,2011160
"unpen",1.70540407864629,1.72812385560907,1.80242520813015,1.80233141019642,1.70105253429026,1.69856484153718,1.71101486842884,0.0700235481694061,-0.0856367983489317,0.155660346518338,0.160637150063278,-0.0978172675450431,0.302666827773772,0.0260572760966959,21.6,1,0.239113718494432,0.0661381872270523,1.67893786046775,2000,1000,2011160
"pen",1.35595887804719,1.36039826421492,1.26405562096351,1.2636448341986,1.4621596696061,1.46531073792007,1.47357811402954,-0.154496920625311,-0.0323705385000857,-0.122126382125226,-0.126337139504567,-0.0459350401656211,-0.236233377882419,0.0236899696909638,39.8,1,0.230670669884109,0.0597278222467487,1.42699295415091,2000,1000,2011161
"unpen",1.48681029460428,1.4954224235471,1.56497599374668,1.56426654003802,1.4848512110509,1.47303573306681,1.47046003092714,-0.0230480933794995,-0.0568334320248614,0.0337853386453619,0.0343201201428288,-0.0690096694172134,0.0645150145459027,0.0243067313681079,37,1,0.218083132026883,0.0542117475823843,1.42699295415091,2000,1000,2011161
"pen",1.56591690430695,1.58282712573004,1.46876633356732,1.46881753160542,1.70299308025103,1.71354767126374,1.71545769838239,-0.0792226348957604,-0.0630877138272761,-0.0161349210684844,-0.0167695118445624,-0.0729140546821043,-0.0310421834824654,0.0267931777347128,20.4,1,0.241286152123585,0.0881884693805408,1.70074982338183,2000,1000,2011162
"unpen",1.71649137895751,1.74231585724517,1.81285754825576,1.81291672641811,1.73069044542156,1.72460210052636,1.71859818837006,0.0733088348421225,-0.0901861745541778,0.1634950093963,0.169032372998482,-0.100708933742812,0.313101880831638,0.0279392945508303,17.2,1,0.24071211701845,0.0777390633320224,1.70074982338183,2000,1000,2011162
"pen",1.38463775666863,1.39582424305251,1.29238803559702,1.29222123445807,1.51260012663714,1.52184317112758,1.52667835656283,-0.153293330316358,-0.0467664520593577,-0.106526878257,-0.112325765603061,-0.0557258155342177,-0.207561726760983,0.0256980600483374,25.4,1,0.209098451151949,0.060889167636933,1.51552695712729,2000,1000,2011163
"unpen",1.51782316412014,1.53653732468431,1.60479100558964,1.60464752928302,1.54590923678333,1.5417476866927,1.53663249388222,-0.0170474408510573,-0.0717290460675548,0.0546816052164975,0.0568678915661337,-0.0803800307391408,0.10497980508338,0.0267762609696237,21.6,1,0.222054152813607,0.056156236959666,1.51552695712729,2000,1000,2011163
"pen",1.27317005613981,1.2973644833824,1.20613929700211,1.20596015263374,1.38088272115728,1.39278409050912,1.431199392685,-0.187580232564394,-0.0392296096427071,-0.148350622921687,-0.156832415518749,-0.0482138783291415,-0.294044787732845,0.0249729775849597,32,1,0.181462309018233,0.0637097935810628,1.39308067169746,2000,1000,2011164
"unpen",1.40055328941473,1.4275229304812,1.50273587950222,1.50252516171268,1.41220822009568,1.40636562404349,1.43698911122917,-0.0593110588952405,-0.0609119994155619,0.00160094052032139,0.00148014492518725,-0.0690645156991624,0.00254756871021319,0.0246199372261332,31,1,0.16468021258622,0.0599115018146823,1.39308067169746,2000,1000,2011164
"pen",1.28447597302141,1.27443300914787,1.19051517936055,1.19047240552991,1.37218118553754,1.38031043453735,1.37187360038254,-0.190442009937887,-0.0311744315686023,-0.159267578369285,-0.166635481613412,-0.0431163751285034,-0.30958798688,0.024087328697855,40.8,1,0.164527685824027,0.0529126446619174,1.36437773150031,2000,1000,2011165
"unpen",1.40960030802003,1.40333098443618,1.48434994673243,1.48393299604423,1.38730142339881,1.38745557946177,1.36913165885468,-0.0646232613202998,-0.0562610966527344,-0.00836216466756533,-0.0086987319080539,-0.067128845363394,-0.0158572325931168,0.0251696410329566,33.8,1,0.161465564962543,0.0468940977297689,1.36437773150031,2000,1000,2011165
"pen",1.20732606929029,1.21641731544165,1.11507747545103,1.11539887118196,1.31701542685937,1.31541123094338,1.31842382688679,-0.232147621852877,-0.0391081562268333,-0.193039465626044,-0.20511468067932,-0.0524618948346005,-0.384559073766867,0.0270614265244683,24.6,1,0.240848719594621,0.083049400700888,1.3046561382915,2000,1000,2011166
"unpen",1.33754554254008,1.35078652259744,1.43149233142948,1.43176501794238,1.34902874586723,1.33053796932956,1.3235511906291,-0.101892854594876,-0.0675456874255888,-0.0343471671692875,-0.0363292922512638,-0.0796668400467139,-0.0681986911447202,0.0281191835453956,19.8,1,0.214815611503748,0.0769644680042665,1.3046561382915,2000,1000,2011166
"pen",1.51952621658394,1.53702767226887,1.43486373667418,1.43502430118073,1.6526784769696,1.65620763142979,1.66059725528537,-0.102914681769558,-0.0697069803281193,-0.0332077014414386,-0.035151446133061,-0.0794403798381333,-0.065362465872028,0.0253054559748641,28.6,1,0.210455845845962,0.0541315860000368,1.64791101458007,2000,1000,2011167
"unpen",1.64850961461519,1.67127929265512,1.73596807931695,1.73609014091466,1.67118611659621,1.6620091066945,1.6622020560982,0.0285324100609853,-0.0932176997834543,0.12175010984444,0.128253437567465,-0.103743670939447,0.235734656818587,0.0263382197322602,24.6,1,0.194298322661339,0.0445370804072475,1.64791101458007,2000,1000,2011167
"pen",1.38003199237461,1.39863928978595,1.30558197933845,1.3055082816865,1.51149245653252,1.50382991530881,1.51780137154286,-0.135282082741035,-0.0332070391244214,-0.102075043616614,-0.104885208668962,-0.0438191839830157,-0.194292481089876,0.0230461937102857,46,1,0.234415955381493,0.0389932050473034,1.49469380709767,2000,1000,2011168
"unpen",1.51804198254725,1.53709014773758,1.60827223476919,1.60820179470132,1.53701301210654,1.50676350658942,1.52315599168559,0.000699357721623479,-0.0569857443675805,0.057685102089204,0.0588005868213672,-0.0660875616428024,0.108452758877594,0.023133132620926,44.6,1,0.226507255963839,0.0351533574075704,1.49469380709767,2000,1000,2011168
"pen",1.43937424725297,1.44609377022966,1.34226552609086,1.34203445947267,1.55417020905786,1.5607093463803,1.57066630804801,-0.137793201733574,-0.0587333812559061,-0.0790598204776675,-0.083589973052654,-0.0679073883031969,-0.157462672526789,0.0264798890651061,25.2,1,0.23221043450149,0.0700636947889651,1.57282708734625,2000,1000,2011169
"unpen",1.57377683079912,1.58967695960978,1.66082254142459,1.66063854752996,1.58541926193821,1.57778284809999,1.58219218521831,-0.00174475857874872,-0.083914648948176,0.0821698903694273,0.0859114046180441,-0.0933015341647537,0.161167584554275,0.0278395427618944,18.8,1,0.2482696718059,0.0726747138901753,1.57282708734625,2000,1000,2011169
"pen",1.53283017420553,1.54309686885961,1.44588485431548,1.44561967782348,1.65797662587359,1.6679818389621,1.68940958484703,-0.0747621138697543,-0.04628587714492,-0.0284762367248343,-0.029554864300904,-0.0546832839765431,-0.0540858971487571,0.0238511945723999,34.6,1,0.237485646980608,0.0542963350799772,1.67555613280928,2000,1000,2011170
"unpen",1.6743197485484,1.69449859434822,1.76000708250178,1.75965295807886,1.6808286902768,1.67751113995525,1.69172711831271,0.068278898378006,-0.0702593610122591,0.138538259390265,0.140648447341998,-0.0784930777740393,0.260072243647366,0.0246025758926922,32.2,1,0.24063333725091,0.048549926293437,1.67555613280928,2000,1000,2011170
"pen",1.37858092971204,1.39170269518242,1.28584905097131,1.28581087533497,1.51180412554449,1.52273999919797,1.52860548737936,-0.149656663518989,-0.0397239078992659,-0.109932755619723,-0.11428658117471,-0.0498774297956755,-0.214098689622024,0.0255482748395788,29,1,0.187559309536145,0.076869057777902,1.50536255648807,2000,1000,2011171
"unpen",1.51192313551774,1.53239684185536,1.60059204266413,1.60056650950588,1.53836063304038,1.53406978334881,1.53036745505196,-0.0143364935159456,-0.0663779744124369,0.0520414808964913,0.0537694523300116,-0.0754534496078276,0.100640347288881,0.0267760572119474,23.2,1,0.203531718034013,0.0722198895074475,1.50536255648807,2000,1000,2011171
"pen",1.44253256665528,1.45926609415363,1.35211229394761,1.35203777420892,1.55849161993349,1.56028437414916,1.589022665293,-0.130172711365727,-0.0549407322872683,-0.0752319790784586,-0.0795322379750986,-0.0648185003243568,-0.147589383885262,0.0264417662134711,22.6,1,0.20160032847715,0.0623414038811013,1.60076413062091,2000,1000,2011172
"unpen",1.58221385285671,1.60469763858526,1.67477909436881,1.67469768987177,1.58476589792268,1.5682019334953,1.59288236741381,0.0111466430121257,-0.0799674755400027,0.0911141185521284,0.0941930258055103,-0.0891102971307003,0.175074293661598,0.0266805470384949,23.6,1,0.204824243489508,0.0568122928408366,1.60076413062091,2000,1000,2011172
"pen",1.52470239599462,1.54186295674152,1.43662003418464,1.43670999055304,1.64233176065855,1.64186857316705,1.66111317409483,-0.0905047299813181,-0.0576867564976948,-0.0328179734836233,-0.0342968442282153,-0.0675756665327391,-0.0632631556333214,0.024789267806194,32.8,1,0.187084430685607,0.0709849392270521,1.65313452708941,2000,1000,2011173
"unpen",1.67216965453769,1.69326831605233,1.7626892416711,1.76275212918583,1.66679448225156,1.64809351863906,1.66251452005325,0.0550899397384766,-0.0821408480091327,0.137230787747609,0.141114558955623,-0.0922972077405187,0.262874215457044,0.026176237081924,27.6,1,0.198416872847816,0.0634637356494246,1.65313452708941,2000,1000,2011173
"pen",1.36404152009762,1.38285382836794,1.28098430229158,1.28092795148575,1.47365893742138,1.47474476572964,1.51296013706059,-0.166507956179447,-0.0562162904005571,-0.11029166577889,-0.117647953483237,-0.0670868304436757,-0.218515873904747,0.0280474978945711,19.4,1,0.220851073176445,0.0750983200163048,1.49821147614148,2000,1000,2011174
"unpen",1.50440938380692,1.52854176768002,1.61156608195473,1.6114357901596,1.50186818074515,1.48572909536794,1.51900243854204,-0.0248963249267525,-0.0823104242253193,0.0574140992985669,0.0596819325493892,-0.0927002263760833,0.112094244701355,0.0291412250253007,15.2,1,0.221446673869928,0.0759208691809137,1.49821147614148,2000,1000,2011174
"pen",1.44644283943457,1.44425790363543,1.36216931562984,1.36230154969118,1.56244925012292,1.57016271016395,1.56043789663944,-0.120505018509116,-0.0499061601020317,-0.0705988584070839,-0.0739902297111145,-0.0587222353856139,-0.137694936327726,0.0248026469665295,29.2,1,0.164859773064971,0.0644716147930928,1.57636103397145,2000,1000,2011175
"unpen",1.58538255339562,1.58531377699659,1.67361950102496,1.67373625457738,1.59209423326741,1.58605376770878,1.55906347035507,0.0177015627904716,-0.0723615634439394,0.090063126234411,0.0933009493935208,-0.0811643531569104,0.17377649991895,0.0246897006934135,29.4,1,0.158765968671311,0.0549100724177606,1.57636103397145,2000,1000,2011175
"pen",1.46618670736019,1.46156926854644,1.35530956078558,1.35550648658502,1.56210427134666,1.57053673993751,1.59841246862238,-0.116598482937692,-0.043505071556756,-0.0730934113809362,-0.0762355624309646,-0.0501582721586691,-0.144532157654591,0.0230715446803419,44.8,1,0.147799070455075,0.0497521400954856,1.59835303679296,2000,1000,2011176
"unpen",1.58809650961509,1.58727331228612,1.63337578272244,1.63348529141968,1.58195378105573,1.58175795206052,1.6051666470171,0.0055425338050185,-0.0628585050602011,0.0684010388652196,0.0707088182095223,-0.0692462704419101,0.133483604746757,0.0231241480460715,44.6,1,0.151923197652579,0.047867612884445,1.59835303679296,2000,1000,2011176
"pen",1.14740834484125,1.16939151394915,1.07587293276954,1.07565044465644,1.2462187477872,1.2600281182715,1.27205160631751,-0.24372838424033,-0.0264851119790614,-0.217243272261269,-0.228043369758043,-0.0398195962501439,-0.424287485658119,0.0268778597695435,24.8,1,0.247614301676416,0.090253265599997,1.28190115415318,2000,1000,2011177
"unpen",1.27660198610838,1.30483070421843,1.38921732343533,1.38894282317941,1.2738137757072,1.27119706240777,1.27896456350963,-0.109453921024824,-0.0517840812018682,-0.057669839822956,-0.0598568498059392,-0.0623159750229206,-0.110992906821524,0.0263863769059085,26.8,1,0.233923430997728,0.075391833834662,1.28190115415318,2000,1000,2011177
"pen",1.43365861266038,1.45593249000768,1.34980417242105,1.34968600634113,1.54688560166613,1.55694614430027,1.57778129946596,-0.126331921828411,-0.0496036296950727,-0.0767282921333385,-0.0803058413114443,-0.0609086057090612,-0.149727153202843,0.0260552702901958,30.2,1,0.226662953045733,0.0748418767739393,1.60526315194414,2000,1000,2011178
"unpen",1.57152914099484,1.60117578150419,1.67259213776186,1.6724713391784,1.56890260823106,1.56270666751537,1.58146850202752,0.0146973247624598,-0.0752275602726295,0.0899248850350894,0.0925357508016013,-0.0859192082889728,0.172930782966614,0.0273263436565581,25.4,1,0.22389064077828,0.066231003360162,1.60526315194414,2000,1000,2011178
"pen",1.38971164428195,1.42185367211236,1.32975036880899,1.32971458659379,1.51904162247027,1.53519416377766,1.53647416808726,-0.139778232616343,-0.0527759204873062,-0.0870023121290372,-0.0919133585262291,-0.0632553261710343,-0.170528850486422,0.0240686560417788,39,1,0.159532052869949,0.0595207984035431,1.49662509237644,2000,1000,2011179
"unpen",1.51595060693298,1.55597326143232,1.62985582927577,1.62984823203106,1.53791835194452,1.5359662739308,1.53867755536976,-0.00923979148453136,-0.0760187470040742,0.0667789555195429,0.0694843138617463,-0.0863499282591055,0.129547748750817,0.0247125424867328,36,1,0.16524779830941,0.0558489672057375,1.49662509237644,2000,1000,2011179
"pen",1.43502505096727,1.45635484744402,1.3675703653175,1.36744819369156,1.56165873271357,1.55038062050357,1.5767750175758,-0.111094265589769,-0.0418568774634671,-0.0692373881263015,-0.071228005252859,-0.0559512947873597,-0.132581859570298,0.0267800924255231,22.4,1,0.306372392307488,0.0750067389480923,1.56527681576594,2000,1000,2011180
"unpen",1.58920029312219,1.61503449151582,1.70689543682824,1.7067668791162,1.58971425776561,1.55666930307662,1.58221068926741,0.0412024515773097,-0.0685880587989311,0.109790510376241,0.111335568864105,-0.081082072353788,0.206832296916525,0.0275188733018396,19.6,1,0.284725811335769,0.0650727860672074,1.56527681576594,2000,1000,2011180
"pen",1.37250027095672,1.38145486288087,1.28239709874081,1.28227761951571,1.49444793509657,1.49009362166174,1.49202797063127,-0.164478849692569,-0.0534278599689917,-0.111050989723577,-0.11730515413834,-0.0632095601906783,-0.217370954960352,0.0242008642638705,35.8,1,0.230912696200154,0.0758251196281755,1.48212198761538,2000,1000,2011181
"unpen",1.49731085292672,1.51379243066003,1.5768106119548,1.57664709651868,1.5245660807135,1.50591003850404,1.49815969543366,-0.0375156114926796,-0.0771707274130691,0.0396551159203895,0.0414949389691662,-0.0866282822547579,0.077096852126258,0.0248398666554332,31.8,1,0.227589815866684,0.0701546694905493,1.48212198761538,2000,1000,2011181
"pen",1.35096552818686,1.36494668185728,1.26427729689956,1.26375273678084,1.47021127998731,1.49022990019061,1.49154737808965,-0.15019058816364,-0.0260129916085578,-0.124177596555082,-0.127662620121635,-0.0391253660822666,-0.235916328593413,0.0235959809098641,34.6,1,0.205200414392269,0.0444331570360943,1.46549537227528,2000,1000,2011182
"unpen",1.4817370471718,1.49957593665939,1.55728228078374,1.55671676636655,1.49198023477306,1.5000760984461,1.4938988290158,-0.019217992662871,-0.0495978238710708,0.0303798312081998,0.0309175691767016,-0.0612091855542763,0.05707455695535,0.0243428275970037,32,1,0.205296720399027,0.0498843467682594,1.46549537227528,2000,1000,2011182
"pen",1.43376647778492,1.43909834612275,1.32564297456036,1.32559804161948,1.56619495899765,1.57337065631285,1.57776301250249,-0.142292181608132,-0.052824576771143,-0.0894676048369891,-0.0938909589894407,-0.0633966909055692,-0.174442313589178,0.0284846436110585,14.2,1,0.234616762976311,0.0736229595854324,1.556601612877,2000,1000,2011183
"unpen",1.58427303605773,1.59424530153015,1.67143404878279,1.67135715318204,1.59880503859828,1.59003858609856,1.57795753258645,0.0092976434234623,-0.079381230539631,0.0886788739630933,0.0920001101148334,-0.089254764933061,0.171335949220172,0.0285682834711499,14.2,1,0.242482613253234,0.0653150812077652,1.556601612877,2000,1000,2011183
"pen",1.3565575342561,1.34284725770711,1.24860849871563,1.24862460035141,1.43517560559322,1.4454970794677,1.45069457511841,-0.162864842218043,-0.0324445277489149,-0.130420314469128,-0.134711151762834,-0.0476756677015274,-0.251358952078477,0.0261873524536755,25.4,1,0.241724387657591,0.0729956995745067,1.45869654030034,2000,1000,2011184
"unpen",1.49447284606667,1.49067530695332,1.56905962679653,1.56909759923053,1.45627420760014,1.45831161152965,1.45520554563521,-0.0221196310143115,-0.0583162345445676,0.036196603530256,0.0368886733471694,-0.0712947172853397,0.0690594688131871,0.0265723411257236,22.4,1,0.24660245651541,0.065358871914244,1.45869654030034,2000,1000,2011184
"pen",1.4142332146794,1.41419228106114,1.31453559754227,1.31447194555626,1.52044679530924,1.53599237462855,1.54726428472705,-0.139124222223788,-0.0430883786597537,-0.0960358435640347,-0.0999272503276114,-0.0528548691114737,-0.18531267405238,0.02425539004193,31,1,0.145644469108434,0.0741098187658715,1.50160183298466,2000,1000,2011185
"unpen",1.54506653214258,1.5468740953182,1.61286068804787,1.61287197566157,1.54850961250103,1.54999252373858,1.54586025097141,-0.00919840848953969,-0.0680677676554203,0.0588693591658806,0.0607373057213496,-0.0768796852602575,0.113104593136091,0.0248148613034392,27.4,1,0.167632251719947,0.0692219031572776,1.50160183298466,2000,1000,2011185
"pen",1.5224247693348,1.54192678032084,1.46365104861755,1.46366465150986,1.64821108916887,1.63495190485416,1.64684537934744,-0.0790384767236111,-0.0604028703025686,-0.0186356064210425,-0.0196397059807951,-0.0702267659831845,-0.0362815047907825,0.0219263538782073,48.4,1,0.156715437255315,0.045705140965326,1.61496015688913,2000,1000,2011186
"unpen",1.64426480356526,1.66693955148421,1.7412807026463,1.74125437248592,1.66787067815045,1.63716332535029,1.64724751487398,0.0435443419582284,-0.0818919761946148,0.125436318152843,0.130374651895053,-0.0922624067173604,0.241408976139946,0.0224137586181498,44.2,1,0.158140135625508,0.0433953873935862,1.61496015688913,2000,1000,2011186
"pen",1.36090184209805,1.36837014557574,1.28755029672035,1.28752078970417,1.47139479931391,1.47017985729922,1.48354435359626,-0.159229951503056,-0.051300944205721,-0.107929007297335,-0.11424292231552,-0.0600323757631629,-0.212539803583574,0.0264790892967646,20.6,1,0.127973310287896,0.0478571231354437,1.50336563752211,2000,1000,2011187
"unpen",1.49892741297863,1.51125114868401,1.61144203308355,1.61141426752655,1.50617058668675,1.48290243750226,1.49152156835367,-0.0199035818342058,-0.0770608335872049,0.0571572517529992,0.0600787474269551,-0.0853803650614424,0.111489676708721,0.0265296241872259,19.6,1,0.138055508436576,0.0498164801466504,1.50336563752211,2000,1000,2011187
"pen",1.23744063306108,1.25372866806323,1.16502395047536,1.16531058069813,1.35567191501277,1.3617417391458,1.34489353270918,-0.211990000732378,-0.0399884428157908,-0.172001557916587,-0.181810393297645,-0.0504080210676143,-0.335027450724259,0.0261579977154155,26,1,0.256873535636186,0.0723578816062206,1.33835656718343,2000,1000,2011188
"unpen",1.36681873488491,1.39158880588317,1.47840645813009,1.47866962166266,1.38896766072894,1.3779585262745,1.35412097877015,-0.0785621012023938,-0.0670566037125189,-0.0115054974898749,-0.0120820075662831,-0.0765748084199551,-0.0216285668094283,0.0265712056371386,24.6,1,0.236810570176169,0.0786142472773533,1.33835656718343,2000,1000,2011188
"pen",1.40009810100343,1.41763471169094,1.32961531685167,1.32961157784472,1.52509711164172,1.5233144702893,1.5400649112432,-0.138271497905931,-0.050812616030472,-0.087458881875459,-0.0917836175824736,-0.0602016463652275,-0.170434104411352,0.0265726874820092,23,1,0.209240307319095,0.0666010390738116,1.55266123726138,2000,1000,2011189
"unpen",1.5452777095536,1.56958631003233,1.66459409017027,1.66440895291622,1.55442290350583,1.53363410953191,1.5413416573378,0.0081475044333565,-0.0771775188479666,0.0853250232813231,0.0887362698499165,-0.0864915389453375,0.164606886522469,0.0279664109709187,20.4,1,0.221098695927561,0.0573936244931573,1.55266123726138,2000,1000,2011189
"pen",1.34832392098536,1.37403817770135,1.25975087662468,1.25963441239197,1.47770998555054,1.50005669247149,1.50134971528312,-0.14335945974861,-0.0163054035474619,-0.127054056201148,-0.129439042264086,-0.0301440739751081,-0.240086428436907,0.0236151102441071,42.4,1,0.186069889885472,0.0406443605968493,1.4434607771675,2000,1000,2011190
"unpen",1.47974178765115,1.51022205069206,1.56249974119869,1.56243883043118,1.49743798953778,1.50522292236407,1.50392913621282,-0.00940184915625485,-0.0429700462731222,0.0335681971168674,0.0335380660768466,-0.0546096781972623,0.0627420326407849,0.0247819178891076,36.8,1,0.184419718799512,0.0339535161079735,1.4434607771675,2000,1000,2011190
"pen",1.26214251584199,1.29848516693216,1.20641083298358,1.20638465846909,1.38142177059558,1.38652925678495,1.41113856950215,-0.180881463164404,-0.030411425583638,-0.150470037580766,-0.156920241065055,-0.0400319797733738,-0.293539181640124,0.0232329566652803,40.4,1,0.228434059910262,0.0389104020957774,1.39357542318618,2000,1000,2011191
"unpen",1.37936994410766,1.42360753745628,1.49004547807357,1.49004965443401,1.41496588685788,1.40226762966006,1.41883439116078,-0.061120847061531,-0.0558338430234589,-0.00528700403807215,-0.00538573033807245,-0.0640744656432677,-0.00997086923348992,0.0240902941455296,34,1,0.21081319603911,0.0413692536348477,1.39357542318618,2000,1000,2011191
"pen",1.32424556540733,1.32406296625612,1.23019540554817,1.23009206127022,1.41328636909707,1.41594574751637,1.44722156472152,-0.177984331534451,-0.0417286141455923,-0.136255717388859,-0.143818457701224,-0.0495781023478163,-0.26950443518131,0.0234452513192228,40,1,0.153681948364705,0.0659661935183148,1.45437117554495,2000,1000,2011192
"unpen",1.43631092544867,1.44767435075049,1.50625813915238,1.50613501747284,1.4418041033686,1.43334337103835,1.45738002169858,-0.0617993113909052,-0.0651160339023606,0.00331672251145543,0.00358197580113122,-0.0722364118702703,0.00651429977732796,0.0248262717192843,33,1,0.148052149993537,0.0675500066941774,1.45437117554495,2000,1000,2011192
"pen",1.3790859867384,1.39141098727624,1.29039845141907,1.29057747585933,1.48835089736408,1.50720957347078,1.50515111411119,-0.149434161520099,-0.0420578120111182,-0.107376349508981,-0.112435160708316,-0.0524087313695088,-0.209711475958341,0.0250657003723189,31.4,1,0.192256477049649,0.0670759933510249,1.47837588175537,2000,1000,2011193
"unpen",1.51174755493428,1.52923761905895,1.60323788985424,1.60341301844463,1.5144898066743,1.51643115999081,1.50904007107789,-0.0152174017772837,-0.0685139368233626,0.0532965350460789,0.0553688808295773,-0.078323090744957,0.103091964880574,0.0261548483992736,26.6,1,0.192135806075052,0.0634882607313472,1.47837588175537,2000,1000,2011193
"pen",1.28023185935952,1.30489699733942,1.19944004975774,1.19917808600213,1.40136643240588,1.40962379024764,1.42669214191979,-0.195789163319956,-0.0432964913044631,-0.152492672015493,-0.161399947579215,-0.0550745420375428,-0.300707185008832,0.0291342461008867,15.6,1,0.216750962018553,0.078783009451672,1.40533568809244,2000,1000,2011194
"unpen",1.42640218454357,1.4536168869659,1.54614009617972,1.54584457081096,1.43127158199658,1.41743894442883,1.43113733959693,-0.0480928514958759,-0.0718488672353074,0.0237560157394314,0.0244976692972519,-0.0821670569770901,0.0460386822230704,0.0296495004406823,14.4,1,0.234216802241689,0.0710386449473132,1.40533568809244,2000,1000,2011194
"pen",1.39066382517216,1.40881823197058,1.31570726063531,1.31559631041066,1.49632508543102,1.50439486421459,1.51838077308324,-0.150362686183328,-0.0569220310320331,-0.0934406551512952,-0.0986794498274998,-0.0681754852011472,-0.184300006889821,0.0268796615060484,23.6,1,0.189842290049133,0.0763219463760175,1.52885332095341,2000,1000,2011195
"unpen",1.52843696294792,1.55168330797415,1.63623958324329,1.63602478882689,1.52515563386024,1.51741585833009,1.52278011635895,-0.0113423130004842,-0.0812161260205697,0.0698738130200855,0.0730725369562829,-0.0921449323401836,0.136223028547172,0.0275092524225038,21,1,0.196214572603973,0.0608387259726246,1.52885332095341,2000,1000,2011195
"pen",1.60007602615985,1.60371758415466,1.50913646287831,1.50915017471976,1.70961327765758,1.7079472209274,1.71133286348963,-0.0676684126767866,-0.0724011970233896,0.00473278434660297,0.00499212202089552,-0.0840969381147711,0.00923364816759304,0.0241718196627545,31.8,1,0.216404042709578,0.0698956250453726,1.73719318434772,2000,1000,2011196
"unpen",1.73504426936789,1.7413000492375,1.80710980404292,1.80716651420679,1.73321303062041,1.71799050233106,1.71646084280374,0.0653272058326984,-0.0931547880214792,0.158481993854178,0.164942259026652,-0.105108361656053,0.307156310241614,0.0245265127832601,30,1,0.212224500524557,0.0638536728443617,1.73719318434772,2000,1000,2011196
"pen",1.42277012899225,1.42172349160616,1.31013807429006,1.31001829081218,1.53555897323198,1.54807442487617,1.54501047264773,-0.146545019832606,-0.0496227021509614,-0.0969223176816447,-0.101945368028807,-0.0604011343021606,-0.189771757671289,0.023586685616736,39.4,1,0.184340926103173,0.0547167764233713,1.48850886000285,2000,1000,2011197
"unpen",1.54509685322346,1.54988387491849,1.59345725714707,1.59340149206349,1.56362622333305,1.56571751376597,1.54890357701768,-0.0243012100341255,-0.072520883646798,0.0482196736126725,0.0503331209693346,-0.0827918474730034,0.0934975021522022,0.0240329867970671,36.8,1,0.186672279693045,0.0543398025594505,1.48850886000285,2000,1000,2011197
"pen",1.43790255467584,1.413466303748,1.32008374648177,1.31968238522391,1.53272611984657,1.52580497103429,1.55523784424265,-0.120200890005712,-0.026164594359918,-0.0940362956457944,-0.0966030676877486,-0.0347122775906527,-0.179831424932977,0.0232174253845053,39,1,0.143824665376483,0.0382657745119963,1.53477120851124,2000,1000,2011198
"unpen",1.56853580415341,1.55140052553819,1.61449916697216,1.61403743828629,1.56176885977547,1.54525366514553,1.56114576324598,0.00928698933667626,-0.0510533040637151,0.0603402934003914,0.0613495029252532,-0.058635395480306,0.11457925181159,0.0241306536424283,32,1,0.146014250067647,0.0369123158078565,1.53477120851124,2000,1000,2011198
"pen",1.38053639176521,1.40091695554497,1.29942245080079,1.29949623243439,1.48920606039909,1.49648503523554,1.50581308201078,-0.163456465125014,-0.0625162537198099,-0.100940211405205,-0.107907638993303,-0.0721634174565505,-0.200614281961459,0.0259789539036387,27.6,1,0.24138350450922,0.0946072928254027,1.51613138462607,2000,1000,2011199
"unpen",1.51308628131788,1.5378202186683,1.61515555167898,1.61515327501584,1.51492998687789,1.50443843542389,1.51562552600981,-0.0295675249099191,-0.0879393029511846,0.0583717780412655,0.0619738028681666,-0.0981593930877796,0.115093893637846,0.0269878074210552,23.6,1,0.240448174439596,0.0790700464306173,1.51613138462607,2000,1000,2011199
"pen",1.33136053935211,1.33726669225776,1.22593764447687,1.22568044784461,1.42863449359554,1.4431080235034,1.47061206412148,-0.185347666199342,-0.0457589985629525,-0.139588667636389,-0.147276497508866,-0.0565246827779483,-0.273724703672388,0.0268003278571185,19,1,0.261309520707728,0.0669109752683815,1.42496506560349,2000,1000,2011200
"unpen",1.46734272359542,1.47876995639387,1.54780335108066,1.54747895125043,1.44605752969244,1.44893954881029,1.46965865590748,-0.0464867029741918,-0.0713813865725984,0.0248946835984066,0.025805631350663,-0.0816007967483066,0.0480249421094068,0.0274201410882006,19.8,1,0.230844265148579,0.0601110559209924,1.42496506560349,2000,1000,2011200
"pen",1.34388009763341,1.3668085234811,1.26462069662492,1.26474363178716,1.4694220878626,1.48638742441427,1.49001190587652,-0.155820618685102,-0.032831542359372,-0.12298907632573,-0.127337907149069,-0.0452816349582755,-0.235281477100123,0.0244546986787622,33.4,1,0.258681865961506,0.0640589319420188,1.48622858771521,2000,1000,2011201
"unpen",1.47875389179407,1.50902768321587,1.57139814903205,1.57155277076165,1.49417597311122,1.49953080982228,1.49540352788056,-0.0190165052007625,-0.056878476332309,0.0378619711315466,0.038672966926967,-0.0679463872408855,0.0714622416580231,0.0250628529647282,30.2,1,0.241406131306867,0.0567053430462977,1.48622858771521,2000,1000,2011201
"pen",1.20122842427192,1.19613520083636,1.10464780341234,1.1048752496496,1.30963723254843,1.30548475236601,1.32006894687332,-0.230268400925673,-0.0278361668314866,-0.202432234094186,-0.21412396033643,-0.0353555338474783,-0.395178397804127,0.0237761630734468,39.4,1,0.175085249976036,0.057136775527948,1.29243137566497,2000,1000,2011202
"unpen",1.31800595261062,1.31599016009483,1.37950956132792,1.37984086117047,1.34183244069315,1.3254543781629,1.32375408369067,-0.111277452591208,-0.0491439032715512,-0.062133549319657,-0.0651416769991442,-0.0556651148026033,-0.120169781792267,0.0232477422844453,43.4,1,0.165610712888387,0.0471804502773912,1.29243137566497,2000,1000,2011202
"pen",1.46978224851848,1.47537064227004,1.38497864952132,1.3848796146956,1.54570796659745,1.54425961460838,1.57310478693365,-0.120231842317843,-0.0623074002662737,-0.0579244420515694,-0.062004181903773,-0.0753859135559762,-0.114787229940181,0.0252690510167243,36.4,1,0.132995616578192,0.041773527165544,1.57253158895431,2000,1000,2011203
"unpen",1.60019625280963,1.61307554118962,1.69319674145957,1.6931889561775,1.5707016914442,1.55483720268802,1.57459529625487,0.0107640917051895,-0.0878729730943578,0.0986370647995473,0.103737250323056,-0.101513214249768,0.193463181235094,0.0266668452978092,30,1,0.125758615696947,0.0417696730164499,1.57253158895431,2000,1000,2011203
"pen",1.28834435267944,1.28465708904442,1.20060685574118,1.20071768256685,1.38612805193261,1.3916756554946,1.38279469169203,-0.197291334100746,-0.045755340834288,-0.151535993266458,-0.161068832515724,-0.0538933807911636,-0.29924149677771,0.0237797452180865,40.4,1,0.159715480131816,0.0501672348156536,1.41346329367482,2000,1000,2011204
"unpen",1.40137273774624,1.40570759484761,1.48210053779153,1.48218975509748,1.40530737553889,1.3993519595824,1.38224685231135,-0.0790646325550012,-0.0699092989692617,-0.00915533358573957,-0.00940620978994964,-0.0776344110973736,-0.0178162567379455,0.0251159554537927,32.4,1,0.155641367683143,0.0430792297618474,1.41346329367482,2000,1000,2011204
"pen",1.50948170546691,1.49659262845926,1.37497752915319,1.37514584924615,1.62961211743757,1.6398659022229,1.63461485199496,-0.102164263147124,-0.03651028803193,-0.0656539751151943,-0.0670637216260532,-0.0488245061048179,-0.124815655331999,0.0257609684159208,23,1,0.20367538970141,0.0629221521083328,1.58756794144735,2000,1000,2011205
"unpen",1.6533445199684,1.6440181377659,1.69244631305627,1.69262321293322,1.65644937911747,1.65726934013452,1.6362288871623,0.0398395312832144,-0.062566390355794,0.102405921639008,0.103631298760428,-0.0728868064016518,0.192631258502074,0.0260807186302573,21.8,1,0.202006328722246,0.0602968693277208,1.58756794144735,2000,1000,2011205
"pen",1.43564809908944,1.45982009882532,1.36421106031007,1.36384152030825,1.56345687027321,1.56235066888487,1.57880060042534,-0.133060297204538,-0.0648465336863831,-0.068213763518155,-0.0723936609922146,-0.0743569411292087,-0.135881193762879,0.0267262885433663,22.6,1,0.228156173218334,0.0674371054435005,1.5730965448855,2000,1000,2011206
"unpen",1.58162873413703,1.6146629866896,1.70986496373241,1.70958053942243,1.59551230212046,1.57203609568584,1.58435827710985,0.014720117095245,-0.091775815042595,0.10649593213784,0.111804645115648,-0.102820535190627,0.209797743218971,0.0285133936073026,17.8,1,0.211892487559259,0.0688217558449468,1.5730965448855,2000,1000,2011206
"pen",1.33920598255618,1.36377989275733,1.2615610109306,1.26177010938568,1.45689380069153,1.45955145775594,1.47339182132172,-0.161565873366083,-0.0379506545134995,-0.123615218852583,-0.128382771302116,-0.0515881430036179,-0.238393364693831,0.0258688801145369,25,1,0.244725024468736,0.0847336929052808,1.44430313276584,2000,1000,2011207
"unpen",1.46995164202548,1.50074140092234,1.56984076898237,1.56999692505538,1.48356309329137,1.46923980659671,1.47668071475568,-0.0283143187029829,-0.0648641675460333,0.0365498488430505,0.0377534282466553,-0.0766076483026535,0.0698305245591011,0.0262994192053479,23.2,1,0.243239556591692,0.0792408221726957,1.44430313276584,2000,1000,2011207
"pen",1.41156052242007,1.43110007663776,1.3314989485005,1.33136613142371,1.5319468937118,1.54161131905261,1.57111056455934,-0.115447987511057,-0.0254495720381353,-0.0899984154729215,-0.0916513892354504,-0.0383147047324394,-0.168562769973646,0.0259230219398119,22.8,1,0.186768735780904,0.0469527991430637,1.55864851973688,2000,1000,2011208
"unpen",1.56589961357343,1.58846313672576,1.66229513783441,1.66212039242381,1.55946337224991,1.5541328697655,1.57565857712171,0.0350004608292129,-0.0531596596128068,0.0881601204420197,0.0889384307554062,-0.0639508196635217,0.162213796129673,0.0269249984519852,19.8,1,0.20499291949052,0.0421072590269743,1.55864851973688,2000,1000,2011208
"pen",1.40289744843682,1.39405264847999,1.31857620837466,1.31822840259816,1.46423729621882,1.47900351406138,1.49805780588042,-0.139929889687836,-0.0468929520278275,-0.0930369376600084,-0.0978184543865313,-0.0560349852799577,-0.181624838471591,0.0240756176039552,36.2,1,0.178115817438536,0.0577128919250588,1.49195876440609,2000,1000,2011209
"unpen",1.53175858524081,1.52896155282127,1.62092974266107,1.62058967650806,1.48940114145615,1.48981018752888,1.49797891743871,-0.00926535889346895,-0.0718494107903986,0.0625840518969297,0.0651228394815523,-0.0807798110908954,0.120823842863873,0.0253214527783319,30.6,1,0.176842910762106,0.0597813685405212,1.49195876440609,2000,1000,2011209
"pen",1.33049461883689,1.35418835613528,1.27152811965008,1.2717366170213,1.42453714358562,1.44680706475237,1.44143692948054,-0.165653086310867,-0.0504449506359993,-0.115208135674867,-0.121569701280671,-0.0599530266267679,-0.228306629256463,0.0242040416877802,32,1,0.195483154985132,0.0634188022791026,1.44260685859436,2000,1000,2011210
"unpen",1.45380735673878,1.48304215934616,1.56894391993833,1.56913822122819,1.44989904019553,1.45650570446123,1.44533291523524,-0.0397733352479607,-0.0747646166911981,0.0349912814432374,0.0369129343227418,-0.0836286283871557,0.0692500402930737,0.0248652051937085,29.2,1,0.200641783472424,0.0615488428833365,1.44260685859436,2000,1000,2011210
"pen",1.34546855342339,1.35588109763081,1.25783139483593,1.25793110656808,1.47064823534508,1.4840728401881,1.46975402565065,-0.172935553251529,-0.0504399412329711,-0.122495612018558,-0.130358414271266,-0.0576600197463189,-0.242195186556331,0.0249138784021167,29,1,0.161137892336982,0.07780167394027,1.4593328269295,2000,1000,2011211
"unpen",1.46694155109944,1.48122419082828,1.54451018945698,1.54456297888838,1.49922452834663,1.50163972730095,1.47551768554321,-0.0496152065079636,-0.0723660345734991,0.0227508280655355,0.0241509402946764,-0.0798192981732192,0.0445902248014702,0.0250686929191773,27.2,1,0.164274248482748,0.0690467321576257,1.4593328269295,2000,1000,2011211
"pen",1.46512721396668,1.48507699708195,1.4021079069191,1.4019478491957,1.57971563816035,1.59165767877302,1.58011745584612,-0.106276385583726,-0.0556108856725482,-0.0506654999111778,-0.0533868546654583,-0.065840692591474,-0.0976105043123511,0.0214522877621161,61,1,0.193859243971623,0.054567038796839,1.5444964187193,2000,1000,2011212
"unpen",1.58459533197881,1.6076418060652,1.67399864836305,1.67382446110237,1.60687223997679,1.60211154518344,1.58379015730254,0.0135609612705545,-0.0766439056975152,0.0902048669680697,0.0938769560769281,-0.0867751574497354,0.174277781785683,0.0214923868313687,59.6,1,0.190784027766443,0.0505100566628317,1.5444964187193,2000,1000,2011212
"pen",1.23610849389199,1.2501726518929,1.15073180314037,1.15064140760212,1.34104871311829,1.34969751293605,1.35254102891882,-0.211700269983075,-0.0337992476079547,-0.177901022375121,-0.187161736106644,-0.0437150130103077,-0.349313624098566,0.024017726641434,37.2,1,0.230225171457573,0.0658414667754947,1.34231090278304,2000,1000,2011213
"unpen",1.35575734996336,1.37403781436103,1.4376628226038,1.4375847291871,1.3647490302274,1.35927973901469,1.35367847714897,-0.0903971557139353,-0.0584026749115801,-0.0319944808023552,-0.0334739540918988,-0.0672087606712248,-0.0623555803337976,0.0252304179152822,32.4,1,0.222543842158764,0.0543483715680055,1.34231090278304,2000,1000,2011213
"pen",1.4613763543906,1.47906544711509,1.37733297176277,1.37737255019898,1.59426466674076,1.60492203375983,1.59904143469519,-0.119468827152485,-0.0564150401535057,-0.0630537869989796,-0.0655097095873152,-0.0700300404593687,-0.12280744515664,0.0277708506256348,19.8,1,0.257297733114834,0.0959445589656567,1.55187344284986,2000,1000,2011214
"unpen",1.61463766302383,1.63822344350557,1.72636858568061,1.72647037736871,1.62371955013398,1.61548405688941,1.60482448945079,0.033985401516652,-0.083030746662767,0.117016148179419,0.121044251612021,-0.0958845747446816,0.226354939812637,0.0276513213610425,20,1,0.261174272439276,0.0802118366054112,1.55187344284986,2000,1000,2011214
"pen",1.42534761474581,1.44346881522495,1.34531916781544,1.34501115793075,1.55015714132442,1.54199688772438,1.56614292451544,-0.141525435953928,-0.062162008232481,-0.0793634277214472,-0.0834556274162734,-0.0749525285119027,-0.154805713364939,0.0272374962232783,23.4,1,0.288763138761958,0.0984522746773673,1.53745465574862,2000,1000,2011215
"unpen",1.57801930719624,1.60014298310203,1.6896309815661,1.6891896231139,1.58388379672998,1.55333424596569,1.56844057649602,0.0103507902040958,-0.0880156256936432,0.098366415897739,0.10229834060449,-0.100246871455599,0.189461706847285,0.0271323005652115,22.8,1,0.268674330408654,0.0690145542405413,1.53745465574862,2000,1000,2011215
"pen",1.37431501181646,1.40296445135546,1.29524911919157,1.29521743162544,1.50914877387478,1.51760461097136,1.52663097379802,-0.156119126485432,-0.0519487078763566,-0.104170418609075,-0.110045537954451,-0.0617668016149244,-0.204600964714041,0.0257809805554359,28,1,0.237183945072948,0.0667724556571301,1.52819399780575,2000,1000,2011216
"unpen",1.50749016384764,1.54339397631801,1.60782676077844,1.60774745205691,1.54262487259139,1.53640220983872,1.53419206547762,-0.0210216630092359,-0.0766201700034048,0.0555985069941688,0.0580452734051609,-0.0862577793886165,0.10797180547657,0.026935738528726,22.4,1,0.236845251265934,0.0570903748225921,1.52819399780575,2000,1000,2011216
"pen",1.10843373543529,1.12386807025217,1.01461540240648,1.01478830172038,1.21864181104017,1.22162337956918,1.25013735531461,-0.262519905804054,-0.0116253142178754,-0.250894591586179,-0.26240947288613,-0.0236219127951523,-0.484855926446034,0.0241495075065799,36,1,0.193203928792146,0.0551124648679576,1.20547771507757,2000,1000,2011217
"unpen",1.22629490327102,1.24726513220675,1.29685172965394,1.29700626661443,1.25061139654035,1.23976882001548,1.26019044885952,-0.142246418657812,-0.0369359446861524,-0.10531047397166,-0.109507485436763,-0.0463617208030608,-0.202513209118327,0.0251429347578278,31.2,1,0.197117369918357,0.0550134231652717,1.20547771507757,2000,1000,2011217
"pen",1.46436092364029,1.49438399411991,1.40202438998848,1.40224328261781,1.57841122370598,1.58473638877958,1.59197115716164,-0.114008313694393,-0.0642056973534481,-0.0498026163409445,-0.0530085870261831,-0.0764097899711719,-0.0983833538185971,0.0265629430636677,24.2,1,0.225298591693212,0.0658539591194369,1.59708930617999,2000,1000,2011218
"unpen",1.60205151766408,1.63544490519831,1.72308016614958,1.72339200656681,1.59073216158456,1.57692071597772,1.58951238713869,0.0254182568823568,-0.088705632240041,0.114123889122398,0.119551441994713,-0.101487312622361,0.222699369563247,0.0271648434879887,21.6,1,0.218975130890045,0.0564132670755941,1.59708930617999,2000,1000,2011218
"pen",1.23827791598016,1.23990418464825,1.13254158571687,1.13247648458396,1.33406600665955,1.33692468390572,1.35354615574025,-0.213537932639792,-0.0239288101766319,-0.18960912246316,-0.197371340988683,-0.0388671327502571,-0.367618564843844,0.0249253262015724,33.2,1,0.22468042137215,0.0655292321936375,1.30040735455167,2000,1000,2011219
"unpen",1.36236863736879,1.37176981012067,1.42697596898095,1.42691880965977,1.36227404284474,1.35360699748213,1.36094524998349,-0.0877454932713161,-0.0497204965128352,-0.0380249967584809,-0.0392761435365871,-0.0621863315925128,-0.073171038983341,0.0257093664574333,29.4,1,0.229549331271563,0.0630908752183345,1.30040735455167,2000,1000,2011219
"pen",1.31990068636555,1.35348833904838,1.2596069847539,1.2595416604869,1.45505538067927,1.45704728609127,1.46632715572504,-0.179272615345156,-0.0584619813793566,-0.120810633965799,-0.129380370080116,-0.0684468540474319,-0.240405962576409,0.0269638433256658,22,1,0.216834911893737,0.0878872703112212,1.47221423878538,2000,1000,2011220
"unpen",1.45007022411836,1.48795324016267,1.57277249971451,1.57270049936011,1.47703630246335,1.46309834062131,1.46627867711397,-0.0456893328100973,-0.0826223722771562,0.0369330394670589,0.0388383484810724,-0.0924000046514567,0.0728194162187092,0.0271161335157392,20.6,1,0.225428691288074,0.081172542603509,1.47221423878538,2000,1000,2011220
"pen",1.42985103578318,1.46405634181996,1.36724402931209,1.3671295845724,1.58907844560194,1.59644568553754,1.58519180637742,-0.123174987432467,-0.0563324766131493,-0.066842510819318,-0.0704456901861897,-0.0644197741848667,-0.132609303281612,0.0256918925658807,23.8,1,0.17949622739304,0.0689024783868834,1.55559484591691,2000,1000,2011221
"unpen",1.56733983100472,1.60799062487993,1.68541846055216,1.68534951698322,1.63009170988808,1.61731264678037,1.59010430444845,0.015140597967525,-0.0792960771941738,0.0944366751616988,0.0985990683180756,-0.0880404866583372,0.185640447836745,0.0261468615635831,23.6,1,0.189176885385734,0.0673215227393457,1.55559484591691,2000,1000,2011221
"pen",1.49881749868789,1.52471177429846,1.4295316401016,1.42952715614866,1.63735930785987,1.65151101888251,1.65743691465433,-0.075037038643134,-0.0378126762064864,-0.0372243624366476,-0.0378549363725091,-0.048768022873018,-0.0706428058414743,0.0244711731246468,26.4,1,0.188371806807681,0.0547500365611616,1.63928926040873,2000,1000,2011222
"unpen",1.64345251493122,1.6775344342069,1.75229981418872,1.75231632880099,1.66620518152987,1.66336117949587,1.65703444311347,0.0695234733663021,-0.0646519241689805,0.134175397535283,0.135611127491665,-0.0748097788571296,0.252158317405018,0.0259967334065821,21,1,0.190395904158038,0.0561437256195793,1.63928926040873,2000,1000,2011222
"pen",1.19593365169465,1.20195356287904,1.08751553627849,1.08754686192341,1.30723248079175,1.32687826891551,1.30433729698837,-0.23631745628038,-0.0271904625615134,-0.209126993718866,-0.219916866871842,-0.0410188104635837,-0.412393640920042,0.0253328793773464,29.6,1,0.200062445223049,0.0750234325172112,1.29747840518866,2000,1000,2011223
"unpen",1.3143480574931,1.32666124561777,1.37879936788664,1.37878170677795,1.33018661966909,1.33771200340018,1.30711367051587,-0.112855269984722,-0.0508562669985488,-0.061999002986173,-0.0645115294407413,-0.0623454369519406,-0.121148319872289,0.0252384627190496,31.2,1,0.177889556127973,0.0590176088100233,1.29747840518866,2000,1000,2011223
"pen",1.3505914725783,1.37598650266007,1.26593230125948,1.26590789102232,1.4750892881668,1.47865872684393,1.4985675269481,-0.162971490886437,-0.0423690257418036,-0.120602465144633,-0.126025004640575,-0.0549773816858434,-0.234286935606635,0.0251033465310553,27.4,1,0.230814569639507,0.0778936822134616,1.48258738370012,2000,1000,2011224
"unpen",1.47916426411226,1.51157951442037,1.56484671175433,1.56482452759933,1.50309399387415,1.49425439964548,1.50328414930346,-0.0321572865385032,-0.0657033318548238,0.0335460453163206,0.0347006822163501,-0.0767519133786447,0.064720789109866,0.0250992721099297,28.6,1,0.214819899974764,0.0630176619260548,1.48258738370012,2000,1000,2011224
"pen",1.41413900939471,1.43084714808993,1.31735396323206,1.31744260538531,1.55848763113889,1.57789034701742,1.58110956950262,-0.139323206958441,-0.0458438130822642,-0.0934793938761767,-0.097660099541634,-0.0538862715892681,-0.182500084205933,0.0264019092059594,20,1,0.175486187570547,0.0610221008146036,1.57764206511445,2000,1000,2011225
"unpen",1.55501570264338,1.57983065433891,1.64276780104786,1.64281758704513,1.59733059573006,1.60386178251869,1.58736676831305,0.00268035973560216,-0.0711670361239518,0.073847395859554,0.0766470915727427,-0.0787431617522964,0.14288367340439,0.0274691509077784,18.4,1,0.158673495977738,0.0500947781560347,1.57764206511445,2000,1000,2011225
"pen",1.39810590089194,1.43216757561555,1.33424002899062,1.33426692217277,1.52488045380463,1.54523719999409,1.54832155685355,-0.138061431637573,-0.0529662846731999,-0.0850951469643736,-0.0889435033370144,-0.0650671682000989,-0.165747352665646,0.0280907347970579,17,1,0.221952823493636,0.0713951684659298,1.51096723592014,2000,1000,2011226
"unpen",1.55088973777801,1.59391591673805,1.690772971971,1.6907446874218,1.55916606884364,1.55764258462056,1.55571608098992,0.0166180236751269,-0.0822070066233387,0.0988250302984656,0.102339375739271,-0.0936865247895968,0.190818775210144,0.0294336886949472,14.2,1,0.241924464939087,0.0690703583363219,1.51096723592014,2000,1000,2011226
"pen",1.78853482694269,1.81468383087187,1.70571022817101,1.70584735574924,1.93960279484491,1.93923634398954,1.96587933072907,0.037039332125648,-0.0716310086803632,0.108670340806011,0.111048519285969,-0.0824672693761677,0.206050046274473,0.0238162498470739,36,1,0.232539759253114,0.0739745179409222,1.95621670662299,2000,1000,2011227
"unpen",1.9515494381733,1.98040196641901,2.03258913992596,2.03277709994068,1.97347253691273,1.95713361166066,1.97055523402233,0.191885061189745,-0.0923572768589411,0.284242338048686,0.286705270524258,-0.103754816800686,0.532968361316131,0.0238612629971334,35.2,1,0.218343630384325,0.0590721643992986,1.95621670662299,2000,1000,2011227
"pen",1.43046852231243,1.46862517575414,1.37121073456104,1.3712301201159,1.55938042887182,1.57349239026486,1.57254525176827,-0.123349708928464,-0.0577506887863994,-0.0655990201420647,-0.0689058665576744,-0.0687110774726721,-0.128807840896518,0.0249199253461918,32.4,1,0.252356173058879,0.0665927569218165,1.59825738102502,2000,1000,2011228
"unpen",1.56285124406973,1.60940811021874,1.68217917919576,1.68221798898506,1.58446587507054,1.58234880440596,1.58314558564676,0.0122480880250808,-0.0819270738522852,0.094175161877366,0.0979184433775034,-0.0930947961850513,0.182187748537173,0.0262472133877866,26,1,0.228166929174734,0.0631550963859489,1.59825738102502,2000,1000,2011228
"pen",1.25495039931185,1.25166425324106,1.15952342456183,1.15919420457539,1.35648399106435,1.38131714748723,1.36844774604641,-0.190366426072675,-0.0135192888966553,-0.17684713717602,-0.182031537946216,-0.0228022174534336,-0.340161489262369,0.0241396911995231,33.2,1,0.177014954469382,0.0403665365622628,1.34903739959347,2000,1000,2011229
"unpen",1.38184756609223,1.38304931332733,1.45760466118551,1.45720895338189,1.38724188143542,1.39873487655355,1.36942060250234,-0.0616788321201913,-0.039451399850408,-0.0222274322697833,-0.022571189159736,-0.0467025233789036,-0.041901992083214,0.0246483809913254,31.4,1,0.171916062447018,0.0381844340182367,1.34903739959347,2000,1000,2011229
"pen",1.54033781117288,1.55272881303729,1.44597470002679,1.44574884658929,1.67603384369596,1.67910810992315,1.6919775522168,-0.0727040310192636,-0.0442884084150074,-0.0284156226042563,-0.0289813359778244,-0.0552156653854902,-0.0538679515878775,0.0245088003216402,29.2,1,0.22266134739659,0.0754011994491519,1.69166509837439,2000,1000,2011230
"unpen",1.69114347526565,1.70856014365682,1.7712330121608,1.77103097887367,1.70955272064237,1.69928823667811,1.69266501659092,0.0756179506377681,-0.0694426447735318,0.1450605954113,0.146451055954675,-0.0794794465200251,0.271432025443613,0.0253544097478884,24.6,1,0.250914289881778,0.0636890899570177,1.69166509837439,2000,1000,2011230
"pen",1.36959919088408,1.37670557304682,1.27341194811978,1.2733551579854,1.47334556864839,1.48396134597184,1.48737012826493,-0.166126892702187,-0.0520090043201733,-0.114117888382014,-0.1210577590353,-0.0610785800519198,-0.226684941779763,0.0245643760591434,31.6,1,0.195929170098335,0.0562234419295505,1.48882199382096,2000,1000,2011231
"unpen",1.49338795905895,1.50551128344282,1.56479131512414,1.56477617756234,1.50106240373236,1.49847644776768,1.49071295400106,-0.0400542046094688,-0.0726982140032762,0.0326440093938074,0.0344088991627491,-0.0815523003522022,0.0646730242794553,0.0246629294777471,30.6,1,0.177597970593846,0.0591768865917425,1.48882199382096,2000,1000,2011231
"pen",1.37957808313065,1.38545060742894,1.27552059766434,1.27579105712252,1.49581135100599,1.50841213297669,1.5170559232379,-0.164651517726227,-0.0507480301310695,-0.113903487595157,-0.120108497364375,-0.0609707027461647,-0.224333082923074,0.0268786020983874,23.4,1,0.258889424832751,0.0930862495456518,1.46017918499857,2000,1000,2011232
"unpen",1.5172105568037,1.52696754831827,1.5921627944146,1.59242886705225,1.52730671432387,1.52573754048992,1.51923785141446,-0.0261747023569616,-0.0738102699335727,0.0476355675766111,0.0494624743839847,-0.0828650739366287,0.0923006812393254,0.026163955270848,26.4,1,0.252164179020594,0.0808858042963657,1.46017918499857,2000,1000,2011232
"pen",1.27871308043445,1.26575090086876,1.16417393709919,1.16422200163527,1.36734661111317,1.37343223628671,1.38778620215435,-0.203333985985037,-0.0275763184802209,-0.175757667504816,-0.18248831030622,-0.0413615351697184,-0.335789708383532,0.0261261268228234,19.8,1,0.284382614318048,0.0726342917924783,1.40147258338698,2000,1000,2011233
"unpen",1.41691053642446,1.41026145234673,1.48032108289447,1.48042795671072,1.39791715746331,1.39407273475974,1.39413284943301,-0.0637436444305621,-0.0532721882464789,-0.0104714561840832,-0.0109156811114955,-0.0642570194658859,-0.0196104246558212,0.026235959896946,19,1,0.293026294769644,0.0659407615323958,1.40147258338698,2000,1000,2011233
"pen",1.60165863172214,1.62089751245184,1.51035944754592,1.51065454069701,1.70599020826785,1.72144532579017,1.74538158063237,-0.0748473846620552,-0.0803219097705111,0.00547452510845585,0.00604358700019626,-0.0898183421598659,0.0105301740561376,0.02570349748969,27,1,0.251295259291566,0.07502708762976,1.74266776929943,2000,1000,2011234
"unpen",1.73684140853292,1.76611937106808,1.82701185553499,1.82729775959156,1.72562420710024,1.72767692449542,1.75054759560824,0.0629227599598435,-0.104122674820145,0.167045434779988,0.176278606248008,-0.115298748694735,0.327182266536139,0.0269970831947157,22.4,1,0.253251831592146,0.0674536123729072,1.74266776929943,2000,1000,2011234
"pen",1.49768510818712,1.50884393653332,1.40000203737585,1.40041917906871,1.61837932729127,1.62961061026397,1.63981353480538,-0.107115665086014,-0.0558240817085787,-0.0512915833774349,-0.0534544290788856,-0.0669122720158458,-0.100404622128628,0.0247955428417437,30,1,0.211396274808934,0.0754764663354785,1.59901357949802,2000,1000,2011235
"unpen",1.6312688491398,1.64822241300781,1.70648398179683,1.7069014773246,1.6381695319478,1.6384688167274,1.64321811587281,0.0272620826988702,-0.0788138710472842,0.106075953746154,0.109747496630009,-0.0898151613709813,0.206032152121844,0.0255608221125878,26.8,1,0.207909088953385,0.0677430513302793,1.59901357949802,2000,1000,2011235
"pen",1.55669283944694,1.57568379423347,1.48616826866706,1.48593995763352,1.65681036428715,1.67535839592437,1.68610920232508,-0.0781596001915603,-0.0711347541056299,-0.00702484608593047,-0.00736491219665434,-0.0843774304501886,-0.0137201049849864,0.0250301315610509,27.4,1,0.260857702457086,0.0832089747061752,1.69787494353982,2000,1000,2011236
"unpen",1.7021849786158,1.72991900509231,1.81497248765877,1.81457548926135,1.66001034075892,1.66451558732094,1.69030851877882,0.0683597293102918,-0.0977890448112742,0.166148774121566,0.171578156974071,-0.111499633589014,0.315064268477569,0.0269903053351693,20,1,0.262895892163688,0.0788113006175373,1.69787494353982,2000,1000,2011236
"pen",1.19627714543347,1.21543287433112,1.1078055807138,1.10780389765548,1.30226520025533,1.308556592522,1.32485026765437,-0.240039308340865,-0.04005207102274,-0.199987237318125,-0.212442760785163,-0.0526695139085834,-0.392224882471536,0.0269334461960007,24,1,0.25842018969608,0.0967799350593558,1.31693939001909,2000,1000,2011237
"unpen",1.32481737609137,1.34977075037859,1.42457907139019,1.42455487668497,1.32595351021626,1.31578903975559,1.32968007355221,-0.106274896750731,-0.0674909058947777,-0.038783990855953,-0.0409141224423072,-0.0783268645063335,-0.0754513858679883,0.0274766636883944,22.2,1,0.273474499266001,0.101011338031418,1.31693939001909,2000,1000,2011237
"pen",1.42232799901661,1.41970308203993,1.31704066848524,1.31707065466658,1.51429260923063,1.54061302313307,1.54470607816318,-0.148364457886443,-0.0562159991585308,-0.0921484587279122,-0.0978022896604233,-0.0671014506766744,-0.182947326688831,0.0251673687736397,29.6,1,0.21495523059078,0.074884432618126,1.51662313088869,2000,1000,2011238
"unpen",1.55097256704402,1.5531741864738,1.61573567622616,1.61572947208613,1.54334588030177,1.5603991017679,1.54827597841482,-0.0189622109133377,-0.077821533565045,0.0588593226517073,0.0619007265754455,-0.0884918184762558,0.115715253772497,0.0251908410761655,27.8,1,0.203514293757586,0.0630814818385321,1.51662313088869,2000,1000,2011238
"pen",1.37104723040449,1.38303559061786,1.27820021203318,1.27823804906526,1.49662643743461,1.50572396259842,1.51352278972808,-0.154688882139061,-0.040362496970103,-0.114326385168958,-0.119141867940935,-0.0501607150553222,-0.221750163852856,0.025343398995086,25.4,1,0.230065633013284,0.0718945132372129,1.49306630720461,2000,1000,2011239
"unpen",1.5060746797355,1.52218235667446,1.58785068691112,1.58790854080452,1.52660880088351,1.51959049213157,1.51885856413722,-0.0189465169853968,-0.0650227634352217,0.046076246449825,0.0474038775056246,-0.0735930016876391,0.0879324832346282,0.0252807725596649,26.2,1,0.214083958385233,0.0653512620229533,1.49306630720461,2000,1000,2011239
"pen",1.32725767903326,1.34857725079765,1.2398946461765,1.2399687403756,1.44498829312681,1.46299239368154,1.46832620127969,-0.184089831345934,-0.0527285084851933,-0.13136132286074,-0.139095769658914,-0.0640316079620306,-0.260209517138679,0.0268507777672915,21.8,1,0.183254744760514,0.0909929382243767,1.47578889038957,2000,1000,2011240
"unpen",1.46251524249717,1.49175705990947,1.56267367481446,1.56269346505702,1.47508923850959,1.47857618657226,1.4745694541761,-0.0462189501857049,-0.078026035564053,0.0318070853783481,0.033305702479635,-0.088529802711359,0.062500946718136,0.0276846826495081,20.8,1,0.193584530112857,0.0901041949070871,1.47578889038957,2000,1000,2011240
"pen",1.47239278058358,1.45257340938418,1.39199684410906,1.39208049313293,1.52748689553785,1.5417690397144,1.54942935822886,-0.0882069343811756,-0.033016483028059,-0.0551904513531167,-0.0572275301339424,-0.0404637166172227,-0.107952745929013,0.0206433889883888,66.2,1,0.137748763732242,0.0250172466547046,1.54384139941596,2000,1000,2011241
"unpen",1.59403309686687,1.57604722092715,1.66455639947399,1.66459969250035,1.53944973891821,1.5391983697922,1.54371840161682,0.033308162768575,-0.0528107451564866,0.0861189079250617,0.0881412489449977,-0.0605930945140397,0.164700486183636,0.0206452449808937,65.4,1,0.128296732695462,0.023116712430662,1.54384139941596,2000,1000,2011241
"pen",1.26969581851886,1.27106355604748,1.17919861502668,1.17894100762998,1.34632159737099,1.35762237836914,1.37773682793888,-0.193693584320873,-0.0291787853857162,-0.164514798935157,-0.172327711515809,-0.038822262716822,-0.320999093149862,0.0241106513363719,34.6,1,0.208918070413981,0.0503265492470886,1.36227033793203,2000,1000,2011242
"unpen",1.39413341882004,1.40098089910815,1.47358414079999,1.47337450300731,1.37403592533496,1.37031650414866,1.37998020724638,-0.0673043370453305,-0.0537332433591884,-0.0135710936861422,-0.0142108995132146,-0.0623567791684518,-0.0265687127542315,0.0247064966900927,32.4,1,0.214631260471605,0.047029605376711,1.36227033793203,2000,1000,2011242
"pen",1.33179158077734,1.35841464474669,1.2569988833668,1.25716514022482,1.46256885429561,1.46392341225606,1.4660609732992,-0.166939430893014,-0.0416513502897256,-0.125288080603288,-0.130361553460923,-0.0563953914663046,-0.242968593402275,0.0265365369604717,23.4,1,0.280486296709166,0.0670350886529594,1.44283753297918,2000,1000,2011243
"unpen",1.47581591557434,1.50774744233125,1.58612353199905,1.58636767857209,1.49336663691378,1.47613073297131,1.47232620328233,-0.0244469455536639,-0.0695001480201486,0.0450532024664847,0.0462353288801554,-0.0826391035485194,0.0863033156679279,0.0277150077665523,19.6,1,0.282099414912376,0.0676862197248775,1.44283753297918,2000,1000,2011243
"pen",1.22966754502971,1.25425593669957,1.16663795680174,1.16689001025785,1.33354639568,1.33948697723521,1.34016227263643,-0.212355784956011,-0.0460221950228327,-0.166333589933178,-0.177328544703799,-0.0583030457887992,-0.333394919408099,0.0252571342942755,36.2,1,0.221945015240215,0.0783195106604223,1.33087622402511,2000,1000,2011244
"unpen",1.3509010740442,1.38051914162877,1.46428831924184,1.46445171750022,1.3524935523853,1.34227107680595,1.3443514076532,-0.0869393735971807,-0.0690135023253375,-0.0179258712718432,-0.0188182481755103,-0.0804962724284216,-0.035665484139724,0.025629797094577,35.6,1,0.223092188961751,0.069800479204562,1.33087622402511,2000,1000,2011244
"pen",1.46822896484792,1.47811887710008,1.37782009053314,1.37796827053693,1.5904383557081,1.59529751515252,1.60225435503588,-0.123032954012424,-0.0607674771341833,-0.0622654768782408,-0.0658519058788036,-0.0682715573679026,-0.122162270985466,0.0251231103712005,26.2,1,0.23197691485721,0.0712231380881026,1.60426842044172,2000,1000,2011245
"unpen",1.60033935421036,1.61526040720189,1.6859315510325,1.6860441041061,1.61968785757294,1.60852685224572,1.6081102137448,0.010389681316262,-0.0851313713798224,0.0955210526960843,0.100058390381481,-0.0926633493492037,0.185931956789111,0.0259073507879606,23.2,1,0.228923360145924,0.0721147764482834,1.60426842044172,2000,1000,2011245
"pen",1.5146350583907,1.51222306277191,1.42389621410476,1.423941160453,1.61948106777118,1.61974143752295,1.61652825788755,-0.0906350566499974,-0.0512113113009998,-0.0394237453489976,-0.0411136966625689,-0.0608078882908836,-0.0761232492441249,0.0225000007652283,44.4,1,0.184684619141585,0.0484011572952983,1.61872448741375,2000,1000,2011246
"unpen",1.64186736639064,1.64301394349485,1.70671877855856,1.70676609798006,1.64686571895804,1.63486403753872,1.61632066655008,0.0358753640676996,-0.0719365609131051,0.107811924980805,0.110896505955237,-0.0811717784356579,0.206694487974182,0.0231284676611839,39.8,1,0.187315869823142,0.0435354230755529,1.61872448741375,2000,1000,2011246
"pen",1.34761825408178,1.39032536653316,1.29074805483835,1.29080228755336,1.48337363965508,1.4914923940293,1.48914652761795,-0.166996336943691,-0.0614183664967365,-0.105577970446955,-0.112492804439349,-0.073787117995385,-0.209242211298852,0.0275496852842789,21.4,1,0.230789901961621,0.057214184400125,1.48214165918304,2000,1000,2011247
"unpen",1.48613608606408,1.53670480626622,1.6268141024871,1.62683232312827,1.50558787807612,1.49401686791299,1.49340548520435,-0.0255757505960609,-0.0898345000837659,0.064258749487705,0.0679100777130535,-0.102717941364161,0.126844001842895,0.0296334933966442,16,1,0.228767253869435,0.0469495839655948,1.48214165918304,2000,1000,2011247
"pen",1.4413955938378,1.4376570227134,1.34415863011855,1.34388084778526,1.51883781368563,1.53159653762795,1.53288580353897,-0.142347520341757,-0.0626614034648173,-0.0796861168769393,-0.0842692972622509,-0.0742603009630298,-0.156033359378121,0.0270797360073716,21.8,1,0.264697787235843,0.0751305581987602,1.54200697511837,2000,1000,2011248
"unpen",1.57880384820194,1.58049526136494,1.6675576251411,1.66737827516184,1.53380577061932,1.53289476358129,1.53314059745227,-0.00385721575148227,-0.0902827031290606,0.0864254873775783,0.0909044831875467,-0.101914834385879,0.167396825076064,0.0286749118040865,18,1,0.253452720076908,0.0714617642011702,1.54200697511837,2000,1000,2011248
"pen",1.12621703051863,1.10442368532618,0.994361301967428,0.994285640429274,1.19999343592576,1.20821321293573,1.2168398226325,-0.275879977185374,-0.0163428154538155,-0.259537161731558,-0.272350135452176,-0.0313957033648568,-0.505682390030204,0.0259594339877817,23.2,1,0.246085509110128,0.0834087668837131,1.19939389765169,2000,1000,2011249
"unpen",1.24692288225674,1.23136845961328,1.29111847514588,1.2911195774788,1.22725235815857,1.22518661795838,1.22099771361127,-0.152584354942707,-0.0446205672744912,-0.107963787668216,-0.112491160439441,-0.0567424487709899,-0.208907763685229,0.0271268393553619,21,1,0.247967915506757,0.0826734446995194,1.19939389765169,2000,1000,2011249
"pen",1.22284567204161,1.22723384411095,1.11882677817664,1.1186599088289,1.32122513087148,1.32046774575418,1.32721166103346,-0.232451267226381,-0.0413475953375768,-0.191103671888804,-0.203547103757583,-0.0563056656279045,-0.380852588601978,0.0262388387365689,29.8,1,0.243858010430821,0.0965919431787294,1.32664444748892,2000,1000,2011250
"unpen",1.34099969657364,1.34927206022826,1.413699323089,1.41361097359047,1.33673982631587,1.32405332351248,1.32918820839368,-0.108690940020227,-0.0653468300218939,-0.0433441099983334,-0.0459811890051723,-0.0777721210635545,-0.0859793924351368,0.025831557784015,32,1,0.23046156041784,0.0926746333991477,1.32664444748892,2000,1000,2011250
